{"data":{"mal_id":1002,"url":"https:\/\/myanimelist.net\/anime\/1002\/Top_wo_Nerae_2_Diebuster","images":{"jpg":{"image_url":"https:\/\/cdn.myanimelist.net\/images\/anime\/7\/50475.jpg","small_image_url":"https:\/\/cdn.myanimelist.net\/images\/anime\/7\/50475t.jpg","large_image_url":"https:\/\/cdn.myanimelist.net\/images\/anime\/7\/50475l.jpg"},"webp":{"image_url":"https:\/\/cdn.myanimelist.net\/images\/anime\/7\/50475.webp","small_image_url":"https:\/\/cdn.myanimelist.net\/images\/anime\/7\/50475t.webp","large_image_url":"https:\/\/cdn.myanimelist.net\/images\/anime\/7\/50475l.webp"}},"trailer":{"youtube_id":null,"url":null,"embed_url":null,"images":{"image_url":null,"small_image_url":null,"medium_image_url":null,"large_image_url":null,"maximum_image_url":null}},"approved":true,"titles":[{"type":"Default","title":"Top wo Nerae 2! Diebuster"},{"type":"Synonym","title":"Aim for the Top! 2"},{"type":"Synonym","title":"DieBuster"},{"type":"Japanese","title":"\u30c8\u30c3\u30d7\u3092\u306d\u3089\u30482\uff01DIEBUSTER"},{"type":"English","title":"Gunbuster 2"}],"title":"Top wo Nerae 2! Diebuster","title_english":"Gunbuster 2","title_japanese":"\u30c8\u30c3\u30d7\u3092\u306d\u3089\u30482\uff01DIEBUSTER","title_synonyms":["Aim for the Top! 2","DieBuster"],"type":"OVA","source":"Original","episodes":6,"status":"Finished Airing","airing":false,"aired":{"from":"2004-10-03T00:00:00+00:00","to":"2006-08-25T00:00:00+00:00","prop":{"from":{"day":3,"month":10,"year":2004},"to":{"day":25,"month":8,"year":2006}},"string":"Oct 3, 2004 to Aug 25, 2006"},"duration":"30 min per ep","rating":"R+ - Mild Nudity","score":7.62,"scored_by":35796,"rank":1365,"popularity":2363,"members":76815,"favorites":859,"synopsis":"Generations have passed since the war with the Space Monsters started, and none remain who know how it began, with even records of those times being scarce. It is a lost cause, but humanity still fights against them, relying on the \"Topless\": a group of elite space pilots with special powers that allow them to use the Buster Machines\u2014the last hope against the Space Monsters.  \n\nNono, a girl from a remote Martian town, has heard tales all her life of the legendary pilot \"Nono-Riri,\" and wants nothing more than to leave her humble life behind and follow in the footsteps of her idol. Though she has no idea of the dangers that lie ahead, nothing will stop her from achieving her dream. While Nono is down on her luck, she chances upon the lonesome Topless pilot Lal'C Melk Mark, and decides to stake her entire future on following Lal'C, no matter the cost.\n\n[Written by MAL Rewrite]","background":"Top wo Nerae 2! Diebuster won the Packaged Work Award at the 2005 Animation Kobe Awards.","season":null,"year":null,"broadcast":{"day":null,"time":null,"timezone":null,"string":null},"producers":[{"mal_id":23,"type":"anime","name":"Bandai Visual","url":"https:\/\/myanimelist.net\/anime\/producer\/23\/Bandai_Visual"}],"licensors":[{"mal_id":467,"type":"anime","name":"Discotek Media","url":"https:\/\/myanimelist.net\/anime\/producer\/467\/Discotek_Media"},{"mal_id":1466,"type":"anime","name":"Bandai Visual USA","url":"https:\/\/myanimelist.net\/anime\/producer\/1466\/Bandai_Visual_USA"}],"studios":[{"mal_id":6,"type":"anime","name":"Gainax","url":"https:\/\/myanimelist.net\/anime\/producer\/6\/Gainax"}],"genres":[{"mal_id":1,"type":"anime","name":"Action","url":"https:\/\/myanimelist.net\/anime\/genre\/1\/Action"},{"mal_id":46,"type":"anime","name":"Award Winning","url":"https:\/\/myanimelist.net\/anime\/genre\/46\/Award_Winning"},{"mal_id":4,"type":"anime","name":"Comedy","url":"https:\/\/myanimelist.net\/anime\/genre\/4\/Comedy"},{"mal_id":8,"type":"anime","name":"Drama","url":"https:\/\/myanimelist.net\/anime\/genre\/8\/Drama"},{"mal_id":24,"type":"anime","name":"Sci-Fi","url":"https:\/\/myanimelist.net\/anime\/genre\/24\/Sci-Fi"}],"explicit_genres":[],"themes":[{"mal_id":18,"type":"anime","name":"Mecha","url":"https:\/\/myanimelist.net\/anime\/genre\/18\/Mecha"},{"mal_id":29,"type":"anime","name":"Space","url":"https:\/\/myanimelist.net\/anime\/genre\/29\/Space"}],"demographics":[],"relations":[{"relation":"Adaptation","entry":[{"mal_id":1593,"type":"manga","name":"Top wo Nerae 2!","url":"https:\/\/myanimelist.net\/manga\/1593\/Top_wo_Nerae_2"},{"mal_id":21161,"type":"manga","name":"Top wo Nerae! Next Generation","url":"https:\/\/myanimelist.net\/manga\/21161\/Top_wo_Nerae_Next_Generation"}]},{"relation":"Prequel","entry":[{"mal_id":949,"type":"anime","name":"Top wo Nerae! Gunbuster","url":"https:\/\/myanimelist.net\/anime\/949\/Top_wo_Nerae_Gunbuster"}]},{"relation":"Alternative version","entry":[{"mal_id":1911,"type":"anime","name":"Top wo Nerae! & Top wo Nerae 2! Gattai Movie!!","url":"https:\/\/myanimelist.net\/anime\/1911\/Top_wo_Nerae___Top_wo_Nerae_2_Gattai_Movie"}]},{"relation":"Other","entry":[{"mal_id":20547,"type":"anime","name":"Top wo Nerae 2! Kagaku Kouza","url":"https:\/\/myanimelist.net\/anime\/20547\/Top_wo_Nerae_2_Kagaku_Kouza"}]}],"theme":{"openings":["\"Groovin' Magic\" by ROUND TABLE featuring Nino (eps 2-5)"],"endings":["1: \"Hoshikuzu Namida\" by ACKO (eps 1-5)","2: \"Tatsu Tori Ato wo Nigosazu\" by Kouhei Tanaka (eps 6)"]},"external":[{"name":"Official Site","url":"http:\/\/www.top2.jp\/"},{"name":"AniDB","url":"https:\/\/anidb.net\/perl-bin\/animedb.pl?show=anime&aid=2120"},{"name":"ANN","url":"https:\/\/www.animenewsnetwork.com\/encyclopedia\/anime.php?id=3920"},{"name":"Wikipedia","url":"http:\/\/en.wikipedia.org\/wiki\/Diebuster"}],"streaming":[{"name":"Crunchyroll","url":"http:\/\/www.crunchyroll.com\/series-267787"}]}}