{"data":{"mal_id":10083,"url":"https:\/\/myanimelist.net\/anime\/10083\/Shiki_Specials","images":{"jpg":{"image_url":"https:\/\/cdn.myanimelist.net\/images\/anime\/1041\/133313.jpg","small_image_url":"https:\/\/cdn.myanimelist.net\/images\/anime\/1041\/133313t.jpg","large_image_url":"https:\/\/cdn.myanimelist.net\/images\/anime\/1041\/133313l.jpg"},"webp":{"image_url":"https:\/\/cdn.myanimelist.net\/images\/anime\/1041\/133313.webp","small_image_url":"https:\/\/cdn.myanimelist.net\/images\/anime\/1041\/133313t.webp","large_image_url":"https:\/\/cdn.myanimelist.net\/images\/anime\/1041\/133313l.webp"}},"trailer":{"youtube_id":null,"url":null,"embed_url":null,"images":{"image_url":null,"small_image_url":null,"medium_image_url":null,"large_image_url":null,"maximum_image_url":null}},"approved":true,"titles":[{"type":"Default","title":"Shiki Specials"},{"type":"Synonym","title":"Corpse Demon Specials"},{"type":"Japanese","title":"\u5c4d\u9b3c"},{"type":"English","title":"Shiki Specials"}],"title":"Shiki Specials","title_english":"Shiki Specials","title_japanese":"\u5c4d\u9b3c","title_synonyms":["Corpse Demon Specials"],"type":"Special","source":"Manga","episodes":2,"status":"Finished Airing","airing":false,"aired":{"from":"2011-05-25T00:00:00+00:00","to":"2011-06-22T00:00:00+00:00","prop":{"from":{"day":25,"month":5,"year":2011},"to":{"day":22,"month":6,"year":2011}},"string":"May 25, 2011 to Jun 22, 2011"},"duration":"23 min per ep","rating":"R - 17+ (violence & profanity)","score":7.76,"scored_by":39701,"rank":1033,"popularity":2489,"members":70288,"favorites":81,"synopsis":"As the epidemic terrorizes the quiet secluded village of Sotoba, three women have found themselves amidst the escalating crisis. Nao Yasumori is tormented by visions of the deceased; Kanami Yano must keep a secret at risk of losing a loved one; and Motoko Maeda goes through insurmountable grief as the mysterious illness spreads throughout her family. \n\nWith rising tensions testing the limits of family relationships, even the smallest of mistakes can easily sever the ties that bind .\n\n[Written by MAL Rewrite]","background":"Shiki Specials are two unaired episodes bundled with the Blu-ray and DVD release of Shiki, published by Funimation Entertainment on May 29, 2012.","season":null,"year":null,"broadcast":{"day":null,"time":null,"timezone":null,"string":null},"producers":[{"mal_id":17,"type":"anime","name":"Aniplex","url":"https:\/\/myanimelist.net\/anime\/producer\/17\/Aniplex"}],"licensors":[{"mal_id":102,"type":"anime","name":"Funimation","url":"https:\/\/myanimelist.net\/anime\/producer\/102\/Funimation"}],"studios":[{"mal_id":39,"type":"anime","name":"Daume","url":"https:\/\/myanimelist.net\/anime\/producer\/39\/Daume"}],"genres":[{"mal_id":14,"type":"anime","name":"Horror","url":"https:\/\/myanimelist.net\/anime\/genre\/14\/Horror"},{"mal_id":7,"type":"anime","name":"Mystery","url":"https:\/\/myanimelist.net\/anime\/genre\/7\/Mystery"},{"mal_id":37,"type":"anime","name":"Supernatural","url":"https:\/\/myanimelist.net\/anime\/genre\/37\/Supernatural"}],"explicit_genres":[],"themes":[{"mal_id":58,"type":"anime","name":"Gore","url":"https:\/\/myanimelist.net\/anime\/genre\/58\/Gore"},{"mal_id":40,"type":"anime","name":"Psychological","url":"https:\/\/myanimelist.net\/anime\/genre\/40\/Psychological"},{"mal_id":32,"type":"anime","name":"Vampire","url":"https:\/\/myanimelist.net\/anime\/genre\/32\/Vampire"}],"demographics":[{"mal_id":27,"type":"anime","name":"Shounen","url":"https:\/\/myanimelist.net\/anime\/genre\/27\/Shounen"}],"relations":[{"relation":"Adaptation","entry":[{"mal_id":3486,"type":"manga","name":"Shiki","url":"https:\/\/myanimelist.net\/manga\/3486\/Shiki"}]},{"relation":"Parent story","entry":[{"mal_id":7724,"type":"anime","name":"Shiki","url":"https:\/\/myanimelist.net\/anime\/7724\/Shiki"}]}],"theme":{"openings":["\"Calendula Requiem\" by kanon x kanon"],"endings":["\"Gekka Reijin (\u6708\u4e0b\u9e97\u4eba)\" by Buck-Tick"]},"external":[{"name":"Official Site","url":"http:\/\/www.okiagari.net"},{"name":"AniDB","url":"https:\/\/anidb.net\/perl-bin\/animedb.pl?show=anime&aid=7268"},{"name":"Wikipedia","url":"http:\/\/en.wikipedia.org\/wiki\/Shiki_%28manga%29"}],"streaming":[]}}