{"data":{"mal_id":10090,"url":"https:\/\/myanimelist.net\/anime\/10090\/Koukaku_Kidoutai__Stand_Alone_Complex_-_Solid_State_Society_3D","images":{"jpg":{"image_url":"https:\/\/cdn.myanimelist.net\/images\/anime\/4\/29259.jpg","small_image_url":"https:\/\/cdn.myanimelist.net\/images\/anime\/4\/29259t.jpg","large_image_url":"https:\/\/cdn.myanimelist.net\/images\/anime\/4\/29259l.jpg"},"webp":{"image_url":"https:\/\/cdn.myanimelist.net\/images\/anime\/4\/29259.webp","small_image_url":"https:\/\/cdn.myanimelist.net\/images\/anime\/4\/29259t.webp","large_image_url":"https:\/\/cdn.myanimelist.net\/images\/anime\/4\/29259l.webp"}},"trailer":{"youtube_id":"0Cd6r_mG2Es","url":"https:\/\/www.youtube.com\/watch?v=0Cd6r_mG2Es","embed_url":"https:\/\/www.youtube.com\/embed\/0Cd6r_mG2Es?enablejsapi=1&wmode=opaque&autoplay=1","images":{"image_url":"https:\/\/img.youtube.com\/vi\/0Cd6r_mG2Es\/default.jpg","small_image_url":"https:\/\/img.youtube.com\/vi\/0Cd6r_mG2Es\/sddefault.jpg","medium_image_url":"https:\/\/img.youtube.com\/vi\/0Cd6r_mG2Es\/mqdefault.jpg","large_image_url":"https:\/\/img.youtube.com\/vi\/0Cd6r_mG2Es\/hqdefault.jpg","maximum_image_url":"https:\/\/img.youtube.com\/vi\/0Cd6r_mG2Es\/maxresdefault.jpg"}},"approved":true,"titles":[{"type":"Default","title":"Koukaku Kidoutai: Stand Alone Complex - Solid State Society 3D"},{"type":"Synonym","title":"GitS Another Dimension"},{"type":"Synonym","title":"GitS 3D"},{"type":"Synonym","title":"Kokaku Kidotai S.A.C. Solid State Society 3D"},{"type":"Japanese","title":"\u653b\u6bbb\u6a5f\u52d5\u968a S.A.C. Solid State Society 3D"},{"type":"English","title":"Ghost in the Shell: Stand Alone Complex - Solid State Society 3D"},{"type":"German","title":"Ghost in the Shell der Film: Stand Alone Complex - Solid State Society"},{"type":"French","title":"Ghost in the Shell le Film: Stand Alone Complex - Solid State Society"}],"title":"Koukaku Kidoutai: Stand Alone Complex - Solid State Society 3D","title_english":"Ghost in the Shell: Stand Alone Complex - Solid State Society 3D","title_japanese":"\u653b\u6bbb\u6a5f\u52d5\u968a S.A.C. Solid State Society 3D","title_synonyms":["GitS Another Dimension","GitS 3D","Kokaku Kidotai S.A.C. Solid State Society 3D"],"type":"Movie","source":"Manga","episodes":1,"status":"Finished Airing","airing":false,"aired":{"from":"2011-03-26T00:00:00+00:00","to":null,"prop":{"from":{"day":26,"month":3,"year":2011},"to":{"day":null,"month":null,"year":null}},"string":"Mar 26, 2011"},"duration":"1 hr 48 min","rating":"R - 17+ (violence & profanity)","score":7.73,"scored_by":4378,"rank":1098,"popularity":5147,"members":15843,"favorites":16,"synopsis":"Kenji Kamiyama and Production I.G's Ghost in the Shell: Stand Alone Complex: Solid State Society movie will be converted into stereoscopic 3D. Kamiyama himself is overseeing the conversion, and I.G will also add a newly animated opening sequence.","background":null,"season":null,"year":null,"broadcast":{"day":null,"time":null,"timezone":null,"string":null},"producers":[],"licensors":[],"studios":[{"mal_id":10,"type":"anime","name":"Production I.G","url":"https:\/\/myanimelist.net\/anime\/producer\/10\/Production_IG"}],"genres":[{"mal_id":7,"type":"anime","name":"Mystery","url":"https:\/\/myanimelist.net\/anime\/genre\/7\/Mystery"},{"mal_id":24,"type":"anime","name":"Sci-Fi","url":"https:\/\/myanimelist.net\/anime\/genre\/24\/Sci-Fi"}],"explicit_genres":[],"themes":[{"mal_id":50,"type":"anime","name":"Adult Cast","url":"https:\/\/myanimelist.net\/anime\/genre\/50\/Adult_Cast"},{"mal_id":39,"type":"anime","name":"Detective","url":"https:\/\/myanimelist.net\/anime\/genre\/39\/Detective"},{"mal_id":18,"type":"anime","name":"Mecha","url":"https:\/\/myanimelist.net\/anime\/genre\/18\/Mecha"},{"mal_id":38,"type":"anime","name":"Military","url":"https:\/\/myanimelist.net\/anime\/genre\/38\/Military"}],"demographics":[{"mal_id":42,"type":"anime","name":"Seinen","url":"https:\/\/myanimelist.net\/anime\/genre\/42\/Seinen"}],"relations":[{"relation":"Alternative version","entry":[{"mal_id":1566,"type":"anime","name":"Koukaku Kidoutai: Stand Alone Complex - Solid State Society","url":"https:\/\/myanimelist.net\/anime\/1566\/Koukaku_Kidoutai__Stand_Alone_Complex_-_Solid_State_Society"}]},{"relation":"Side story","entry":[{"mal_id":10950,"type":"anime","name":"Koukaku Kidoutai: Stand Alone Complex - Solid State Society 3D - Tachikoma na Hibi","url":"https:\/\/myanimelist.net\/anime\/10950\/Koukaku_Kidoutai__Stand_Alone_Complex_-_Solid_State_Society_3D_-_Tachikoma_na_Hibi"}]}],"theme":{"openings":["\"Player\" by Origa with Heartsdales"],"endings":["\"Date of rebirth\" by Origa"]},"external":[{"name":"Official Site","url":"http:\/\/www.ph9.jp\/"},{"name":"AniDB","url":"https:\/\/anidb.net\/perl-bin\/animedb.pl?show=anime&aid=4414"},{"name":"ANN","url":"https:\/\/www.animenewsnetwork.com\/encyclopedia\/anime.php?id=12323"},{"name":"Wikipedia","url":"http:\/\/en.wikipedia.org\/wiki\/Ghost_in_the_Shell:_S.A.C._Solid_State_Society"}],"streaming":[]}}