{"data":{"mal_id":10153,"url":"https:\/\/myanimelist.net\/anime\/10153\/Mahou_Shoujo_Lyrical_Nanoha__The_Movie_2nd_As","images":{"jpg":{"image_url":"https:\/\/cdn.myanimelist.net\/images\/anime\/1511\/94432.jpg","small_image_url":"https:\/\/cdn.myanimelist.net\/images\/anime\/1511\/94432t.jpg","large_image_url":"https:\/\/cdn.myanimelist.net\/images\/anime\/1511\/94432l.jpg"},"webp":{"image_url":"https:\/\/cdn.myanimelist.net\/images\/anime\/1511\/94432.webp","small_image_url":"https:\/\/cdn.myanimelist.net\/images\/anime\/1511\/94432t.webp","large_image_url":"https:\/\/cdn.myanimelist.net\/images\/anime\/1511\/94432l.webp"}},"trailer":{"youtube_id":"sp9Qf55b3hs","url":"https:\/\/www.youtube.com\/watch?v=sp9Qf55b3hs","embed_url":"https:\/\/www.youtube.com\/embed\/sp9Qf55b3hs?enablejsapi=1&wmode=opaque&autoplay=1","images":{"image_url":"https:\/\/img.youtube.com\/vi\/sp9Qf55b3hs\/default.jpg","small_image_url":"https:\/\/img.youtube.com\/vi\/sp9Qf55b3hs\/sddefault.jpg","medium_image_url":"https:\/\/img.youtube.com\/vi\/sp9Qf55b3hs\/mqdefault.jpg","large_image_url":"https:\/\/img.youtube.com\/vi\/sp9Qf55b3hs\/hqdefault.jpg","maximum_image_url":"https:\/\/img.youtube.com\/vi\/sp9Qf55b3hs\/maxresdefault.jpg"}},"approved":true,"titles":[{"type":"Default","title":"Mahou Shoujo Lyrical Nanoha: The Movie 2nd A's"},{"type":"Japanese","title":"\u9b54\u6cd5\u5c11\u5973\u30ea\u30ea\u30ab\u30eb\u306a\u306e\u306f The MOVIE 2nd A's"},{"type":"English","title":"Magical Girl Lyrical Nanoha: The Movie 2nd A's"}],"title":"Mahou Shoujo Lyrical Nanoha: The Movie 2nd A's","title_english":"Magical Girl Lyrical Nanoha: The Movie 2nd A's","title_japanese":"\u9b54\u6cd5\u5c11\u5973\u30ea\u30ea\u30ab\u30eb\u306a\u306e\u306f The MOVIE 2nd A's","title_synonyms":[],"type":"Movie","source":"Original","episodes":1,"status":"Finished Airing","airing":false,"aired":{"from":"2012-07-14T00:00:00+00:00","to":null,"prop":{"from":{"day":14,"month":7,"year":2012},"to":{"day":null,"month":null,"year":null}},"string":"Jul 14, 2012"},"duration":"2 hr 29 min","rating":"R+ - Mild Nudity","score":8.12,"scored_by":10527,"rank":452,"popularity":4390,"members":23578,"favorites":193,"synopsis":"Several months have passed since the Jewel Seed incident, and Nanoha Takamachi is getting ready to welcome Fate Testarossa back from her trial with the Administrative Bureau. Having received conditional clemency for her role in preventing the crisis, Fate has been allowed to attend school with Nanoha. However, before the two girls can settle into their daily lives together, a group of dark mages suddenly descend upon them. Overpowered by their unknown assailants, Nanoha and Fate have their mana absorbed by an ominous grimoire, and both Raising Heart and Bardiche are damaged in the process.\n\nThe ones behind this ambush are known as the Wolkenritter, and its four members\u2014Vita, Signum, Shamal, and the familiar Zafila\u2014were summoned by the Book of Darkness to carry out its malignant bidding. The book's current owner is the young girl Hayate Yagami, oblivious to its true nature while the Wolkenritter, charging its power with the forcibly stolen mana, is duty-bound to seek the tome's completion.\n\nLeft drained and weaponless, Nanoha and Fate must race against time to recover their strength and confront the Wolkenritter, with the aim of preventing the quartet from finishing the Book of Darkness and unleashing its devastating magic upon the world.\n\n[Written by MAL Rewrite]","background":null,"season":null,"year":null,"broadcast":{"day":null,"time":null,"timezone":null,"string":null},"producers":[{"mal_id":1261,"type":"anime","name":"Good Smile Company","url":"https:\/\/myanimelist.net\/anime\/producer\/1261\/Good_Smile_Company"}],"licensors":[],"studios":[{"mal_id":35,"type":"anime","name":"Seven Arcs","url":"https:\/\/myanimelist.net\/anime\/producer\/35\/Seven_Arcs"}],"genres":[{"mal_id":1,"type":"anime","name":"Action","url":"https:\/\/myanimelist.net\/anime\/genre\/1\/Action"},{"mal_id":4,"type":"anime","name":"Comedy","url":"https:\/\/myanimelist.net\/anime\/genre\/4\/Comedy"},{"mal_id":8,"type":"anime","name":"Drama","url":"https:\/\/myanimelist.net\/anime\/genre\/8\/Drama"},{"mal_id":24,"type":"anime","name":"Sci-Fi","url":"https:\/\/myanimelist.net\/anime\/genre\/24\/Sci-Fi"}],"explicit_genres":[],"themes":[{"mal_id":66,"type":"anime","name":"Mahou Shoujo","url":"https:\/\/myanimelist.net\/anime\/genre\/66\/Mahou_Shoujo"}],"demographics":[],"relations":[{"relation":"Adaptation","entry":[{"mal_id":50595,"type":"manga","name":"Mahou Shoujo Lyrical Nanoha: The Movie 2nd A's - Tribute Comics","url":"https:\/\/myanimelist.net\/manga\/50595\/Mahou_Shoujo_Lyrical_Nanoha__The_Movie_2nd_As_-_Tribute_Comics"}]},{"relation":"Alternative version","entry":[{"mal_id":77,"type":"anime","name":"Mahou Shoujo Lyrical Nanoha A's","url":"https:\/\/myanimelist.net\/anime\/77\/Mahou_Shoujo_Lyrical_Nanoha_As"}]},{"relation":"Prequel","entry":[{"mal_id":4985,"type":"anime","name":"Mahou Shoujo Lyrical Nanoha: The Movie 1st","url":"https:\/\/myanimelist.net\/anime\/4985\/Mahou_Shoujo_Lyrical_Nanoha__The_Movie_1st"}]},{"relation":"Sequel","entry":[{"mal_id":17947,"type":"anime","name":"Mahou Shoujo Lyrical Nanoha: Reflection","url":"https:\/\/myanimelist.net\/anime\/17947\/Mahou_Shoujo_Lyrical_Nanoha__Reflection"}]},{"relation":"Side story","entry":[{"mal_id":32316,"type":"anime","name":"Mahou Shoujo Lyrical Nanoha: The Movie 2nd A's Mini Picture Drama","url":"https:\/\/myanimelist.net\/anime\/32316\/Mahou_Shoujo_Lyrical_Nanoha__The_Movie_2nd_As_Mini_Picture_Drama"}]},{"relation":"Other","entry":[{"mal_id":37933,"type":"anime","name":"Mahou Shoujo Lyrical Nanoha A's Picture Drama","url":"https:\/\/myanimelist.net\/anime\/37933\/Mahou_Shoujo_Lyrical_Nanoha_As_Picture_Drama"}]}],"theme":{"openings":[],"endings":["1: \"Hohoemi no Plumage\" by Tamura Yukari","2: \"BRIGHT STREAM\" by Nana Mizuki"]},"external":[{"name":"Official Site","url":"http:\/\/www.nanoha.com\/archive5\/"},{"name":"AniDB","url":"https:\/\/anidb.net\/perl-bin\/animedb.pl?show=anime&aid=8821"},{"name":"ANN","url":"https:\/\/www.animenewsnetwork.com\/encyclopedia\/anime.php?id=12221"},{"name":"Wikipedia","url":"http:\/\/ja.wikipedia.org\/wiki\/%E9%AD%94%E6%B3%95%E5%B0%91%E5%A5%B3%E3%83%AA%E3%83%AA%E3%82%AB%E3%83%AB%E3%81%AA%E3%81%AE%E3%81%AF_The_MOVIE_2nd_A%27s"},{"name":"Wikipedia","url":"https:\/\/en.wikipedia.org\/wiki\/Magical_Girl_Lyrical_Nanoha_A's"},{"name":"Syoboi","url":"https:\/\/cal.syoboi.jp\/tid\/4582"}],"streaming":[]}}