{"data":{"mal_id":10218,"url":"https:\/\/myanimelist.net\/anime\/10218\/Berserk__Ougon_Jidai-hen_I_-_Haou_no_Tamago","images":{"jpg":{"image_url":"https:\/\/cdn.myanimelist.net\/images\/anime\/12\/62179.jpg","small_image_url":"https:\/\/cdn.myanimelist.net\/images\/anime\/12\/62179t.jpg","large_image_url":"https:\/\/cdn.myanimelist.net\/images\/anime\/12\/62179l.jpg"},"webp":{"image_url":"https:\/\/cdn.myanimelist.net\/images\/anime\/12\/62179.webp","small_image_url":"https:\/\/cdn.myanimelist.net\/images\/anime\/12\/62179t.webp","large_image_url":"https:\/\/cdn.myanimelist.net\/images\/anime\/12\/62179l.webp"}},"trailer":{"youtube_id":"22lRpLAwY04","url":"https:\/\/www.youtube.com\/watch?v=22lRpLAwY04","embed_url":"https:\/\/www.youtube.com\/embed\/22lRpLAwY04?enablejsapi=1&wmode=opaque&autoplay=1","images":{"image_url":"https:\/\/img.youtube.com\/vi\/22lRpLAwY04\/default.jpg","small_image_url":"https:\/\/img.youtube.com\/vi\/22lRpLAwY04\/sddefault.jpg","medium_image_url":"https:\/\/img.youtube.com\/vi\/22lRpLAwY04\/mqdefault.jpg","large_image_url":"https:\/\/img.youtube.com\/vi\/22lRpLAwY04\/hqdefault.jpg","maximum_image_url":"https:\/\/img.youtube.com\/vi\/22lRpLAwY04\/maxresdefault.jpg"}},"approved":true,"titles":[{"type":"Default","title":"Berserk: Ougon Jidai-hen I - Haou no Tamago"},{"type":"Synonym","title":"Berserk Movie"},{"type":"Synonym","title":"Berserk Saga"},{"type":"Synonym","title":"Berserk: Golden Age Arc I - Egg of the Supreme Ruler"},{"type":"Synonym","title":"The Golden Age Arc I: The High King's Egg"},{"type":"Japanese","title":"\u30d9\u30eb\u30bb\u30eb\u30af \u9ec4\u91d1\u6642\u4ee3\u7bc7\u2160 \u8987\u738b\u306e\u5375"},{"type":"English","title":"Berserk: The Golden Age Arc I - The Egg of the King"},{"type":"Spanish","title":"Berserk: La Edad de Oro I. El Huevo del Rey Conquistador"}],"title":"Berserk: Ougon Jidai-hen I - Haou no Tamago","title_english":"Berserk: The Golden Age Arc I - The Egg of the King","title_japanese":"\u30d9\u30eb\u30bb\u30eb\u30af \u9ec4\u91d1\u6642\u4ee3\u7bc7\u2160 \u8987\u738b\u306e\u5375","title_synonyms":["Berserk Movie","Berserk Saga","Berserk: Golden Age Arc I - Egg of the Supreme Ruler","The Golden Age Arc I: The High King's Egg"],"type":"Movie","source":"Manga","episodes":1,"status":"Finished Airing","airing":false,"aired":{"from":"2012-02-04T00:00:00+00:00","to":null,"prop":{"from":{"day":4,"month":2,"year":2012},"to":{"day":null,"month":null,"year":null}},"string":"Feb 4, 2012"},"duration":"1 hr 16 min","rating":"R+ - Mild Nudity","score":7.7,"scored_by":144675,"rank":1190,"popularity":1042,"members":223419,"favorites":969,"synopsis":"In the Kingdom of Midland, a mercenary named Guts wanders the land, preferring a life of conflict over a life of peace. Despite the odds never being in his favor, he is an unstoppable force that overcomes every opponent, wielding a massive sword larger than himself.\n\nOne day, Griffith, the mysterious leader of the mercenary group Band of the Hawk, witnesses the warrior's battle prowess and invites the wandering swordsman to join his squadron. Rejecting the offer, Guts challenges Griffith to a duel\u2014and, much to the former's surprise, is subsequently defeated and forced to join.\n\nNow, Guts must fight alongside Griffith and his crew to help Midland defeat the Empire of Chuder. However, Griffith seems to harbor ulterior motives, desiring something much larger than just settling the war...\n\n[Written by MAL Rewrite]","background":null,"season":null,"year":null,"broadcast":{"day":null,"time":null,"timezone":null,"string":null},"producers":[{"mal_id":29,"type":"anime","name":"VAP","url":"https:\/\/myanimelist.net\/anime\/producer\/29\/VAP"},{"mal_id":148,"type":"anime","name":"Hakusensha","url":"https:\/\/myanimelist.net\/anime\/producer\/148\/Hakusensha"},{"mal_id":166,"type":"anime","name":"Movic","url":"https:\/\/myanimelist.net\/anime\/producer\/166\/Movic"},{"mal_id":795,"type":"anime","name":"Yahoo! Japan","url":"https:\/\/myanimelist.net\/anime\/producer\/795\/Yahoo_Japan"},{"mal_id":1123,"type":"anime","name":"Lucent Pictures Entertainment","url":"https:\/\/myanimelist.net\/anime\/producer\/1123\/Lucent_Pictures_Entertainment"},{"mal_id":1261,"type":"anime","name":"Good Smile Company","url":"https:\/\/myanimelist.net\/anime\/producer\/1261\/Good_Smile_Company"},{"mal_id":1584,"type":"anime","name":"Beyond C.","url":"https:\/\/myanimelist.net\/anime\/producer\/1584\/Beyond_C"},{"mal_id":1697,"type":"anime","name":"KDDI","url":"https:\/\/myanimelist.net\/anime\/producer\/1697\/KDDI"}],"licensors":[{"mal_id":119,"type":"anime","name":"VIZ Media","url":"https:\/\/myanimelist.net\/anime\/producer\/119\/VIZ_Media"}],"studios":[{"mal_id":13,"type":"anime","name":"Studio 4\u00b0C","url":"https:\/\/myanimelist.net\/anime\/producer\/13\/Studio_4%C2%B0C"}],"genres":[{"mal_id":1,"type":"anime","name":"Action","url":"https:\/\/myanimelist.net\/anime\/genre\/1\/Action"},{"mal_id":2,"type":"anime","name":"Adventure","url":"https:\/\/myanimelist.net\/anime\/genre\/2\/Adventure"},{"mal_id":8,"type":"anime","name":"Drama","url":"https:\/\/myanimelist.net\/anime\/genre\/8\/Drama"},{"mal_id":10,"type":"anime","name":"Fantasy","url":"https:\/\/myanimelist.net\/anime\/genre\/10\/Fantasy"},{"mal_id":14,"type":"anime","name":"Horror","url":"https:\/\/myanimelist.net\/anime\/genre\/14\/Horror"}],"explicit_genres":[],"themes":[{"mal_id":58,"type":"anime","name":"Gore","url":"https:\/\/myanimelist.net\/anime\/genre\/58\/Gore"},{"mal_id":38,"type":"anime","name":"Military","url":"https:\/\/myanimelist.net\/anime\/genre\/38\/Military"}],"demographics":[{"mal_id":42,"type":"anime","name":"Seinen","url":"https:\/\/myanimelist.net\/anime\/genre\/42\/Seinen"}],"relations":[{"relation":"Adaptation","entry":[{"mal_id":2,"type":"manga","name":"Berserk","url":"https:\/\/myanimelist.net\/manga\/2\/Berserk"}]},{"relation":"Alternative version","entry":[{"mal_id":33,"type":"anime","name":"Kenpuu Denki Berserk","url":"https:\/\/myanimelist.net\/anime\/33\/Kenpuu_Denki_Berserk"},{"mal_id":52976,"type":"anime","name":"Berserk: Ougon Jidai-hen - Memorial Edition","url":"https:\/\/myanimelist.net\/anime\/52976\/Berserk__Ougon_Jidai-hen_-_Memorial_Edition"}]},{"relation":"Sequel","entry":[{"mal_id":12113,"type":"anime","name":"Berserk: Ougon Jidai-hen II - Doldrey Kouryaku","url":"https:\/\/myanimelist.net\/anime\/12113\/Berserk__Ougon_Jidai-hen_II_-_Doldrey_Kouryaku"}]}],"theme":{"openings":["\"Aria\" by Susumu Hirasawa"],"endings":["\"Blood and Guts\" by Shiro Sagisu","\"Utsukushikumono\" by Ai"]},"external":[{"name":"Official Site","url":"http:\/\/www.berserkfilm.com\/"},{"name":"AniDB","url":"https:\/\/anidb.net\/perl-bin\/animedb.pl?show=anime&aid=7991"},{"name":"ANN","url":"https:\/\/www.animenewsnetwork.com\/encyclopedia\/anime.php?id=12397"},{"name":"Wikipedia","url":"http:\/\/en.wikipedia.org\/wiki\/Berserk_(manga)"}],"streaming":[{"name":"Netflix","url":"https:\/\/www.netflix.com\/"}]}}