{"data":{"mal_id":10216,"url":"https:\/\/myanimelist.net\/anime\/10216\/Yondemasu_yo_Azazel-san_TV","images":{"jpg":{"image_url":"https:\/\/cdn.myanimelist.net\/images\/anime\/4\/75284.jpg","small_image_url":"https:\/\/cdn.myanimelist.net\/images\/anime\/4\/75284t.jpg","large_image_url":"https:\/\/cdn.myanimelist.net\/images\/anime\/4\/75284l.jpg"},"webp":{"image_url":"https:\/\/cdn.myanimelist.net\/images\/anime\/4\/75284.webp","small_image_url":"https:\/\/cdn.myanimelist.net\/images\/anime\/4\/75284t.webp","large_image_url":"https:\/\/cdn.myanimelist.net\/images\/anime\/4\/75284l.webp"}},"trailer":{"youtube_id":"Cfg_25tWbtM","url":"https:\/\/www.youtube.com\/watch?v=Cfg_25tWbtM","embed_url":"https:\/\/www.youtube.com\/embed\/Cfg_25tWbtM?enablejsapi=1&wmode=opaque&autoplay=1","images":{"image_url":"https:\/\/img.youtube.com\/vi\/Cfg_25tWbtM\/default.jpg","small_image_url":"https:\/\/img.youtube.com\/vi\/Cfg_25tWbtM\/sddefault.jpg","medium_image_url":"https:\/\/img.youtube.com\/vi\/Cfg_25tWbtM\/mqdefault.jpg","large_image_url":"https:\/\/img.youtube.com\/vi\/Cfg_25tWbtM\/hqdefault.jpg","maximum_image_url":"https:\/\/img.youtube.com\/vi\/Cfg_25tWbtM\/maxresdefault.jpg"}},"approved":true,"titles":[{"type":"Default","title":"Yondemasu yo, Azazel-san. (TV)"},{"type":"Synonym","title":"Yondemasu yo"},{"type":"Synonym","title":"Azazel-san. (2011)"},{"type":"Japanese","title":"\u3088\u3093\u3067\u307e\u3059\u3088\u3001\u30a2\u30b6\u30bc\u30eb\u3055\u3093\u3002"},{"type":"English","title":"You're Being Summoned, Azazel"}],"title":"Yondemasu yo, Azazel-san. (TV)","title_english":"You're Being Summoned, Azazel","title_japanese":"\u3088\u3093\u3067\u307e\u3059\u3088\u3001\u30a2\u30b6\u30bc\u30eb\u3055\u3093\u3002","title_synonyms":["Yondemasu yo","Azazel-san. (2011)"],"type":"TV","source":"Manga","episodes":13,"status":"Finished Airing","airing":false,"aired":{"from":"2011-04-08T00:00:00+00:00","to":"2011-07-01T00:00:00+00:00","prop":{"from":{"day":8,"month":4,"year":2011},"to":{"day":1,"month":7,"year":2011}},"string":"Apr 8, 2011 to Jul 1, 2011"},"duration":"12 min per ep","rating":"R - 17+ (violence & profanity)","score":7.51,"scored_by":33103,"rank":1773,"popularity":2357,"members":77278,"favorites":360,"synopsis":"Akutabe is a detective who summons devils to solve the troubles of his clients. One day, a low class devil Azazel Atsushi is summoned by Akutabe and is used harshly by him and his assistant Rinko.","background":null,"season":"spring","year":2011,"broadcast":{"day":null,"time":null,"timezone":null,"string":"Unknown"},"producers":[{"mal_id":159,"type":"anime","name":"Kodansha","url":"https:\/\/myanimelist.net\/anime\/producer\/159\/Kodansha"},{"mal_id":460,"type":"anime","name":"KlockWorx","url":"https:\/\/myanimelist.net\/anime\/producer\/460\/KlockWorx"},{"mal_id":647,"type":"anime","name":"Memory-Tech","url":"https:\/\/myanimelist.net\/anime\/producer\/647\/Memory-Tech"},{"mal_id":1344,"type":"anime","name":"King Records","url":"https:\/\/myanimelist.net\/anime\/producer\/1344\/King_Records"}],"licensors":[{"mal_id":217,"type":"anime","name":"Nozomi Entertainment","url":"https:\/\/myanimelist.net\/anime\/producer\/217\/Nozomi_Entertainment"}],"studios":[{"mal_id":10,"type":"anime","name":"Production I.G","url":"https:\/\/myanimelist.net\/anime\/producer\/10\/Production_IG"}],"genres":[{"mal_id":4,"type":"anime","name":"Comedy","url":"https:\/\/myanimelist.net\/anime\/genre\/4\/Comedy"},{"mal_id":37,"type":"anime","name":"Supernatural","url":"https:\/\/myanimelist.net\/anime\/genre\/37\/Supernatural"}],"explicit_genres":[],"themes":[{"mal_id":57,"type":"anime","name":"Gag Humor","url":"https:\/\/myanimelist.net\/anime\/genre\/57\/Gag_Humor"},{"mal_id":6,"type":"anime","name":"Mythology","url":"https:\/\/myanimelist.net\/anime\/genre\/6\/Mythology"}],"demographics":[{"mal_id":42,"type":"anime","name":"Seinen","url":"https:\/\/myanimelist.net\/anime\/genre\/42\/Seinen"}],"relations":[{"relation":"Adaptation","entry":[{"mal_id":22114,"type":"manga","name":"Yondemasu yo, Azazel-san.","url":"https:\/\/myanimelist.net\/manga\/22114\/Yondemasu_yo_Azazel-san"}]},{"relation":"Side story","entry":[{"mal_id":7762,"type":"anime","name":"Yondemasu yo, Azazel-san.","url":"https:\/\/myanimelist.net\/anime\/7762\/Yondemasu_yo_Azazel-san"}]},{"relation":"Sequel","entry":[{"mal_id":16241,"type":"anime","name":"Yondemasu yo, Azazel-san. Z","url":"https:\/\/myanimelist.net\/anime\/16241\/Yondemasu_yo_Azazel-san_Z"}]}],"theme":{"openings":["\"Pandemic!!\" by Team Nekokan feat. Chihiro Yonekura"],"endings":["1: \"Like a Party\" by Team Nekokan feat. Chihiro Yonekura (eps 1-9, 11-13)","2: \"Strawberry Magic Nyorin\" by Wild Strawberry Fields [Nakajima Hiro] (eps 10)"]},"external":[{"name":"Official Site","url":"http:\/\/kc.kodansha.co.jp\/azazel\/1st\/"},{"name":"AniDB","url":"https:\/\/anidb.net\/perl-bin\/animedb.pl?show=anime&aid=8288"},{"name":"ANN","url":"https:\/\/www.animenewsnetwork.com\/encyclopedia\/anime.php?id=12345"},{"name":"Wikipedia","url":"http:\/\/en.wikipedia.org\/wiki\/Yondemasu_yo,_Azazel-san."}],"streaming":[{"name":"Crunchyroll","url":"http:\/\/www.crunchyroll.com\/series-270213"},{"name":"Funimation","url":"https:\/\/www.funimation.com\/shows\/youre-being-summoned-azazel"}]}}