{"data":{"mal_id":1023,"url":"https:\/\/myanimelist.net\/anime\/1023\/Wolfs_Rain_OVA","images":{"jpg":{"image_url":"https:\/\/cdn.myanimelist.net\/images\/anime\/1091\/134883.jpg","small_image_url":"https:\/\/cdn.myanimelist.net\/images\/anime\/1091\/134883t.jpg","large_image_url":"https:\/\/cdn.myanimelist.net\/images\/anime\/1091\/134883l.jpg"},"webp":{"image_url":"https:\/\/cdn.myanimelist.net\/images\/anime\/1091\/134883.webp","small_image_url":"https:\/\/cdn.myanimelist.net\/images\/anime\/1091\/134883t.webp","large_image_url":"https:\/\/cdn.myanimelist.net\/images\/anime\/1091\/134883l.webp"}},"trailer":{"youtube_id":null,"url":null,"embed_url":null,"images":{"image_url":null,"small_image_url":null,"medium_image_url":null,"large_image_url":null,"maximum_image_url":null}},"approved":true,"titles":[{"type":"Default","title":"Wolf's Rain OVA"},{"type":"Japanese","title":"\u30a6\u30eb\u30d5\u30ba\u30fb\u30ec\u30a4\u30f3"},{"type":"English","title":"Wolf's Rain OVA"},{"type":"French","title":"Wolf's Rain"}],"title":"Wolf's Rain OVA","title_english":"Wolf's Rain OVA","title_japanese":"\u30a6\u30eb\u30d5\u30ba\u30fb\u30ec\u30a4\u30f3","title_synonyms":[],"type":"OVA","source":"Original","episodes":4,"status":"Finished Airing","airing":false,"aired":{"from":"2004-01-23T00:00:00+00:00","to":"2004-02-25T00:00:00+00:00","prop":{"from":{"day":23,"month":1,"year":2004},"to":{"day":25,"month":2,"year":2004}},"string":"Jan 23, 2004 to Feb 25, 2004"},"duration":"23 min per ep","rating":"PG-13 - Teens 13 or older","score":7.99,"scored_by":34395,"rank":625,"popularity":2569,"members":66744,"favorites":371,"synopsis":"As the world accelerates toward its own destruction, Kiba and Cheza\u2014with the help of Tsume, Hige, Toboe, and Blue\u2014race to reach true paradise before the entire world is rendered uninhabitable. Now reunited, Cher and Hubb decide to accompany the wolves in hopes of seeing the journey through to its end, while a distraught and confused Quent wanders aimlessly into the wasteland with his mind fixated on revenge.\n\nMeanwhile, Lord Darcia the Third has finally put his plot into motion and pursues Cheza, pitting him against the pack. As everything falls apart yet simultaneously falls into place, the wolves struggle to survive in an increasingly dangerous environment. Though the end draws near, paradise seems further away than ever before.\n\n[Written by MAL Rewrite]","background":null,"season":null,"year":null,"broadcast":{"day":null,"time":null,"timezone":null,"string":null},"producers":[{"mal_id":23,"type":"anime","name":"Bandai Visual","url":"https:\/\/myanimelist.net\/anime\/producer\/23\/Bandai_Visual"},{"mal_id":142,"type":"anime","name":"Asatsu DK","url":"https:\/\/myanimelist.net\/anime\/producer\/142\/Asatsu_DK"}],"licensors":[{"mal_id":102,"type":"anime","name":"Funimation","url":"https:\/\/myanimelist.net\/anime\/producer\/102\/Funimation"},{"mal_id":233,"type":"anime","name":"Bandai Entertainment","url":"https:\/\/myanimelist.net\/anime\/producer\/233\/Bandai_Entertainment"}],"studios":[{"mal_id":4,"type":"anime","name":"Bones","url":"https:\/\/myanimelist.net\/anime\/producer\/4\/Bones"}],"genres":[{"mal_id":2,"type":"anime","name":"Adventure","url":"https:\/\/myanimelist.net\/anime\/genre\/2\/Adventure"},{"mal_id":8,"type":"anime","name":"Drama","url":"https:\/\/myanimelist.net\/anime\/genre\/8\/Drama"},{"mal_id":24,"type":"anime","name":"Sci-Fi","url":"https:\/\/myanimelist.net\/anime\/genre\/24\/Sci-Fi"},{"mal_id":37,"type":"anime","name":"Supernatural","url":"https:\/\/myanimelist.net\/anime\/genre\/37\/Supernatural"}],"explicit_genres":[],"themes":[{"mal_id":40,"type":"anime","name":"Psychological","url":"https:\/\/myanimelist.net\/anime\/genre\/40\/Psychological"}],"demographics":[],"relations":[{"relation":"Prequel","entry":[{"mal_id":202,"type":"anime","name":"Wolf's Rain","url":"https:\/\/myanimelist.net\/anime\/202\/Wolfs_Rain"}]}],"theme":{"openings":["\"Stray\" by Steve Conte"],"endings":["1: \"Gravity\" by Maaya Sakamoto","2: \"Stray\" by Steve Conte (eps 30)"]},"external":[{"name":"ANN","url":"https:\/\/www.animenewsnetwork.com\/encyclopedia\/anime.php?id=3521"},{"name":"Wikipedia","url":"http:\/\/en.wikipedia.org\/wiki\/Wolf%27s_Rain"}],"streaming":[{"name":"Crunchyroll","url":"http:\/\/www.crunchyroll.com\/series-274547"},{"name":"Funimation","url":"https:\/\/www.funimation.com\/shows\/wolfs-rain"}]}}