{"data":{"mal_id":10257,"url":"https:\/\/myanimelist.net\/anime\/10257\/Pretty_Rhythm__Aurora_Dream","images":{"jpg":{"image_url":"https:\/\/cdn.myanimelist.net\/images\/anime\/9\/36423.jpg","small_image_url":"https:\/\/cdn.myanimelist.net\/images\/anime\/9\/36423t.jpg","large_image_url":"https:\/\/cdn.myanimelist.net\/images\/anime\/9\/36423l.jpg"},"webp":{"image_url":"https:\/\/cdn.myanimelist.net\/images\/anime\/9\/36423.webp","small_image_url":"https:\/\/cdn.myanimelist.net\/images\/anime\/9\/36423t.webp","large_image_url":"https:\/\/cdn.myanimelist.net\/images\/anime\/9\/36423l.webp"}},"trailer":{"youtube_id":null,"url":null,"embed_url":null,"images":{"image_url":null,"small_image_url":null,"medium_image_url":null,"large_image_url":null,"maximum_image_url":null}},"approved":true,"titles":[{"type":"Default","title":"Pretty Rhythm: Aurora Dream"},{"type":"Japanese","title":"\u30d7\u30ea\u30c6\u30a3\u30fc\u30ea\u30ba\u30e0 \u30aa\u30fc\u30ed\u30e9\u30c9\u30ea\u30fc\u30e0"}],"title":"Pretty Rhythm: Aurora Dream","title_english":null,"title_japanese":"\u30d7\u30ea\u30c6\u30a3\u30fc\u30ea\u30ba\u30e0 \u30aa\u30fc\u30ed\u30e9\u30c9\u30ea\u30fc\u30e0","title_synonyms":[],"type":"TV","source":"Game","episodes":51,"status":"Finished Airing","airing":false,"aired":{"from":"2011-04-09T00:00:00+00:00","to":"2012-03-31T00:00:00+00:00","prop":{"from":{"day":9,"month":4,"year":2011},"to":{"day":31,"month":3,"year":2012}},"string":"Apr 9, 2011 to Mar 31, 2012"},"duration":"23 min per ep","rating":"PG - Children","score":7.42,"scored_by":8581,"rank":2088,"popularity":4524,"members":21882,"favorites":182,"synopsis":"Aira Harune, a clumsy yet happy-go-lucky girl, is suddenly dragged into the popular world of Prism Shows\u2014an idol show based on figure skating, where performers called \"Prism Stars\" wear outfits encased in Prism Stones and perform stylistic Prism Jumps. Captivated by the dazzling fashion and gorgeous Prism Jumps, Aira decides to become a Prism Star herself.  \n\nShe soon encounters the hot-headed Rizumu \"Rhythm\" Amamiya, who desires to perform the legendary Prism Jump \u201cAurora Rising\u201d; as well as the prideful Mion Takamine, who dreams of becoming the brightest Prism Star above the rest. The journey of these girls is marked by friendship, growth, and unexpected encounters. Can they perform Prism Jumps high enough to reach their dreams and become the next Prism Queens?\n\n[Written by MAL Rewrite]","background":"Pretty Rhythm: Aurora Dream is based on Tomy Company Ltd.'s 2010 arcade game Pretty Rhythm: Mini Skirt. The arcade game was relaunched under the same title as the anime on April 28, 2011 to tie in with the show's release. The series' premiere was delayed one week from April 2, 2011 to April 9, 2011 due to the 2011 Touhoku Earthquake.","season":"spring","year":2011,"broadcast":{"day":"Saturdays","time":"10:00","timezone":"Asia\/Tokyo","string":"Saturdays at 10:00 (JST)"},"producers":[],"licensors":[],"studios":[{"mal_id":103,"type":"anime","name":"Tatsunoko Production","url":"https:\/\/myanimelist.net\/anime\/producer\/103\/Tatsunoko_Production"}],"genres":[{"mal_id":30,"type":"anime","name":"Sports","url":"https:\/\/myanimelist.net\/anime\/genre\/30\/Sports"}],"explicit_genres":[],"themes":[{"mal_id":60,"type":"anime","name":"Idols (Female)","url":"https:\/\/myanimelist.net\/anime\/genre\/60\/Idols_Female"},{"mal_id":19,"type":"anime","name":"Music","url":"https:\/\/myanimelist.net\/anime\/genre\/19\/Music"}],"demographics":[],"relations":[{"relation":"Adaptation","entry":[{"mal_id":33967,"type":"manga","name":"Pretty Rhythm","url":"https:\/\/myanimelist.net\/manga\/33967\/Pretty_Rhythm"},{"mal_id":36403,"type":"manga","name":"Pretty Rhythm: Aurora Dream","url":"https:\/\/myanimelist.net\/manga\/36403\/Pretty_Rhythm__Aurora_Dream"}]},{"relation":"Side story","entry":[{"mal_id":11911,"type":"anime","name":"Pretty Rhythm: Aurora Dream - Prism Shougekijou","url":"https:\/\/myanimelist.net\/anime\/11911\/Pretty_Rhythm__Aurora_Dream_-_Prism_Shougekijou"}]},{"relation":"Sequel","entry":[{"mal_id":12863,"type":"anime","name":"Pretty Rhythm: Dear My Future","url":"https:\/\/myanimelist.net\/anime\/12863\/Pretty_Rhythm__Dear_My_Future"}]},{"relation":"Alternative version","entry":[{"mal_id":21707,"type":"anime","name":"Pretty Rhythm Movie: All Star Selection - Prism Show\u2606Best Ten","url":"https:\/\/myanimelist.net\/anime\/21707\/Pretty_Rhythm_Movie__All_Star_Selection_-_Prism_Show\u2606Best_Ten"}]},{"relation":"Summary","entry":[{"mal_id":22215,"type":"anime","name":"Pretty Rhythm: All Star Selection","url":"https:\/\/myanimelist.net\/anime\/22215\/Pretty_Rhythm__All_Star_Selection"}]},{"relation":"Alternative setting","entry":[{"mal_id":23135,"type":"anime","name":"PriPara","url":"https:\/\/myanimelist.net\/anime\/23135\/PriPara"}]}],"theme":{"openings":["1: \"You May Dream\" by LISP (eps 1-29)","2: \"1000% kyunkyun sa se te yo \u2661 (1000%\u30ad\u30e5\u30f3\u30ad\u30e5\u30f3\u3055\u305b\u3066\u3088\u2661)\" by Pretty Rhythm \u2606 All Stars (eps 30-51)"],"endings":["1: \"Happy GO Lucky! ~Happy \u2606 Lucky de Go!~ (Happy GO Lucky! \u301c\u30cf\u30d4\u2606\u30e9\u30ad\u3067\u30b4\u30fc!\u301c )\" by SUPER\u2606GiRLS (eps 1-13)","2: \"We Will Win! -Kokoro no Baton de Popon no Poon \u2606- (We Will Win! -\u30b3\u30b3\u30ed\u306e\u30d0\u30c8\u30f3\u3067\u30dd\u30fb\u30dd\u30f3\u306e\u30dd\u301c\u30f3\u2606-)\" by Tokyo Joshiryuu (eps 14-26)","3: \"Pretty Rhythm de Go! (\u30d7\u30ea\u30c6\u30a3\u30fc\u30ea\u30ba\u30e0\u3067Go!)\" by MARs (eps 27-39)","4: \"Everybody's Gonna Be Happy\" by Prizmmy\u2606 (eps 40-51)"]},"external":[{"name":"Official Site","url":"http:\/\/prettyrhythm.dive2ent.com\/"},{"name":"AniDB","url":"https:\/\/anidb.net\/perl-bin\/animedb.pl?show=anime&aid=8240"},{"name":"ANN","url":"https:\/\/www.animenewsnetwork.com\/encyclopedia\/anime.php?id=12432"},{"name":"Wikipedia","url":"http:\/\/en.wikipedia.org\/wiki\/Pretty_Rhythm"}],"streaming":[]}}