{"data":{"mal_id":10271,"url":"https:\/\/myanimelist.net\/anime\/10271\/Gyakkyou_Burai_Kaiji__Hakairoku-hen","images":{"jpg":{"image_url":"https:\/\/cdn.myanimelist.net\/images\/anime\/10\/30599.jpg","small_image_url":"https:\/\/cdn.myanimelist.net\/images\/anime\/10\/30599t.jpg","large_image_url":"https:\/\/cdn.myanimelist.net\/images\/anime\/10\/30599l.jpg"},"webp":{"image_url":"https:\/\/cdn.myanimelist.net\/images\/anime\/10\/30599.webp","small_image_url":"https:\/\/cdn.myanimelist.net\/images\/anime\/10\/30599t.webp","large_image_url":"https:\/\/cdn.myanimelist.net\/images\/anime\/10\/30599l.webp"}},"trailer":{"youtube_id":null,"url":null,"embed_url":null,"images":{"image_url":null,"small_image_url":null,"medium_image_url":null,"large_image_url":null,"maximum_image_url":null}},"approved":true,"titles":[{"type":"Default","title":"Gyakkyou Burai Kaiji: Hakairoku-hen"},{"type":"Synonym","title":"Gyakkyou Burai Kaiji S2"},{"type":"Synonym","title":"The Suffering Pariah Kaiji: Backslide Arc"},{"type":"Japanese","title":"\u9006\u5883\u7121\u983c\u30ab\u30a4\u30b8 \u7834\u6212\u9332\u7bc7"},{"type":"English","title":"Kaiji: Against All Rules"},{"type":"German","title":"Kaiji: Against All Rules"},{"type":"Spanish","title":"Kaiji: Against All Rules"},{"type":"French","title":"Kaiji: Against All Rules"}],"title":"Gyakkyou Burai Kaiji: Hakairoku-hen","title_english":"Kaiji: Against All Rules","title_japanese":"\u9006\u5883\u7121\u983c\u30ab\u30a4\u30b8 \u7834\u6212\u9332\u7bc7","title_synonyms":["Gyakkyou Burai Kaiji S2","The Suffering Pariah Kaiji: Backslide Arc"],"type":"TV","source":"Manga","episodes":26,"status":"Finished Airing","airing":false,"aired":{"from":"2011-04-06T00:00:00+00:00","to":"2011-09-28T00:00:00+00:00","prop":{"from":{"day":6,"month":4,"year":2011},"to":{"day":28,"month":9,"year":2011}},"string":"Apr 6, 2011 to Sep 28, 2011"},"duration":"24 min per ep","rating":"R - 17+ (violence & profanity)","score":8.25,"scored_by":104244,"rank":301,"popularity":1205,"members":189608,"favorites":2703,"synopsis":"Owing to an increasing debt, Kaiji Itou ends up resuming his old lifestyle. One day, while walking on the street, he stumbles upon Yuuji Endou, who is hunting Kaiji due to the money he owes to the Teiai Group. Unaware of this, Kaiji eagerly follows Endou, hoping for a chance to participate in another gamble, but soon finds out the loan shark's real intentions when he is kidnapped.\n\nGiven that Kaiji is unable to pay off his huge debt, the Teiai Group instead sends him to work in an underground labor camp. He is told that he will have to live in this hell for 15 years, alongside other debtors, until he can earn his freedom. His only hope to put an early end to this nightmare is by saving enough money to be able to go back to the surface for a single day. Once he is there, he plans to obtain the remaining money needed to settle his account by making a high-stakes wager. However, as many temptations threaten his scarce income, Kaiji may have to resort to gambling sooner than he had expected.\n\n[Written by MAL Rewrite]","background":null,"season":"spring","year":2011,"broadcast":{"day":"Wednesdays","time":"00:59","timezone":"Asia\/Tokyo","string":"Wednesdays at 00:59 (JST)"},"producers":[{"mal_id":29,"type":"anime","name":"VAP","url":"https:\/\/myanimelist.net\/anime\/producer\/29\/VAP"},{"mal_id":1003,"type":"anime","name":"Nippon Television Network","url":"https:\/\/myanimelist.net\/anime\/producer\/1003\/Nippon_Television_Network"}],"licensors":[{"mal_id":376,"type":"anime","name":"Sentai Filmworks","url":"https:\/\/myanimelist.net\/anime\/producer\/376\/Sentai_Filmworks"}],"studios":[{"mal_id":11,"type":"anime","name":"Madhouse","url":"https:\/\/myanimelist.net\/anime\/producer\/11\/Madhouse"}],"genres":[{"mal_id":41,"type":"anime","name":"Suspense","url":"https:\/\/myanimelist.net\/anime\/genre\/41\/Suspense"}],"explicit_genres":[],"themes":[{"mal_id":50,"type":"anime","name":"Adult Cast","url":"https:\/\/myanimelist.net\/anime\/genre\/50\/Adult_Cast"},{"mal_id":59,"type":"anime","name":"High Stakes Game","url":"https:\/\/myanimelist.net\/anime\/genre\/59\/High_Stakes_Game"},{"mal_id":40,"type":"anime","name":"Psychological","url":"https:\/\/myanimelist.net\/anime\/genre\/40\/Psychological"},{"mal_id":11,"type":"anime","name":"Strategy Game","url":"https:\/\/myanimelist.net\/anime\/genre\/11\/Strategy_Game"}],"demographics":[{"mal_id":42,"type":"anime","name":"Seinen","url":"https:\/\/myanimelist.net\/anime\/genre\/42\/Seinen"}],"relations":[{"relation":"Adaptation","entry":[{"mal_id":3573,"type":"manga","name":"Tobaku Hakairoku Kaiji","url":"https:\/\/myanimelist.net\/manga\/3573\/Tobaku_Hakairoku_Kaiji"}]},{"relation":"Prequel","entry":[{"mal_id":3002,"type":"anime","name":"Gyakkyou Burai Kaiji: Ultimate Survivor","url":"https:\/\/myanimelist.net\/anime\/3002\/Gyakkyou_Burai_Kaiji__Ultimate_Survivor"}]}],"theme":{"openings":["\"Chase the Light!\" by Fear, and Loathing in Las Vegas"],"endings":["1: \"C Kara Hajimaru ABC\" by Wasureranneeyo (eps 1-25)","2: \"Mirai wa Bokura no Te no Naka\" by Kaiji with Redbourn Cherries (eps 26)"]},"external":[{"name":"Official Site","url":"http:\/\/www.ntv.co.jp\/kaiji_hakairoku\/"},{"name":"AniDB","url":"https:\/\/anidb.net\/perl-bin\/animedb.pl?show=anime&aid=8242"},{"name":"ANN","url":"https:\/\/www.animenewsnetwork.com\/encyclopedia\/anime.php?id=12435"},{"name":"Wikipedia","url":"https:\/\/en.wikipedia.org\/wiki\/Kaiji:_Against_All_Rules"},{"name":"Wikipedia","url":"https:\/\/ja.wikipedia.org\/wiki\/%E8%B3%AD%E5%8D%9A%E9%BB%99%E7%A4%BA%E9%8C%B2%E3%82%AB%E3%82%A4%E3%82%B8#%E3%83%86%E3%83%AC%E3%83%93%E3%82%A2%E3%83%8B%E3%83%A1"},{"name":"Syoboi","url":"https:\/\/cal.syoboi.jp\/tid\/2166"}],"streaming":[{"name":"Crunchyroll","url":"http:\/\/www.crunchyroll.com\/series-255115"}]}}