{"data":{"mal_id":1033,"url":"https:\/\/myanimelist.net\/anime\/1033\/Sennen_Joyuu","images":{"jpg":{"image_url":"https:\/\/cdn.myanimelist.net\/images\/anime\/1648\/93626.jpg","small_image_url":"https:\/\/cdn.myanimelist.net\/images\/anime\/1648\/93626t.jpg","large_image_url":"https:\/\/cdn.myanimelist.net\/images\/anime\/1648\/93626l.jpg"},"webp":{"image_url":"https:\/\/cdn.myanimelist.net\/images\/anime\/1648\/93626.webp","small_image_url":"https:\/\/cdn.myanimelist.net\/images\/anime\/1648\/93626t.webp","large_image_url":"https:\/\/cdn.myanimelist.net\/images\/anime\/1648\/93626l.webp"}},"trailer":{"youtube_id":"vpGrD5wUzKE","url":"https:\/\/www.youtube.com\/watch?v=vpGrD5wUzKE","embed_url":"https:\/\/www.youtube.com\/embed\/vpGrD5wUzKE?enablejsapi=1&wmode=opaque&autoplay=1","images":{"image_url":"https:\/\/img.youtube.com\/vi\/vpGrD5wUzKE\/default.jpg","small_image_url":"https:\/\/img.youtube.com\/vi\/vpGrD5wUzKE\/sddefault.jpg","medium_image_url":"https:\/\/img.youtube.com\/vi\/vpGrD5wUzKE\/mqdefault.jpg","large_image_url":"https:\/\/img.youtube.com\/vi\/vpGrD5wUzKE\/hqdefault.jpg","maximum_image_url":"https:\/\/img.youtube.com\/vi\/vpGrD5wUzKE\/maxresdefault.jpg"}},"approved":true,"titles":[{"type":"Default","title":"Sennen Joyuu"},{"type":"Synonym","title":"Chiyoko Millennial Actress"},{"type":"Japanese","title":"\u5343\u5e74\u5973\u512a"},{"type":"English","title":"Millennium Actress"},{"type":"German","title":"Millenium Actress"},{"type":"Spanish","title":"Millennium Actress"},{"type":"French","title":"Millennium Actress"}],"title":"Sennen Joyuu","title_english":"Millennium Actress","title_japanese":"\u5343\u5e74\u5973\u512a","title_synonyms":["Chiyoko Millennial Actress"],"type":"Movie","source":"Original","episodes":1,"status":"Finished Airing","airing":false,"aired":{"from":"2002-09-14T00:00:00+00:00","to":null,"prop":{"from":{"day":14,"month":9,"year":2002},"to":{"day":null,"month":null,"year":null}},"string":"Sep 14, 2002"},"duration":"1 hr 26 min","rating":"PG-13 - Teens 13 or older","score":8.25,"scored_by":81842,"rank":304,"popularity":1265,"members":181309,"favorites":2573,"synopsis":"At the turn of the millennium, Ginei Studio's dilapidated buildings are set to be demolished. Ex-employee and filmmaker Genya Tachibana decides to honor this occasion with a commemorative documentary about the company's star actress: Chiyoko Fujiwara, the reclusive sweetheart of Shouwa Era cinema. Having finally obtained permission to interview the retired starlet, an enamored Genya drags along cynical cameraman Kyouji Ida to meet her, ready to put his lifelong idol back in the spotlight once more.\n\nHidden in this secluded mountain retreat is a thousand years of history condensed into one lifetime, waiting to be narrated. Chiyoko's recollections take them on an illusionary journey through Japanese cinematic history that transcends the boundaries of reality; the saga of her acting career intertwines with her filmography, the actors in her life blend seamlessly with the characters on screen, and the present melds with the past. Though the actress may have retired at the height of her career 30 years ago, the curtain on her life's stage has yet to fall.\n\n[Written by MAL Rewrite]","background":"The film won the awards of Best Animation Film and Fantasia Ground-Breaker at the 2001 Fantasia Film Festival. It was also awarded the Feature Film Award at the 8th Animation Kobe. In 2002, it won the prestigious Ofuji Noburo Award at the Mainichi Film Awards, and was honored with the Orient Express Award at the 2001 Festival de Cine de Sitges in Spain. The film was nominated for four Annie Awards in 2004, including Outstanding Direction and Writing.","season":null,"year":null,"broadcast":{"day":null,"time":null,"timezone":null,"string":null},"producers":[{"mal_id":23,"type":"anime","name":"Bandai Visual","url":"https:\/\/myanimelist.net\/anime\/producer\/23\/Bandai_Visual"},{"mal_id":33,"type":"anime","name":"WOWOW","url":"https:\/\/myanimelist.net\/anime\/producer\/33\/WOWOW"},{"mal_id":79,"type":"anime","name":"Genco","url":"https:\/\/myanimelist.net\/anime\/producer\/79\/Genco"},{"mal_id":113,"type":"anime","name":"Kadokawa Shoten","url":"https:\/\/myanimelist.net\/anime\/producer\/113\/Kadokawa_Shoten"},{"mal_id":460,"type":"anime","name":"KlockWorx","url":"https:\/\/myanimelist.net\/anime\/producer\/460\/KlockWorx"}],"licensors":[{"mal_id":531,"type":"anime","name":"Eleven Arts","url":"https:\/\/myanimelist.net\/anime\/producer\/531\/Eleven_Arts"},{"mal_id":1475,"type":"anime","name":"DreamWorks","url":"https:\/\/myanimelist.net\/anime\/producer\/1475\/DreamWorks"}],"studios":[{"mal_id":11,"type":"anime","name":"Madhouse","url":"https:\/\/myanimelist.net\/anime\/producer\/11\/Madhouse"}],"genres":[{"mal_id":1,"type":"anime","name":"Action","url":"https:\/\/myanimelist.net\/anime\/genre\/1\/Action"},{"mal_id":2,"type":"anime","name":"Adventure","url":"https:\/\/myanimelist.net\/anime\/genre\/2\/Adventure"},{"mal_id":46,"type":"anime","name":"Award Winning","url":"https:\/\/myanimelist.net\/anime\/genre\/46\/Award_Winning"},{"mal_id":8,"type":"anime","name":"Drama","url":"https:\/\/myanimelist.net\/anime\/genre\/8\/Drama"},{"mal_id":10,"type":"anime","name":"Fantasy","url":"https:\/\/myanimelist.net\/anime\/genre\/10\/Fantasy"},{"mal_id":22,"type":"anime","name":"Romance","url":"https:\/\/myanimelist.net\/anime\/genre\/22\/Romance"}],"explicit_genres":[],"themes":[{"mal_id":13,"type":"anime","name":"Historical","url":"https:\/\/myanimelist.net\/anime\/genre\/13\/Historical"},{"mal_id":75,"type":"anime","name":"Showbiz","url":"https:\/\/myanimelist.net\/anime\/genre\/75\/Showbiz"}],"demographics":[],"relations":[],"theme":{"openings":["\"Chiyoko no Theme Mode-1 (\u5343\u4ee3\u5b50\u306e\u30c6\u30fc\u30de MODE-1)\" by Susumu Hirasawa"],"endings":["\"Rotation [lotus-2]\" by Susumu Hirasawa"]},"external":[{"name":"Official Site","url":"http:\/\/www.madhouse.co.jp\/works\/2003-2002\/works_movie_sennen.html"},{"name":"AniDB","url":"https:\/\/anidb.net\/perl-bin\/animedb.pl?show=anime&aid=570"},{"name":"ANN","url":"https:\/\/www.animenewsnetwork.com\/encyclopedia\/anime.php?id=374"},{"name":"Wikipedia","url":"http:\/\/en.wikipedia.org\/wiki\/Millenium_Actress"},{"name":"Wikipedia","url":"https:\/\/ja.wikipedia.org\/wiki\/%E5%8D%83%E5%B9%B4%E5%A5%B3%E5%84%AA"},{"name":"Syoboi","url":"https:\/\/cal.syoboi.jp\/tid\/889"}],"streaming":[]}}