{"data":{"mal_id":10521,"url":"https:\/\/myanimelist.net\/anime\/10521\/Working","images":{"jpg":{"image_url":"https:\/\/cdn.myanimelist.net\/images\/anime\/3\/75263.jpg","small_image_url":"https:\/\/cdn.myanimelist.net\/images\/anime\/3\/75263t.jpg","large_image_url":"https:\/\/cdn.myanimelist.net\/images\/anime\/3\/75263l.jpg"},"webp":{"image_url":"https:\/\/cdn.myanimelist.net\/images\/anime\/3\/75263.webp","small_image_url":"https:\/\/cdn.myanimelist.net\/images\/anime\/3\/75263t.webp","large_image_url":"https:\/\/cdn.myanimelist.net\/images\/anime\/3\/75263l.webp"}},"trailer":{"youtube_id":null,"url":null,"embed_url":null,"images":{"image_url":null,"small_image_url":null,"medium_image_url":null,"large_image_url":null,"maximum_image_url":null}},"approved":true,"titles":[{"type":"Default","title":"Working'!!"},{"type":"Synonym","title":"Working!! 2"},{"type":"Japanese","title":"\u30ef\u30fc\u30ad\u30f3\u30b0\u2019\uff01\uff01"},{"type":"English","title":"Wagnaria!!2"}],"title":"Working'!!","title_english":"Wagnaria!!2","title_japanese":"\u30ef\u30fc\u30ad\u30f3\u30b0\u2019\uff01\uff01","title_synonyms":["Working!! 2"],"type":"TV","source":"4-koma manga","episodes":13,"status":"Finished Airing","airing":false,"aired":{"from":"2011-10-01T00:00:00+00:00","to":"2011-12-24T00:00:00+00:00","prop":{"from":{"day":1,"month":10,"year":2011},"to":{"day":24,"month":12,"year":2011}},"string":"Oct 1, 2011 to Dec 24, 2011"},"duration":"24 min per ep","rating":"PG-13 - Teens 13 or older","score":7.82,"scored_by":150369,"rank":913,"popularity":891,"members":261203,"favorites":459,"synopsis":"The exciting antics of Wagnaria return as more ridiculous incidents occur, friendships are deepened, and new feelings are discovered. In addition to Souta Takanashi and his wacky co-workers, more eccentric personalities join the family restaurant: Haruna, Hyougo Otoo's missing wife, who has a habit of getting hopelessly lost through the sewer system; Kirio Yamada, Aoi's older brother, who is able to withstand Mahiru Inami's deadly punches; and twins Youhei and Mitsuki Mashiba, Kyouko Shirafuji's juniors who do not get along.\n\nAbsurdity, romance, and hilarity are all on the menu for the Wagnaria family restaurant!\n\n[Written by MAL Rewrite]","background":"The first episode received a preview airing on September 3, 2011. The regular television airing started on October 1, 2011.","season":"fall","year":2011,"broadcast":{"day":null,"time":null,"timezone":null,"string":"Unknown"},"producers":[{"mal_id":17,"type":"anime","name":"Aniplex","url":"https:\/\/myanimelist.net\/anime\/producer\/17\/Aniplex"},{"mal_id":76,"type":"anime","name":"Yomiuri Telecasting","url":"https:\/\/myanimelist.net\/anime\/producer\/76\/Yomiuri_Telecasting"},{"mal_id":211,"type":"anime","name":"Rakuonsha","url":"https:\/\/myanimelist.net\/anime\/producer\/211\/Rakuonsha"}],"licensors":[{"mal_id":372,"type":"anime","name":"NIS America, Inc.","url":"https:\/\/myanimelist.net\/anime\/producer\/372\/NIS_America_Inc"}],"studios":[{"mal_id":56,"type":"anime","name":"A-1 Pictures","url":"https:\/\/myanimelist.net\/anime\/producer\/56\/A-1_Pictures"}],"genres":[{"mal_id":4,"type":"anime","name":"Comedy","url":"https:\/\/myanimelist.net\/anime\/genre\/4\/Comedy"}],"explicit_genres":[],"themes":[{"mal_id":74,"type":"anime","name":"Romantic Subtext","url":"https:\/\/myanimelist.net\/anime\/genre\/74\/Romantic_Subtext"},{"mal_id":48,"type":"anime","name":"Workplace","url":"https:\/\/myanimelist.net\/anime\/genre\/48\/Workplace"}],"demographics":[{"mal_id":42,"type":"anime","name":"Seinen","url":"https:\/\/myanimelist.net\/anime\/genre\/42\/Seinen"}],"relations":[{"relation":"Adaptation","entry":[{"mal_id":3044,"type":"manga","name":"Working!!","url":"https:\/\/myanimelist.net\/manga\/3044\/Working"}]},{"relation":"Prequel","entry":[{"mal_id":6956,"type":"anime","name":"Working!!","url":"https:\/\/myanimelist.net\/anime\/6956\/Working"}]},{"relation":"Other","entry":[{"mal_id":10532,"type":"anime","name":"Working'!! Announcement Specials","url":"https:\/\/myanimelist.net\/anime\/10532\/Working_Announcement_Specials"}]},{"relation":"Sequel","entry":[{"mal_id":25879,"type":"anime","name":"Working!!!","url":"https:\/\/myanimelist.net\/anime\/25879\/Working"}]}],"theme":{"openings":["\"COOLISH WALK\" by Popura Taneshima, Mahiru Inami, and Yachiyo Todoroki (Kana Asumi, Saki Fujita and Eri Kitamura)"],"endings":["1: \"COOLISH WALK\" by Popura Taneshima, Mahiru Inami, and Yachiyo Todoroki (Kana Asumi, Saki Fujita and Eri Kitamura) (eps 1)","2: \"Itsumo no Youni LOVE & PEACE!! (\u3044\u3064\u3082\u306e\u3088\u3046\u306bLOVE\uff06PEACE!!)\" by Souta Takanashi, Jun Satou, and Souma Hiroomi (Jun Fukuyama, Daisuke Ono and Hiroshi Kamiya) (eps 2-13)"]},"external":[{"name":"Official Site","url":"http:\/\/www.wagnaria.com\/2nd\/"},{"name":"AniDB","url":"https:\/\/anidb.net\/perl-bin\/animedb.pl?show=anime&aid=8364"},{"name":"ANN","url":"https:\/\/www.animenewsnetwork.com\/encyclopedia\/anime.php?id=12841"},{"name":"Wikipedia","url":"http:\/\/en.wikipedia.org\/wiki\/Working!!"}],"streaming":[]}}