{"data":{"mal_id":10589,"url":"https:\/\/myanimelist.net\/anime\/10589\/Naruto__Shippuuden_Movie_5_-_Blood_Prison","images":{"jpg":{"image_url":"https:\/\/cdn.myanimelist.net\/images\/anime\/1500\/134496.jpg","small_image_url":"https:\/\/cdn.myanimelist.net\/images\/anime\/1500\/134496t.jpg","large_image_url":"https:\/\/cdn.myanimelist.net\/images\/anime\/1500\/134496l.jpg"},"webp":{"image_url":"https:\/\/cdn.myanimelist.net\/images\/anime\/1500\/134496.webp","small_image_url":"https:\/\/cdn.myanimelist.net\/images\/anime\/1500\/134496t.webp","large_image_url":"https:\/\/cdn.myanimelist.net\/images\/anime\/1500\/134496l.webp"}},"trailer":{"youtube_id":"HC7MbHH0FB0","url":"https:\/\/www.youtube.com\/watch?v=HC7MbHH0FB0","embed_url":"https:\/\/www.youtube.com\/embed\/HC7MbHH0FB0?enablejsapi=1&wmode=opaque&autoplay=1","images":{"image_url":"https:\/\/img.youtube.com\/vi\/HC7MbHH0FB0\/default.jpg","small_image_url":"https:\/\/img.youtube.com\/vi\/HC7MbHH0FB0\/sddefault.jpg","medium_image_url":"https:\/\/img.youtube.com\/vi\/HC7MbHH0FB0\/mqdefault.jpg","large_image_url":"https:\/\/img.youtube.com\/vi\/HC7MbHH0FB0\/hqdefault.jpg","maximum_image_url":"https:\/\/img.youtube.com\/vi\/HC7MbHH0FB0\/maxresdefault.jpg"}},"approved":true,"titles":[{"type":"Default","title":"Naruto: Shippuuden Movie 5 - Blood Prison"},{"type":"Synonym","title":"Naruto Movie 8"},{"type":"Synonym","title":"Gekijouban Naruto: Blood Prison"},{"type":"Japanese","title":"\u5287\u5834\u7248NARUTO-\u30ca\u30eb\u30c8- \u30d6\u30e9\u30c3\u30c9\u30fb\u30d7\u30ea\u30ba\u30f3"},{"type":"English","title":"Naruto Shippuden the Movie 5: Blood Prison"},{"type":"German","title":"Naruto Film 5: Blood Prison"},{"type":"French","title":"Naruto Film 5: Blood Prison"}],"title":"Naruto: Shippuuden Movie 5 - Blood Prison","title_english":"Naruto Shippuden the Movie 5: Blood Prison","title_japanese":"\u5287\u5834\u7248NARUTO-\u30ca\u30eb\u30c8- \u30d6\u30e9\u30c3\u30c9\u30fb\u30d7\u30ea\u30ba\u30f3","title_synonyms":["Naruto Movie 8","Gekijouban Naruto: Blood Prison"],"type":"Movie","source":"Manga","episodes":1,"status":"Finished Airing","airing":false,"aired":{"from":"2011-07-30T00:00:00+00:00","to":null,"prop":{"from":{"day":30,"month":7,"year":2011},"to":{"day":null,"month":null,"year":null}},"string":"Jul 30, 2011"},"duration":"1 hr 42 min","rating":"PG-13 - Teens 13 or older","score":7.46,"scored_by":141676,"rank":1906,"popularity":951,"members":243964,"favorites":214,"synopsis":"During their discussion of a sensitive investigation A, the Fourth Raikage, and his subordinates are ambushed by a cloaked intruder. As the Kumogakure leader repels the assault, he is shocked to discover that the culprit is Naruto Uzumaki! \n\nHowever, the assassination attempt is not the only crime attributed to the young ninja, who vigorously denies the accusations. To avoid a diplomatic conflict, Tsunade forcibly sends him to Kusagakure's Houzuki Castle\u2014a maximum-security penitentiary dedicated to ninja criminals\u2014until the situation is resolved.\n\nDespite his powers being immediately suppressed by Mui, the prison's warden who possesses the ability to seal chakra, Naruto recklessly engages in futile escape attempts. But with the help of two fellow inmates, he realizes that there is more to this legendary detention facility than meets the eye. Uncovering a terrible secret, the trio embarks on a dangerous operation that may be Naruto's only chance to break free and prove his innocence.\n\n[Written by MAL Rewrite]","background":"Although it is debatable where Naruto: Shippuuden Movie 5 - Blood Prison is set in the timeline of the main series due to confusing story elements, it is likely to fall somewhere after episode 220 during the \"Fourth Shinobi World War: Countdown\" and \"Paradise Life on a Boat\" arcs. The movie was released in theaters on July 30, 2011, earning 840 million yen in box office revenue. The DVD version was made available on April 27, 2012 in Japan. Neon Alley began streaming the film on January 26, 2014 and Viz Media released it on DVD and Blu-ray in North America on February 18, 2014. While the previous movies were produced with the participation of the television series' screenplay writers, Naruto: Shippuuden Movie 5 - Blood Prison was entrusted to the mystery writer Akira Higashiyama. For this reason, \"Shippuuden\" was removed from the Japanese original title.","season":null,"year":null,"broadcast":{"day":null,"time":null,"timezone":null,"string":null},"producers":[{"mal_id":16,"type":"anime","name":"TV Tokyo","url":"https:\/\/myanimelist.net\/anime\/producer\/16\/TV_Tokyo"},{"mal_id":17,"type":"anime","name":"Aniplex","url":"https:\/\/myanimelist.net\/anime\/producer\/17\/Aniplex"},{"mal_id":53,"type":"anime","name":"Dentsu","url":"https:\/\/myanimelist.net\/anime\/producer\/53\/Dentsu"},{"mal_id":1365,"type":"anime","name":"Shueisha","url":"https:\/\/myanimelist.net\/anime\/producer\/1365\/Shueisha"}],"licensors":[{"mal_id":119,"type":"anime","name":"VIZ Media","url":"https:\/\/myanimelist.net\/anime\/producer\/119\/VIZ_Media"}],"studios":[{"mal_id":1,"type":"anime","name":"Pierrot","url":"https:\/\/myanimelist.net\/anime\/producer\/1\/Pierrot"}],"genres":[{"mal_id":1,"type":"anime","name":"Action","url":"https:\/\/myanimelist.net\/anime\/genre\/1\/Action"},{"mal_id":2,"type":"anime","name":"Adventure","url":"https:\/\/myanimelist.net\/anime\/genre\/2\/Adventure"},{"mal_id":10,"type":"anime","name":"Fantasy","url":"https:\/\/myanimelist.net\/anime\/genre\/10\/Fantasy"}],"explicit_genres":[],"themes":[],"demographics":[{"mal_id":27,"type":"anime","name":"Shounen","url":"https:\/\/myanimelist.net\/anime\/genre\/27\/Shounen"}],"relations":[{"relation":"Adaptation","entry":[{"mal_id":96769,"type":"manga","name":"Naruto: Blood Prison","url":"https:\/\/myanimelist.net\/manga\/96769\/Naruto__Blood_Prison"}]},{"relation":"Parent story","entry":[{"mal_id":1735,"type":"anime","name":"Naruto: Shippuuden","url":"https:\/\/myanimelist.net\/anime\/1735\/Naruto__Shippuuden"}]},{"relation":"Other","entry":[{"mal_id":10686,"type":"anime","name":"Naruto: Honoo no Chuunin Shiken! Naruto vs. Konohamaru!!","url":"https:\/\/myanimelist.net\/anime\/10686\/Naruto__Honoo_no_Chuunin_Shiken_Naruto_vs_Konohamaru"}]}],"theme":{"openings":[],"endings":["\"Otakebi\" by Yusuke"]},"external":[{"name":"Official Site","url":"http:\/\/www.naruto-movie.com\/"},{"name":"AniDB","url":"https:\/\/anidb.net\/perl-bin\/animedb.pl?show=anime&aid=8312"},{"name":"ANN","url":"https:\/\/www.animenewsnetwork.com\/encyclopedia\/anime.php?id=12869"},{"name":"Wikipedia","url":"http:\/\/en.wikipedia.org\/wiki\/Naruto_the_Movie:_Blood_Prison"}],"streaming":[{"name":"Crunchyroll","url":"http:\/\/www.crunchyroll.com\/series-278873"},{"name":"Netflix","url":"https:\/\/www.netflix.com\/"}]}}