{"data":{"mal_id":10588,"url":"https:\/\/myanimelist.net\/anime\/10588\/Persona_4_the_Animation","images":{"jpg":{"image_url":"https:\/\/cdn.myanimelist.net\/images\/anime\/4\/29107.jpg","small_image_url":"https:\/\/cdn.myanimelist.net\/images\/anime\/4\/29107t.jpg","large_image_url":"https:\/\/cdn.myanimelist.net\/images\/anime\/4\/29107l.jpg"},"webp":{"image_url":"https:\/\/cdn.myanimelist.net\/images\/anime\/4\/29107.webp","small_image_url":"https:\/\/cdn.myanimelist.net\/images\/anime\/4\/29107t.webp","large_image_url":"https:\/\/cdn.myanimelist.net\/images\/anime\/4\/29107l.webp"}},"trailer":{"youtube_id":"PnvAj2XyL-k","url":"https:\/\/www.youtube.com\/watch?v=PnvAj2XyL-k","embed_url":"https:\/\/www.youtube.com\/embed\/PnvAj2XyL-k?enablejsapi=1&wmode=opaque&autoplay=1","images":{"image_url":"https:\/\/img.youtube.com\/vi\/PnvAj2XyL-k\/default.jpg","small_image_url":"https:\/\/img.youtube.com\/vi\/PnvAj2XyL-k\/sddefault.jpg","medium_image_url":"https:\/\/img.youtube.com\/vi\/PnvAj2XyL-k\/mqdefault.jpg","large_image_url":"https:\/\/img.youtube.com\/vi\/PnvAj2XyL-k\/hqdefault.jpg","maximum_image_url":"https:\/\/img.youtube.com\/vi\/PnvAj2XyL-k\/maxresdefault.jpg"}},"approved":true,"titles":[{"type":"Default","title":"Persona 4 the Animation"},{"type":"Synonym","title":"P4A"},{"type":"Japanese","title":"\u30da\u30eb\u30bd\u30ca4\u30a2\u30cb\u30e1\u30fc\u30b7\u30e7\u30f3"},{"type":"English","title":"Persona 4 the Animation"}],"title":"Persona 4 the Animation","title_english":"Persona 4 the Animation","title_japanese":"\u30da\u30eb\u30bd\u30ca4\u30a2\u30cb\u30e1\u30fc\u30b7\u30e7\u30f3","title_synonyms":["P4A"],"type":"TV","source":"Game","episodes":25,"status":"Finished Airing","airing":false,"aired":{"from":"2011-10-07T00:00:00+00:00","to":"2012-03-30T00:00:00+00:00","prop":{"from":{"day":7,"month":10,"year":2011},"to":{"day":30,"month":3,"year":2012}},"string":"Oct 7, 2011 to Mar 30, 2012"},"duration":"25 min per ep","rating":"PG-13 - Teens 13 or older","score":7.51,"scored_by":127942,"rank":1765,"popularity":896,"members":260020,"favorites":2326,"synopsis":"Serial murders have recently plagued Inaba, with the police struggling to find any leads. Despite this, due to his parents going abroad for work, Yuu Narukami moves to the small town to live with his uncle for a year. He enrolls at Yasogami High School, where he meets and befriends Yousuke Hanamura, Chie Satonaka, and Yukiko Amagi.\n\nWhile hanging out together after school, the group fills Yuu in on the urban legend known as the \"Midnight Channel\"\u2014a mysterious TV channel that only appears at midnight on rainy days while the viewer is alone. Curious about the claim, Yuu decides to tune in that night, only to see the next victim of the serial murders appear on the screen instead. He also finds himself being drawn into the TV, which intrigues his newfound friends enough to want to investigate.\n\nYuu ends up falling into the world within the TV, which is blanketed by a thick fog and swarming with hostile creatures known as \"Shadows.\" Realizing that this world is somehow connected to the murders, the Investigation Team forms with the goal of uncovering the mystery behind the incidents.\n\n[Written by MAL Rewrite]","background":"Persona 4 The Animation is based off of the critically acclaimed RPG series by Atlus.","season":"fall","year":2011,"broadcast":{"day":"Fridays","time":"01:30","timezone":"Asia\/Tokyo","string":"Fridays at 01:30 (JST)"},"producers":[{"mal_id":17,"type":"anime","name":"Aniplex","url":"https:\/\/myanimelist.net\/anime\/producer\/17\/Aniplex"},{"mal_id":48,"type":"anime","name":"AIC","url":"https:\/\/myanimelist.net\/anime\/producer\/48\/AIC"},{"mal_id":143,"type":"anime","name":"Mainichi Broadcasting System","url":"https:\/\/myanimelist.net\/anime\/producer\/143\/Mainichi_Broadcasting_System"},{"mal_id":681,"type":"anime","name":"ASCII Media Works","url":"https:\/\/myanimelist.net\/anime\/producer\/681\/ASCII_Media_Works"},{"mal_id":870,"type":"anime","name":"Index","url":"https:\/\/myanimelist.net\/anime\/producer\/870\/Index"}],"licensors":[{"mal_id":376,"type":"anime","name":"Sentai Filmworks","url":"https:\/\/myanimelist.net\/anime\/producer\/376\/Sentai_Filmworks"}],"studios":[{"mal_id":88,"type":"anime","name":"AIC ASTA","url":"https:\/\/myanimelist.net\/anime\/producer\/88\/AIC_ASTA"}],"genres":[{"mal_id":1,"type":"anime","name":"Action","url":"https:\/\/myanimelist.net\/anime\/genre\/1\/Action"},{"mal_id":7,"type":"anime","name":"Mystery","url":"https:\/\/myanimelist.net\/anime\/genre\/7\/Mystery"},{"mal_id":24,"type":"anime","name":"Sci-Fi","url":"https:\/\/myanimelist.net\/anime\/genre\/24\/Sci-Fi"},{"mal_id":37,"type":"anime","name":"Supernatural","url":"https:\/\/myanimelist.net\/anime\/genre\/37\/Supernatural"}],"explicit_genres":[],"themes":[{"mal_id":23,"type":"anime","name":"School","url":"https:\/\/myanimelist.net\/anime\/genre\/23\/School"},{"mal_id":31,"type":"anime","name":"Super Power","url":"https:\/\/myanimelist.net\/anime\/genre\/31\/Super_Power"}],"demographics":[],"relations":[{"relation":"Adaptation","entry":[{"mal_id":10580,"type":"manga","name":"Persona 4","url":"https:\/\/myanimelist.net\/manga\/10580\/Persona_4"}]},{"relation":"Alternative setting","entry":[{"mal_id":3366,"type":"anime","name":"Persona: Trinity Soul","url":"https:\/\/myanimelist.net\/anime\/3366\/Persona__Trinity_Soul"},{"mal_id":14407,"type":"anime","name":"Persona 3 the Movie 1: Spring of Birth","url":"https:\/\/myanimelist.net\/anime\/14407\/Persona_3_the_Movie_1__Spring_of_Birth"},{"mal_id":36023,"type":"anime","name":"Persona 5 the Animation","url":"https:\/\/myanimelist.net\/anime\/36023\/Persona_5_the_Animation"}]},{"relation":"Sequel","entry":[{"mal_id":13587,"type":"anime","name":"Persona 4 the Animation: No One is Alone","url":"https:\/\/myanimelist.net\/anime\/13587\/Persona_4_the_Animation__No_One_is_Alone"}]},{"relation":"Summary","entry":[{"mal_id":14267,"type":"anime","name":"Persona 4 the Animation: The Factor of Hope","url":"https:\/\/myanimelist.net\/anime\/14267\/Persona_4_the_Animation__The_Factor_of_Hope"}]},{"relation":"Alternative version","entry":[{"mal_id":24075,"type":"anime","name":"Persona 4 the Golden Animation","url":"https:\/\/myanimelist.net\/anime\/24075\/Persona_4_the_Golden_Animation"}]},{"relation":"Other","entry":[{"mal_id":25257,"type":"anime","name":"Persona 4 the Animation: Mr. Experiment Shorts","url":"https:\/\/myanimelist.net\/anime\/25257\/Persona_4_the_Animation__Mr_Experiment_Shorts"},{"mal_id":25259,"type":"anime","name":"Persona 4 the Animation: A Brief Lesson on Izanagi & Izanami","url":"https:\/\/myanimelist.net\/anime\/25259\/Persona_4_the_Animation__A_Brief_Lesson_on_Izanagi___Izanami"}]}],"theme":{"openings":["1: \"Pursuing My True Self\" by Shihoko Hirata (eps 1)","2: \"sky's the limit\" by Shihoko Hirata (eps 2-8, 10-12)","3: \"True Story\" by Rise Kujikawa (Rie Kugimiya) (eps 9)","4: \"key plus words\" by Shihoko Hirata feat. Yumi Kawamura (eps 13, 14, 16-23)","5: \"Burn My Dread\" by Yumi Kawamura (eps 15)"],"endings":["1: \"sky's the limit\" by Shihoko Hirata (eps 1)","2: \"Beauty of Destiny\" by Shihoko Hirata feat. Lotus Juice (eps 2-12)","3: \"Koisuru Meitantei (\u604b\u3059\u308b\u540d\u63a2\u5075)\" by Loveline (Yui Horie) (eps 13)","4: \"The Way of Memories -Kizuna no Chikara- (The Way of Memories -\u30ad\u30ba\u30ca\u30ce\u30c1\u30ab\u30e9-)\" by Shihoko Hirata (eps 14-17, 19-24)","5: \"Honto no Kimochi (\u307b\u3093\u3068\u306e\u304d\u3082\u3061)\" by Shihoko Hirata (eps 18)","6: \"Never More\" by Shihoko Hirata (eps 25)"]},"external":[{"name":"Official Site","url":"http:\/\/www.p4a.jp\/"},{"name":"AniDB","url":"https:\/\/anidb.net\/perl-bin\/animedb.pl?show=anime&aid=8378"},{"name":"ANN","url":"https:\/\/www.animenewsnetwork.com\/encyclopedia\/anime.php?id=12870"},{"name":"Wikipedia","url":"http:\/\/en.wikipedia.org\/wiki\/Persona_4:_The_Animation"}],"streaming":[]}}