{"data":{"mal_id":10643,"url":"https:\/\/myanimelist.net\/anime\/10643\/Gintama__Dai_Hanseikai","images":{"jpg":{"image_url":"https:\/\/cdn.myanimelist.net\/images\/anime\/1725\/110927.jpg","small_image_url":"https:\/\/cdn.myanimelist.net\/images\/anime\/1725\/110927t.jpg","large_image_url":"https:\/\/cdn.myanimelist.net\/images\/anime\/1725\/110927l.jpg"},"webp":{"image_url":"https:\/\/cdn.myanimelist.net\/images\/anime\/1725\/110927.webp","small_image_url":"https:\/\/cdn.myanimelist.net\/images\/anime\/1725\/110927t.webp","large_image_url":"https:\/\/cdn.myanimelist.net\/images\/anime\/1725\/110927l.webp"}},"trailer":{"youtube_id":null,"url":null,"embed_url":null,"images":{"image_url":null,"small_image_url":null,"medium_image_url":null,"large_image_url":null,"maximum_image_url":null}},"approved":true,"titles":[{"type":"Default","title":"Gintama: Dai Hanseikai"},{"type":"Synonym","title":"Gintama Harumatsuri 2010"},{"type":"Japanese","title":"\u30a2\u30cb\u30e1\u9280\u9b42\u3000\u5927\u53cd\u7701\u4f1a"}],"title":"Gintama: Dai Hanseikai","title_english":null,"title_japanese":"\u30a2\u30cb\u30e1\u9280\u9b42\u3000\u5927\u53cd\u7701\u4f1a","title_synonyms":["Gintama Harumatsuri 2010"],"type":"Special","source":"Manga","episodes":1,"status":"Finished Airing","airing":false,"aired":{"from":"2010-03-25T00:00:00+00:00","to":null,"prop":{"from":{"day":25,"month":3,"year":2010},"to":{"day":null,"month":null,"year":null}},"string":"Mar 25, 2010"},"duration":"14 min","rating":"PG-13 - Teens 13 or older","score":8.07,"scored_by":16037,"rank":514,"popularity":3516,"members":37608,"favorites":53,"synopsis":"Some of the characters get together and talk about \"regrets\" they have after 4 years of anime Gintama. Soon they fight over who gets more screen time. Special animation shown at the Gintama Haru Matsuri 2010 live event.","background":null,"season":null,"year":null,"broadcast":{"day":null,"time":null,"timezone":null,"string":null},"producers":[],"licensors":[],"studios":[{"mal_id":14,"type":"anime","name":"Sunrise","url":"https:\/\/myanimelist.net\/anime\/producer\/14\/Sunrise"}],"genres":[{"mal_id":1,"type":"anime","name":"Action","url":"https:\/\/myanimelist.net\/anime\/genre\/1\/Action"},{"mal_id":4,"type":"anime","name":"Comedy","url":"https:\/\/myanimelist.net\/anime\/genre\/4\/Comedy"}],"explicit_genres":[],"themes":[{"mal_id":20,"type":"anime","name":"Parody","url":"https:\/\/myanimelist.net\/anime\/genre\/20\/Parody"},{"mal_id":21,"type":"anime","name":"Samurai","url":"https:\/\/myanimelist.net\/anime\/genre\/21\/Samurai"}],"demographics":[{"mal_id":27,"type":"anime","name":"Shounen","url":"https:\/\/myanimelist.net\/anime\/genre\/27\/Shounen"}],"relations":[{"relation":"Parent story","entry":[{"mal_id":918,"type":"anime","name":"Gintama","url":"https:\/\/myanimelist.net\/anime\/918\/Gintama"}]}],"theme":{"openings":[],"endings":[]},"external":[{"name":"Official Site","url":"http:\/\/www.sunrise-inc.co.jp\/gintama\/2010event\/"}],"streaming":[]}}