{"data":{"mal_id":10714,"url":"https:\/\/myanimelist.net\/anime\/10714\/Towa_no_Quon_3__Mugen_no_Renza","images":{"jpg":{"image_url":"https:\/\/cdn.myanimelist.net\/images\/anime\/7\/32945.jpg","small_image_url":"https:\/\/cdn.myanimelist.net\/images\/anime\/7\/32945t.jpg","large_image_url":"https:\/\/cdn.myanimelist.net\/images\/anime\/7\/32945l.jpg"},"webp":{"image_url":"https:\/\/cdn.myanimelist.net\/images\/anime\/7\/32945.webp","small_image_url":"https:\/\/cdn.myanimelist.net\/images\/anime\/7\/32945t.webp","large_image_url":"https:\/\/cdn.myanimelist.net\/images\/anime\/7\/32945l.webp"}},"trailer":{"youtube_id":"1HFONTon9F8","url":"https:\/\/www.youtube.com\/watch?v=1HFONTon9F8","embed_url":"https:\/\/www.youtube.com\/embed\/1HFONTon9F8?enablejsapi=1&wmode=opaque&autoplay=1","images":{"image_url":"https:\/\/img.youtube.com\/vi\/1HFONTon9F8\/default.jpg","small_image_url":"https:\/\/img.youtube.com\/vi\/1HFONTon9F8\/sddefault.jpg","medium_image_url":"https:\/\/img.youtube.com\/vi\/1HFONTon9F8\/mqdefault.jpg","large_image_url":"https:\/\/img.youtube.com\/vi\/1HFONTon9F8\/hqdefault.jpg","maximum_image_url":"https:\/\/img.youtube.com\/vi\/1HFONTon9F8\/maxresdefault.jpg"}},"approved":true,"titles":[{"type":"Default","title":"Towa no Quon 3: Mugen no Renza"},{"type":"Japanese","title":"\u30c8\u30ef\u30ce\u30af\u30aa\u30f3 \u7b2c\uff13\u7ae0 \u5922\u5e7b\u306e\u9023\u5ea7"},{"type":"English","title":"Towanoquon: The Complicity of Dreams"}],"title":"Towa no Quon 3: Mugen no Renza","title_english":"Towanoquon: The Complicity of Dreams","title_japanese":"\u30c8\u30ef\u30ce\u30af\u30aa\u30f3 \u7b2c\uff13\u7ae0 \u5922\u5e7b\u306e\u9023\u5ea7","title_synonyms":[],"type":"Movie","source":"Original","episodes":1,"status":"Finished Airing","airing":false,"aired":{"from":"2011-08-13T00:00:00+00:00","to":null,"prop":{"from":{"day":13,"month":8,"year":2011},"to":{"day":null,"month":null,"year":null}},"string":"Aug 13, 2011"},"duration":"48 min","rating":"PG-13 - Teens 13 or older","score":7.42,"scored_by":19361,"rank":2102,"popularity":3557,"members":36859,"favorites":16,"synopsis":"The story follows a boy named Quon and others who suddenly wake up with supernatural powers.","background":null,"season":null,"year":null,"broadcast":{"day":null,"time":null,"timezone":null,"string":null},"producers":[{"mal_id":23,"type":"anime","name":"Bandai Visual","url":"https:\/\/myanimelist.net\/anime\/producer\/23\/Bandai_Visual"},{"mal_id":104,"type":"anime","name":"Lantis","url":"https:\/\/myanimelist.net\/anime\/producer\/104\/Lantis"},{"mal_id":166,"type":"anime","name":"Movic","url":"https:\/\/myanimelist.net\/anime\/producer\/166\/Movic"},{"mal_id":777,"type":"anime","name":"Showgate","url":"https:\/\/myanimelist.net\/anime\/producer\/777\/Showgate"},{"mal_id":1488,"type":"anime","name":"Hakuhodo DY Media Partners","url":"https:\/\/myanimelist.net\/anime\/producer\/1488\/Hakuhodo_DY_Media_Partners"},{"mal_id":1516,"type":"anime","name":"Sony PCL","url":"https:\/\/myanimelist.net\/anime\/producer\/1516\/Sony_PCL"}],"licensors":[{"mal_id":376,"type":"anime","name":"Sentai Filmworks","url":"https:\/\/myanimelist.net\/anime\/producer\/376\/Sentai_Filmworks"}],"studios":[{"mal_id":4,"type":"anime","name":"Bones","url":"https:\/\/myanimelist.net\/anime\/producer\/4\/Bones"}],"genres":[{"mal_id":1,"type":"anime","name":"Action","url":"https:\/\/myanimelist.net\/anime\/genre\/1\/Action"},{"mal_id":24,"type":"anime","name":"Sci-Fi","url":"https:\/\/myanimelist.net\/anime\/genre\/24\/Sci-Fi"},{"mal_id":37,"type":"anime","name":"Supernatural","url":"https:\/\/myanimelist.net\/anime\/genre\/37\/Supernatural"}],"explicit_genres":[],"themes":[{"mal_id":40,"type":"anime","name":"Psychological","url":"https:\/\/myanimelist.net\/anime\/genre\/40\/Psychological"},{"mal_id":31,"type":"anime","name":"Super Power","url":"https:\/\/myanimelist.net\/anime\/genre\/31\/Super_Power"}],"demographics":[],"relations":[{"relation":"Adaptation","entry":[{"mal_id":27823,"type":"manga","name":"Towa no Quon","url":"https:\/\/myanimelist.net\/manga\/27823\/Towa_no_Quon"}]},{"relation":"Prequel","entry":[{"mal_id":10713,"type":"anime","name":"Towa no Quon 2: Konton no Ranbu","url":"https:\/\/myanimelist.net\/anime\/10713\/Towa_no_Quon_2__Konton_no_Ranbu"}]},{"relation":"Sequel","entry":[{"mal_id":10715,"type":"anime","name":"Towa no Quon 4: Guren no Shoushin","url":"https:\/\/myanimelist.net\/anime\/10715\/Towa_no_Quon_4__Guren_no_Shoushin"}]}],"theme":{"openings":[],"endings":["\"Reckless\" by LAZY"]},"external":[{"name":"Official Site","url":"http:\/\/www.towanoquon.com"},{"name":"AniDB","url":"https:\/\/anidb.net\/perl-bin\/animedb.pl?show=anime&aid=8184"},{"name":"ANN","url":"https:\/\/www.animenewsnetwork.com\/encyclopedia\/anime.php?id=12428"},{"name":"Wikipedia","url":"http:\/\/ja.wikipedia.org\/wiki\/\u30c8\u30ef\u30ce\u30af\u30aa\u30f3"}],"streaming":[]}}