{"data":{"mal_id":1091,"url":"https:\/\/myanimelist.net\/anime\/1091\/Kidou_Senshi_Gundam_II__Ai_Senshi-hen","images":{"jpg":{"image_url":"https:\/\/cdn.myanimelist.net\/images\/anime\/4\/75773.jpg","small_image_url":"https:\/\/cdn.myanimelist.net\/images\/anime\/4\/75773t.jpg","large_image_url":"https:\/\/cdn.myanimelist.net\/images\/anime\/4\/75773l.jpg"},"webp":{"image_url":"https:\/\/cdn.myanimelist.net\/images\/anime\/4\/75773.webp","small_image_url":"https:\/\/cdn.myanimelist.net\/images\/anime\/4\/75773t.webp","large_image_url":"https:\/\/cdn.myanimelist.net\/images\/anime\/4\/75773l.webp"}},"trailer":{"youtube_id":"hYT5qjHYDFs","url":"https:\/\/www.youtube.com\/watch?v=hYT5qjHYDFs","embed_url":"https:\/\/www.youtube.com\/embed\/hYT5qjHYDFs?enablejsapi=1&wmode=opaque&autoplay=1","images":{"image_url":"https:\/\/img.youtube.com\/vi\/hYT5qjHYDFs\/default.jpg","small_image_url":"https:\/\/img.youtube.com\/vi\/hYT5qjHYDFs\/sddefault.jpg","medium_image_url":"https:\/\/img.youtube.com\/vi\/hYT5qjHYDFs\/mqdefault.jpg","large_image_url":"https:\/\/img.youtube.com\/vi\/hYT5qjHYDFs\/hqdefault.jpg","maximum_image_url":"https:\/\/img.youtube.com\/vi\/hYT5qjHYDFs\/maxresdefault.jpg"}},"approved":true,"titles":[{"type":"Default","title":"Kidou Senshi Gundam II: Ai Senshi-hen"},{"type":"Synonym","title":"Mobile Suit Gundam Movie 2"},{"type":"Japanese","title":"\u6a5f\u52d5\u6226\u58eb\u30ac\u30f3\u30c0\u30e0\u2161\u3000\u54c0\u30fb\u6226\u58eb\u7de8"},{"type":"English","title":"Mobile Suit Gundam II: Soldiers of Sorrow"},{"type":"Spanish","title":"Mobile Suit Gundam Pel\u00edcula II: Soldados del Dolor"},{"type":"French","title":"Mobile Suit Gundam Film II"}],"title":"Kidou Senshi Gundam II: Ai Senshi-hen","title_english":"Mobile Suit Gundam II: Soldiers of Sorrow","title_japanese":"\u6a5f\u52d5\u6226\u58eb\u30ac\u30f3\u30c0\u30e0\u2161\u3000\u54c0\u30fb\u6226\u58eb\u7de8","title_synonyms":["Mobile Suit Gundam Movie 2"],"type":"Movie","source":"Original","episodes":1,"status":"Finished Airing","airing":false,"aired":{"from":"1981-07-11T00:00:00+00:00","to":null,"prop":{"from":{"day":11,"month":7,"year":1981},"to":{"day":null,"month":null,"year":null}},"string":"Jul 11, 1981"},"duration":"2 hr 15 min","rating":"PG-13 - Teens 13 or older","score":7.33,"scored_by":20720,"rank":2475,"popularity":3679,"members":34116,"favorites":45,"synopsis":"As the War continues, Amuro and the White Base crew must make their way toward the Earth Federation Headquarters, Jaburo. On their way they meet several new enemies and face off against impossible odds. They fight in Operation Odessa to relieve the Earth from the clutches of the Zeon forces.\n\nLives are lost, new friendships are made, and discoveries at every corner. Amuro soon learns that he possesses the powers of the mysterious Newtypes.\n\n(Source: Otakufreakmk2)","background":null,"season":null,"year":null,"broadcast":{"day":null,"time":null,"timezone":null,"string":null},"producers":[{"mal_id":64,"type":"anime","name":"Sotsu","url":"https:\/\/myanimelist.net\/anime\/producer\/64\/Sotsu"}],"licensors":[{"mal_id":217,"type":"anime","name":"Nozomi Entertainment","url":"https:\/\/myanimelist.net\/anime\/producer\/217\/Nozomi_Entertainment"},{"mal_id":233,"type":"anime","name":"Bandai Entertainment","url":"https:\/\/myanimelist.net\/anime\/producer\/233\/Bandai_Entertainment"}],"studios":[{"mal_id":14,"type":"anime","name":"Sunrise","url":"https:\/\/myanimelist.net\/anime\/producer\/14\/Sunrise"}],"genres":[{"mal_id":1,"type":"anime","name":"Action","url":"https:\/\/myanimelist.net\/anime\/genre\/1\/Action"},{"mal_id":8,"type":"anime","name":"Drama","url":"https:\/\/myanimelist.net\/anime\/genre\/8\/Drama"},{"mal_id":24,"type":"anime","name":"Sci-Fi","url":"https:\/\/myanimelist.net\/anime\/genre\/24\/Sci-Fi"}],"explicit_genres":[],"themes":[{"mal_id":18,"type":"anime","name":"Mecha","url":"https:\/\/myanimelist.net\/anime\/genre\/18\/Mecha"},{"mal_id":38,"type":"anime","name":"Military","url":"https:\/\/myanimelist.net\/anime\/genre\/38\/Military"},{"mal_id":29,"type":"anime","name":"Space","url":"https:\/\/myanimelist.net\/anime\/genre\/29\/Space"}],"demographics":[],"relations":[{"relation":"Full story","entry":[{"mal_id":80,"type":"anime","name":"Kidou Senshi Gundam","url":"https:\/\/myanimelist.net\/anime\/80\/Kidou_Senshi_Gundam"}]},{"relation":"Prequel","entry":[{"mal_id":1090,"type":"anime","name":"Kidou Senshi Gundam I","url":"https:\/\/myanimelist.net\/anime\/1090\/Kidou_Senshi_Gundam_I"}]},{"relation":"Sequel","entry":[{"mal_id":1092,"type":"anime","name":"Kidou Senshi Gundam III: Meguriai Sora-hen","url":"https:\/\/myanimelist.net\/anime\/1092\/Kidou_Senshi_Gundam_III__Meguriai_Sora-hen"}]}],"theme":{"openings":[],"endings":["\"Ai Senshi (Soldiers of Sorrow)\" by Daisuke Inoue"]},"external":[{"name":"Official Site","url":"http:\/\/www.b-ch.com\/cgi-bin\/contents\/ttl\/det.cgi?ttl_c=103"},{"name":"AniDB","url":"https:\/\/anidb.net\/perl-bin\/animedb.pl?show=anime&aid=4166"},{"name":"ANN","url":"https:\/\/www.animenewsnetwork.com\/encyclopedia\/anime.php?id=154"},{"name":"Wikipedia","url":"http:\/\/en.wikipedia.org\/wiki\/Mobile_Suit_Gundam"}],"streaming":[{"name":"Netflix","url":"https:\/\/www.netflix.com\/"}]}}