{"data":{"mal_id":10937,"url":"https:\/\/myanimelist.net\/anime\/10937\/Kidou_Senshi_Gundam__The_Origin","images":{"jpg":{"image_url":"https:\/\/cdn.myanimelist.net\/images\/anime\/4\/72702.jpg","small_image_url":"https:\/\/cdn.myanimelist.net\/images\/anime\/4\/72702t.jpg","large_image_url":"https:\/\/cdn.myanimelist.net\/images\/anime\/4\/72702l.jpg"},"webp":{"image_url":"https:\/\/cdn.myanimelist.net\/images\/anime\/4\/72702.webp","small_image_url":"https:\/\/cdn.myanimelist.net\/images\/anime\/4\/72702t.webp","large_image_url":"https:\/\/cdn.myanimelist.net\/images\/anime\/4\/72702l.webp"}},"trailer":{"youtube_id":"XVPSq_fpKf4","url":"https:\/\/www.youtube.com\/watch?v=XVPSq_fpKf4","embed_url":"https:\/\/www.youtube.com\/embed\/XVPSq_fpKf4?enablejsapi=1&wmode=opaque&autoplay=1","images":{"image_url":"https:\/\/img.youtube.com\/vi\/XVPSq_fpKf4\/default.jpg","small_image_url":"https:\/\/img.youtube.com\/vi\/XVPSq_fpKf4\/sddefault.jpg","medium_image_url":"https:\/\/img.youtube.com\/vi\/XVPSq_fpKf4\/mqdefault.jpg","large_image_url":"https:\/\/img.youtube.com\/vi\/XVPSq_fpKf4\/hqdefault.jpg","maximum_image_url":"https:\/\/img.youtube.com\/vi\/XVPSq_fpKf4\/maxresdefault.jpg"}},"approved":true,"titles":[{"type":"Default","title":"Kidou Senshi Gundam: The Origin"},{"type":"Japanese","title":"\u6a5f\u52d5\u6226\u58eb\u30ac\u30f3\u30c0\u30e0THE ORIGIN"},{"type":"English","title":"Mobile Suit Gundam: The Origin"}],"title":"Kidou Senshi Gundam: The Origin","title_english":"Mobile Suit Gundam: The Origin","title_japanese":"\u6a5f\u52d5\u6226\u58eb\u30ac\u30f3\u30c0\u30e0THE ORIGIN","title_synonyms":[],"type":"OVA","source":"Manga","episodes":6,"status":"Finished Airing","airing":false,"aired":{"from":"2015-02-28T00:00:00+00:00","to":"2018-05-05T00:00:00+00:00","prop":{"from":{"day":28,"month":2,"year":2015},"to":{"day":5,"month":5,"year":2018}},"string":"Feb 28, 2015 to May 5, 2018"},"duration":"1 hr 11 min per ep","rating":"R+ - Mild Nudity","score":8.33,"scored_by":29660,"rank":220,"popularity":2463,"members":71588,"favorites":853,"synopsis":"In the year 0068 of the Universal Century, Casval Rem Deikun's life is thrown into chaotic disarray after the assassination of his father, a prolific figure in the crusade towards civil rights for people who live away from the Earth's surface. Casval and his sister Artesia receive aid from soldiers who were loyal to their father, and the siblings are whisked away from their home, separated, and thrown into a twisted fate that sees them come into their own as soldiers and adults.\n\nYears before stealing the name Char Aznable or his \"Red Comet\" moniker, Casval must contend with the rise of a militarized version of his father's ideology and his own vengeful nature as intergalactic war molds him into a legendary mobile suit pilot.\n\n[Written by MAL Rewrite]","background":"Kidou Senshi Gundam: The Origin adapts volumes 5-7 of the manga of the same name by Yoshikazu Yasuhiko, the Animation Director and Character Designer for Kidou Senshi Gundam, which the manga retells.","season":null,"year":null,"broadcast":{"day":null,"time":null,"timezone":null,"string":null},"producers":[{"mal_id":64,"type":"anime","name":"Sotsu","url":"https:\/\/myanimelist.net\/anime\/producer\/64\/Sotsu"}],"licensors":[{"mal_id":595,"type":"anime","name":"NYAV Post","url":"https:\/\/myanimelist.net\/anime\/producer\/595\/NYAV_Post"}],"studios":[{"mal_id":14,"type":"anime","name":"Sunrise","url":"https:\/\/myanimelist.net\/anime\/producer\/14\/Sunrise"}],"genres":[{"mal_id":1,"type":"anime","name":"Action","url":"https:\/\/myanimelist.net\/anime\/genre\/1\/Action"},{"mal_id":24,"type":"anime","name":"Sci-Fi","url":"https:\/\/myanimelist.net\/anime\/genre\/24\/Sci-Fi"}],"explicit_genres":[],"themes":[{"mal_id":18,"type":"anime","name":"Mecha","url":"https:\/\/myanimelist.net\/anime\/genre\/18\/Mecha"},{"mal_id":38,"type":"anime","name":"Military","url":"https:\/\/myanimelist.net\/anime\/genre\/38\/Military"},{"mal_id":29,"type":"anime","name":"Space","url":"https:\/\/myanimelist.net\/anime\/genre\/29\/Space"}],"demographics":[{"mal_id":27,"type":"anime","name":"Shounen","url":"https:\/\/myanimelist.net\/anime\/genre\/27\/Shounen"}],"relations":[{"relation":"Adaptation","entry":[{"mal_id":214,"type":"manga","name":"Kidou Senshi Gundam: The Origin","url":"https:\/\/myanimelist.net\/manga\/214\/Kidou_Senshi_Gundam__The_Origin"}]},{"relation":"Alternative version","entry":[{"mal_id":80,"type":"anime","name":"Kidou Senshi Gundam","url":"https:\/\/myanimelist.net\/anime\/80\/Kidou_Senshi_Gundam"},{"mal_id":39592,"type":"anime","name":"Kidou Senshi Gundam: The Origin - Zenya Akai Suisei","url":"https:\/\/myanimelist.net\/anime\/39592\/Kidou_Senshi_Gundam__The_Origin_-_Zenya_Akai_Suisei"}]},{"relation":"Other","entry":[{"mal_id":52520,"type":"anime","name":"Kidou Senshi Gundam-san: Gekijou Manner CM","url":"https:\/\/myanimelist.net\/anime\/52520\/Kidou_Senshi_Gundam-san__Gekijou_Manner_CM"}]}],"theme":{"openings":[],"endings":["1: \"Hoshikuzu no Sunadokei (\u661f\u5c51\u306e\u7802\u6642\u8a08)\" by Takatori Hattori Presents Gundam The Origin featuring yu-yu (\u670d\u90e8\u9686\u4e4b Presents GUNDAM THE ORIGIN featuring yu-yu) (eps 1)","2: \"Kaze yo 0074 (\u98a8\u3088 0074)\" by Takayuki Hattori Presents Gundam The Origin featuring Takumi Ishida (\u670d\u90e8\u9686\u4e4b Presents GUNDAM THE ORIGIN featuring \u77f3\u7530\u5320) (eps 2)","3: \"Eien no Astraea (\u6c38\u9060\u306eAstraea)\" by Takayuki Hattori presents Gundam The Origin featuring Kou Shibasaki (\u670d\u90e8\uf9dc\u4e4b Presents GUNDAM THE ORIGIN featuring \u67f4\u54b2\u30b3\u30a6) (eps 3)","4: \"Uchuu no Kanata de (\u5b87\u5b99\u306e\u5f7c\u65b9\u3067)\" by Takayuki Hattori presents Gundam The Origin featuring Hiroko Moriguchi (\u670d\u90e8\uf9dc\u4e4b Presents GUNDAM THE ORIGIN featuring \u68ee\u53e3\u535a\u5b50) (eps 4)","5: \"I CAN'T Do ANYTHING -Sora yo- (I CAN'T DO ANYTHING\uff0d\u5b87\u5b99(\u305d\u3089)\u3088\u2015)\" by Takayuki Hattori Presents GUNDAM THE ORIGIN featuring AYA (\u670d\u90e8\uf9dc\u4e4b Presents GUNDAM THE ORIGIN featuring AYA) (eps 5)","6: \"Hasen no Namida (\u7834\u7dda\u306e\u6d99)\" by Masayoshi Yamazaki (eps 6)"]},"external":[{"name":"Official Site","url":"http:\/\/www.gundam-the-origin.net\/"},{"name":"@g_the_origin","url":"https:\/\/twitter.com\/g_the_origin"},{"name":"AniDB","url":"https:\/\/anidb.net\/perl-bin\/animedb.pl?show=anime&aid=8517"},{"name":"ANN","url":"https:\/\/www.animenewsnetwork.com\/encyclopedia\/anime.php?id=13105"},{"name":"Wikipedia","url":"http:\/\/en.wikipedia.org\/wiki\/Mobile_Suit_Gundam:_The_Origin"},{"name":"Wikipedia","url":"https:\/\/ja.wikipedia.org\/wiki\/%E6%A9%9F%E5%8B%95%E6%88%A6%E5%A3%AB%E3%82%AC%E3%83%B3%E3%83%80%E3%83%A0_THE_ORIGIN#%E3%82%A2%E3%83%8B%E3%83%A1"},{"name":"Syoboi","url":"https:\/\/cal.syoboi.jp\/tid\/4939"}],"streaming":[{"name":"Crunchyroll","url":"http:\/\/www.crunchyroll.com\/series-283621"}]}}