{"data":{"mal_id":10999,"url":"https:\/\/myanimelist.net\/anime\/10999\/Inazuma_Eleven_Go__Kyuukyoku_no_Kizuna_Gryphon","images":{"jpg":{"image_url":"https:\/\/cdn.myanimelist.net\/images\/anime\/7\/44972.jpg","small_image_url":"https:\/\/cdn.myanimelist.net\/images\/anime\/7\/44972t.jpg","large_image_url":"https:\/\/cdn.myanimelist.net\/images\/anime\/7\/44972l.jpg"},"webp":{"image_url":"https:\/\/cdn.myanimelist.net\/images\/anime\/7\/44972.webp","small_image_url":"https:\/\/cdn.myanimelist.net\/images\/anime\/7\/44972t.webp","large_image_url":"https:\/\/cdn.myanimelist.net\/images\/anime\/7\/44972l.webp"}},"trailer":{"youtube_id":"j0RRwjJbxZk","url":"https:\/\/www.youtube.com\/watch?v=j0RRwjJbxZk","embed_url":"https:\/\/www.youtube.com\/embed\/j0RRwjJbxZk?enablejsapi=1&wmode=opaque&autoplay=1","images":{"image_url":"https:\/\/img.youtube.com\/vi\/j0RRwjJbxZk\/default.jpg","small_image_url":"https:\/\/img.youtube.com\/vi\/j0RRwjJbxZk\/sddefault.jpg","medium_image_url":"https:\/\/img.youtube.com\/vi\/j0RRwjJbxZk\/mqdefault.jpg","large_image_url":"https:\/\/img.youtube.com\/vi\/j0RRwjJbxZk\/hqdefault.jpg","maximum_image_url":"https:\/\/img.youtube.com\/vi\/j0RRwjJbxZk\/maxresdefault.jpg"}},"approved":true,"titles":[{"type":"Default","title":"Inazuma Eleven Go: Kyuukyoku no Kizuna Gryphon"},{"type":"Synonym","title":"Gekijouban Inazuma Eleven GO: Kyuukyoku no Kizuna Gryphon"},{"type":"Synonym","title":"Inuzuma Eleven Go Movie"},{"type":"Synonym","title":"Inazuma Eleven Go: Kyuukyoku no Kizuna Griffon"},{"type":"Japanese","title":"\u5287\u5834\u7248\u30a4\u30ca\u30ba\u30de\u30a4\u30ec\u30d6\u30f3GO \u7a76\u6975\u306e\u7d46 \u30b0\u30ea\u30d5\u30a9\u30f3"},{"type":"English","title":"Inazuma Eleven GO: The Ultimate Bond Griffon"}],"title":"Inazuma Eleven Go: Kyuukyoku no Kizuna Gryphon","title_english":"Inazuma Eleven GO: The Ultimate Bond Griffon","title_japanese":"\u5287\u5834\u7248\u30a4\u30ca\u30ba\u30de\u30a4\u30ec\u30d6\u30f3GO \u7a76\u6975\u306e\u7d46 \u30b0\u30ea\u30d5\u30a9\u30f3","title_synonyms":["Gekijouban Inazuma Eleven GO: Kyuukyoku no Kizuna Gryphon","Inuzuma Eleven Go Movie","Inazuma Eleven Go: Kyuukyoku no Kizuna Griffon"],"type":"Movie","source":"Game","episodes":1,"status":"Finished Airing","airing":false,"aired":{"from":"2011-12-23T00:00:00+00:00","to":null,"prop":{"from":{"day":23,"month":12,"year":2011},"to":{"day":null,"month":null,"year":null}},"string":"Dec 23, 2011"},"duration":"1 hr 30 min","rating":"G - All Ages","score":7.43,"scored_by":9791,"rank":2068,"popularity":4946,"members":17739,"favorites":22,"synopsis":"The Raimon team has been invited by Fifth Sector strangely to a soccer camp. When they agree, things go out of hand since it was revealed that Fifth Sector wants to eliminate them once and for all on the island called God Eden. Now, the Raimon team needs to train harder to be able to show that they have the strength to fight back and prove Fifth Sector's doings wrong.\n\n(Source: Inazuma Eleven Wiki)","background":null,"season":null,"year":null,"broadcast":{"day":null,"time":null,"timezone":null,"string":null},"producers":[{"mal_id":829,"type":"anime","name":"Studio Jack","url":"https:\/\/myanimelist.net\/anime\/producer\/829\/Studio_Jack"},{"mal_id":1607,"type":"anime","name":"Dentsu Tec","url":"https:\/\/myanimelist.net\/anime\/producer\/1607\/Dentsu_Tec"}],"licensors":[],"studios":[{"mal_id":28,"type":"anime","name":"OLM","url":"https:\/\/myanimelist.net\/anime\/producer\/28\/OLM"}],"genres":[{"mal_id":24,"type":"anime","name":"Sci-Fi","url":"https:\/\/myanimelist.net\/anime\/genre\/24\/Sci-Fi"},{"mal_id":30,"type":"anime","name":"Sports","url":"https:\/\/myanimelist.net\/anime\/genre\/30\/Sports"}],"explicit_genres":[],"themes":[{"mal_id":31,"type":"anime","name":"Super Power","url":"https:\/\/myanimelist.net\/anime\/genre\/31\/Super_Power"},{"mal_id":77,"type":"anime","name":"Team Sports","url":"https:\/\/myanimelist.net\/anime\/genre\/77\/Team_Sports"}],"demographics":[],"relations":[{"relation":"Parent story","entry":[{"mal_id":10507,"type":"anime","name":"Inazuma Eleven Go","url":"https:\/\/myanimelist.net\/anime\/10507\/Inazuma_Eleven_Go"}]}],"theme":{"openings":["\"Niji wo Koete Ten Made Todoke (\u8679\u3092\u8d85\u3048\u3066\u5929\u307e\u3067\u3068\u3069\u3051\u3063!)\" by T-Pistonz+KMC"],"endings":["\"Bokura no Rakuen (\u50d5\u3089\u306e\u697d\u5712)\" by T-Pistonz+KMC"]},"external":[{"name":"Official Site","url":"http:\/\/www.inazuma-movie.jp\/"},{"name":"AniDB","url":"https:\/\/anidb.net\/perl-bin\/animedb.pl?show=anime&aid=8512"},{"name":"ANN","url":"https:\/\/www.animenewsnetwork.com\/encyclopedia\/anime.php?id=13199"},{"name":"Wikipedia","url":"http:\/\/ja.wikipedia.org\/wiki\/\u5287\u5834\u7248\u30a4\u30ca\u30ba\u30de\u30a4\u30ec\u30d6\u30f3GO_\u7a76\u6975\u306e\u7d46_\u30b0\u30ea\u30d5\u30a9\u30f3"}],"streaming":[]}}