{"data":{"mal_id":110,"url":"https:\/\/myanimelist.net\/anime\/110\/Chuuka_Ichiban","images":{"jpg":{"image_url":"https:\/\/cdn.myanimelist.net\/images\/anime\/6\/75283.jpg","small_image_url":"https:\/\/cdn.myanimelist.net\/images\/anime\/6\/75283t.jpg","large_image_url":"https:\/\/cdn.myanimelist.net\/images\/anime\/6\/75283l.jpg"},"webp":{"image_url":"https:\/\/cdn.myanimelist.net\/images\/anime\/6\/75283.webp","small_image_url":"https:\/\/cdn.myanimelist.net\/images\/anime\/6\/75283t.webp","large_image_url":"https:\/\/cdn.myanimelist.net\/images\/anime\/6\/75283l.webp"}},"trailer":{"youtube_id":null,"url":null,"embed_url":null,"images":{"image_url":null,"small_image_url":null,"medium_image_url":null,"large_image_url":null,"maximum_image_url":null}},"approved":true,"titles":[{"type":"Default","title":"Chuuka Ichiban!"},{"type":"Synonym","title":"Cooking Master Boy"},{"type":"Japanese","title":"\u4e2d\u83ef\u4e00\u756a"}],"title":"Chuuka Ichiban!","title_english":null,"title_japanese":"\u4e2d\u83ef\u4e00\u756a","title_synonyms":["Cooking Master Boy"],"type":"TV","source":"Manga","episodes":52,"status":"Finished Airing","airing":false,"aired":{"from":"1997-04-27T00:00:00+00:00","to":"1998-09-13T00:00:00+00:00","prop":{"from":{"day":27,"month":4,"year":1997},"to":{"day":13,"month":9,"year":1998}},"string":"Apr 27, 1997 to Sep 13, 1998"},"duration":"23 min per ep","rating":"PG-13 - Teens 13 or older","score":7.59,"scored_by":8253,"rank":1458,"popularity":4740,"members":19710,"favorites":115,"synopsis":"The story takes place in 19th century China during the Qing Dynasty, where the Emperor was weakened and the country was close to chaos. It is also during a fictitious era called \"The Era of the Cooking Wars\". It was an era in which top chefs with different cooking styles tried their best to improve their skills and to become the best chef in China. It is a country where insulting a high-grade chef or fooling around with cooking could land a person in a jail, and impersonating a top-chef is as good as usurpation of authority. Chefs compete with each other in order to gain respect and even power, but also with the risks of losing everything.\n\nThe country of China has four major regions: Beijing, Szechuan, Shanghai, and Guangdong.\n\nThe beginning of the story takes place in Szechuan, Mao's birthplace.\n\nAfter the death of Mao's mother, Pai, who was called the 'Fairy of Cuisine', Mao becomes a Super Chef in order to take the title as Master Chef of his mother's restaurant. However, before he takes his mother's place as Master Chef, he continues to travel China in order to learn more of the many ways of cooking, in the hopes of becoming a legendary chef, just like his mother. During his journey, he meets great friends and fierce rivals who wish to challenge him in the field of cooking.\n\n(Source: Wikipedia)","background":null,"season":"spring","year":1997,"broadcast":{"day":"Sundays","time":"19:30","timezone":"Asia\/Tokyo","string":"Sundays at 19:30 (JST)"},"producers":[],"licensors":[],"studios":[{"mal_id":22,"type":"anime","name":"Nippon Animation","url":"https:\/\/myanimelist.net\/anime\/producer\/22\/Nippon_Animation"}],"genres":[{"mal_id":1,"type":"anime","name":"Action","url":"https:\/\/myanimelist.net\/anime\/genre\/1\/Action"},{"mal_id":4,"type":"anime","name":"Comedy","url":"https:\/\/myanimelist.net\/anime\/genre\/4\/Comedy"},{"mal_id":8,"type":"anime","name":"Drama","url":"https:\/\/myanimelist.net\/anime\/genre\/8\/Drama"},{"mal_id":47,"type":"anime","name":"Gourmet","url":"https:\/\/myanimelist.net\/anime\/genre\/47\/Gourmet"}],"explicit_genres":[],"themes":[],"demographics":[{"mal_id":27,"type":"anime","name":"Shounen","url":"https:\/\/myanimelist.net\/anime\/genre\/27\/Shounen"}],"relations":[{"relation":"Adaptation","entry":[{"mal_id":944,"type":"manga","name":"Chuuka Ichiban!","url":"https:\/\/myanimelist.net\/manga\/944\/Chuuka_Ichiban"}]},{"relation":"Sequel","entry":[{"mal_id":39194,"type":"anime","name":"Shin Chuuka Ichiban!","url":"https:\/\/myanimelist.net\/anime\/39194\/Shin_Chuuka_Ichiban"}]}],"theme":{"openings":["1: \"Sora (\u7a7a)\" by Maki Ooguro (eps 1-18)","2: \"Iki mo Dekinai: Now I Can Breath (\u606f\u3082\u3067\u304d\u306a\u3044~Now I can breath~)\" by ZARD (eps 19-36)","3: \"Kimi Sae Ireba (\u541b\u3055\u3048\u3044\u308c\u3070)\" by DEEN (eps 37-52)"],"endings":["1: \"Aoi Sora ni Deaeta (\u9752\u3044\u7a7a\u306b\u51fa\u9022\u3048\u305f)\" by Arisa Tsujio (eps 1-20)","2: \"Mineral (\u30df\u30cd\u30e9\u30eb)\" by Kaori Nanao (eps 21-36)","3: \"Kaze no You ni Jiyuu: Free as the Wind (\u98a8\u306e\u3088\u3046\u306b\u81ea\u7531~free as the wind~)\" by Keiko Utoku (eps 37-52)"]},"external":[{"name":"Official Site","url":"http:\/\/www.nippon-animation.co.jp\/work\/chuka_ichiban.html"},{"name":"AniDB","url":"https:\/\/anidb.net\/perl-bin\/animedb.pl?show=anime&aid=434"},{"name":"ANN","url":"https:\/\/www.animenewsnetwork.com\/encyclopedia\/anime.php?id=1151"},{"name":"Wikipedia","url":"http:\/\/en.wikipedia.org\/wiki\/Ch%C5%ABka_Ichiban"}],"streaming":[{"name":"Crunchyroll","url":"http:\/\/www.crunchyroll.com\/series-278651"}]}}