{"data":{"mal_id":11013,"url":"https:\/\/myanimelist.net\/anime\/11013\/Inu_x_Boku_SS","images":{"jpg":{"image_url":"https:\/\/cdn.myanimelist.net\/images\/anime\/1760\/98794.jpg","small_image_url":"https:\/\/cdn.myanimelist.net\/images\/anime\/1760\/98794t.jpg","large_image_url":"https:\/\/cdn.myanimelist.net\/images\/anime\/1760\/98794l.jpg"},"webp":{"image_url":"https:\/\/cdn.myanimelist.net\/images\/anime\/1760\/98794.webp","small_image_url":"https:\/\/cdn.myanimelist.net\/images\/anime\/1760\/98794t.webp","large_image_url":"https:\/\/cdn.myanimelist.net\/images\/anime\/1760\/98794l.webp"}},"trailer":{"youtube_id":null,"url":null,"embed_url":null,"images":{"image_url":null,"small_image_url":null,"medium_image_url":null,"large_image_url":null,"maximum_image_url":null}},"approved":true,"titles":[{"type":"Default","title":"Inu x Boku SS"},{"type":"Synonym","title":"Youko x Boku SS"},{"type":"Japanese","title":"\u5996\u72d0\u00d7\u50d5SS"},{"type":"English","title":"Inu X Boku Secret Service"},{"type":"German","title":"Inu X Boku Secret Service"},{"type":"Spanish","title":"Inu \u00d7 Boku Secret Service"},{"type":"French","title":"Inu X Boku Secret Service"}],"title":"Inu x Boku SS","title_english":"Inu X Boku Secret Service","title_japanese":"\u5996\u72d0\u00d7\u50d5SS","title_synonyms":["Youko x Boku SS"],"type":"TV","source":"Manga","episodes":12,"status":"Finished Airing","airing":false,"aired":{"from":"2012-01-13T00:00:00+00:00","to":"2012-03-30T00:00:00+00:00","prop":{"from":{"day":13,"month":1,"year":2012},"to":{"day":30,"month":3,"year":2012}},"string":"Jan 13, 2012 to Mar 30, 2012"},"duration":"24 min per ep","rating":"PG-13 - Teens 13 or older","score":7.38,"scored_by":233031,"rank":2261,"popularity":426,"members":497098,"favorites":3231,"synopsis":"Ririchiyo Shirakiin is the sheltered daughter of a renowned family. With her petite build and wealthy status, Ririchiyo has been a protected and dependent girl her entire life, but now she has decided to change all that. However, there is just one problem\u2014the young girl has a sharp tongue she can't control, and terrible communication skills.\n\nWith some help from a childhood friend, Ririchiyo takes up residence in Maison de Ayakashi, a secluded high-security apartment complex that, as the unsociable 15-year-old soon discovers, is home to a host of bizarre individuals. Furthermore, their quirky personalities are not the strangest things about them: each inhabitant of the Maison de Ayakashi, including Ririchiyo, is actually half-human, half-youkai.\n\nBut Ririchiyo's troubles have only just begun. As a requirement of staying in her new home, she must be accompanied by a Secret Service agent. Ririchiyo's new partner, Soushi Miketsukami, is handsome, quiet... but ridiculously clingy and creepily submissive. With Soushi, her new supernatural neighbors, and the beginning of high school, Ririchiyo definitely seems to have a difficult path ahead of her.\n\n[Written by MAL Rewrite]","background":"Inu x Boku SS was licensed by Sentai Filmworks for North America, while MVM Films licensed it for the United Kingdom. During April 2013, Hanabee Entertainment released the series on DVD and Blu-ray for Australia and New Zealand.","season":"winter","year":2012,"broadcast":{"day":null,"time":null,"timezone":null,"string":"Fridays at Unknown"},"producers":[{"mal_id":17,"type":"anime","name":"Aniplex","url":"https:\/\/myanimelist.net\/anime\/producer\/17\/Aniplex"},{"mal_id":58,"type":"anime","name":"Square Enix","url":"https:\/\/myanimelist.net\/anime\/producer\/58\/Square_Enix"},{"mal_id":143,"type":"anime","name":"Mainichi Broadcasting System","url":"https:\/\/myanimelist.net\/anime\/producer\/143\/Mainichi_Broadcasting_System"},{"mal_id":166,"type":"anime","name":"Movic","url":"https:\/\/myanimelist.net\/anime\/producer\/166\/Movic"}],"licensors":[{"mal_id":376,"type":"anime","name":"Sentai Filmworks","url":"https:\/\/myanimelist.net\/anime\/producer\/376\/Sentai_Filmworks"}],"studios":[{"mal_id":287,"type":"anime","name":"David Production","url":"https:\/\/myanimelist.net\/anime\/producer\/287\/David_Production"}],"genres":[{"mal_id":4,"type":"anime","name":"Comedy","url":"https:\/\/myanimelist.net\/anime\/genre\/4\/Comedy"},{"mal_id":22,"type":"anime","name":"Romance","url":"https:\/\/myanimelist.net\/anime\/genre\/22\/Romance"},{"mal_id":37,"type":"anime","name":"Supernatural","url":"https:\/\/myanimelist.net\/anime\/genre\/37\/Supernatural"}],"explicit_genres":[],"themes":[{"mal_id":6,"type":"anime","name":"Mythology","url":"https:\/\/myanimelist.net\/anime\/genre\/6\/Mythology"}],"demographics":[{"mal_id":27,"type":"anime","name":"Shounen","url":"https:\/\/myanimelist.net\/anime\/genre\/27\/Shounen"}],"relations":[{"relation":"Adaptation","entry":[{"mal_id":17207,"type":"manga","name":"Inu x Boku SS","url":"https:\/\/myanimelist.net\/manga\/17207\/Inu_x_Boku_SS"}]},{"relation":"Sequel","entry":[{"mal_id":13403,"type":"anime","name":"Inu x Boku SS: Miketsukami-kun Henka\/Switch\/Omamagoto","url":"https:\/\/myanimelist.net\/anime\/13403\/Inu_x_Boku_SS__Miketsukami-kun_Henka_Switch_Omamagoto"}]}],"theme":{"openings":["\"Nirvana\" by MUCC"],"endings":["1: \"Nirvana\" by MUCC (eps 1, 11-12)","2: \"Rakuen no Photograph (\u697d\u5712\u306ePhotograph)\" by Soushi Miketsukami (Yuichi Nakamura) (eps 2, 9)","3: \"Kimi wa (\u541b\u306f)\" by Ririchiyo Shirakiin (Rina Hidaka) (eps 3, 8)","4: \"one way\" by Banri Watanuki (Takuya Eguchi) & Zange Natsume (Mamoru Miyano) (eps 4)","5: \"SM Hantei Forum (SM\u5224\u5b9a\u30d5\u30a9\u30fc\u30e9\u30e0)\" by Kagerou Shoukiin (Tomokazu Sugita) (eps 5,10)","6: \"sweets parade\" by Karuta Roromiya (Kana Hanazawa) (eps 6)","7: \"Taiyou to Tsuki (\u592a\u967d\u3068\u6708)\" by Renshou Sorinozuka (Yoshimasa Hosoya) & Nobara Yukinokouji (Youko Hikasa)  (eps 7)"]},"external":[{"name":"Official Site","url":"http:\/\/www.inuboku.tv\/"},{"name":"AniDB","url":"https:\/\/anidb.net\/perl-bin\/animedb.pl?show=anime&aid=8564"},{"name":"ANN","url":"https:\/\/www.animenewsnetwork.com\/encyclopedia\/anime.php?id=13250"},{"name":"Wikipedia","url":"http:\/\/en.wikipedia.org\/wiki\/Inu_x_Boku_SS"}],"streaming":[]}}