{"data":{"mal_id":11113,"url":"https:\/\/myanimelist.net\/anime\/11113\/Usagi_Drop_Specials","images":{"jpg":{"image_url":"https:\/\/cdn.myanimelist.net\/images\/anime\/7\/30759.jpg","small_image_url":"https:\/\/cdn.myanimelist.net\/images\/anime\/7\/30759t.jpg","large_image_url":"https:\/\/cdn.myanimelist.net\/images\/anime\/7\/30759l.jpg"},"webp":{"image_url":"https:\/\/cdn.myanimelist.net\/images\/anime\/7\/30759.webp","small_image_url":"https:\/\/cdn.myanimelist.net\/images\/anime\/7\/30759t.webp","large_image_url":"https:\/\/cdn.myanimelist.net\/images\/anime\/7\/30759l.webp"}},"trailer":{"youtube_id":null,"url":null,"embed_url":null,"images":{"image_url":null,"small_image_url":null,"medium_image_url":null,"large_image_url":null,"maximum_image_url":null}},"approved":true,"titles":[{"type":"Default","title":"Usagi Drop Specials"},{"type":"Japanese","title":"\u3046\u3055\u304e\u30c9\u30ed\u30c3\u30d7"},{"type":"English","title":"Bunny Drop Specials"}],"title":"Usagi Drop Specials","title_english":"Bunny Drop Specials","title_japanese":"\u3046\u3055\u304e\u30c9\u30ed\u30c3\u30d7","title_synonyms":[],"type":"Special","source":"Manga","episodes":4,"status":"Finished Airing","airing":false,"aired":{"from":"2011-10-28T00:00:00+00:00","to":"2012-01-27T00:00:00+00:00","prop":{"from":{"day":28,"month":10,"year":2011},"to":{"day":27,"month":1,"year":2012}},"string":"Oct 28, 2011 to Jan 27, 2012"},"duration":"5 min per ep","rating":"PG-13 - Teens 13 or older","score":7.93,"scored_by":40696,"rank":711,"popularity":2504,"members":69844,"favorites":37,"synopsis":"Happa no Suizokukan\nOne morning, Daikichi Kawachi finds Rin Kaga eagerly crafting fish out of autumn leaves. Wanting to spur her newfound interest, Daikichi helps Rin learn more about the beautiful and diverse animals that live under the sea.\n\nSanta-san e\nSpending their first Christmas together, Daikichi and Rin prepare to welcome Santa Claus and his reindeer.\n\nOsora ni Mankai\nWith the cherry blossoms in full bloom, Rin wants to go flower watching the next day with Daikichi alongside Kouki and Yukari Nitani. However, the forecast of a spring storm may dampen their plans.\n\nKaeri Michi\nAfter their visit to a summer festival, Kouki is still energetic and wishes to look around more. Daikichi decides to take the group on a quick detour before heading home.\n\n[Written by MAL Rewrite]","background":"Usagi Drop Specials are four short episodes included with the Blu-ray and DVD release of Usagi Drop.","season":null,"year":null,"broadcast":{"day":null,"time":null,"timezone":null,"string":null},"producers":[],"licensors":[{"mal_id":372,"type":"anime","name":"NIS America, Inc.","url":"https:\/\/myanimelist.net\/anime\/producer\/372\/NIS_America_Inc"}],"studios":[{"mal_id":10,"type":"anime","name":"Production I.G","url":"https:\/\/myanimelist.net\/anime\/producer\/10\/Production_IG"}],"genres":[{"mal_id":36,"type":"anime","name":"Slice of Life","url":"https:\/\/myanimelist.net\/anime\/genre\/36\/Slice_of_Life"}],"explicit_genres":[],"themes":[{"mal_id":53,"type":"anime","name":"Childcare","url":"https:\/\/myanimelist.net\/anime\/genre\/53\/Childcare"},{"mal_id":63,"type":"anime","name":"Iyashikei","url":"https:\/\/myanimelist.net\/anime\/genre\/63\/Iyashikei"}],"demographics":[{"mal_id":43,"type":"anime","name":"Josei","url":"https:\/\/myanimelist.net\/anime\/genre\/43\/Josei"}],"relations":[{"relation":"Parent story","entry":[{"mal_id":10162,"type":"anime","name":"Usagi Drop","url":"https:\/\/myanimelist.net\/anime\/10162\/Usagi_Drop"}]}],"theme":{"openings":[],"endings":[]},"external":[{"name":"Official Site","url":"http:\/\/www.usagi-drop.tv\/"},{"name":"AniDB","url":"https:\/\/anidb.net\/perl-bin\/animedb.pl?show=anime&aid=8211"},{"name":"Wikipedia","url":"http:\/\/en.wikipedia.org\/wiki\/Bunny_Drop"}],"streaming":[]}}