{"data":{"mal_id":11319,"url":"https:\/\/myanimelist.net\/anime\/11319\/Zero_no_Tsukaima_F","images":{"jpg":{"image_url":"https:\/\/cdn.myanimelist.net\/images\/anime\/2\/75559.jpg","small_image_url":"https:\/\/cdn.myanimelist.net\/images\/anime\/2\/75559t.jpg","large_image_url":"https:\/\/cdn.myanimelist.net\/images\/anime\/2\/75559l.jpg"},"webp":{"image_url":"https:\/\/cdn.myanimelist.net\/images\/anime\/2\/75559.webp","small_image_url":"https:\/\/cdn.myanimelist.net\/images\/anime\/2\/75559t.webp","large_image_url":"https:\/\/cdn.myanimelist.net\/images\/anime\/2\/75559l.webp"}},"trailer":{"youtube_id":"eEXzj3IS-ms","url":"https:\/\/www.youtube.com\/watch?v=eEXzj3IS-ms","embed_url":"https:\/\/www.youtube.com\/embed\/eEXzj3IS-ms?enablejsapi=1&wmode=opaque&autoplay=1","images":{"image_url":"https:\/\/img.youtube.com\/vi\/eEXzj3IS-ms\/default.jpg","small_image_url":"https:\/\/img.youtube.com\/vi\/eEXzj3IS-ms\/sddefault.jpg","medium_image_url":"https:\/\/img.youtube.com\/vi\/eEXzj3IS-ms\/mqdefault.jpg","large_image_url":"https:\/\/img.youtube.com\/vi\/eEXzj3IS-ms\/hqdefault.jpg","maximum_image_url":"https:\/\/img.youtube.com\/vi\/eEXzj3IS-ms\/maxresdefault.jpg"}},"approved":true,"titles":[{"type":"Default","title":"Zero no Tsukaima F"},{"type":"Synonym","title":"Zero no Tsukaima Final Series"},{"type":"Synonym","title":"Zero's Familiar Final Series"},{"type":"Synonym","title":"Zero no Tsukaima S4"},{"type":"Japanese","title":"\u30bc\u30ed\u306e\u4f7f\u3044\u9b54F"},{"type":"English","title":"The Familiar of Zero F"},{"type":"German","title":"The Familiar of Zero F"},{"type":"Spanish","title":"The Familiar of Zero F"},{"type":"French","title":"The Familiar of Zero F"}],"title":"Zero no Tsukaima F","title_english":"The Familiar of Zero F","title_japanese":"\u30bc\u30ed\u306e\u4f7f\u3044\u9b54F","title_synonyms":["Zero no Tsukaima Final Series","Zero's Familiar Final Series","Zero no Tsukaima S4"],"type":"TV","source":"Light novel","episodes":12,"status":"Finished Airing","airing":false,"aired":{"from":"2012-01-07T00:00:00+00:00","to":"2012-03-24T00:00:00+00:00","prop":{"from":{"day":7,"month":1,"year":2012},"to":{"day":24,"month":3,"year":2012}},"string":"Jan 7, 2012 to Mar 24, 2012"},"duration":"24 min per ep","rating":"PG-13 - Teens 13 or older","score":7.43,"scored_by":238959,"rank":2050,"popularity":527,"members":413408,"favorites":1186,"synopsis":"Saito Hiraga and Louise Fran\u00e7oise Le Blanc de La Valli\u00e8re go on the offensive after the events of Zero no Tsukaima: Princesses no Rondo. Together, they face off against King Joseph in the Holy City of Romalia with the help of two others who control the power of the \"void.\" But in the midst of the many conflicts ahead of them, an ancient evil begins to stir in the shadows. \n\nWill their close bonds blossom into something more or will they be shattered through the ever increasing difficulty of the tasks that they must undertake? Zero no Tsukaima F follows the story of Louise and Saito as they face their final challenges together.\n\n[Written by MAL Rewrite]","background":null,"season":"winter","year":2012,"broadcast":{"day":"Saturdays","time":"08:30","timezone":"Asia\/Tokyo","string":"Saturdays at 08:30 (JST)"},"producers":[{"mal_id":619,"type":"anime","name":"Cospa","url":"https:\/\/myanimelist.net\/anime\/producer\/619\/Cospa"},{"mal_id":777,"type":"anime","name":"Showgate","url":"https:\/\/myanimelist.net\/anime\/producer\/777\/Showgate"}],"licensors":[{"mal_id":376,"type":"anime","name":"Sentai Filmworks","url":"https:\/\/myanimelist.net\/anime\/producer\/376\/Sentai_Filmworks"}],"studios":[{"mal_id":7,"type":"anime","name":"J.C.Staff","url":"https:\/\/myanimelist.net\/anime\/producer\/7\/JCStaff"}],"genres":[{"mal_id":1,"type":"anime","name":"Action","url":"https:\/\/myanimelist.net\/anime\/genre\/1\/Action"},{"mal_id":2,"type":"anime","name":"Adventure","url":"https:\/\/myanimelist.net\/anime\/genre\/2\/Adventure"},{"mal_id":4,"type":"anime","name":"Comedy","url":"https:\/\/myanimelist.net\/anime\/genre\/4\/Comedy"},{"mal_id":10,"type":"anime","name":"Fantasy","url":"https:\/\/myanimelist.net\/anime\/genre\/10\/Fantasy"},{"mal_id":22,"type":"anime","name":"Romance","url":"https:\/\/myanimelist.net\/anime\/genre\/22\/Romance"},{"mal_id":9,"type":"anime","name":"Ecchi","url":"https:\/\/myanimelist.net\/anime\/genre\/9\/Ecchi"}],"explicit_genres":[],"themes":[{"mal_id":35,"type":"anime","name":"Harem","url":"https:\/\/myanimelist.net\/anime\/genre\/35\/Harem"},{"mal_id":62,"type":"anime","name":"Isekai","url":"https:\/\/myanimelist.net\/anime\/genre\/62\/Isekai"},{"mal_id":23,"type":"anime","name":"School","url":"https:\/\/myanimelist.net\/anime\/genre\/23\/School"}],"demographics":[],"relations":[{"relation":"Adaptation","entry":[{"mal_id":5450,"type":"manga","name":"Zero no Tsukaima","url":"https:\/\/myanimelist.net\/manga\/5450\/Zero_no_Tsukaima"}]},{"relation":"Prequel","entry":[{"mal_id":3712,"type":"anime","name":"Zero no Tsukaima: Princesses no Rondo","url":"https:\/\/myanimelist.net\/anime\/3712\/Zero_no_Tsukaima__Princesses_no_Rondo"}]}],"theme":{"openings":["\"I'll Be There For You\" by ICHIKO"],"endings":["\"Kiss Shite\u2191Agenai\u2193 (\u30ad\u30b9\u30b7\u30c6\u2191\u30a2\u30b2\u30ca\u30a4\u2193)\" by Louise (Rie Kugimiya)"]},"external":[{"name":"Official Site","url":"http:\/\/www.zero-tsukaima.com\/"},{"name":"AniDB","url":"https:\/\/anidb.net\/perl-bin\/animedb.pl?show=anime&aid=8593"},{"name":"ANN","url":"https:\/\/www.animenewsnetwork.com\/encyclopedia\/anime.php?id=13615"},{"name":"Wikipedia","url":"http:\/\/en.wikipedia.org\/wiki\/The_Familiar_of_Zero"}],"streaming":[{"name":"Crunchyroll","url":"http:\/\/www.crunchyroll.com\/series-241208"},{"name":"HIDIVE","url":"https:\/\/www.hidive.com\/tv\/the-familiar-of-zero-f"}]}}