{"data":{"mal_id":11433,"url":"https:\/\/myanimelist.net\/anime\/11433\/Ano_Natsu_de_Matteru","images":{"jpg":{"image_url":"https:\/\/cdn.myanimelist.net\/images\/anime\/12\/59405.jpg","small_image_url":"https:\/\/cdn.myanimelist.net\/images\/anime\/12\/59405t.jpg","large_image_url":"https:\/\/cdn.myanimelist.net\/images\/anime\/12\/59405l.jpg"},"webp":{"image_url":"https:\/\/cdn.myanimelist.net\/images\/anime\/12\/59405.webp","small_image_url":"https:\/\/cdn.myanimelist.net\/images\/anime\/12\/59405t.webp","large_image_url":"https:\/\/cdn.myanimelist.net\/images\/anime\/12\/59405l.webp"}},"trailer":{"youtube_id":"dM4fbripgWA","url":"https:\/\/www.youtube.com\/watch?v=dM4fbripgWA","embed_url":"https:\/\/www.youtube.com\/embed\/dM4fbripgWA?enablejsapi=1&wmode=opaque&autoplay=1","images":{"image_url":"https:\/\/img.youtube.com\/vi\/dM4fbripgWA\/default.jpg","small_image_url":"https:\/\/img.youtube.com\/vi\/dM4fbripgWA\/sddefault.jpg","medium_image_url":"https:\/\/img.youtube.com\/vi\/dM4fbripgWA\/mqdefault.jpg","large_image_url":"https:\/\/img.youtube.com\/vi\/dM4fbripgWA\/hqdefault.jpg","maximum_image_url":"https:\/\/img.youtube.com\/vi\/dM4fbripgWA\/maxresdefault.jpg"}},"approved":true,"titles":[{"type":"Default","title":"Ano Natsu de Matteru"},{"type":"Japanese","title":"\u3042\u306e\u590f\u3067\u5f85\u3063\u3066\u308b"},{"type":"English","title":"Waiting in the Summer"},{"type":"German","title":"Waiting in the Summer"},{"type":"Spanish","title":"Ano Natsu de Matteru: Waiting in the Summer"}],"title":"Ano Natsu de Matteru","title_english":"Waiting in the Summer","title_japanese":"\u3042\u306e\u590f\u3067\u5f85\u3063\u3066\u308b","title_synonyms":[],"type":"TV","source":"Original","episodes":12,"status":"Finished Airing","airing":false,"aired":{"from":"2012-01-10T00:00:00+00:00","to":"2012-03-27T00:00:00+00:00","prop":{"from":{"day":10,"month":1,"year":2012},"to":{"day":27,"month":3,"year":2012}},"string":"Jan 10, 2012 to Mar 27, 2012"},"duration":"23 min per ep","rating":"PG-13 - Teens 13 or older","score":7.41,"scored_by":178526,"rank":2117,"popularity":587,"members":380689,"favorites":2048,"synopsis":"While testing out his camera on a bridge one summer night, Kaito Kirishima sees a blue light streaking across the sky, only to be blown off the railing seconds later. Just before succumbing to unconsciousness, a hand reaches down to grab ahold of his own. Dazed and confused, Kaito wakes up the next morning wondering how he ended up back in his own room with no apparent injuries or any recollection of the night before. As he proceeds with his normal school life, Kaito and his friends discuss what to do with his camera, finally deciding to make a film with it over their upcoming summer break. Noticing that Kaito has an interest in the new upperclassmen Ichika Takatsuki, his friend Tetsurou Ishigaki decides to invite her, as well as her friend Remon Yamano, to join them in their movie project.\n\nIn what becomes one of the most entertaining and exciting summers of their lives, Kaito and his friends find that their time spent together is not just about creating a film, but something much more meaningful that will force them to confront their true feelings and each other.\n\n[Written by MAL Rewrite]","background":null,"season":"winter","year":2012,"broadcast":{"day":"Tuesdays","time":"01:30","timezone":"Asia\/Tokyo","string":"Tuesdays at 01:30 (JST)"},"producers":[{"mal_id":31,"type":"anime","name":"Geneon Universal Entertainment","url":"https:\/\/myanimelist.net\/anime\/producer\/31\/Geneon_Universal_Entertainment"},{"mal_id":79,"type":"anime","name":"Genco","url":"https:\/\/myanimelist.net\/anime\/producer\/79\/Genco"},{"mal_id":238,"type":"anime","name":"AT-X","url":"https:\/\/myanimelist.net\/anime\/producer\/238\/AT-X"},{"mal_id":775,"type":"anime","name":"Bushiroad","url":"https:\/\/myanimelist.net\/anime\/producer\/775\/Bushiroad"},{"mal_id":777,"type":"anime","name":"Showgate","url":"https:\/\/myanimelist.net\/anime\/producer\/777\/Showgate"}],"licensors":[{"mal_id":376,"type":"anime","name":"Sentai Filmworks","url":"https:\/\/myanimelist.net\/anime\/producer\/376\/Sentai_Filmworks"}],"studios":[{"mal_id":7,"type":"anime","name":"J.C.Staff","url":"https:\/\/myanimelist.net\/anime\/producer\/7\/JCStaff"}],"genres":[{"mal_id":8,"type":"anime","name":"Drama","url":"https:\/\/myanimelist.net\/anime\/genre\/8\/Drama"},{"mal_id":22,"type":"anime","name":"Romance","url":"https:\/\/myanimelist.net\/anime\/genre\/22\/Romance"},{"mal_id":24,"type":"anime","name":"Sci-Fi","url":"https:\/\/myanimelist.net\/anime\/genre\/24\/Sci-Fi"}],"explicit_genres":[],"themes":[{"mal_id":64,"type":"anime","name":"Love Polygon","url":"https:\/\/myanimelist.net\/anime\/genre\/64\/Love_Polygon"}],"demographics":[],"relations":[{"relation":"Adaptation","entry":[{"mal_id":35713,"type":"manga","name":"Ano Natsu de Matteru","url":"https:\/\/myanimelist.net\/manga\/35713\/Ano_Natsu_de_Matteru"},{"mal_id":54597,"type":"manga","name":"Ano Natsu de Matteru","url":"https:\/\/myanimelist.net\/manga\/54597\/Ano_Natsu_de_Matteru"}]},{"relation":"Sequel","entry":[{"mal_id":23447,"type":"anime","name":"Ano Natsu de Matteru: Bokutachi wa Koukou Saigo no Natsu wo Sugoshinagara, Ano Natsu de Matteiru.","url":"https:\/\/myanimelist.net\/anime\/23447\/Ano_Natsu_de_Matteru__Bokutachi_wa_Koukou_Saigo_no_Natsu_wo_Sugoshinagara_Ano_Natsu_de_Matteiru"}]}],"theme":{"openings":["\"sign\" by Ray"],"endings":["\"Vidro Moyou (\u30d3\u30fc\u30c9\u30ed\u6a21\u69d8)\" by Nagi Yanagi"]},"external":[{"name":"Official Site","url":"http:\/\/www.ichika-ichika.com\/"},{"name":"AniDB","url":"https:\/\/anidb.net\/perl-bin\/animedb.pl?show=anime&aid=8620"},{"name":"ANN","url":"https:\/\/www.animenewsnetwork.com\/encyclopedia\/anime.php?id=13448"},{"name":"Wikipedia","url":"http:\/\/en.wikipedia.org\/wiki\/Waiting_in_the_Summer"}],"streaming":[{"name":"Crunchyroll","url":"http:\/\/www.crunchyroll.com\/series-240790"},{"name":"HIDIVE","url":"https:\/\/www.hidive.com\/tv\/waiting-in-the-summer"}]}}