{"data":{"mal_id":11531,"url":"https:\/\/myanimelist.net\/anime\/11531\/Un-Go__Inga-ron","images":{"jpg":{"image_url":"https:\/\/cdn.myanimelist.net\/images\/anime\/5\/35071.jpg","small_image_url":"https:\/\/cdn.myanimelist.net\/images\/anime\/5\/35071t.jpg","large_image_url":"https:\/\/cdn.myanimelist.net\/images\/anime\/5\/35071l.jpg"},"webp":{"image_url":"https:\/\/cdn.myanimelist.net\/images\/anime\/5\/35071.webp","small_image_url":"https:\/\/cdn.myanimelist.net\/images\/anime\/5\/35071t.webp","large_image_url":"https:\/\/cdn.myanimelist.net\/images\/anime\/5\/35071l.webp"}},"trailer":{"youtube_id":null,"url":null,"embed_url":null,"images":{"image_url":null,"small_image_url":null,"medium_image_url":null,"large_image_url":null,"maximum_image_url":null}},"approved":true,"titles":[{"type":"Default","title":"Un-Go: Inga-ron"},{"type":"Synonym","title":"UN-GO episode:0 Inga-ron"},{"type":"Japanese","title":"UN-GO episode:0 \u56e0\u679c\u8ad6"},{"type":"English","title":"UN-GO: Chapter of Inga"}],"title":"Un-Go: Inga-ron","title_english":"UN-GO: Chapter of Inga","title_japanese":"UN-GO episode:0 \u56e0\u679c\u8ad6","title_synonyms":["UN-GO episode:0 Inga-ron"],"type":"Movie","source":"Novel","episodes":1,"status":"Finished Airing","airing":false,"aired":{"from":"2011-11-19T00:00:00+00:00","to":null,"prop":{"from":{"day":19,"month":11,"year":2011},"to":{"day":null,"month":null,"year":null}},"string":"Nov 19, 2011"},"duration":"48 min","rating":"R - 17+ (violence & profanity)","score":7.53,"scored_by":19091,"rank":1668,"popularity":3495,"members":37914,"favorites":32,"synopsis":"Prequel film of UN-GO telling the encounter of Shinjuurou and Inga.","background":null,"season":null,"year":null,"broadcast":{"day":null,"time":null,"timezone":null,"string":null},"producers":[],"licensors":[{"mal_id":376,"type":"anime","name":"Sentai Filmworks","url":"https:\/\/myanimelist.net\/anime\/producer\/376\/Sentai_Filmworks"}],"studios":[{"mal_id":4,"type":"anime","name":"Bones","url":"https:\/\/myanimelist.net\/anime\/producer\/4\/Bones"}],"genres":[{"mal_id":7,"type":"anime","name":"Mystery","url":"https:\/\/myanimelist.net\/anime\/genre\/7\/Mystery"},{"mal_id":37,"type":"anime","name":"Supernatural","url":"https:\/\/myanimelist.net\/anime\/genre\/37\/Supernatural"}],"explicit_genres":[],"themes":[],"demographics":[],"relations":[{"relation":"Adaptation","entry":[{"mal_id":33707,"type":"manga","name":"Un-Go: Inga-ron","url":"https:\/\/myanimelist.net\/manga\/33707\/Un-Go__Inga-ron"}]},{"relation":"Sequel","entry":[{"mal_id":10798,"type":"anime","name":"Un-Go","url":"https:\/\/myanimelist.net\/anime\/10798\/Un-Go"}]}],"theme":{"openings":[],"endings":["\"Fantasy\" by LAMA"]},"external":[{"name":"Official Site","url":"http:\/\/www.un-go.com\/"},{"name":"AniDB","url":"https:\/\/anidb.net\/perl-bin\/animedb.pl?show=anime&aid=8650"},{"name":"ANN","url":"https:\/\/www.animenewsnetwork.com\/encyclopedia\/anime.php?id=15294"}],"streaming":[{"name":"Crunchyroll","url":"http:\/\/www.crunchyroll.com\/series-238468"}]}}