{"data":{"mal_id":11771,"url":"https:\/\/myanimelist.net\/anime\/11771\/Kuroko_no_Basket","images":{"jpg":{"image_url":"https:\/\/cdn.myanimelist.net\/images\/anime\/11\/50453.jpg","small_image_url":"https:\/\/cdn.myanimelist.net\/images\/anime\/11\/50453t.jpg","large_image_url":"https:\/\/cdn.myanimelist.net\/images\/anime\/11\/50453l.jpg"},"webp":{"image_url":"https:\/\/cdn.myanimelist.net\/images\/anime\/11\/50453.webp","small_image_url":"https:\/\/cdn.myanimelist.net\/images\/anime\/11\/50453t.webp","large_image_url":"https:\/\/cdn.myanimelist.net\/images\/anime\/11\/50453l.webp"}},"trailer":{"youtube_id":"FTUIs_SuQfw","url":"https:\/\/www.youtube.com\/watch?v=FTUIs_SuQfw","embed_url":"https:\/\/www.youtube.com\/embed\/FTUIs_SuQfw?enablejsapi=1&wmode=opaque&autoplay=1","images":{"image_url":"https:\/\/img.youtube.com\/vi\/FTUIs_SuQfw\/default.jpg","small_image_url":"https:\/\/img.youtube.com\/vi\/FTUIs_SuQfw\/sddefault.jpg","medium_image_url":"https:\/\/img.youtube.com\/vi\/FTUIs_SuQfw\/mqdefault.jpg","large_image_url":"https:\/\/img.youtube.com\/vi\/FTUIs_SuQfw\/hqdefault.jpg","maximum_image_url":"https:\/\/img.youtube.com\/vi\/FTUIs_SuQfw\/maxresdefault.jpg"}},"approved":true,"titles":[{"type":"Default","title":"Kuroko no Basket"},{"type":"Synonym","title":"Kuroko no Basuke"},{"type":"Synonym","title":"KuroBas"},{"type":"Synonym","title":"The Basketball Which Kuroko Plays"},{"type":"Japanese","title":"\u9ed2\u5b50\u306e\u30d0\u30b9\u30b1"},{"type":"English","title":"Kuroko's Basketball"},{"type":"German","title":"Kuroko\u2019s Basketball"},{"type":"French","title":"Kuroko's Basket"}],"title":"Kuroko no Basket","title_english":"Kuroko's Basketball","title_japanese":"\u9ed2\u5b50\u306e\u30d0\u30b9\u30b1","title_synonyms":["Kuroko no Basuke","KuroBas","The Basketball Which Kuroko Plays"],"type":"TV","source":"Manga","episodes":25,"status":"Finished Airing","airing":false,"aired":{"from":"2012-04-08T00:00:00+00:00","to":"2012-09-22T00:00:00+00:00","prop":{"from":{"day":8,"month":4,"year":2012},"to":{"day":22,"month":9,"year":2012}},"string":"Apr 8, 2012 to Sep 22, 2012"},"duration":"24 min per ep","rating":"PG-13 - Teens 13 or older","score":8.06,"scored_by":696337,"rank":521,"popularity":116,"members":1177815,"favorites":20924,"synopsis":"For the last three years, Teikou Middle School has dominated the national basketball scene with its legendary lineup: the \"Generation of Miracles.\" It consisted of five prodigies who excelled at the sport, but a \"Phantom Sixth Man\" lurked in the shadows and helped earn the team their revered status. Eventually, their monstrous growth jaded them from the sport they loved and made them go their separate ways in high school.\n\nIn search of new members, the Seirin High School basketball team recruits Taiga Kagami and Tetsuya Kuroko, two freshmen who seem to have significant differences in abilities. Having returned recently from America, Kagami has both a natural aptitude and relentless love for the sport. Meanwhile, Kuroko lacks presence and exhibits no outstanding athletic talent. However, it is later revealed that he is Teikou's Phantom Sixth Man\u2014the player once part of the Generation of Miracles.\n\nKuroko wants to prove to the Seirin team that he is strong in his own way. Seeing his conviction, Kagami forms a dynamic partnership with Kuroko, the latter promising to support Kagami's \"light\" as his \"shadow.\" Alongside their new Seirin teammates, they aim to conquer the upcoming Interhigh championship, but the reappearance of Kuroko's former teammates complicates their plan.\n\n[Written by MAL Rewrite]","background":"Kuroko no Basket also has a series of light novels, audio CDs, and several games for the Nintendo 3DS. Kuroko also appears in the crossover fighting game J-Stars Victory VS.","season":"spring","year":2012,"broadcast":{"day":"Sundays","time":"01:58","timezone":"Asia\/Tokyo","string":"Sundays at 01:58 (JST)"},"producers":[{"mal_id":23,"type":"anime","name":"Bandai Visual","url":"https:\/\/myanimelist.net\/anime\/producer\/23\/Bandai_Visual"},{"mal_id":104,"type":"anime","name":"Lantis","url":"https:\/\/myanimelist.net\/anime\/producer\/104\/Lantis"},{"mal_id":139,"type":"anime","name":"Nihon Ad Systems","url":"https:\/\/myanimelist.net\/anime\/producer\/139\/Nihon_Ad_Systems"},{"mal_id":143,"type":"anime","name":"Mainichi Broadcasting System","url":"https:\/\/myanimelist.net\/anime\/producer\/143\/Mainichi_Broadcasting_System"},{"mal_id":1121,"type":"anime","name":"Banpresto","url":"https:\/\/myanimelist.net\/anime\/producer\/1121\/Banpresto"},{"mal_id":1365,"type":"anime","name":"Shueisha","url":"https:\/\/myanimelist.net\/anime\/producer\/1365\/Shueisha"},{"mal_id":1416,"type":"anime","name":"BS11","url":"https:\/\/myanimelist.net\/anime\/producer\/1416\/BS11"}],"licensors":[],"studios":[{"mal_id":10,"type":"anime","name":"Production I.G","url":"https:\/\/myanimelist.net\/anime\/producer\/10\/Production_IG"}],"genres":[{"mal_id":30,"type":"anime","name":"Sports","url":"https:\/\/myanimelist.net\/anime\/genre\/30\/Sports"}],"explicit_genres":[],"themes":[{"mal_id":23,"type":"anime","name":"School","url":"https:\/\/myanimelist.net\/anime\/genre\/23\/School"},{"mal_id":77,"type":"anime","name":"Team Sports","url":"https:\/\/myanimelist.net\/anime\/genre\/77\/Team_Sports"}],"demographics":[{"mal_id":27,"type":"anime","name":"Shounen","url":"https:\/\/myanimelist.net\/anime\/genre\/27\/Shounen"}],"relations":[{"relation":"Adaptation","entry":[{"mal_id":11652,"type":"manga","name":"Kuroko no Basket","url":"https:\/\/myanimelist.net\/manga\/11652\/Kuroko_no_Basket"}]},{"relation":"Other","entry":[{"mal_id":15487,"type":"anime","name":"Kuroko no Basket NG-shuu","url":"https:\/\/myanimelist.net\/anime\/15487\/Kuroko_no_Basket_NG-shuu"}]},{"relation":"Sequel","entry":[{"mal_id":16894,"type":"anime","name":"Kuroko no Basket 2nd Season","url":"https:\/\/myanimelist.net\/anime\/16894\/Kuroko_no_Basket_2nd_Season"}]},{"relation":"Prequel","entry":[{"mal_id":16916,"type":"anime","name":"Kuroko no Basket: Tip Off","url":"https:\/\/myanimelist.net\/anime\/16916\/Kuroko_no_Basket__Tip_Off"}]},{"relation":"Side story","entry":[{"mal_id":17259,"type":"anime","name":"Kuroko no Basket: Oshaberi Shiyokka","url":"https:\/\/myanimelist.net\/anime\/17259\/Kuroko_no_Basket__Oshaberi_Shiyokka"},{"mal_id":19669,"type":"anime","name":"Kuroko no Basket: Baka ja Katenai no yo!","url":"https:\/\/myanimelist.net\/anime\/19669\/Kuroko_no_Basket__Baka_ja_Katenai_no_yo"}]},{"relation":"Summary","entry":[{"mal_id":32869,"type":"anime","name":"Kuroko no Basket Movie 1: Winter Cup - Kage to Hikari","url":"https:\/\/myanimelist.net\/anime\/32869\/Kuroko_no_Basket_Movie_1__Winter_Cup_-_Kage_to_Hikari"}]}],"theme":{"openings":["1: \"Can Do\" by GRANRODEO  (eps 1-13)","2: \"RIMFIRE\" by GRANRODEO  (eps 14-25)"],"endings":["1: \"Start it right away\" by Hyadain  (eps 1-13)","2: \"Catal Rhythm (\u30ab\u30bf\u30eb\u30ea\u30ba\u30e0)\" by OLDCODEX (eps 14-25)"]},"external":[{"name":"Official Site","url":"http:\/\/www.kurobas.com\/"},{"name":"AniDB","url":"https:\/\/anidb.net\/perl-bin\/animedb.pl?show=anime&aid=8681"},{"name":"ANN","url":"https:\/\/www.animenewsnetwork.com\/encyclopedia\/anime.php?id=13616"},{"name":"Wikipedia","url":"https:\/\/en.wikipedia.org\/wiki\/Kuroko's_Basketball"}],"streaming":[{"name":"Crunchyroll","url":"http:\/\/www.crunchyroll.com\/series-243974"},{"name":"Netflix","url":"https:\/\/www.netflix.com\/"}]}}