{"data":{"mal_id":11843,"url":"https:\/\/myanimelist.net\/anime\/11843\/Danshi_Koukousei_no_Nichijou","images":{"jpg":{"image_url":"https:\/\/cdn.myanimelist.net\/images\/anime\/3\/33257.jpg","small_image_url":"https:\/\/cdn.myanimelist.net\/images\/anime\/3\/33257t.jpg","large_image_url":"https:\/\/cdn.myanimelist.net\/images\/anime\/3\/33257l.jpg"},"webp":{"image_url":"https:\/\/cdn.myanimelist.net\/images\/anime\/3\/33257.webp","small_image_url":"https:\/\/cdn.myanimelist.net\/images\/anime\/3\/33257t.webp","large_image_url":"https:\/\/cdn.myanimelist.net\/images\/anime\/3\/33257l.webp"}},"trailer":{"youtube_id":"BsQj0RYzW98","url":"https:\/\/www.youtube.com\/watch?v=BsQj0RYzW98","embed_url":"https:\/\/www.youtube.com\/embed\/BsQj0RYzW98?enablejsapi=1&wmode=opaque&autoplay=1","images":{"image_url":"https:\/\/img.youtube.com\/vi\/BsQj0RYzW98\/default.jpg","small_image_url":"https:\/\/img.youtube.com\/vi\/BsQj0RYzW98\/sddefault.jpg","medium_image_url":"https:\/\/img.youtube.com\/vi\/BsQj0RYzW98\/mqdefault.jpg","large_image_url":"https:\/\/img.youtube.com\/vi\/BsQj0RYzW98\/hqdefault.jpg","maximum_image_url":"https:\/\/img.youtube.com\/vi\/BsQj0RYzW98\/maxresdefault.jpg"}},"approved":true,"titles":[{"type":"Default","title":"Danshi Koukousei no Nichijou"},{"type":"Japanese","title":"\u7537\u5b50\u9ad8\u6821\u751f\u306e\u65e5\u5e38"},{"type":"English","title":"Daily Lives of High School Boys"},{"type":"German","title":"Daily Lives of High School Boys"},{"type":"Spanish","title":"Daily Lives of High School Boys"},{"type":"French","title":"Daily Lives of High School Boys"}],"title":"Danshi Koukousei no Nichijou","title_english":"Daily Lives of High School Boys","title_japanese":"\u7537\u5b50\u9ad8\u6821\u751f\u306e\u65e5\u5e38","title_synonyms":[],"type":"TV","source":"Web manga","episodes":12,"status":"Finished Airing","airing":false,"aired":{"from":"2012-01-10T00:00:00+00:00","to":"2012-03-27T00:00:00+00:00","prop":{"from":{"day":10,"month":1,"year":2012},"to":{"day":27,"month":3,"year":2012}},"string":"Jan 10, 2012 to Mar 27, 2012"},"duration":"24 min per ep","rating":"PG-13 - Teens 13 or older","score":8.23,"scored_by":406964,"rank":312,"popularity":215,"members":806829,"favorites":14085,"synopsis":"Roaming the halls of the all-boys Sanada North High School are three close comrades: the eccentric ringleader with a hyperactive imagination Hidenori, the passionate Yoshitake, and the rational and prudent Tadakuni. Their lives are filled with giant robots, true love, and intense drama... in their colorful imaginations, at least. In reality, they are just an everyday trio of ordinary guys trying to pass the time, but who said everyday life couldn't be interesting? Whether it's an intricate RPG reenactment or an unexpected romantic encounter on the riverbank at sunset, Danshi Koukousei no Nichijou is rife with bizarre yet hilariously relatable situations that are anything but mundane.\n\n[Written by MAL Rewrite]","background":"Danshi Koukousei no Nichijou includes eight pre-airings of about five minutes in length, which were distributed through Nico Nico Douga. These pre-airings were all eventually shown during the TV series' run. The anime was released on Blu-ray in a premium and standard edition by NIS America. The former was released on August 6, 2013 and the latter on August 4, 2015. The series was dubbed in Tagalog by Creative Programs, Inc.","season":"winter","year":2012,"broadcast":{"day":"Tuesdays","time":"02:00","timezone":"Asia\/Tokyo","string":"Tuesdays at 02:00 (JST)"},"producers":[{"mal_id":16,"type":"anime","name":"TV Tokyo","url":"https:\/\/myanimelist.net\/anime\/producer\/16\/TV_Tokyo"},{"mal_id":58,"type":"anime","name":"Square Enix","url":"https:\/\/myanimelist.net\/anime\/producer\/58\/Square_Enix"},{"mal_id":643,"type":"anime","name":"Trinity Sound","url":"https:\/\/myanimelist.net\/anime\/producer\/643\/Trinity_Sound"},{"mal_id":787,"type":"anime","name":"Happinet Pictures","url":"https:\/\/myanimelist.net\/anime\/producer\/787\/Happinet_Pictures"}],"licensors":[{"mal_id":372,"type":"anime","name":"NIS America, Inc.","url":"https:\/\/myanimelist.net\/anime\/producer\/372\/NIS_America_Inc"}],"studios":[{"mal_id":14,"type":"anime","name":"Sunrise","url":"https:\/\/myanimelist.net\/anime\/producer\/14\/Sunrise"}],"genres":[{"mal_id":4,"type":"anime","name":"Comedy","url":"https:\/\/myanimelist.net\/anime\/genre\/4\/Comedy"}],"explicit_genres":[],"themes":[{"mal_id":57,"type":"anime","name":"Gag Humor","url":"https:\/\/myanimelist.net\/anime\/genre\/57\/Gag_Humor"},{"mal_id":23,"type":"anime","name":"School","url":"https:\/\/myanimelist.net\/anime\/genre\/23\/School"}],"demographics":[],"relations":[{"relation":"Adaptation","entry":[{"mal_id":26144,"type":"manga","name":"Danshi Koukousei no Nichijou","url":"https:\/\/myanimelist.net\/manga\/26144\/Danshi_Koukousei_no_Nichijou"}]},{"relation":"Side story","entry":[{"mal_id":12893,"type":"anime","name":"Danshi Koukousei no Nichijou Specials","url":"https:\/\/myanimelist.net\/anime\/12893\/Danshi_Koukousei_no_Nichijou_Specials"}]}],"theme":{"openings":["1: \"Shiny tale\" by Mix Speaker's,Inc. (eps 1-11)","2: \"Ohisama (\u304a\u3072\u3055\u307e)\" by Amesaki Annainin (\u96e8\u5148\u6848\u5185\u4eba) (eps 12)"],"endings":["1: \"Bungaku Shoujo (\u6587\u5b66\u5c11\u5973)\" by ENA (eps 1)","2: \"Ohisama (\u304a\u3072\u3055\u307e)\" by Amesaki Annainin (\u96e8\u5148\u6848\u5185\u4eba) (eps 2-11)","3: \"Shiny tale\" by Mix Speaker's,Inc. (eps 12)"]},"external":[{"name":"Official Site","url":"http:\/\/www.danshinichijyo.net\/"},{"name":"Official Site","url":"https:\/\/www.tv-tokyo.co.jp\/anime\/danshinichijyo\/index2.html"},{"name":"AniDB","url":"https:\/\/anidb.net\/perl-bin\/animedb.pl?show=anime&aid=8729"},{"name":"ANN","url":"https:\/\/www.animenewsnetwork.com\/encyclopedia\/anime.php?id=13743"},{"name":"Wikipedia","url":"https:\/\/en.wikipedia.org\/wiki\/Daily_Lives_of_High_School_Boys#Anime"},{"name":"Wikipedia","url":"https:\/\/ja.wikipedia.org\/wiki\/%E7%94%B7%E5%AD%90%E9%AB%98%E6%A0%A1%E7%94%9F%E3%81%AE%E6%97%A5%E5%B8%B8#%E3%83%86%E3%83%AC%E3%83%93%E3%82%A2%E3%83%8B%E3%83%A1"},{"name":"Syoboi","url":"https:\/\/cal.syoboi.jp\/tid\/2386"}],"streaming":[{"name":"Crunchyroll","url":"http:\/\/www.crunchyroll.com\/series-274943"},{"name":"Funimation","url":"https:\/\/www.funimation.com\/shows\/daily-lives-of-high-school-boys"}]}}