{"data":{"mal_id":12029,"url":"https:\/\/myanimelist.net\/anime\/12029\/Uchuu_Senkan_Yamato_2199","images":{"jpg":{"image_url":"https:\/\/cdn.myanimelist.net\/images\/anime\/2\/36607.jpg","small_image_url":"https:\/\/cdn.myanimelist.net\/images\/anime\/2\/36607t.jpg","large_image_url":"https:\/\/cdn.myanimelist.net\/images\/anime\/2\/36607l.jpg"},"webp":{"image_url":"https:\/\/cdn.myanimelist.net\/images\/anime\/2\/36607.webp","small_image_url":"https:\/\/cdn.myanimelist.net\/images\/anime\/2\/36607t.webp","large_image_url":"https:\/\/cdn.myanimelist.net\/images\/anime\/2\/36607l.webp"}},"trailer":{"youtube_id":"51utm_LNX8E","url":"https:\/\/www.youtube.com\/watch?v=51utm_LNX8E","embed_url":"https:\/\/www.youtube.com\/embed\/51utm_LNX8E?enablejsapi=1&wmode=opaque&autoplay=1","images":{"image_url":"https:\/\/img.youtube.com\/vi\/51utm_LNX8E\/default.jpg","small_image_url":"https:\/\/img.youtube.com\/vi\/51utm_LNX8E\/sddefault.jpg","medium_image_url":"https:\/\/img.youtube.com\/vi\/51utm_LNX8E\/mqdefault.jpg","large_image_url":"https:\/\/img.youtube.com\/vi\/51utm_LNX8E\/hqdefault.jpg","maximum_image_url":"https:\/\/img.youtube.com\/vi\/51utm_LNX8E\/maxresdefault.jpg"}},"approved":true,"titles":[{"type":"Default","title":"Uchuu Senkan Yamato 2199"},{"type":"Japanese","title":"\u5b87\u5b99\u6226\u8266\u30e4\u30de\u30c82199"},{"type":"English","title":"Star Blazers: Space Battleship Yamato 2199"}],"title":"Uchuu Senkan Yamato 2199","title_english":"Star Blazers: Space Battleship Yamato 2199","title_japanese":"\u5b87\u5b99\u6226\u8266\u30e4\u30de\u30c82199","title_synonyms":[],"type":"OVA","source":"Original","episodes":26,"status":"Finished Airing","airing":false,"aired":{"from":"2012-05-25T00:00:00+00:00","to":"2013-10-25T00:00:00+00:00","prop":{"from":{"day":25,"month":5,"year":2012},"to":{"day":25,"month":10,"year":2013}},"string":"May 25, 2012 to Oct 25, 2013"},"duration":"25 min per ep","rating":"PG-13 - Teens 13 or older","score":8.33,"scored_by":38006,"rank":229,"popularity":1839,"members":113089,"favorites":1764,"synopsis":"Earth's once green hills and rich blue oceans have been converted into a desolate wasteland by the relentless onslaught of planet bombs from the expansionist Gamilas Empire. By the year 2199, humankind has retreated to the depths of underground cities to escape the radiation.\n\nHowever, all hope is not lost, as the distant planet Iscandar offers Earth its final salvation: the Cosmo Reverse System, capable of restoring Earth's irradiated surface. In a desperate bid to retrieve this technology from Iscandar, the Earth Defense Force pours its remaining resources into the Yamato\u2014an innovative, state-of-the-art battleship equipped with an infinite energy Wave Motion Engine.\n\nFrom young talent such as Tactical Officer Susumu Kodai to accomplished veterans like Captain Juuzou Okita, the Yamato's crew consists of many individuals, all varying in their experience on the battlefield. But despite their differences, one goal unifies them all: to complete their perilous 168,000 light-year voyage to Iscandar and save humanity from imminent doom.\n\n[Written by MAL Rewrite]","background":"The series will be sold in the same theaters that show the Yamato movies on the same days, i.e. a simultaneous release. The first two episodes of the TV series (which is the same as the OVA series) were pre-aired on the Family Gekijou cable and satellite channel on 6th and 7th of April, 2012. The rest of the episodes was aired on MBS & TBS beginning April 7, 2013.","season":null,"year":null,"broadcast":{"day":null,"time":null,"timezone":null,"string":null},"producers":[{"mal_id":10,"type":"anime","name":"Production I.G","url":"https:\/\/myanimelist.net\/anime\/producer\/10\/Production_IG"},{"mal_id":23,"type":"anime","name":"Bandai Visual","url":"https:\/\/myanimelist.net\/anime\/producer\/23\/Bandai_Visual"},{"mal_id":28,"type":"anime","name":"OLM","url":"https:\/\/myanimelist.net\/anime\/producer\/28\/OLM"},{"mal_id":104,"type":"anime","name":"Lantis","url":"https:\/\/myanimelist.net\/anime\/producer\/104\/Lantis"},{"mal_id":109,"type":"anime","name":"Shochiku","url":"https:\/\/myanimelist.net\/anime\/producer\/109\/Shochiku"},{"mal_id":230,"type":"anime","name":"Bandai","url":"https:\/\/myanimelist.net\/anime\/producer\/230\/Bandai"},{"mal_id":577,"type":"anime","name":"Tohokushinsha Film Corporation","url":"https:\/\/myanimelist.net\/anime\/producer\/577\/Tohokushinsha_Film_Corporation"},{"mal_id":1097,"type":"anime","name":"Bandai Namco Games","url":"https:\/\/myanimelist.net\/anime\/producer\/1097\/Bandai_Namco_Games"},{"mal_id":1571,"type":"anime","name":"Voyager Entertainment","url":"https:\/\/myanimelist.net\/anime\/producer\/1571\/Voyager_Entertainment"}],"licensors":[{"mal_id":102,"type":"anime","name":"Funimation","url":"https:\/\/myanimelist.net\/anime\/producer\/102\/Funimation"}],"studios":[{"mal_id":27,"type":"anime","name":"Xebec","url":"https:\/\/myanimelist.net\/anime\/producer\/27\/Xebec"},{"mal_id":48,"type":"anime","name":"AIC","url":"https:\/\/myanimelist.net\/anime\/producer\/48\/AIC"}],"genres":[{"mal_id":1,"type":"anime","name":"Action","url":"https:\/\/myanimelist.net\/anime\/genre\/1\/Action"},{"mal_id":8,"type":"anime","name":"Drama","url":"https:\/\/myanimelist.net\/anime\/genre\/8\/Drama"},{"mal_id":24,"type":"anime","name":"Sci-Fi","url":"https:\/\/myanimelist.net\/anime\/genre\/24\/Sci-Fi"}],"explicit_genres":[],"themes":[{"mal_id":50,"type":"anime","name":"Adult Cast","url":"https:\/\/myanimelist.net\/anime\/genre\/50\/Adult_Cast"},{"mal_id":38,"type":"anime","name":"Military","url":"https:\/\/myanimelist.net\/anime\/genre\/38\/Military"},{"mal_id":29,"type":"anime","name":"Space","url":"https:\/\/myanimelist.net\/anime\/genre\/29\/Space"}],"demographics":[],"relations":[{"relation":"Adaptation","entry":[{"mal_id":52803,"type":"manga","name":"Uchuu Senkan Yamato 2199","url":"https:\/\/myanimelist.net\/manga\/52803\/Uchuu_Senkan_Yamato_2199"}]},{"relation":"Alternative version","entry":[{"mal_id":1650,"type":"anime","name":"Uchuu Senkan Yamato","url":"https:\/\/myanimelist.net\/anime\/1650\/Uchuu_Senkan_Yamato"}]},{"relation":"Side story","entry":[{"mal_id":23249,"type":"anime","name":"Uchuu Senkan Yamato 2199: Hoshimeguru Hakobune","url":"https:\/\/myanimelist.net\/anime\/23249\/Uchuu_Senkan_Yamato_2199__Hoshimeguru_Hakobune"}]},{"relation":"Summary","entry":[{"mal_id":23931,"type":"anime","name":"Uchuu Senkan Yamato 2199: Tsuioku no Koukai","url":"https:\/\/myanimelist.net\/anime\/23931\/Uchuu_Senkan_Yamato_2199__Tsuioku_no_Koukai"}]},{"relation":"Sequel","entry":[{"mal_id":33064,"type":"anime","name":"Uchuu Senkan Yamato 2202: Ai no Senshi-tachi","url":"https:\/\/myanimelist.net\/anime\/33064\/Uchuu_Senkan_Yamato_2202__Ai_no_Senshi-tachi"},{"mal_id":40554,"type":"anime","name":"\"Uchuu Senkan Yamato\" to Iu Jidai: Seireki 2202-nen no Sentaku","url":"https:\/\/myanimelist.net\/anime\/40554\/Uchuu_Senkan_Yamato_to_Iu_Jidai__Seireki_2202-nen_no_Sentaku"}]}],"theme":{"openings":["\"Uchuu Senkan Yamato (\u5b87\u5b99\u6226\u8266\u30e4\u30de\u30c8)\" by Project Yamato 2199 (Eir Aoi, Natsuko Aso, Chaiki Ishikawa, Yoko Ishida, Shuhei Kita, CooRie, GRANRODEO, Minami Kuribayashi, Maon Kurosaki, Isao Sasaki, Sayaka Sasaki, Hiromi Sato, ZAQ, JAM Projec","\"Fight For Liberty\" by UVERworld","1: \"Uchuu Senkan Yamato (\u5b87\u5b99\u6226\u8266\u30e4\u30de\u30c8)\" by Isao Sasaki"],"endings":["\"Ai Kotoba (\u611b\u8a5e)\" by Mika Nakashima","\"Best of my Love\" by Rei Yasuda (\u5b89\u7530\u30ec\u30a4)","\"Distance\" by JUJU","1: \"Hoshi ga Eien wo Terashiteru (\u661f\u304c\u6c38\u9060\u3092\u7167\u3089\u3057\u3066\u308b)\" by Aira Yuuki (eps 1-2)","2: \"Utsukushii Chikyuu wo Shiru Mono yo (\u7f8e\u3057\u3044\u5730\u7403\u3092\u77e5\u308b\u8005\u3088)\" by Aki Misato (eps 3-6)","3: \"Makka na Scarf (\u771f\u8d64\u306a\u30b9\u30ab\u30fc\u30d5)\" by Isao Sasaki (eps 7-10)","4: \"Kioku no Hikari (\u8a18\u61b6\u306e\u5149)\" by KOKIA  (eps 11-14)","5: \"Yosoro ~Hoshi no Umi wo Koete~ (\u30e8\u30fc\u30bd\u30ed\u30fc \uff5e\u661f\u306e\u6d77\u3092\u8d8a\u3048\u3066\uff5e)\" by Hironobu Kageyama (eps 15-18)","6: \"R.I.P~Tomo yo Shizuka ni Nemure~ (R.I.P\uff5e\u53cb\u3088\u9759\u304b\u306b\u7720\u308c\uff5e)\" by JAM Project (eps 19-22)","7: \"Ai no Hoshi (\u611b\u306e\u661f)\" by Nana Mizuki"]},"external":[{"name":"Official Site","url":"http:\/\/www.yamato2199.net\/index_theater.html"},{"name":"@new_yamato_2199","url":"https:\/\/twitter.com\/new_yamato_2199?ref_src=twsrc%5Egoogle%7Ctwcamp%5Eserp%7Ctwgr%5Eauthor"},{"name":"AniDB","url":"https:\/\/anidb.net\/perl-bin\/animedb.pl?show=anime&aid=8787"},{"name":"ANN","url":"https:\/\/www.animenewsnetwork.com\/encyclopedia\/anime.php?id=13776"},{"name":"Wikipedia","url":"https:\/\/en.wikipedia.org\/wiki\/Star_Blazers:_Space_Battleship_Yamato_2199"},{"name":"Wikipedia","url":"https:\/\/ja.wikipedia.org\/wiki\/%E5%AE%87%E5%AE%99%E6%88%A6%E8%89%A6%E3%83%A4%E3%83%9E%E3%83%882199"},{"name":"Syoboi","url":"https:\/\/cal.syoboi.jp\/tid\/2498"}],"streaming":[{"name":"Crunchyroll","url":"http:\/\/www.crunchyroll.com\/series-274733"}]}}