{"data":{"mal_id":1210,"url":"https:\/\/myanimelist.net\/anime\/1210\/NHK_ni_Youkoso","images":{"jpg":{"image_url":"https:\/\/cdn.myanimelist.net\/images\/anime\/3\/52675.jpg","small_image_url":"https:\/\/cdn.myanimelist.net\/images\/anime\/3\/52675t.jpg","large_image_url":"https:\/\/cdn.myanimelist.net\/images\/anime\/3\/52675l.jpg"},"webp":{"image_url":"https:\/\/cdn.myanimelist.net\/images\/anime\/3\/52675.webp","small_image_url":"https:\/\/cdn.myanimelist.net\/images\/anime\/3\/52675t.webp","large_image_url":"https:\/\/cdn.myanimelist.net\/images\/anime\/3\/52675l.webp"}},"trailer":{"youtube_id":"QYLsjJ8RThQ","url":"https:\/\/www.youtube.com\/watch?v=QYLsjJ8RThQ","embed_url":"https:\/\/www.youtube.com\/embed\/QYLsjJ8RThQ?enablejsapi=1&wmode=opaque&autoplay=1","images":{"image_url":"https:\/\/img.youtube.com\/vi\/QYLsjJ8RThQ\/default.jpg","small_image_url":"https:\/\/img.youtube.com\/vi\/QYLsjJ8RThQ\/sddefault.jpg","medium_image_url":"https:\/\/img.youtube.com\/vi\/QYLsjJ8RThQ\/mqdefault.jpg","large_image_url":"https:\/\/img.youtube.com\/vi\/QYLsjJ8RThQ\/hqdefault.jpg","maximum_image_url":"https:\/\/img.youtube.com\/vi\/QYLsjJ8RThQ\/maxresdefault.jpg"}},"approved":true,"titles":[{"type":"Default","title":"NHK ni Youkoso!"},{"type":"Synonym","title":"Welcome to the NHK"},{"type":"Japanese","title":"N\u30fbH\u30fbK\u306b\u3088\u3046\u3053\u305d\uff01"},{"type":"English","title":"Welcome to the N.H.K."},{"type":"German","title":"Welcome to the N-H-K"},{"type":"Spanish","title":"Welcome to the N-H-K"},{"type":"French","title":"Bienvenue Dans La NHK!"}],"title":"NHK ni Youkoso!","title_english":"Welcome to the N.H.K.","title_japanese":"N\u30fbH\u30fbK\u306b\u3088\u3046\u3053\u305d\uff01","title_synonyms":["Welcome to the NHK"],"type":"TV","source":"Novel","episodes":24,"status":"Finished Airing","airing":false,"aired":{"from":"2006-07-10T00:00:00+00:00","to":"2006-12-18T00:00:00+00:00","prop":{"from":{"day":10,"month":7,"year":2006},"to":{"day":18,"month":12,"year":2006}},"string":"Jul 10, 2006 to Dec 18, 2006"},"duration":"24 min per ep","rating":"R+ - Mild Nudity","score":8.31,"scored_by":327987,"rank":245,"popularity":259,"members":724859,"favorites":26153,"synopsis":"Twenty-two-year-old college dropout Tatsuhiro Satou has been a hikikomori for almost four years now. In his isolation, he has come to believe in many obscure conspiracy theories, but there is one in particular which he holds unshakable faith in: the theory that the evil conspirator behind his shut-in NEET (Not in Employment, Education or Training) status is the Nihon Hikikomori Kyokai (NHK)\u2014an evil and secret organization dedicated to fostering the spread of hikikomori culture.\n\nNHK ni Youkoso! is a psychological dramedy that follows Tatsuhiro as he strives to escape from the NHK's wicked machinations and the disease of self-wrought isolation, while struggling to even just leave his apartment and find a job. His unexpected encounter with the mysterious Misaki Nakahara might signal a reversal of fortune for Tatsuhiro, but with this meeting comes the inevitable cost of having to face his greatest fear\u2014society.\n\n[Written by MAL Rewrite]","background":null,"season":"summer","year":2006,"broadcast":{"day":null,"time":null,"timezone":null,"string":"Unknown"},"producers":[{"mal_id":111,"type":"anime","name":"NHK","url":"https:\/\/myanimelist.net\/anime\/producer\/111\/NHK"},{"mal_id":123,"type":"anime","name":"Victor Entertainment","url":"https:\/\/myanimelist.net\/anime\/producer\/123\/Victor_Entertainment"}],"licensors":[{"mal_id":97,"type":"anime","name":"ADV Films","url":"https:\/\/myanimelist.net\/anime\/producer\/97\/ADV_Films"},{"mal_id":102,"type":"anime","name":"Funimation","url":"https:\/\/myanimelist.net\/anime\/producer\/102\/Funimation"}],"studios":[{"mal_id":3,"type":"anime","name":"Gonzo","url":"https:\/\/myanimelist.net\/anime\/producer\/3\/Gonzo"}],"genres":[{"mal_id":4,"type":"anime","name":"Comedy","url":"https:\/\/myanimelist.net\/anime\/genre\/4\/Comedy"},{"mal_id":8,"type":"anime","name":"Drama","url":"https:\/\/myanimelist.net\/anime\/genre\/8\/Drama"},{"mal_id":22,"type":"anime","name":"Romance","url":"https:\/\/myanimelist.net\/anime\/genre\/22\/Romance"}],"explicit_genres":[],"themes":[{"mal_id":50,"type":"anime","name":"Adult Cast","url":"https:\/\/myanimelist.net\/anime\/genre\/50\/Adult_Cast"},{"mal_id":69,"type":"anime","name":"Otaku Culture","url":"https:\/\/myanimelist.net\/anime\/genre\/69\/Otaku_Culture"},{"mal_id":40,"type":"anime","name":"Psychological","url":"https:\/\/myanimelist.net\/anime\/genre\/40\/Psychological"}],"demographics":[],"relations":[{"relation":"Adaptation","entry":[{"mal_id":119282,"type":"manga","name":"NHK ni Youkoso!","url":"https:\/\/myanimelist.net\/manga\/119282\/NHK_ni_Youkoso"}]}],"theme":{"openings":["1: \"Puzzle\" by ROUND TABLE feat. Nino (eps 1-12)","2: \"Puzzle -extra hot mix-\" by ROUND TABLE feat. Nino (eps 13-23)"],"endings":["1: \"Odoru Akachan Ningen\" by Kenji Ohtsuki and Fumihiko Kitsutaka (eps 1-12)","2: \"Modokashii Sekai no Ue de\" by Yui Makino (eps 13-22,24)"]},"external":[{"name":"Official Site","url":"http:\/\/gonzo.co.jp\/archives\/nhk\/index.html"},{"name":"AniDB","url":"https:\/\/anidb.net\/perl-bin\/animedb.pl?show=anime&aid=4121"},{"name":"ANN","url":"https:\/\/www.animenewsnetwork.com\/encyclopedia\/anime.php?id=6357"},{"name":"Wikipedia","url":"https:\/\/en.wikipedia.org\/wiki\/Welcome_to_the_N.H.K."},{"name":"Wikipedia","url":"https:\/\/ja.wikipedia.org\/wiki\/NHK%E3%81%AB%E3%82%88%E3%81%86%E3%81%93%E3%81%9D!#%E3%83%86%E3%83%AC%E3%83%93%E3%82%A2%E3%83%8B%E3%83%A1"},{"name":"Syoboi","url":"https:\/\/cal.syoboi.jp\/tid\/916"}],"streaming":[{"name":"Crunchyroll","url":"http:\/\/www.crunchyroll.com\/series-274359"},{"name":"Funimation","url":"https:\/\/www.funimation.com\/shows\/welcome-to-the-n-h-k"}]}}