{"data":{"mal_id":12117,"url":"https:\/\/myanimelist.net\/anime\/12117\/Detective_Conan_Movie_16__The_Eleventh_Striker","images":{"jpg":{"image_url":"https:\/\/cdn.myanimelist.net\/images\/anime\/8\/37511.jpg","small_image_url":"https:\/\/cdn.myanimelist.net\/images\/anime\/8\/37511t.jpg","large_image_url":"https:\/\/cdn.myanimelist.net\/images\/anime\/8\/37511l.jpg"},"webp":{"image_url":"https:\/\/cdn.myanimelist.net\/images\/anime\/8\/37511.webp","small_image_url":"https:\/\/cdn.myanimelist.net\/images\/anime\/8\/37511t.webp","large_image_url":"https:\/\/cdn.myanimelist.net\/images\/anime\/8\/37511l.webp"}},"trailer":{"youtube_id":null,"url":null,"embed_url":null,"images":{"image_url":null,"small_image_url":null,"medium_image_url":null,"large_image_url":null,"maximum_image_url":null}},"approved":true,"titles":[{"type":"Default","title":"Detective Conan Movie 16: The Eleventh Striker"},{"type":"Synonym","title":"Detective Conan Movie 16: 11 Nin-me no Striker"},{"type":"Synonym","title":"Meitantei Conan Movie 16: 11 Nin-me no Striker"},{"type":"Japanese","title":"\u5287\u5834\u7248\u3000\u540d\u63a2\u5075\u30b3\u30ca\u30f3\u300011\u4eba\u76ee\u306e\u30b9\u30c8\u30e9\u30a4\u30ab\u30fc"},{"type":"German","title":"Detektiv Conan Film 16: Der 11. St\u00fcrmer"},{"type":"Spanish","title":"Detective Conan Pel\u00edcula 16: El Und\u00e9cimo Delantero"},{"type":"French","title":"D\u00e9tective Conan Film 16: Le Onzi\u00e8me Attaquant"}],"title":"Detective Conan Movie 16: The Eleventh Striker","title_english":null,"title_japanese":"\u5287\u5834\u7248\u3000\u540d\u63a2\u5075\u30b3\u30ca\u30f3\u300011\u4eba\u76ee\u306e\u30b9\u30c8\u30e9\u30a4\u30ab\u30fc","title_synonyms":["Detective Conan Movie 16: 11 Nin-me no Striker","Meitantei Conan Movie 16: 11 Nin-me no Striker"],"type":"Movie","source":"Manga","episodes":1,"status":"Finished Airing","airing":false,"aired":{"from":"2012-04-14T00:00:00+00:00","to":null,"prop":{"from":{"day":14,"month":4,"year":2012},"to":{"day":null,"month":null,"year":null}},"string":"Apr 14, 2012"},"duration":"1 hr 50 min","rating":"G - All Ages","score":7.7,"scored_by":24806,"rank":1194,"popularity":3265,"members":42811,"favorites":27,"synopsis":"In Touto Stadium, a J. League soccer match is taking place. During this, Detective Kogorou Mouri receives a bomb threat from an unknown caller and a mysterious riddle that points to its location. Conan Edogawa must now save the fans of the game before the time runs out.\n\nFortunately, with Conan's quick actions and clever thinking, the bomb is discovered and the explosion is evaded. The culprit does not stop there; Detective Kogorou is informed of another hidden bomb set to explode at a large event in the city. Forced into a race against time, with thousands of more lives at stake, Conan must decipher another riddle, discover the place of the bomb, and catch the culprit in order to escape a terrible tragedy.\n\n[Written by MAL Rewrite]","background":null,"season":null,"year":null,"broadcast":{"day":null,"time":null,"timezone":null,"string":null},"producers":[],"licensors":[],"studios":[{"mal_id":73,"type":"anime","name":"TMS Entertainment","url":"https:\/\/myanimelist.net\/anime\/producer\/73\/TMS_Entertainment"}],"genres":[{"mal_id":2,"type":"anime","name":"Adventure","url":"https:\/\/myanimelist.net\/anime\/genre\/2\/Adventure"},{"mal_id":4,"type":"anime","name":"Comedy","url":"https:\/\/myanimelist.net\/anime\/genre\/4\/Comedy"},{"mal_id":7,"type":"anime","name":"Mystery","url":"https:\/\/myanimelist.net\/anime\/genre\/7\/Mystery"},{"mal_id":30,"type":"anime","name":"Sports","url":"https:\/\/myanimelist.net\/anime\/genre\/30\/Sports"}],"explicit_genres":[],"themes":[{"mal_id":39,"type":"anime","name":"Detective","url":"https:\/\/myanimelist.net\/anime\/genre\/39\/Detective"},{"mal_id":77,"type":"anime","name":"Team Sports","url":"https:\/\/myanimelist.net\/anime\/genre\/77\/Team_Sports"}],"demographics":[{"mal_id":27,"type":"anime","name":"Shounen","url":"https:\/\/myanimelist.net\/anime\/genre\/27\/Shounen"}],"relations":[{"relation":"Parent story","entry":[{"mal_id":235,"type":"anime","name":"Detective Conan","url":"https:\/\/myanimelist.net\/anime\/235\/Detective_Conan"}]},{"relation":"Side story","entry":[{"mal_id":13837,"type":"anime","name":"Detective Conan Bonus File: Fantasista Flower","url":"https:\/\/myanimelist.net\/anime\/13837\/Detective_Conan_Bonus_File__Fantasista_Flower"}]}],"theme":{"openings":[],"endings":["\"Haru-uta (\u30cf\u30eb\u30a6\u30bf)\" by Ikimonogakari"]},"external":[{"name":"Official Site","url":"http:\/\/www.conan-movie.jp\/index.html"},{"name":"AniDB","url":"https:\/\/anidb.net\/perl-bin\/animedb.pl?show=anime&aid=8806"},{"name":"ANN","url":"https:\/\/www.animenewsnetwork.com\/encyclopedia\/anime.php?id=13790"},{"name":"Wikipedia","url":"http:\/\/en.wikipedia.org\/wiki\/Case_Closed"}],"streaming":[{"name":"Crunchyroll","url":"http:\/\/www.crunchyroll.com\/series-281139"}]}}