{"data":{"mal_id":12113,"url":"https:\/\/myanimelist.net\/anime\/12113\/Berserk__Ougon_Jidai-hen_II_-_Doldrey_Kouryaku","images":{"jpg":{"image_url":"https:\/\/cdn.myanimelist.net\/images\/anime\/12\/37193.jpg","small_image_url":"https:\/\/cdn.myanimelist.net\/images\/anime\/12\/37193t.jpg","large_image_url":"https:\/\/cdn.myanimelist.net\/images\/anime\/12\/37193l.jpg"},"webp":{"image_url":"https:\/\/cdn.myanimelist.net\/images\/anime\/12\/37193.webp","small_image_url":"https:\/\/cdn.myanimelist.net\/images\/anime\/12\/37193t.webp","large_image_url":"https:\/\/cdn.myanimelist.net\/images\/anime\/12\/37193l.webp"}},"trailer":{"youtube_id":"0zEbyF6NuAw","url":"https:\/\/www.youtube.com\/watch?v=0zEbyF6NuAw","embed_url":"https:\/\/www.youtube.com\/embed\/0zEbyF6NuAw?enablejsapi=1&wmode=opaque&autoplay=1","images":{"image_url":"https:\/\/img.youtube.com\/vi\/0zEbyF6NuAw\/default.jpg","small_image_url":"https:\/\/img.youtube.com\/vi\/0zEbyF6NuAw\/sddefault.jpg","medium_image_url":"https:\/\/img.youtube.com\/vi\/0zEbyF6NuAw\/mqdefault.jpg","large_image_url":"https:\/\/img.youtube.com\/vi\/0zEbyF6NuAw\/hqdefault.jpg","maximum_image_url":"https:\/\/img.youtube.com\/vi\/0zEbyF6NuAw\/maxresdefault.jpg"}},"approved":true,"titles":[{"type":"Default","title":"Berserk: Ougon Jidai-hen II - Doldrey Kouryaku"},{"type":"Synonym","title":"Berserk Movie"},{"type":"Synonym","title":"Berserk Saga"},{"type":"Japanese","title":"\u30d9\u30eb\u30bb\u30eb\u30af \u9ec4\u91d1\u6642\u4ee3\u7bc7\u2161 \u30c9\u30eb\u30c9\u30ec\u30a4\u653b\u7565"},{"type":"English","title":"Berserk: The Golden Age Arc II - The Battle for Doldrey"},{"type":"German","title":"Berserk: Das goldene Zeitalter II"},{"type":"Spanish","title":"Berserk: La Edad de Oro II. La Batalla de Doldrey"},{"type":"French","title":"Berserk: l'Age d'Or Partie II - La Bataille de Doldrey"}],"title":"Berserk: Ougon Jidai-hen II - Doldrey Kouryaku","title_english":"Berserk: The Golden Age Arc II - The Battle for Doldrey","title_japanese":"\u30d9\u30eb\u30bb\u30eb\u30af \u9ec4\u91d1\u6642\u4ee3\u7bc7\u2161 \u30c9\u30eb\u30c9\u30ec\u30a4\u653b\u7565","title_synonyms":["Berserk Movie","Berserk Saga"],"type":"Movie","source":"Manga","episodes":1,"status":"Finished Airing","airing":false,"aired":{"from":"2012-06-23T00:00:00+00:00","to":null,"prop":{"from":{"day":23,"month":6,"year":2012},"to":{"day":null,"month":null,"year":null}},"string":"Jun 23, 2012"},"duration":"1 hr 32 min","rating":"R+ - Mild Nudity","score":7.87,"scored_by":134956,"rank":807,"popularity":1121,"members":208344,"favorites":696,"synopsis":"The Band of the Hawk and their enigmatic leader Griffith continue winning battle after battle as their prestige throughout the kingdom of Midland grows. But their latest task is one that has seen failure from everyone who has attempted it: the subjugation of the impenetrable fortress of Doldrey. \n\nBut with members like Guts\u2014the captain of the Hawks' raiders who can easily fell 100 men with his gigantic sword\u2014such tasks prove to be trivial. However, in the aftermath of the battle, Guts decides to leave the Hawks in order to pursue his own dream and bids farewell to his companions, despite Griffith's attempts to make him stay. This single event causes Griffith to lose his composure, and leads him to make a decision that will alter his and the Hawks' fates forever.\n\n[Written by MAL Rewrite]","background":null,"season":null,"year":null,"broadcast":{"day":null,"time":null,"timezone":null,"string":null},"producers":[{"mal_id":29,"type":"anime","name":"VAP","url":"https:\/\/myanimelist.net\/anime\/producer\/29\/VAP"},{"mal_id":148,"type":"anime","name":"Hakusensha","url":"https:\/\/myanimelist.net\/anime\/producer\/148\/Hakusensha"},{"mal_id":166,"type":"anime","name":"Movic","url":"https:\/\/myanimelist.net\/anime\/producer\/166\/Movic"},{"mal_id":795,"type":"anime","name":"Yahoo! Japan","url":"https:\/\/myanimelist.net\/anime\/producer\/795\/Yahoo_Japan"},{"mal_id":1123,"type":"anime","name":"Lucent Pictures Entertainment","url":"https:\/\/myanimelist.net\/anime\/producer\/1123\/Lucent_Pictures_Entertainment"},{"mal_id":1261,"type":"anime","name":"Good Smile Company","url":"https:\/\/myanimelist.net\/anime\/producer\/1261\/Good_Smile_Company"},{"mal_id":1584,"type":"anime","name":"Beyond C.","url":"https:\/\/myanimelist.net\/anime\/producer\/1584\/Beyond_C"},{"mal_id":1697,"type":"anime","name":"KDDI","url":"https:\/\/myanimelist.net\/anime\/producer\/1697\/KDDI"}],"licensors":[{"mal_id":119,"type":"anime","name":"VIZ Media","url":"https:\/\/myanimelist.net\/anime\/producer\/119\/VIZ_Media"}],"studios":[{"mal_id":13,"type":"anime","name":"Studio 4\u00b0C","url":"https:\/\/myanimelist.net\/anime\/producer\/13\/Studio_4%C2%B0C"}],"genres":[{"mal_id":1,"type":"anime","name":"Action","url":"https:\/\/myanimelist.net\/anime\/genre\/1\/Action"},{"mal_id":2,"type":"anime","name":"Adventure","url":"https:\/\/myanimelist.net\/anime\/genre\/2\/Adventure"},{"mal_id":8,"type":"anime","name":"Drama","url":"https:\/\/myanimelist.net\/anime\/genre\/8\/Drama"},{"mal_id":10,"type":"anime","name":"Fantasy","url":"https:\/\/myanimelist.net\/anime\/genre\/10\/Fantasy"},{"mal_id":14,"type":"anime","name":"Horror","url":"https:\/\/myanimelist.net\/anime\/genre\/14\/Horror"}],"explicit_genres":[],"themes":[{"mal_id":58,"type":"anime","name":"Gore","url":"https:\/\/myanimelist.net\/anime\/genre\/58\/Gore"},{"mal_id":38,"type":"anime","name":"Military","url":"https:\/\/myanimelist.net\/anime\/genre\/38\/Military"}],"demographics":[{"mal_id":42,"type":"anime","name":"Seinen","url":"https:\/\/myanimelist.net\/anime\/genre\/42\/Seinen"}],"relations":[{"relation":"Adaptation","entry":[{"mal_id":2,"type":"manga","name":"Berserk","url":"https:\/\/myanimelist.net\/manga\/2\/Berserk"}]},{"relation":"Prequel","entry":[{"mal_id":10218,"type":"anime","name":"Berserk: Ougon Jidai-hen I - Haou no Tamago","url":"https:\/\/myanimelist.net\/anime\/10218\/Berserk__Ougon_Jidai-hen_I_-_Haou_no_Tamago"}]},{"relation":"Sequel","entry":[{"mal_id":12115,"type":"anime","name":"Berserk: Ougon Jidai-hen III - Kourin","url":"https:\/\/myanimelist.net\/anime\/12115\/Berserk__Ougon_Jidai-hen_III_-_Kourin"}]},{"relation":"Alternative version","entry":[{"mal_id":52976,"type":"anime","name":"Berserk: Ougon Jidai-hen - Memorial Edition","url":"https:\/\/myanimelist.net\/anime\/52976\/Berserk__Ougon_Jidai-hen_-_Memorial_Edition"}]}],"theme":{"openings":["\"Aria\" by Susumu Hirasawa"],"endings":["\"Suite 'Blood and Guts' \" by Shiro Sagisu"]},"external":[{"name":"Official Site","url":"http:\/\/www.berserkfilm.com\/"},{"name":"AniDB","url":"https:\/\/anidb.net\/perl-bin\/animedb.pl?show=anime&aid=7991"},{"name":"ANN","url":"https:\/\/www.animenewsnetwork.com\/encyclopedia\/anime.php?id=13799"},{"name":"Wikipedia","url":"http:\/\/en.wikipedia.org\/wiki\/Berserk_(manga)"}],"streaming":[{"name":"Funimation","url":"https:\/\/www.funimation.com\/shows\/berserk-the-golden-age-arc-films"},{"name":"Netflix","url":"https:\/\/www.netflix.com\/"}]}}