{"data":{"mal_id":1212,"url":"https:\/\/myanimelist.net\/anime\/1212\/Oban_Star-Racers","images":{"jpg":{"image_url":"https:\/\/cdn.myanimelist.net\/images\/anime\/12\/3702.jpg","small_image_url":"https:\/\/cdn.myanimelist.net\/images\/anime\/12\/3702t.jpg","large_image_url":"https:\/\/cdn.myanimelist.net\/images\/anime\/12\/3702l.jpg"},"webp":{"image_url":"https:\/\/cdn.myanimelist.net\/images\/anime\/12\/3702.webp","small_image_url":"https:\/\/cdn.myanimelist.net\/images\/anime\/12\/3702t.webp","large_image_url":"https:\/\/cdn.myanimelist.net\/images\/anime\/12\/3702l.webp"}},"trailer":{"youtube_id":"ESSUoVpZP9c","url":"https:\/\/www.youtube.com\/watch?v=ESSUoVpZP9c","embed_url":"https:\/\/www.youtube.com\/embed\/ESSUoVpZP9c?enablejsapi=1&wmode=opaque&autoplay=1","images":{"image_url":"https:\/\/img.youtube.com\/vi\/ESSUoVpZP9c\/default.jpg","small_image_url":"https:\/\/img.youtube.com\/vi\/ESSUoVpZP9c\/sddefault.jpg","medium_image_url":"https:\/\/img.youtube.com\/vi\/ESSUoVpZP9c\/mqdefault.jpg","large_image_url":"https:\/\/img.youtube.com\/vi\/ESSUoVpZP9c\/hqdefault.jpg","maximum_image_url":"https:\/\/img.youtube.com\/vi\/ESSUoVpZP9c\/maxresdefault.jpg"}},"approved":true,"titles":[{"type":"Default","title":"Oban Star-Racers"},{"type":"Synonym","title":"Oban Star Racers"},{"type":"Japanese","title":"\u30aa\u30fc\u30d0\u30f3\u30fb\u30b9\u30bf\u30fc\u30ec\u30fc\u30b5\u30fc\u30ba"}],"title":"Oban Star-Racers","title_english":null,"title_japanese":"\u30aa\u30fc\u30d0\u30f3\u30fb\u30b9\u30bf\u30fc\u30ec\u30fc\u30b5\u30fc\u30ba","title_synonyms":["Oban Star Racers"],"type":"TV","source":"Original","episodes":26,"status":"Finished Airing","airing":false,"aired":{"from":"2006-09-23T00:00:00+00:00","to":"2007-03-25T00:00:00+00:00","prop":{"from":{"day":23,"month":9,"year":2006},"to":{"day":25,"month":3,"year":2007}},"string":"Sep 23, 2006 to Mar 25, 2007"},"duration":"25 min per ep","rating":"PG - Children","score":7.51,"scored_by":24595,"rank":1763,"popularity":2982,"members":51042,"favorites":536,"synopsis":"Eva's birthday has just passed, and she hasn't heard from her father. Despising the Boarding School she attends, she escapes using her Rocket Bike that she just completed. Taking on the alias \"Molly,\" Eva sneaks with the Earth team to Alwas for the Great Race because the winner of the race gets any one wish granted. Little does the Earth Team know what danger awaits them...","background":null,"season":"fall","year":2006,"broadcast":{"day":null,"time":null,"timezone":null,"string":"Unknown"},"producers":[{"mal_id":98,"type":"anime","name":"Sav! The World Productions","url":"https:\/\/myanimelist.net\/anime\/producer\/98\/Sav_The_World_Productions"}],"licensors":[{"mal_id":1737,"type":"anime","name":"Shout! Factory","url":"https:\/\/myanimelist.net\/anime\/producer\/1737\/Shout_Factory"}],"studios":[{"mal_id":34,"type":"anime","name":"Hal Film Maker","url":"https:\/\/myanimelist.net\/anime\/producer\/34\/Hal_Film_Maker"}],"genres":[{"mal_id":1,"type":"anime","name":"Action","url":"https:\/\/myanimelist.net\/anime\/genre\/1\/Action"},{"mal_id":2,"type":"anime","name":"Adventure","url":"https:\/\/myanimelist.net\/anime\/genre\/2\/Adventure"},{"mal_id":24,"type":"anime","name":"Sci-Fi","url":"https:\/\/myanimelist.net\/anime\/genre\/24\/Sci-Fi"}],"explicit_genres":[],"themes":[{"mal_id":18,"type":"anime","name":"Mecha","url":"https:\/\/myanimelist.net\/anime\/genre\/18\/Mecha"},{"mal_id":3,"type":"anime","name":"Racing","url":"https:\/\/myanimelist.net\/anime\/genre\/3\/Racing"}],"demographics":[],"relations":[{"relation":"Other","entry":[{"mal_id":9361,"type":"anime","name":"Molly Star-Racer","url":"https:\/\/myanimelist.net\/anime\/9361\/Molly_Star-Racer"}]}],"theme":{"openings":["\"A Chance to Shine\" by AKINO (International broadcast)","\"Never Say Never\" by After Midnight Project (U.S. broadcast)"],"endings":["\"Waratteta\" by Sukoshi"]},"external":[{"name":"Official Site","url":"http:\/\/www.obanstarracers.com\/"},{"name":"AniDB","url":"https:\/\/anidb.net\/perl-bin\/animedb.pl?show=anime&aid=1737"},{"name":"ANN","url":"https:\/\/www.animenewsnetwork.com\/encyclopedia\/anime.php?id=3633"},{"name":"Wikipedia","url":"http:\/\/en.wikipedia.org\/wiki\/\u014cban_Star-Racers"}],"streaming":[]}}