{"data":{"mal_id":12189,"url":"https:\/\/myanimelist.net\/anime\/12189\/Hyouka","images":{"jpg":{"image_url":"https:\/\/cdn.myanimelist.net\/images\/anime\/13\/50521.jpg","small_image_url":"https:\/\/cdn.myanimelist.net\/images\/anime\/13\/50521t.jpg","large_image_url":"https:\/\/cdn.myanimelist.net\/images\/anime\/13\/50521l.jpg"},"webp":{"image_url":"https:\/\/cdn.myanimelist.net\/images\/anime\/13\/50521.webp","small_image_url":"https:\/\/cdn.myanimelist.net\/images\/anime\/13\/50521t.webp","large_image_url":"https:\/\/cdn.myanimelist.net\/images\/anime\/13\/50521l.webp"}},"trailer":{"youtube_id":"N5nNKAVB4O4","url":"https:\/\/www.youtube.com\/watch?v=N5nNKAVB4O4","embed_url":"https:\/\/www.youtube.com\/embed\/N5nNKAVB4O4?enablejsapi=1&wmode=opaque&autoplay=1","images":{"image_url":"https:\/\/img.youtube.com\/vi\/N5nNKAVB4O4\/default.jpg","small_image_url":"https:\/\/img.youtube.com\/vi\/N5nNKAVB4O4\/sddefault.jpg","medium_image_url":"https:\/\/img.youtube.com\/vi\/N5nNKAVB4O4\/mqdefault.jpg","large_image_url":"https:\/\/img.youtube.com\/vi\/N5nNKAVB4O4\/hqdefault.jpg","maximum_image_url":"https:\/\/img.youtube.com\/vi\/N5nNKAVB4O4\/maxresdefault.jpg"}},"approved":true,"titles":[{"type":"Default","title":"Hyouka"},{"type":"Synonym","title":"Hyou-ka"},{"type":"Synonym","title":"Hyouka: You can't escape"},{"type":"Synonym","title":"Hyou-ka: You can't escape"},{"type":"Synonym","title":"Hyoka"},{"type":"Japanese","title":"\u6c37\u83d3"},{"type":"English","title":"Hyouka"}],"title":"Hyouka","title_english":"Hyouka","title_japanese":"\u6c37\u83d3","title_synonyms":["Hyou-ka","Hyouka: You can't escape","Hyou-ka: You can't escape","Hyoka"],"type":"TV","source":"Novel","episodes":22,"status":"Finished Airing","airing":false,"aired":{"from":"2012-04-23T00:00:00+00:00","to":"2012-09-17T00:00:00+00:00","prop":{"from":{"day":23,"month":4,"year":2012},"to":{"day":17,"month":9,"year":2012}},"string":"Apr 23, 2012 to Sep 17, 2012"},"duration":"25 min per ep","rating":"PG-13 - Teens 13 or older","score":8.07,"scored_by":628363,"rank":516,"popularity":92,"members":1341741,"favorites":26728,"synopsis":"High school freshman Houtarou Oreki has but one goal: to lead a gray life while conserving as much energy as he can. Unfortunately, his peaceful days come to an end when his older sister, Tomoe, forces him to save the memberless Classics Club from disbandment.\n\nLuckily, Oreki's predicament seems to be over when he heads to the clubroom and discovers that his fellow first-year, Eru Chitanda, has already become a member. However, despite his obligation being fulfilled, Oreki finds himself entangled by Chitanda's curious and bubbly personality, soon joining the club of his own volition.\n\nHyouka follows the four members of the Classics Club\u2014including Oreki's friends Satoshi Fukube and Mayaka Ibara\u2014as they, driven by Chitanda's insatiable curiosity, solve the trivial yet intriguing mysteries that permeate their daily lives.\n\n[Written by MAL Rewrite]","background":null,"season":"spring","year":2012,"broadcast":{"day":"Mondays","time":"00:00","timezone":"Asia\/Tokyo","string":"Mondays at 00:00 (JST)"},"producers":[{"mal_id":104,"type":"anime","name":"Lantis","url":"https:\/\/myanimelist.net\/anime\/producer\/104\/Lantis"},{"mal_id":113,"type":"anime","name":"Kadokawa Shoten","url":"https:\/\/myanimelist.net\/anime\/producer\/113\/Kadokawa_Shoten"},{"mal_id":460,"type":"anime","name":"KlockWorx","url":"https:\/\/myanimelist.net\/anime\/producer\/460\/KlockWorx"},{"mal_id":665,"type":"anime","name":"chara-ani.com","url":"https:\/\/myanimelist.net\/anime\/producer\/665\/chara-anicom"},{"mal_id":929,"type":"anime","name":"Animation Do","url":"https:\/\/myanimelist.net\/anime\/producer\/929\/Animation_Do"}],"licensors":[{"mal_id":102,"type":"anime","name":"Funimation","url":"https:\/\/myanimelist.net\/anime\/producer\/102\/Funimation"}],"studios":[{"mal_id":2,"type":"anime","name":"Kyoto Animation","url":"https:\/\/myanimelist.net\/anime\/producer\/2\/Kyoto_Animation"}],"genres":[{"mal_id":7,"type":"anime","name":"Mystery","url":"https:\/\/myanimelist.net\/anime\/genre\/7\/Mystery"},{"mal_id":36,"type":"anime","name":"Slice of Life","url":"https:\/\/myanimelist.net\/anime\/genre\/36\/Slice_of_Life"}],"explicit_genres":[],"themes":[{"mal_id":23,"type":"anime","name":"School","url":"https:\/\/myanimelist.net\/anime\/genre\/23\/School"}],"demographics":[],"relations":[{"relation":"Adaptation","entry":[{"mal_id":35513,"type":"manga","name":"Koten-bu Series","url":"https:\/\/myanimelist.net\/manga\/35513\/Koten-bu_Series"}]},{"relation":"Side story","entry":[{"mal_id":13469,"type":"anime","name":"Hyouka: Motsubeki Mono wa","url":"https:\/\/myanimelist.net\/anime\/13469\/Hyouka__Motsubeki_Mono_wa"}]}],"theme":{"openings":["1: \"Yasashisa no Riyuu (\u512a\u3057\u3055\u306e\u7406\u7531)\" by ChouCho  (eps 1-2, 4, 6-8, 10-11)","2: \"Mikansei Stride (\u672a\u5b8c\u6210\u30b9\u30c8\u30e9\u30a4\u30c9)\" by Saori Kodama (eps 13-16, 18-20, 22)"],"endings":["1: \"Madoromi no Yakusoku (\u307e\u3069\u308d\u307f\u306e\u7d04\u675f)\" by Satomi Satou & Ai Kayano (eps 2-4, 6-11)","2: \"Kimi ni Matsuwaru Mystery (\u541b\u306b\u307e\u3064\u308f\u308b\u30df\u30b9\u30c6\u30ea\u30fc)\" by Satomi Satou & Ai Kayano (eps 12-14, 16, 18, 20-22)"]},"external":[{"name":"Official Site","url":"http:\/\/www.kotenbu.com\/"},{"name":"YouTube","url":"https:\/\/www.youtube.com\/watch?v=8tPsZYr2HTI"},{"name":"AniDB","url":"https:\/\/anidb.net\/perl-bin\/animedb.pl?show=anime&aid=8855"},{"name":"ANN","url":"https:\/\/www.animenewsnetwork.com\/encyclopedia\/anime.php?id=13817"},{"name":"Wikipedia","url":"https:\/\/en.wikipedia.org\/wiki\/Hyouka#Anime"}],"streaming":[{"name":"Crunchyroll","url":"http:\/\/www.crunchyroll.com\/series-276401"},{"name":"Funimation","url":"https:\/\/www.funimation.com\/shows\/hyouka\/"}]}}