{"data":{"mal_id":12187,"url":"https:\/\/myanimelist.net\/anime\/12187\/Carnival_Phantasm_EX_Season","images":{"jpg":{"image_url":"https:\/\/cdn.myanimelist.net\/images\/anime\/4\/64281.jpg","small_image_url":"https:\/\/cdn.myanimelist.net\/images\/anime\/4\/64281t.jpg","large_image_url":"https:\/\/cdn.myanimelist.net\/images\/anime\/4\/64281l.jpg"},"webp":{"image_url":"https:\/\/cdn.myanimelist.net\/images\/anime\/4\/64281.webp","small_image_url":"https:\/\/cdn.myanimelist.net\/images\/anime\/4\/64281t.webp","large_image_url":"https:\/\/cdn.myanimelist.net\/images\/anime\/4\/64281l.webp"}},"trailer":{"youtube_id":null,"url":null,"embed_url":null,"images":{"image_url":null,"small_image_url":null,"medium_image_url":null,"large_image_url":null,"maximum_image_url":null}},"approved":true,"titles":[{"type":"Default","title":"Carnival Phantasm EX Season"},{"type":"Synonym","title":"Carnival Phantasm OVA"},{"type":"Japanese","title":"\u30ab\u30fc\u30cb\u30d0\u30eb\u30fb\u30d5\u30a1\u30f3\u30bf\u30ba\u30e0\u3000EX Season"}],"title":"Carnival Phantasm EX Season","title_english":null,"title_japanese":"\u30ab\u30fc\u30cb\u30d0\u30eb\u30fb\u30d5\u30a1\u30f3\u30bf\u30ba\u30e0\u3000EX Season","title_synonyms":["Carnival Phantasm OVA"],"type":"OVA","source":"Manga","episodes":1,"status":"Finished Airing","airing":false,"aired":{"from":"2011-11-26T00:00:00+00:00","to":null,"prop":{"from":{"day":26,"month":11,"year":2011},"to":{"day":null,"month":null,"year":null}},"string":"Nov 26, 2011"},"duration":"20 min","rating":"PG-13 - Teens 13 or older","score":7.46,"scored_by":27371,"rank":1933,"popularity":3069,"members":48086,"favorites":13,"synopsis":"A DVD-only episode bundled with the special edition Take Moon volume. \n\nCaren Ortensia attempts to control the world using money with varying degrees of success, Phantas-Moon receives a movie adaption of her T.V. show, and Shiki is involved in a love plot that spans years.   \n\n(Source: Wikipedia)","background":null,"season":null,"year":null,"broadcast":{"day":null,"time":null,"timezone":null,"string":null},"producers":[{"mal_id":703,"type":"anime","name":"Notes","url":"https:\/\/myanimelist.net\/anime\/producer\/703\/Notes"}],"licensors":[],"studios":[{"mal_id":456,"type":"anime","name":"Lerche","url":"https:\/\/myanimelist.net\/anime\/producer\/456\/Lerche"}],"genres":[{"mal_id":4,"type":"anime","name":"Comedy","url":"https:\/\/myanimelist.net\/anime\/genre\/4\/Comedy"},{"mal_id":37,"type":"anime","name":"Supernatural","url":"https:\/\/myanimelist.net\/anime\/genre\/37\/Supernatural"}],"explicit_genres":[],"themes":[],"demographics":[],"relations":[{"relation":"Adaptation","entry":[{"mal_id":780,"type":"manga","name":"Take Moon","url":"https:\/\/myanimelist.net\/manga\/780\/Take_Moon"}]},{"relation":"Parent story","entry":[{"mal_id":10012,"type":"anime","name":"Carnival Phantasm","url":"https:\/\/myanimelist.net\/anime\/10012\/Carnival_Phantasm"}]}],"theme":{"openings":["\"Super\u2606Affection (\u3059\u30fc\u3071\u30fc\u2606\u3042\u3075\u3047\u304f\u3057\u3087\u3093)\" by Minami Kuribayashi, Miyuki Hashimoto, Faylan, Aki Misato, yozuca*, rino"],"endings":["\"Fellows\" by Masaaki Endoh"]},"external":[{"name":"Official Site","url":"http:\/\/www.typemoon.com\/products\/cp\/index.html"},{"name":"AniDB","url":"https:\/\/anidb.net\/perl-bin\/animedb.pl?show=anime&aid=8824"},{"name":"Wikipedia","url":"http:\/\/en.wikipedia.org\/wiki\/Carnival_Phantasm"}],"streaming":[]}}