{"data":{"mal_id":12859,"url":"https:\/\/myanimelist.net\/anime\/12859\/One_Piece_Film__Z","images":{"jpg":{"image_url":"https:\/\/cdn.myanimelist.net\/images\/anime\/6\/44297.jpg","small_image_url":"https:\/\/cdn.myanimelist.net\/images\/anime\/6\/44297t.jpg","large_image_url":"https:\/\/cdn.myanimelist.net\/images\/anime\/6\/44297l.jpg"},"webp":{"image_url":"https:\/\/cdn.myanimelist.net\/images\/anime\/6\/44297.webp","small_image_url":"https:\/\/cdn.myanimelist.net\/images\/anime\/6\/44297t.webp","large_image_url":"https:\/\/cdn.myanimelist.net\/images\/anime\/6\/44297l.webp"}},"trailer":{"youtube_id":"1gGt1Mg_zSo","url":"https:\/\/www.youtube.com\/watch?v=1gGt1Mg_zSo","embed_url":"https:\/\/www.youtube.com\/embed\/1gGt1Mg_zSo?enablejsapi=1&wmode=opaque&autoplay=1","images":{"image_url":"https:\/\/img.youtube.com\/vi\/1gGt1Mg_zSo\/default.jpg","small_image_url":"https:\/\/img.youtube.com\/vi\/1gGt1Mg_zSo\/sddefault.jpg","medium_image_url":"https:\/\/img.youtube.com\/vi\/1gGt1Mg_zSo\/mqdefault.jpg","large_image_url":"https:\/\/img.youtube.com\/vi\/1gGt1Mg_zSo\/hqdefault.jpg","maximum_image_url":"https:\/\/img.youtube.com\/vi\/1gGt1Mg_zSo\/maxresdefault.jpg"}},"approved":true,"titles":[{"type":"Default","title":"One Piece Film: Z"},{"type":"Synonym","title":"One Piece Movie 12"},{"type":"Japanese","title":"\u30ef\u30f3\u30d4\u30fc\u30b9\u3000\u30d5\u30a3\u30eb\u30e0\u3000\ufeff\uff3a"},{"type":"English","title":"One Piece Film Z"},{"type":"Spanish","title":"One Piece Film Z"},{"type":"French","title":"One Piece Film Z"}],"title":"One Piece Film: Z","title_english":"One Piece Film Z","title_japanese":"\u30ef\u30f3\u30d4\u30fc\u30b9\u3000\u30d5\u30a3\u30eb\u30e0\u3000\ufeff\uff3a","title_synonyms":["One Piece Movie 12"],"type":"Movie","source":"Manga","episodes":1,"status":"Finished Airing","airing":false,"aired":{"from":"2012-12-15T00:00:00+00:00","to":null,"prop":{"from":{"day":15,"month":12,"year":2012},"to":{"day":null,"month":null,"year":null}},"string":"Dec 15, 2012"},"duration":"1 hr 47 min","rating":"PG-13 - Teens 13 or older","score":8.13,"scored_by":174286,"rank":448,"popularity":847,"members":274213,"favorites":610,"synopsis":"The Straw Hat Pirates enter the rough seas of the New World in search of the hidden treasures of the Pirate King, Gol D. Roger\uff0dOne Piece. On their voyage, the pirates come across a terrifying, powerful man, former Marine Admiral Z.\n\nZ is accused of having stolen the \"Dyna Stones\", weapons believed to have the power to shake up the New World. The Marine Headquarters believes Z is about to use it to end the pirate era, and with it, the lives of many innocent people. In fear of such a phenomenal event, marines start to take action against the former admiral.\n\nEven if it means stumbling upon marines and the navy, the Straw Hat Pirates decided to chase after Z and stop him from causing havoc. As they continue to embark on their ventures, the pirates bump into new and familiar acquaintances.","background":"A limited dual edition ticket for both One Piece Film: Z and Dragon Ball Z: Battle of Gods sold for the screenings of both movies at \u00a52,600 the year they premiered, which contained special art by the mangaka of both series. Regular editions of the DVD\/BD in Japan included one of nine different holographic stickers, while the deluxe edition included all nine stickers as well as other bonus material.","season":null,"year":null,"broadcast":{"day":null,"time":null,"timezone":null,"string":null},"producers":[{"mal_id":1365,"type":"anime","name":"Shueisha","url":"https:\/\/myanimelist.net\/anime\/producer\/1365\/Shueisha"}],"licensors":[{"mal_id":102,"type":"anime","name":"Funimation","url":"https:\/\/myanimelist.net\/anime\/producer\/102\/Funimation"}],"studios":[{"mal_id":18,"type":"anime","name":"Toei Animation","url":"https:\/\/myanimelist.net\/anime\/producer\/18\/Toei_Animation"}],"genres":[{"mal_id":1,"type":"anime","name":"Action","url":"https:\/\/myanimelist.net\/anime\/genre\/1\/Action"},{"mal_id":2,"type":"anime","name":"Adventure","url":"https:\/\/myanimelist.net\/anime\/genre\/2\/Adventure"},{"mal_id":10,"type":"anime","name":"Fantasy","url":"https:\/\/myanimelist.net\/anime\/genre\/10\/Fantasy"}],"explicit_genres":[],"themes":[],"demographics":[{"mal_id":27,"type":"anime","name":"Shounen","url":"https:\/\/myanimelist.net\/anime\/genre\/27\/Shounen"}],"relations":[{"relation":"Adaptation","entry":[{"mal_id":142654,"type":"manga","name":"One Piece Film: Z","url":"https:\/\/myanimelist.net\/manga\/142654\/One_Piece_Film__Z"}]},{"relation":"Parent story","entry":[{"mal_id":21,"type":"anime","name":"One Piece","url":"https:\/\/myanimelist.net\/anime\/21\/One_Piece"}]},{"relation":"Prequel","entry":[{"mal_id":16239,"type":"anime","name":"One Piece: Episode of Luffy - Hand Island no Bouken","url":"https:\/\/myanimelist.net\/anime\/16239\/One_Piece__Episode_of_Luffy_-_Hand_Island_no_Bouken"},{"mal_id":16468,"type":"anime","name":"One Piece: Glorious Island","url":"https:\/\/myanimelist.net\/anime\/16468\/One_Piece__Glorious_Island"}]}],"theme":{"openings":[],"endings":["1: \"How You Remind Me\" by Avril Lavigne","2: \"Bad Reputation\" by Avril Lavigne"]},"external":[{"name":"Official Site","url":"https:\/\/one-piece.com\/movie\/film\/12"},{"name":"AniDB","url":"https:\/\/anidb.net\/perl-bin\/animedb.pl?show=anime&aid=8940"},{"name":"ANN","url":"https:\/\/www.animenewsnetwork.com\/encyclopedia\/anime.php?id=14258"},{"name":"Wikipedia","url":"http:\/\/en.wikipedia.org\/wiki\/One_Piece_Film:_Z"}],"streaming":[]}}