{"data":{"mal_id":13119,"url":"https:\/\/myanimelist.net\/anime\/13119\/Hakuouki_Movie_2__Shikon_Soukyuu","images":{"jpg":{"image_url":"https:\/\/cdn.myanimelist.net\/images\/anime\/12\/71796.jpg","small_image_url":"https:\/\/cdn.myanimelist.net\/images\/anime\/12\/71796t.jpg","large_image_url":"https:\/\/cdn.myanimelist.net\/images\/anime\/12\/71796l.jpg"},"webp":{"image_url":"https:\/\/cdn.myanimelist.net\/images\/anime\/12\/71796.webp","small_image_url":"https:\/\/cdn.myanimelist.net\/images\/anime\/12\/71796t.webp","large_image_url":"https:\/\/cdn.myanimelist.net\/images\/anime\/12\/71796l.webp"}},"trailer":{"youtube_id":"UfK1Htx0vrQ","url":"https:\/\/www.youtube.com\/watch?v=UfK1Htx0vrQ","embed_url":"https:\/\/www.youtube.com\/embed\/UfK1Htx0vrQ?enablejsapi=1&wmode=opaque&autoplay=1","images":{"image_url":"https:\/\/img.youtube.com\/vi\/UfK1Htx0vrQ\/default.jpg","small_image_url":"https:\/\/img.youtube.com\/vi\/UfK1Htx0vrQ\/sddefault.jpg","medium_image_url":"https:\/\/img.youtube.com\/vi\/UfK1Htx0vrQ\/mqdefault.jpg","large_image_url":"https:\/\/img.youtube.com\/vi\/UfK1Htx0vrQ\/hqdefault.jpg","maximum_image_url":"https:\/\/img.youtube.com\/vi\/UfK1Htx0vrQ\/maxresdefault.jpg"}},"approved":true,"titles":[{"type":"Default","title":"Hakuouki Movie 2: Shikon Soukyuu"},{"type":"Synonym","title":"Hakuoki Movie 2"},{"type":"Synonym","title":"Hakuouki Shinsengumi Kitan Movie 2"},{"type":"Japanese","title":"\u5287\u5834\u7248 \u8584\u685c\u9b3c \u7b2c\u4e8c\u7ae0 \u58eb\u9b42\u84bc\u7a79"},{"type":"English","title":"Hakuoki ~Demon of the Fleeting Blossom~ Warrior Spirit of the Blue Sky"},{"type":"German","title":"Hakuoki - Demon of the Fleeting Blossom Film 2: Warrior Spirit of the Blue Sky"},{"type":"French","title":"Hakuoki - Film 2 : Le Firmament des Samoura\u00efs"}],"title":"Hakuouki Movie 2: Shikon Soukyuu","title_english":"Hakuoki ~Demon of the Fleeting Blossom~ Warrior Spirit of the Blue Sky","title_japanese":"\u5287\u5834\u7248 \u8584\u685c\u9b3c \u7b2c\u4e8c\u7ae0 \u58eb\u9b42\u84bc\u7a79","title_synonyms":["Hakuoki Movie 2","Hakuouki Shinsengumi Kitan Movie 2"],"type":"Movie","source":"Visual novel","episodes":1,"status":"Finished Airing","airing":false,"aired":{"from":"2014-03-08T00:00:00+00:00","to":null,"prop":{"from":{"day":8,"month":3,"year":2014},"to":{"day":null,"month":null,"year":null}},"string":"Mar 8, 2014"},"duration":"1 hr 27 min","rating":"PG-13 - Teens 13 or older","score":7.69,"scored_by":7093,"rank":1205,"popularity":4519,"members":21948,"favorites":68,"synopsis":"Second part of two Hakuouki movies.","background":null,"season":null,"year":null,"broadcast":{"day":null,"time":null,"timezone":null,"string":null},"producers":[],"licensors":[{"mal_id":376,"type":"anime","name":"Sentai Filmworks","url":"https:\/\/myanimelist.net\/anime\/producer\/376\/Sentai_Filmworks"}],"studios":[{"mal_id":37,"type":"anime","name":"Studio Deen","url":"https:\/\/myanimelist.net\/anime\/producer\/37\/Studio_Deen"}],"genres":[{"mal_id":1,"type":"anime","name":"Action","url":"https:\/\/myanimelist.net\/anime\/genre\/1\/Action"},{"mal_id":8,"type":"anime","name":"Drama","url":"https:\/\/myanimelist.net\/anime\/genre\/8\/Drama"},{"mal_id":37,"type":"anime","name":"Supernatural","url":"https:\/\/myanimelist.net\/anime\/genre\/37\/Supernatural"}],"explicit_genres":[],"themes":[{"mal_id":13,"type":"anime","name":"Historical","url":"https:\/\/myanimelist.net\/anime\/genre\/13\/Historical"},{"mal_id":21,"type":"anime","name":"Samurai","url":"https:\/\/myanimelist.net\/anime\/genre\/21\/Samurai"}],"demographics":[{"mal_id":43,"type":"anime","name":"Josei","url":"https:\/\/myanimelist.net\/anime\/genre\/43\/Josei"}],"relations":[{"relation":"Alternative version","entry":[{"mal_id":9065,"type":"anime","name":"Hakuouki: Hekketsuroku","url":"https:\/\/myanimelist.net\/anime\/9065\/Hakuouki__Hekketsuroku"}]},{"relation":"Prequel","entry":[{"mal_id":13117,"type":"anime","name":"Hakuouki Movie 1: Kyoto Ranbu","url":"https:\/\/myanimelist.net\/anime\/13117\/Hakuouki_Movie_1__Kyoto_Ranbu"}]}],"theme":{"openings":[],"endings":["\"Soukyuu no Hata (\u84bc\u7a79\u30ce\u65d7)\" by Aika Yoshioka"]},"external":[{"name":"Official Site","url":"http:\/\/www.geneonuniversal.jp\/rondorobe\/anime\/hakuoki\/"},{"name":"AniDB","url":"https:\/\/anidb.net\/perl-bin\/animedb.pl?show=anime&aid=9000"},{"name":"ANN","url":"https:\/\/www.animenewsnetwork.com\/encyclopedia\/anime.php?id=15827"},{"name":"Wikipedia","url":"http:\/\/en.wikipedia.org\/wiki\/Hakuouki:_Shinsengumi_Kitan"}],"streaming":[{"name":"HIDIVE","url":"https:\/\/www.hidive.com\/movies\/hakuoki-theatrical-version-chapter-2-warrior-spirit-of-the-blue-sky"}]}}