{"data":{"mal_id":13117,"url":"https:\/\/myanimelist.net\/anime\/13117\/Hakuouki_Movie_1__Kyoto_Ranbu","images":{"jpg":{"image_url":"https:\/\/cdn.myanimelist.net\/images\/anime\/9\/49399.jpg","small_image_url":"https:\/\/cdn.myanimelist.net\/images\/anime\/9\/49399t.jpg","large_image_url":"https:\/\/cdn.myanimelist.net\/images\/anime\/9\/49399l.jpg"},"webp":{"image_url":"https:\/\/cdn.myanimelist.net\/images\/anime\/9\/49399.webp","small_image_url":"https:\/\/cdn.myanimelist.net\/images\/anime\/9\/49399t.webp","large_image_url":"https:\/\/cdn.myanimelist.net\/images\/anime\/9\/49399l.webp"}},"trailer":{"youtube_id":"GAaJSagI-mw","url":"https:\/\/www.youtube.com\/watch?v=GAaJSagI-mw","embed_url":"https:\/\/www.youtube.com\/embed\/GAaJSagI-mw?enablejsapi=1&wmode=opaque&autoplay=1","images":{"image_url":"https:\/\/img.youtube.com\/vi\/GAaJSagI-mw\/default.jpg","small_image_url":"https:\/\/img.youtube.com\/vi\/GAaJSagI-mw\/sddefault.jpg","medium_image_url":"https:\/\/img.youtube.com\/vi\/GAaJSagI-mw\/mqdefault.jpg","large_image_url":"https:\/\/img.youtube.com\/vi\/GAaJSagI-mw\/hqdefault.jpg","maximum_image_url":"https:\/\/img.youtube.com\/vi\/GAaJSagI-mw\/maxresdefault.jpg"}},"approved":true,"titles":[{"type":"Default","title":"Hakuouki Movie 1: Kyoto Ranbu"},{"type":"Synonym","title":"Hakuoki Movie 1"},{"type":"Synonym","title":"Hakuouki Shinsengumi Kitan Movie 1"},{"type":"Synonym","title":"Hakuoki: Wild Dance of Kyoto"},{"type":"Japanese","title":"\u5287\u5834\u7248 \u8584\u685c\u9b3c \u7b2c\u4e00\u7ae0 \u4eac\u90fd\u4e71\u821e"},{"type":"English","title":"Hakuoki ~Demon of the Fleeting Blossom~ Wild Dance of Kyoto"},{"type":"German","title":"Hakuoki - Demon of the Fleeting Blossom FIlm 1: Wild Dance of Kyoto"},{"type":"French","title":"Hakuoki - Film 1 : Danse Sanglante \u00e0 Kyoto"}],"title":"Hakuouki Movie 1: Kyoto Ranbu","title_english":"Hakuoki ~Demon of the Fleeting Blossom~ Wild Dance of Kyoto","title_japanese":"\u5287\u5834\u7248 \u8584\u685c\u9b3c \u7b2c\u4e00\u7ae0 \u4eac\u90fd\u4e71\u821e","title_synonyms":["Hakuoki Movie 1","Hakuouki Shinsengumi Kitan Movie 1","Hakuoki: Wild Dance of Kyoto"],"type":"Movie","source":"Visual novel","episodes":1,"status":"Finished Airing","airing":false,"aired":{"from":"2013-08-24T00:00:00+00:00","to":null,"prop":{"from":{"day":24,"month":8,"year":2013},"to":{"day":null,"month":null,"year":null}},"string":"Aug 24, 2013"},"duration":"1 hr 35 min","rating":"PG-13 - Teens 13 or older","score":7.6,"scored_by":9254,"rank":1433,"popularity":3995,"members":28828,"favorites":77,"synopsis":"Disguised as a boy, young Chizuru Yukimura leaves her quiet home and heads to Kyoto in search of her missing father\u2014a medical doctor by the name of Koudou. She soon learns that the volatile capital city is a dangerous place to be in as she is ambushed by a pair of ronin while in the streets. Much to her horror, the ronin are slain right in front of her eyes by white-haired, red-eyed samurai, only to be quickly disposed of by three men from the Shinsengumi\u2014a special police force who serve the shogun.\n\nAfter the incident, Chizuru finds herself being taken into custody by the Shinsengumi for further questioning. Upon learning that her missing father is also the same man they are searching for, the chief allows her to stay in their care while they look for his whereabouts. While working as an assistant for second-in-command Toshizou Hijikata, Chizuru slowly discovers just how connected the troubling political environment of Kyoto and the demonic-looking white-haired samurai are to her.\n\n[Written by MAL Rewrite]","background":"Hakuouki Movie 1: Kyoto Ranbu was released on Blu-ray and DVD by Sentai Filmworks as Hakuoki: Demon of the Fleeting Blossom: Wild Dance of Kyoto on June 28, 2016.","season":null,"year":null,"broadcast":{"day":null,"time":null,"timezone":null,"string":null},"producers":[{"mal_id":31,"type":"anime","name":"Geneon Universal Entertainment","url":"https:\/\/myanimelist.net\/anime\/producer\/31\/Geneon_Universal_Entertainment"},{"mal_id":61,"type":"anime","name":"Frontier Works","url":"https:\/\/myanimelist.net\/anime\/producer\/61\/Frontier_Works"},{"mal_id":460,"type":"anime","name":"KlockWorx","url":"https:\/\/myanimelist.net\/anime\/producer\/460\/KlockWorx"}],"licensors":[{"mal_id":376,"type":"anime","name":"Sentai Filmworks","url":"https:\/\/myanimelist.net\/anime\/producer\/376\/Sentai_Filmworks"}],"studios":[{"mal_id":37,"type":"anime","name":"Studio Deen","url":"https:\/\/myanimelist.net\/anime\/producer\/37\/Studio_Deen"}],"genres":[{"mal_id":1,"type":"anime","name":"Action","url":"https:\/\/myanimelist.net\/anime\/genre\/1\/Action"},{"mal_id":8,"type":"anime","name":"Drama","url":"https:\/\/myanimelist.net\/anime\/genre\/8\/Drama"},{"mal_id":37,"type":"anime","name":"Supernatural","url":"https:\/\/myanimelist.net\/anime\/genre\/37\/Supernatural"}],"explicit_genres":[],"themes":[{"mal_id":13,"type":"anime","name":"Historical","url":"https:\/\/myanimelist.net\/anime\/genre\/13\/Historical"},{"mal_id":21,"type":"anime","name":"Samurai","url":"https:\/\/myanimelist.net\/anime\/genre\/21\/Samurai"}],"demographics":[{"mal_id":43,"type":"anime","name":"Josei","url":"https:\/\/myanimelist.net\/anime\/genre\/43\/Josei"}],"relations":[{"relation":"Alternative version","entry":[{"mal_id":6895,"type":"anime","name":"Hakuouki","url":"https:\/\/myanimelist.net\/anime\/6895\/Hakuouki"},{"mal_id":9723,"type":"anime","name":"Hakuouki: Hekketsuroku - Kyoto Kaisouroku","url":"https:\/\/myanimelist.net\/anime\/9723\/Hakuouki__Hekketsuroku_-_Kyoto_Kaisouroku"}]},{"relation":"Sequel","entry":[{"mal_id":13119,"type":"anime","name":"Hakuouki Movie 2: Shikon Soukyuu","url":"https:\/\/myanimelist.net\/anime\/13119\/Hakuouki_Movie_2__Shikon_Soukyuu"}]}],"theme":{"openings":[],"endings":["\"Kurenai no Ito (\u7d05\u306e\u7cf8)\" by Aika Yoshioka"]},"external":[{"name":"Official Site","url":"http:\/\/www.geneonuniversal.jp\/rondorobe\/anime\/hakuoki\/"},{"name":"AniDB","url":"https:\/\/anidb.net\/perl-bin\/animedb.pl?show=anime&aid=9000"},{"name":"ANN","url":"https:\/\/www.animenewsnetwork.com\/encyclopedia\/anime.php?id=15102"},{"name":"Wikipedia","url":"http:\/\/en.wikipedia.org\/wiki\/Hakuouki:_Shinsengumi_Kitan"}],"streaming":[{"name":"HIDIVE","url":"https:\/\/www.hidive.com\/movies\/hakuoki-theatrical-version-chapter-1-wild-dance-of-kyoto"}]}}