{"data":{"mal_id":13349,"url":"https:\/\/myanimelist.net\/anime\/13349\/Chouyaku_Hyakuninisshu__Uta_Koi","images":{"jpg":{"image_url":"https:\/\/cdn.myanimelist.net\/images\/anime\/7\/42007.jpg","small_image_url":"https:\/\/cdn.myanimelist.net\/images\/anime\/7\/42007t.jpg","large_image_url":"https:\/\/cdn.myanimelist.net\/images\/anime\/7\/42007l.jpg"},"webp":{"image_url":"https:\/\/cdn.myanimelist.net\/images\/anime\/7\/42007.webp","small_image_url":"https:\/\/cdn.myanimelist.net\/images\/anime\/7\/42007t.webp","large_image_url":"https:\/\/cdn.myanimelist.net\/images\/anime\/7\/42007l.webp"}},"trailer":{"youtube_id":null,"url":null,"embed_url":null,"images":{"image_url":null,"small_image_url":null,"medium_image_url":null,"large_image_url":null,"maximum_image_url":null}},"approved":true,"titles":[{"type":"Default","title":"Chouyaku Hyakuninisshu: Uta Koi."},{"type":"Synonym","title":"Utakoi."},{"type":"Japanese","title":"\u8d85\u8a33\u767e\u4eba\u4e00\u9996 \u3046\u305f\u604b\u3044\u3002"},{"type":"English","title":"Utakoi"},{"type":"German","title":"Utakoi"},{"type":"Spanish","title":"Utakoi"},{"type":"French","title":"Utakoi"}],"title":"Chouyaku Hyakuninisshu: Uta Koi.","title_english":"Utakoi","title_japanese":"\u8d85\u8a33\u767e\u4eba\u4e00\u9996 \u3046\u305f\u604b\u3044\u3002","title_synonyms":["Utakoi."],"type":"TV","source":"Manga","episodes":13,"status":"Finished Airing","airing":false,"aired":{"from":"2012-07-03T00:00:00+00:00","to":"2012-09-25T00:00:00+00:00","prop":{"from":{"day":3,"month":7,"year":2012},"to":{"day":25,"month":9,"year":2012}},"string":"Jul 3, 2012 to Sep 25, 2012"},"duration":"24 min per ep","rating":"PG-13 - Teens 13 or older","score":7.44,"scored_by":8560,"rank":2001,"popularity":3957,"members":29350,"favorites":119,"synopsis":"Uta Koi tells the \"super-liberal interpretation\" of the Hyakuninisshu anthology compiled during Japan's Heian period of 100 romantic poems from 100 different poets such as The Tale of Genji's Murasaki Shikibu.","background":null,"season":"summer","year":2012,"broadcast":{"day":"Mondays","time":"01:30","timezone":"Asia\/Tokyo","string":"Mondays at 01:30 (JST)"},"producers":[{"mal_id":16,"type":"anime","name":"TV Tokyo","url":"https:\/\/myanimelist.net\/anime\/producer\/16\/TV_Tokyo"},{"mal_id":17,"type":"anime","name":"Aniplex","url":"https:\/\/myanimelist.net\/anime\/producer\/17\/Aniplex"},{"mal_id":139,"type":"anime","name":"Nihon Ad Systems","url":"https:\/\/myanimelist.net\/anime\/producer\/139\/Nihon_Ad_Systems"},{"mal_id":315,"type":"anime","name":"DAX Production","url":"https:\/\/myanimelist.net\/anime\/producer\/315\/DAX_Production"}],"licensors":[],"studios":[{"mal_id":333,"type":"anime","name":"TYO Animations","url":"https:\/\/myanimelist.net\/anime\/producer\/333\/TYO_Animations"}],"genres":[{"mal_id":4,"type":"anime","name":"Comedy","url":"https:\/\/myanimelist.net\/anime\/genre\/4\/Comedy"},{"mal_id":22,"type":"anime","name":"Romance","url":"https:\/\/myanimelist.net\/anime\/genre\/22\/Romance"}],"explicit_genres":[],"themes":[{"mal_id":13,"type":"anime","name":"Historical","url":"https:\/\/myanimelist.net\/anime\/genre\/13\/Historical"}],"demographics":[{"mal_id":43,"type":"anime","name":"Josei","url":"https:\/\/myanimelist.net\/anime\/genre\/43\/Josei"}],"relations":[{"relation":"Adaptation","entry":[{"mal_id":35813,"type":"manga","name":"Chouyaku Hyakuninisshu: Uta Koi.","url":"https:\/\/myanimelist.net\/manga\/35813\/Chouyaku_Hyakuninisshu__Uta_Koi"}]},{"relation":"Other","entry":[{"mal_id":16119,"type":"anime","name":"Chouyaku Hyakuninisshu: Uta Koi. - Sake to Kikoushi: Murasaki Shikibu to Kintou","url":"https:\/\/myanimelist.net\/anime\/16119\/Chouyaku_Hyakuninisshu__Uta_Koi_-_Sake_to_Kikoushi__Murasaki_Shikibu_to_Kintou"}]}],"theme":{"openings":["\"Love Letter from Nanika? (\u30e9\u30d6\u30ec\u30bf\u30fc\u30fb\u30d5\u30ed\u30e0\u30fb\u4f55\u304b\uff1f)\" by ecosystem"],"endings":["\"Singin' My Lu\" by SOUL'd OUT"]},"external":[{"name":"Official Site","url":"http:\/\/www.anime-utakoi.jp\/"},{"name":"AniDB","url":"https:\/\/anidb.net\/perl-bin\/animedb.pl?show=anime&aid=9078"},{"name":"ANN","url":"https:\/\/www.animenewsnetwork.com\/encyclopedia\/anime.php?id=14168"},{"name":"Wikipedia","url":"http:\/\/ja.wikipedia.org\/wiki\/\u8d85\u8a33\u767e\u4eba\u4e00\u9996_\u3046\u305f\u604b\u3044\u3002"},{"name":"Wikipedia","url":"https:\/\/en.wikipedia.org\/wiki\/Ch%C5%8Dyaku_Hyakunin_isshu:_Uta_Koi#Anime"}],"streaming":[]}}