{"data":{"mal_id":13535,"url":"https:\/\/myanimelist.net\/anime\/13535\/Binbougami_ga","images":{"jpg":{"image_url":"https:\/\/cdn.myanimelist.net\/images\/anime\/8\/39333.jpg","small_image_url":"https:\/\/cdn.myanimelist.net\/images\/anime\/8\/39333t.jpg","large_image_url":"https:\/\/cdn.myanimelist.net\/images\/anime\/8\/39333l.jpg"},"webp":{"image_url":"https:\/\/cdn.myanimelist.net\/images\/anime\/8\/39333.webp","small_image_url":"https:\/\/cdn.myanimelist.net\/images\/anime\/8\/39333t.webp","large_image_url":"https:\/\/cdn.myanimelist.net\/images\/anime\/8\/39333l.webp"}},"trailer":{"youtube_id":null,"url":null,"embed_url":null,"images":{"image_url":null,"small_image_url":null,"medium_image_url":null,"large_image_url":null,"maximum_image_url":null}},"approved":true,"titles":[{"type":"Default","title":"Binbougami ga!"},{"type":"Synonym","title":"Binbou Gami ga!"},{"type":"Synonym","title":"Binboukami ga!"},{"type":"Synonym","title":"Binbogami ga!"},{"type":"Synonym","title":"Binbou Kami ga!"},{"type":"Synonym","title":"The God Of Poverty is!"},{"type":"Japanese","title":"\u8ca7\u4e4f\u795e\u304c!"},{"type":"English","title":"Good Luck Girl!"}],"title":"Binbougami ga!","title_english":"Good Luck Girl!","title_japanese":"\u8ca7\u4e4f\u795e\u304c!","title_synonyms":["Binbou Gami ga!","Binboukami ga!","Binbogami ga!","Binbou Kami ga!","The God Of Poverty is!"],"type":"TV","source":"Manga","episodes":13,"status":"Finished Airing","airing":false,"aired":{"from":"2012-07-05T00:00:00+00:00","to":"2012-09-27T00:00:00+00:00","prop":{"from":{"day":5,"month":7,"year":2012},"to":{"day":27,"month":9,"year":2012}},"string":"Jul 5, 2012 to Sep 27, 2012"},"duration":"23 min per ep","rating":"PG-13 - Teens 13 or older","score":7.67,"scored_by":110420,"rank":1254,"popularity":1008,"members":229262,"favorites":1210,"synopsis":"Ichiko Sakura lives life on easy mode. Blessed with good fortune, she has everything she has ever wanted, including beauty, intelligence, and wealth. Momiji Binboda is a goddess of poverty. In stark contrast to Ichiko, she is cursed with misfortune, such as a perpetual cast on her arm, a flat chest, and a box under a bridge for a home.\n\nTheir lives collide when Momiji lives up to her title and delivers some unfortunate news to Ichiko: her large amount of luck is due to her subconsciously draining the luck from those around her! Momiji has been tasked with stealing back Ichiko's fortune before she leaves everyone without enough luck to even survive. But Ichiko, with the help of the wandering monk Bobby Statice, manages to fight off the poverty goddess. This defeat forces the goddess to enlist reinforcements in the form of Kumagai, her teddy bear familiar, and the masochistic dog god, Momoo Inugami.\n\nInsanity ensues as Ichiko's quiet life is replaced with daily battles for her fortune. To survive the chaos, Ichiko will need all the luck she can get in Binbougami ga!!\n\n[Written by MAL Rewrite]","background":null,"season":"summer","year":2012,"broadcast":{"day":null,"time":null,"timezone":null,"string":"Unknown"},"producers":[{"mal_id":16,"type":"anime","name":"TV Tokyo","url":"https:\/\/myanimelist.net\/anime\/producer\/16\/TV_Tokyo"},{"mal_id":23,"type":"anime","name":"Bandai Visual","url":"https:\/\/myanimelist.net\/anime\/producer\/23\/Bandai_Visual"},{"mal_id":53,"type":"anime","name":"Dentsu","url":"https:\/\/myanimelist.net\/anime\/producer\/53\/Dentsu"},{"mal_id":643,"type":"anime","name":"Trinity Sound","url":"https:\/\/myanimelist.net\/anime\/producer\/643\/Trinity_Sound"},{"mal_id":757,"type":"anime","name":"Sony Music Entertainment","url":"https:\/\/myanimelist.net\/anime\/producer\/757\/Sony_Music_Entertainment"},{"mal_id":829,"type":"anime","name":"Studio Jack","url":"https:\/\/myanimelist.net\/anime\/producer\/829\/Studio_Jack"},{"mal_id":1365,"type":"anime","name":"Shueisha","url":"https:\/\/myanimelist.net\/anime\/producer\/1365\/Shueisha"}],"licensors":[{"mal_id":102,"type":"anime","name":"Funimation","url":"https:\/\/myanimelist.net\/anime\/producer\/102\/Funimation"}],"studios":[{"mal_id":14,"type":"anime","name":"Sunrise","url":"https:\/\/myanimelist.net\/anime\/producer\/14\/Sunrise"}],"genres":[{"mal_id":4,"type":"anime","name":"Comedy","url":"https:\/\/myanimelist.net\/anime\/genre\/4\/Comedy"},{"mal_id":37,"type":"anime","name":"Supernatural","url":"https:\/\/myanimelist.net\/anime\/genre\/37\/Supernatural"}],"explicit_genres":[],"themes":[{"mal_id":57,"type":"anime","name":"Gag Humor","url":"https:\/\/myanimelist.net\/anime\/genre\/57\/Gag_Humor"},{"mal_id":20,"type":"anime","name":"Parody","url":"https:\/\/myanimelist.net\/anime\/genre\/20\/Parody"}],"demographics":[{"mal_id":27,"type":"anime","name":"Shounen","url":"https:\/\/myanimelist.net\/anime\/genre\/27\/Shounen"}],"relations":[{"relation":"Adaptation","entry":[{"mal_id":20242,"type":"manga","name":"Binbougami ga!","url":"https:\/\/myanimelist.net\/manga\/20242\/Binbougami_ga"}]}],"theme":{"openings":["1: \"Make My Day!\" by Piko (eps 1-12)","2: \"Koi Boudou (\u604b\u66b4\u52d5)\" by HAPPY BIRTHDAY (eps 13)"],"endings":["1: \"Koi Boudou (\u604b\u66b4\u52d5)\" by HAPPY BIRTHDAY (eps 1-12)","2: \"Make My Day!\" by Piko (eps 13)"]},"external":[{"name":"Official Site","url":"http:\/\/www.binbogamiga.net\/"},{"name":"AniDB","url":"https:\/\/anidb.net\/perl-bin\/animedb.pl?show=anime&aid=8888"},{"name":"ANN","url":"https:\/\/www.animenewsnetwork.com\/encyclopedia\/anime.php?id=14191"},{"name":"Wikipedia","url":"http:\/\/ja.wikipedia.org\/wiki\/\u8ca7\u4e4f\u795e\u304c!"}],"streaming":[{"name":"Funimation","url":"https:\/\/www.funimation.com\/shows\/good-luck-girl"}]}}