{"data":{"mal_id":1363,"url":"https:\/\/myanimelist.net\/anime\/1363\/Detective_Conan_Movie_04__Captured_in_Her_Eyes","images":{"jpg":{"image_url":"https:\/\/cdn.myanimelist.net\/images\/anime\/1196\/94319.jpg","small_image_url":"https:\/\/cdn.myanimelist.net\/images\/anime\/1196\/94319t.jpg","large_image_url":"https:\/\/cdn.myanimelist.net\/images\/anime\/1196\/94319l.jpg"},"webp":{"image_url":"https:\/\/cdn.myanimelist.net\/images\/anime\/1196\/94319.webp","small_image_url":"https:\/\/cdn.myanimelist.net\/images\/anime\/1196\/94319t.webp","large_image_url":"https:\/\/cdn.myanimelist.net\/images\/anime\/1196\/94319l.webp"}},"trailer":{"youtube_id":null,"url":null,"embed_url":null,"images":{"image_url":null,"small_image_url":null,"medium_image_url":null,"large_image_url":null,"maximum_image_url":null}},"approved":true,"titles":[{"type":"Default","title":"Detective Conan Movie 04: Captured in Her Eyes"},{"type":"Synonym","title":"Meitantei Conan: Hitomi no Naka no Ansatsusha"},{"type":"Synonym","title":"Detective Conan Movie 4"},{"type":"Japanese","title":"\u77b3\u306e\u4e2d\u306e\u6697\u6bba\u8005"},{"type":"English","title":"Case Closed Movie 4: Captured In Her Eyes"},{"type":"German","title":"Detektiv Conan Film 4: Der Killer in ihren Augen"},{"type":"French","title":"Detektiv Conan Film 4: L'assassins dans Ses Yeux"}],"title":"Detective Conan Movie 04: Captured in Her Eyes","title_english":"Case Closed Movie 4: Captured In Her Eyes","title_japanese":"\u77b3\u306e\u4e2d\u306e\u6697\u6bba\u8005","title_synonyms":["Meitantei Conan: Hitomi no Naka no Ansatsusha","Detective Conan Movie 4"],"type":"Movie","source":"Manga","episodes":1,"status":"Finished Airing","airing":false,"aired":{"from":"2000-04-22T00:00:00+00:00","to":null,"prop":{"from":{"day":22,"month":4,"year":2000},"to":{"day":null,"month":null,"year":null}},"string":"Apr 22, 2000"},"duration":"1 hr 40 min","rating":"PG-13 - Teens 13 or older","score":8.03,"scored_by":36619,"rank":572,"popularity":2704,"members":61079,"favorites":94,"synopsis":"On a rainy afternoon, the Detective Boys witness a murder across the street. Barred by traffic, the culprit slips away and Conan Edogawa is left a single clue by a dying detective. Days later, another detective is found murdered in a parking lot, leaving the police rattled. Suspicious that the culprit is one of their own, everyone in the police department without an alibi is suspect. But despite being on high alert, they are outmaneuvered and suffer yet another attack\u2014this time with Ran Mouri finding herself in the crossfire.\n\nTraumatized, Ran wakes in the hospital with retrograde amnesia, remembering nothing about her life. Soon released, she struggles to remember her past and grows fearful of not regaining her memories before being targeted by the killer for what she witnessed. As she is guarded by friends and family, it is up to Conan to piece together the clues and find who the murderer is before they strike again.\n\n[Written by MAL Rewrite]","background":null,"season":null,"year":null,"broadcast":{"day":null,"time":null,"timezone":null,"string":null},"producers":[{"mal_id":156,"type":"anime","name":"Polygram Japan","url":"https:\/\/myanimelist.net\/anime\/producer\/156\/Polygram_Japan"}],"licensors":[{"mal_id":102,"type":"anime","name":"Funimation","url":"https:\/\/myanimelist.net\/anime\/producer\/102\/Funimation"}],"studios":[{"mal_id":73,"type":"anime","name":"TMS Entertainment","url":"https:\/\/myanimelist.net\/anime\/producer\/73\/TMS_Entertainment"}],"genres":[{"mal_id":2,"type":"anime","name":"Adventure","url":"https:\/\/myanimelist.net\/anime\/genre\/2\/Adventure"},{"mal_id":4,"type":"anime","name":"Comedy","url":"https:\/\/myanimelist.net\/anime\/genre\/4\/Comedy"},{"mal_id":7,"type":"anime","name":"Mystery","url":"https:\/\/myanimelist.net\/anime\/genre\/7\/Mystery"}],"explicit_genres":[],"themes":[{"mal_id":39,"type":"anime","name":"Detective","url":"https:\/\/myanimelist.net\/anime\/genre\/39\/Detective"}],"demographics":[{"mal_id":27,"type":"anime","name":"Shounen","url":"https:\/\/myanimelist.net\/anime\/genre\/27\/Shounen"}],"relations":[{"relation":"Parent story","entry":[{"mal_id":235,"type":"anime","name":"Detective Conan","url":"https:\/\/myanimelist.net\/anime\/235\/Detective_Conan"}]}],"theme":{"openings":[],"endings":["\"Anata ga Iru Kara (\u3042\u306a\u305f\u304c\u3044\u308b\u304b\u3089)\" by Miho Komatsu"]},"external":[{"name":"AniDB","url":"https:\/\/anidb.net\/perl-bin\/animedb.pl?show=anime&aid=2647"},{"name":"ANN","url":"https:\/\/www.animenewsnetwork.com\/encyclopedia\/anime.php?id=2682"},{"name":"Wikipedia","url":"http:\/\/en.wikipedia.org\/wiki\/Case_Closed:_Captured_in_Her_Eyes"}],"streaming":[{"name":"Crunchyroll","url":"http:\/\/www.crunchyroll.com\/series-281139"}]}}