{"data":{"mal_id":13663,"url":"https:\/\/myanimelist.net\/anime\/13663\/To_LOVE-Ru_Darkness","images":{"jpg":{"image_url":"https:\/\/cdn.myanimelist.net\/images\/anime\/8\/42217.jpg","small_image_url":"https:\/\/cdn.myanimelist.net\/images\/anime\/8\/42217t.jpg","large_image_url":"https:\/\/cdn.myanimelist.net\/images\/anime\/8\/42217l.jpg"},"webp":{"image_url":"https:\/\/cdn.myanimelist.net\/images\/anime\/8\/42217.webp","small_image_url":"https:\/\/cdn.myanimelist.net\/images\/anime\/8\/42217t.webp","large_image_url":"https:\/\/cdn.myanimelist.net\/images\/anime\/8\/42217l.webp"}},"trailer":{"youtube_id":"48QoMhZKYvg","url":"https:\/\/www.youtube.com\/watch?v=48QoMhZKYvg","embed_url":"https:\/\/www.youtube.com\/embed\/48QoMhZKYvg?enablejsapi=1&wmode=opaque&autoplay=1","images":{"image_url":"https:\/\/img.youtube.com\/vi\/48QoMhZKYvg\/default.jpg","small_image_url":"https:\/\/img.youtube.com\/vi\/48QoMhZKYvg\/sddefault.jpg","medium_image_url":"https:\/\/img.youtube.com\/vi\/48QoMhZKYvg\/mqdefault.jpg","large_image_url":"https:\/\/img.youtube.com\/vi\/48QoMhZKYvg\/hqdefault.jpg","maximum_image_url":"https:\/\/img.youtube.com\/vi\/48QoMhZKYvg\/maxresdefault.jpg"}},"approved":true,"titles":[{"type":"Default","title":"To LOVE-Ru Darkness"},{"type":"Synonym","title":"To LOVE-Ru Trouble Darkness"},{"type":"Synonym","title":"To-Love-Ru Darkness"},{"type":"Synonym","title":"ToLoveRu Darkness"},{"type":"Japanese","title":"To LOVE\u308b -\u3068\u3089\u3076\u308b- \u30c0\u30fc\u30af\u30cd\u30b9"},{"type":"English","title":"To LOVE Ru Darkness"},{"type":"German","title":"To Love Ru Darkness"},{"type":"French","title":"To Love Ru Darkness"}],"title":"To LOVE-Ru Darkness","title_english":"To LOVE Ru Darkness","title_japanese":"To LOVE\u308b -\u3068\u3089\u3076\u308b- \u30c0\u30fc\u30af\u30cd\u30b9","title_synonyms":["To LOVE-Ru Trouble Darkness","To-Love-Ru Darkness","ToLoveRu Darkness"],"type":"TV","source":"Manga","episodes":12,"status":"Finished Airing","airing":false,"aired":{"from":"2012-10-06T00:00:00+00:00","to":"2012-12-29T00:00:00+00:00","prop":{"from":{"day":6,"month":10,"year":2012},"to":{"day":29,"month":12,"year":2012}},"string":"Oct 6, 2012 to Dec 29, 2012"},"duration":"23 min per ep","rating":"R+ - Mild Nudity","score":7.42,"scored_by":197921,"rank":2099,"popularity":615,"members":364958,"favorites":2130,"synopsis":"As close encounters of the twisted kind between the residents of the planet Develuke (represented primarily by the female members of the royal family) and the inhabitants of Earth (represented mainly by one very exhausted Rito Yuki) continue to escalate, the situation spirals even further out of control. When junior princesses Nana and Momo transferred into Earth School where big sister LaLa can (theoretically) keep an eye on them, things SHOULD be smooth sailing. But when Momo decides she'd like to \"supplement\" Rito's relationship with LaLa with a little \"sisterly love,\" you know LaLa's not going to waste any time splitting harems. Unfortunately, it's just about that point that Yami, the Golden Darkness, enters the scene with all the subtleness of a supernova, along with an army of possessed high school students! All of which is certain to make Rito's life suck more than a black hole at the family picnic. Unless, of course, a certain semi-demonic princess can apply a little of her Develukean Whoop Ass to exactly that portion of certain other heavenly bodies! \n\n(Source: Sentai Filmworks)","background":null,"season":"fall","year":2012,"broadcast":{"day":null,"time":null,"timezone":null,"string":"Unknown"},"producers":[{"mal_id":31,"type":"anime","name":"Geneon Universal Entertainment","url":"https:\/\/myanimelist.net\/anime\/producer\/31\/Geneon_Universal_Entertainment"},{"mal_id":306,"type":"anime","name":"Magic Capsule","url":"https:\/\/myanimelist.net\/anime\/producer\/306\/Magic_Capsule"},{"mal_id":1365,"type":"anime","name":"Shueisha","url":"https:\/\/myanimelist.net\/anime\/producer\/1365\/Shueisha"}],"licensors":[{"mal_id":376,"type":"anime","name":"Sentai Filmworks","url":"https:\/\/myanimelist.net\/anime\/producer\/376\/Sentai_Filmworks"}],"studios":[{"mal_id":27,"type":"anime","name":"Xebec","url":"https:\/\/myanimelist.net\/anime\/producer\/27\/Xebec"}],"genres":[{"mal_id":4,"type":"anime","name":"Comedy","url":"https:\/\/myanimelist.net\/anime\/genre\/4\/Comedy"},{"mal_id":22,"type":"anime","name":"Romance","url":"https:\/\/myanimelist.net\/anime\/genre\/22\/Romance"},{"mal_id":24,"type":"anime","name":"Sci-Fi","url":"https:\/\/myanimelist.net\/anime\/genre\/24\/Sci-Fi"},{"mal_id":9,"type":"anime","name":"Ecchi","url":"https:\/\/myanimelist.net\/anime\/genre\/9\/Ecchi"}],"explicit_genres":[],"themes":[{"mal_id":35,"type":"anime","name":"Harem","url":"https:\/\/myanimelist.net\/anime\/genre\/35\/Harem"},{"mal_id":23,"type":"anime","name":"School","url":"https:\/\/myanimelist.net\/anime\/genre\/23\/School"}],"demographics":[{"mal_id":27,"type":"anime","name":"Shounen","url":"https:\/\/myanimelist.net\/anime\/genre\/27\/Shounen"}],"relations":[{"relation":"Adaptation","entry":[{"mal_id":22519,"type":"manga","name":"To LOVE-Ru Darkness","url":"https:\/\/myanimelist.net\/manga\/22519\/To_LOVE-Ru_Darkness"}]},{"relation":"Prequel","entry":[{"mal_id":9181,"type":"anime","name":"Motto To LOVE-Ru","url":"https:\/\/myanimelist.net\/anime\/9181\/Motto_To_LOVE-Ru"}]},{"relation":"Side story","entry":[{"mal_id":13851,"type":"anime","name":"To LOVE-Ru Darkness OVA","url":"https:\/\/myanimelist.net\/anime\/13851\/To_LOVE-Ru_Darkness_OVA"}]},{"relation":"Sequel","entry":[{"mal_id":28979,"type":"anime","name":"To LOVE-Ru Darkness 2nd","url":"https:\/\/myanimelist.net\/anime\/28979\/To_LOVE-Ru_Darkness_2nd"}]}],"theme":{"openings":["\"RAKUEN PROJECT (\u697d\u5712PROJECT)\" by Ray"],"endings":["\"Foul Play ni Kurari (\u30d5\u30a1\u30fc\u30eb\u30d7\u30ec\u30fc\u306b\u304f\u3089\u308a)\" by Kanon Wakeshima"]},"external":[{"name":"Official Site","url":"http:\/\/www.j-toloveru.com\/"},{"name":"AniDB","url":"https:\/\/anidb.net\/perl-bin\/animedb.pl?show=anime&aid=9133"},{"name":"ANN","url":"https:\/\/www.animenewsnetwork.com\/encyclopedia\/anime.php?id=14209"},{"name":"Wikipedia","url":"http:\/\/en.wikipedia.org\/wiki\/To_Love-Ru"}],"streaming":[{"name":"HIDIVE","url":"https:\/\/www.hidive.com\/tv\/to-love-ru-darkness"}]}}