{"data":{"mal_id":1394,"url":"https:\/\/myanimelist.net\/anime\/1394\/Future_GPX_Cyber_Formula_Saga","images":{"jpg":{"image_url":"https:\/\/cdn.myanimelist.net\/images\/anime\/1344\/93011.jpg","small_image_url":"https:\/\/cdn.myanimelist.net\/images\/anime\/1344\/93011t.jpg","large_image_url":"https:\/\/cdn.myanimelist.net\/images\/anime\/1344\/93011l.jpg"},"webp":{"image_url":"https:\/\/cdn.myanimelist.net\/images\/anime\/1344\/93011.webp","small_image_url":"https:\/\/cdn.myanimelist.net\/images\/anime\/1344\/93011t.webp","large_image_url":"https:\/\/cdn.myanimelist.net\/images\/anime\/1344\/93011l.webp"}},"trailer":{"youtube_id":null,"url":null,"embed_url":null,"images":{"image_url":null,"small_image_url":null,"medium_image_url":null,"large_image_url":null,"maximum_image_url":null}},"approved":true,"titles":[{"type":"Default","title":"Future GPX Cyber Formula Saga"},{"type":"Synonym","title":"Shinseki-GPX Cyber Formula Saga"},{"type":"Japanese","title":"\u65b0\u4e16\u7d00\uff27\uff30\uff38\u30b5\u30a4\u30d0\u30fc\u30d5\u30a9\u30fc\u30df\u30e5\u30e9\uff33\uff21\uff27\uff21"}],"title":"Future GPX Cyber Formula Saga","title_english":null,"title_japanese":"\u65b0\u4e16\u7d00\uff27\uff30\uff38\u30b5\u30a4\u30d0\u30fc\u30d5\u30a9\u30fc\u30df\u30e5\u30e9\uff33\uff21\uff27\uff21","title_synonyms":["Shinseki-GPX Cyber Formula Saga"],"type":"OVA","source":"Original","episodes":8,"status":"Finished Airing","airing":false,"aired":{"from":"1996-08-01T00:00:00+00:00","to":"1997-07-25T00:00:00+00:00","prop":{"from":{"day":1,"month":8,"year":1996},"to":{"day":25,"month":7,"year":1997}},"string":"Aug 1, 1996 to Jul 25, 1997"},"duration":"30 min per ep","rating":"R+ - Mild Nudity","score":7.35,"scored_by":1091,"rank":2380,"popularity":9848,"members":2807,"favorites":11,"synopsis":"After his disappointing loss in the last round of the 14th Cyber Formula World Grand Prix, which causes him the championship, Hayato Kazami decides that he needs a change and switches over to the Sugo Garland SF-03 for the 15th Cyber Formula World Grand Prix while he waits for the newest Asurada design. However, his hope to make up for the past year's letdown is made difficult when Aoi ZIP Formula undergoes a major restructuring and brings in Kyoshiro Nagumo as the new president of the team. The new car that he brought to the team, driven by newcomer Phil Fritz, is seemingly unbeatable...\n\n(Source: ANN)","background":null,"season":null,"year":null,"broadcast":{"day":null,"time":null,"timezone":null,"string":null},"producers":[],"licensors":[],"studios":[{"mal_id":14,"type":"anime","name":"Sunrise","url":"https:\/\/myanimelist.net\/anime\/producer\/14\/Sunrise"}],"genres":[{"mal_id":8,"type":"anime","name":"Drama","url":"https:\/\/myanimelist.net\/anime\/genre\/8\/Drama"},{"mal_id":24,"type":"anime","name":"Sci-Fi","url":"https:\/\/myanimelist.net\/anime\/genre\/24\/Sci-Fi"}],"explicit_genres":[],"themes":[{"mal_id":3,"type":"anime","name":"Racing","url":"https:\/\/myanimelist.net\/anime\/genre\/3\/Racing"}],"demographics":[],"relations":[{"relation":"Prequel","entry":[{"mal_id":1393,"type":"anime","name":"Future GPX Cyber Formula Zero","url":"https:\/\/myanimelist.net\/anime\/1393\/Future_GPX_Cyber_Formula_Zero"}]},{"relation":"Sequel","entry":[{"mal_id":1395,"type":"anime","name":"Future GPX Cyber Formula Sin","url":"https:\/\/myanimelist.net\/anime\/1395\/Future_GPX_Cyber_Formula_Sin"}]}],"theme":{"openings":["\"Identity Crisis\" by CaYOCO"],"endings":["\"WILD at HEART\" by CaYOCO"]},"external":[{"name":"AniDB","url":"https:\/\/anidb.net\/perl-bin\/animedb.pl?show=anime&aid=2149"},{"name":"ANN","url":"https:\/\/www.animenewsnetwork.com\/encyclopedia\/anime.php?id=4231"},{"name":"Wikipedia","url":"http:\/\/en.wikipedia.org\/wiki\/Future_GPX_Cyber_Formula#OVA_series"}],"streaming":[]}}