{"data":{"mal_id":1419,"url":"https:\/\/myanimelist.net\/anime\/1419\/Lupin_III__Kutabare_Nostradamus","images":{"jpg":{"image_url":"https:\/\/cdn.myanimelist.net\/images\/anime\/8\/21668.jpg","small_image_url":"https:\/\/cdn.myanimelist.net\/images\/anime\/8\/21668t.jpg","large_image_url":"https:\/\/cdn.myanimelist.net\/images\/anime\/8\/21668l.jpg"},"webp":{"image_url":"https:\/\/cdn.myanimelist.net\/images\/anime\/8\/21668.webp","small_image_url":"https:\/\/cdn.myanimelist.net\/images\/anime\/8\/21668t.webp","large_image_url":"https:\/\/cdn.myanimelist.net\/images\/anime\/8\/21668l.webp"}},"trailer":{"youtube_id":"GkupIBMPsXY","url":"https:\/\/www.youtube.com\/watch?v=GkupIBMPsXY","embed_url":"https:\/\/www.youtube.com\/embed\/GkupIBMPsXY?enablejsapi=1&wmode=opaque&autoplay=1","images":{"image_url":"https:\/\/img.youtube.com\/vi\/GkupIBMPsXY\/default.jpg","small_image_url":"https:\/\/img.youtube.com\/vi\/GkupIBMPsXY\/sddefault.jpg","medium_image_url":"https:\/\/img.youtube.com\/vi\/GkupIBMPsXY\/mqdefault.jpg","large_image_url":"https:\/\/img.youtube.com\/vi\/GkupIBMPsXY\/hqdefault.jpg","maximum_image_url":"https:\/\/img.youtube.com\/vi\/GkupIBMPsXY\/maxresdefault.jpg"}},"approved":true,"titles":[{"type":"Default","title":"Lupin III: Kutabare! Nostradamus"},{"type":"Synonym","title":"Rupan Sansei"},{"type":"Synonym","title":"Lupin III: Die! Nostradamus"},{"type":"Japanese","title":"\u30eb\u30d1\u30f3\u4e09\u4e16\u300e\u304f\u305f\u3070\u308c!\u30ce\u30b9\u30c8\u30e9\u30c0\u30e0\u30b9,\u300f"},{"type":"English","title":"Lupin III: Farewell to Nostradamus"}],"title":"Lupin III: Kutabare! Nostradamus","title_english":"Lupin III: Farewell to Nostradamus","title_japanese":"\u30eb\u30d1\u30f3\u4e09\u4e16\u300e\u304f\u305f\u3070\u308c!\u30ce\u30b9\u30c8\u30e9\u30c0\u30e0\u30b9,\u300f","title_synonyms":["Rupan Sansei","Lupin III: Die! Nostradamus"],"type":"Movie","source":"Manga","episodes":1,"status":"Finished Airing","airing":false,"aired":{"from":"1995-04-22T00:00:00+00:00","to":null,"prop":{"from":{"day":22,"month":4,"year":1995},"to":{"day":null,"month":null,"year":null}},"string":"Apr 22, 1995"},"duration":"1 hr 40 min","rating":"R+ - Mild Nudity","score":7.33,"scored_by":5410,"rank":2480,"popularity":5860,"members":11475,"favorites":7,"synopsis":"After a diamond heist in Brazil, Lupin hides the gem in a doll and boards a plane headed out of the country. While on board, the doll is stolen by a little girl named Julia, whose nanny is none other than Fujiko Mine. Before Lupin can get the doll back, the plane is hijacked and the girl is kidnapped. The kidnappers are after the same thing that Fujiko is after - a book of Nostradamus prophecies hidden in Julia's father's tower. Lupin and the gang join forces to save the girl, get the diamond back, and discover the secrets surrounding the strange book. \n\n(Source: ANN)","background":null,"season":null,"year":null,"broadcast":{"day":null,"time":null,"timezone":null,"string":null},"producers":[{"mal_id":29,"type":"anime","name":"VAP","url":"https:\/\/myanimelist.net\/anime\/producer\/29\/VAP"},{"mal_id":577,"type":"anime","name":"Tohokushinsha Film Corporation","url":"https:\/\/myanimelist.net\/anime\/producer\/577\/Tohokushinsha_Film_Corporation"}],"licensors":[{"mal_id":102,"type":"anime","name":"Funimation","url":"https:\/\/myanimelist.net\/anime\/producer\/102\/Funimation"},{"mal_id":467,"type":"anime","name":"Discotek Media","url":"https:\/\/myanimelist.net\/anime\/producer\/467\/Discotek_Media"}],"studios":[{"mal_id":65,"type":"anime","name":"Tokyo Movie Shinsha","url":"https:\/\/myanimelist.net\/anime\/producer\/65\/Tokyo_Movie_Shinsha"}],"genres":[{"mal_id":1,"type":"anime","name":"Action","url":"https:\/\/myanimelist.net\/anime\/genre\/1\/Action"},{"mal_id":2,"type":"anime","name":"Adventure","url":"https:\/\/myanimelist.net\/anime\/genre\/2\/Adventure"},{"mal_id":4,"type":"anime","name":"Comedy","url":"https:\/\/myanimelist.net\/anime\/genre\/4\/Comedy"},{"mal_id":7,"type":"anime","name":"Mystery","url":"https:\/\/myanimelist.net\/anime\/genre\/7\/Mystery"}],"explicit_genres":[],"themes":[{"mal_id":50,"type":"anime","name":"Adult Cast","url":"https:\/\/myanimelist.net\/anime\/genre\/50\/Adult_Cast"}],"demographics":[{"mal_id":42,"type":"anime","name":"Seinen","url":"https:\/\/myanimelist.net\/anime\/genre\/42\/Seinen"}],"relations":[{"relation":"Parent story","entry":[{"mal_id":1412,"type":"anime","name":"Lupin III","url":"https:\/\/myanimelist.net\/anime\/1412\/Lupin_III"}]}],"theme":{"openings":[],"endings":["\"Ai no Tsuzuki (\u611b\u306e\u3064\u3065\u304d)\" by Iori Sakagami"]},"external":[{"name":"Official Site","url":"http:\/\/www.tms-e.com\/library\/old\/movie\/data\/m_rupin_dead.nosutora.html"},{"name":"AniDB","url":"https:\/\/anidb.net\/perl-bin\/animedb.pl?show=anime&aid=704"},{"name":"ANN","url":"https:\/\/www.animenewsnetwork.com\/encyclopedia\/anime.php?id=2098"},{"name":"Wikipedia","url":"http:\/\/en.wikipedia.org\/wiki\/Farewell_to_Nostradamus"}],"streaming":[]}}