{"data":{"mal_id":14575,"url":"https:\/\/myanimelist.net\/anime\/14575\/Minami-ke_Omatase","images":{"jpg":{"image_url":"https:\/\/cdn.myanimelist.net\/images\/anime\/1831\/133567.jpg","small_image_url":"https:\/\/cdn.myanimelist.net\/images\/anime\/1831\/133567t.jpg","large_image_url":"https:\/\/cdn.myanimelist.net\/images\/anime\/1831\/133567l.jpg"},"webp":{"image_url":"https:\/\/cdn.myanimelist.net\/images\/anime\/1831\/133567.webp","small_image_url":"https:\/\/cdn.myanimelist.net\/images\/anime\/1831\/133567t.webp","large_image_url":"https:\/\/cdn.myanimelist.net\/images\/anime\/1831\/133567l.webp"}},"trailer":{"youtube_id":"_PYYZvJssKY","url":"https:\/\/www.youtube.com\/watch?v=_PYYZvJssKY","embed_url":"https:\/\/www.youtube.com\/embed\/_PYYZvJssKY?enablejsapi=1&wmode=opaque&autoplay=1","images":{"image_url":"https:\/\/img.youtube.com\/vi\/_PYYZvJssKY\/default.jpg","small_image_url":"https:\/\/img.youtube.com\/vi\/_PYYZvJssKY\/sddefault.jpg","medium_image_url":"https:\/\/img.youtube.com\/vi\/_PYYZvJssKY\/mqdefault.jpg","large_image_url":"https:\/\/img.youtube.com\/vi\/_PYYZvJssKY\/hqdefault.jpg","maximum_image_url":"https:\/\/img.youtube.com\/vi\/_PYYZvJssKY\/maxresdefault.jpg"}},"approved":true,"titles":[{"type":"Default","title":"Minami-ke Omatase"},{"type":"Japanese","title":"\u307f\u306a\u307f\u3051 \u304a\u307e\u305f\u305b"}],"title":"Minami-ke Omatase","title_english":null,"title_japanese":"\u307f\u306a\u307f\u3051 \u304a\u307e\u305f\u305b","title_synonyms":[],"type":"OVA","source":"Manga","episodes":1,"status":"Finished Airing","airing":false,"aired":{"from":"2012-10-05T00:00:00+00:00","to":null,"prop":{"from":{"day":5,"month":10,"year":2012},"to":{"day":null,"month":null,"year":null}},"string":"Oct 5, 2012"},"duration":"25 min","rating":"PG-13 - Teens 13 or older","score":7.39,"scored_by":12232,"rank":2214,"popularity":4279,"members":24988,"favorites":6,"synopsis":"Minami-ke OVA bundled with the 10th volume of the manga.","background":null,"season":null,"year":null,"broadcast":{"day":null,"time":null,"timezone":null,"string":null},"producers":[{"mal_id":92,"type":"anime","name":"Starchild Records","url":"https:\/\/myanimelist.net\/anime\/producer\/92\/Starchild_Records"}],"licensors":[],"studios":[{"mal_id":91,"type":"anime","name":"feel.","url":"https:\/\/myanimelist.net\/anime\/producer\/91\/feel"}],"genres":[{"mal_id":4,"type":"anime","name":"Comedy","url":"https:\/\/myanimelist.net\/anime\/genre\/4\/Comedy"},{"mal_id":36,"type":"anime","name":"Slice of Life","url":"https:\/\/myanimelist.net\/anime\/genre\/36\/Slice_of_Life"}],"explicit_genres":[],"themes":[{"mal_id":52,"type":"anime","name":"CGDCT","url":"https:\/\/myanimelist.net\/anime\/genre\/52\/CGDCT"}],"demographics":[{"mal_id":42,"type":"anime","name":"Seinen","url":"https:\/\/myanimelist.net\/anime\/genre\/42\/Seinen"}],"relations":[{"relation":"Adaptation","entry":[{"mal_id":2629,"type":"manga","name":"Minami-ke","url":"https:\/\/myanimelist.net\/manga\/2629\/Minami-ke"}]},{"relation":"Prequel","entry":[{"mal_id":5162,"type":"anime","name":"Minami-ke Okaeri","url":"https:\/\/myanimelist.net\/anime\/5162\/Minami-ke_Okaeri"}]},{"relation":"Sequel","entry":[{"mal_id":14511,"type":"anime","name":"Minami-ke Tadaima","url":"https:\/\/myanimelist.net\/anime\/14511\/Minami-ke_Tadaima"}]}],"theme":{"openings":["\"Shunka Shuutou Festival \u266a (\u6625\u590f\u79cb\u51ac\u30d5\u30a7\u30b9\u30c6\u30a3\u30d0\u30eb\u266a)\" by Rina Satou, Marina Inoue, and Minori Chihara"],"endings":["\"Arigatou Thank You (\u3042\u308a\u304c\u3068\u3046\u30b5\u30f3\u30ad\u30e5)\" by Rina Satou, Marina Inoue & Minori Chihara"]},"external":[{"name":"Official Site","url":"http:\/\/www.starchild.co.jp\/special\/minami-ke\/"},{"name":"AniDB","url":"https:\/\/anidb.net\/perl-bin\/animedb.pl?show=anime&aid=9267"},{"name":"Wikipedia","url":"http:\/\/en.wikipedia.org\/wiki\/Minami-ke"}],"streaming":[]}}