{"data":{"mal_id":1477,"url":"https:\/\/myanimelist.net\/anime\/1477\/City_Hunter__The_Secret_Service","images":{"jpg":{"image_url":"https:\/\/cdn.myanimelist.net\/images\/anime\/1437\/94390.jpg","small_image_url":"https:\/\/cdn.myanimelist.net\/images\/anime\/1437\/94390t.jpg","large_image_url":"https:\/\/cdn.myanimelist.net\/images\/anime\/1437\/94390l.jpg"},"webp":{"image_url":"https:\/\/cdn.myanimelist.net\/images\/anime\/1437\/94390.webp","small_image_url":"https:\/\/cdn.myanimelist.net\/images\/anime\/1437\/94390t.webp","large_image_url":"https:\/\/cdn.myanimelist.net\/images\/anime\/1437\/94390l.webp"}},"trailer":{"youtube_id":null,"url":null,"embed_url":null,"images":{"image_url":null,"small_image_url":null,"medium_image_url":null,"large_image_url":null,"maximum_image_url":null}},"approved":true,"titles":[{"type":"Default","title":"City Hunter: The Secret Service"},{"type":"Japanese","title":"\u30b7\u30c6\u30a3\u30fc\u30cf\u30f3\u30bf\u30fc\u30b9\u30da\u30b7\u30e3\u30eb \u30b6\u30fb\u30b7\u30fc\u30af\u30ec\u30c3\u30c8\u30fb\u30b5\u30fc\u30d3\u30b9"},{"type":"English","title":"City Hunter: The Secret Service"},{"type":"Spanish","title":"City Hunter: El Servicio Secreto"},{"type":"French","title":"City Hunter: Services Secrets"}],"title":"City Hunter: The Secret Service","title_english":"City Hunter: The Secret Service","title_japanese":"\u30b7\u30c6\u30a3\u30fc\u30cf\u30f3\u30bf\u30fc\u30b9\u30da\u30b7\u30e3\u30eb \u30b6\u30fb\u30b7\u30fc\u30af\u30ec\u30c3\u30c8\u30fb\u30b5\u30fc\u30d3\u30b9","title_synonyms":[],"type":"Special","source":"Manga","episodes":1,"status":"Finished Airing","airing":false,"aired":{"from":"1996-01-05T00:00:00+00:00","to":null,"prop":{"from":{"day":5,"month":1,"year":1996},"to":{"day":null,"month":null,"year":null}},"string":"Jan 5, 1996"},"duration":"1 hr 30 min","rating":"PG-13 - Teens 13 or older","score":7.42,"scored_by":3279,"rank":2073,"popularity":6644,"members":8416,"favorites":6,"synopsis":"James McGuire has a dream. He wants to become the president of Guinam and free his people from the military rulers who have been in power up until now. However, one thing stands in McGuire's way: his past. And it's beginning to catch up with him, endangering not only his career, but the life of his long lost daughter. McGuire hires the City Hunter, Ryo Saeba and his partner Kaori to protect his daughter Anna, who herself is a Secret Service agent assigned to bodyguard the presidential hopeful.","background":null,"season":null,"year":null,"broadcast":{"day":null,"time":null,"timezone":null,"string":null},"producers":[],"licensors":[{"mal_id":467,"type":"anime","name":"Discotek Media","url":"https:\/\/myanimelist.net\/anime\/producer\/467\/Discotek_Media"}],"studios":[{"mal_id":14,"type":"anime","name":"Sunrise","url":"https:\/\/myanimelist.net\/anime\/producer\/14\/Sunrise"}],"genres":[{"mal_id":1,"type":"anime","name":"Action","url":"https:\/\/myanimelist.net\/anime\/genre\/1\/Action"},{"mal_id":4,"type":"anime","name":"Comedy","url":"https:\/\/myanimelist.net\/anime\/genre\/4\/Comedy"},{"mal_id":7,"type":"anime","name":"Mystery","url":"https:\/\/myanimelist.net\/anime\/genre\/7\/Mystery"}],"explicit_genres":[],"themes":[],"demographics":[{"mal_id":27,"type":"anime","name":"Shounen","url":"https:\/\/myanimelist.net\/anime\/genre\/27\/Shounen"}],"relations":[{"relation":"Adaptation","entry":[{"mal_id":17226,"type":"manga","name":"City Hunter: The Secret Service","url":"https:\/\/myanimelist.net\/manga\/17226\/City_Hunter__The_Secret_Service"}]},{"relation":"Prequel","entry":[{"mal_id":1473,"type":"anime","name":"City Hunter '91","url":"https:\/\/myanimelist.net\/anime\/1473\/City_Hunter_91"},{"mal_id":1478,"type":"anime","name":"City Hunter: Goodbye My Sweetheart","url":"https:\/\/myanimelist.net\/anime\/1478\/City_Hunter__Goodbye_My_Sweetheart"}]}],"theme":{"openings":["\"Otherwise\" by KONTA"],"endings":["\"Woman\" by Ann Louis"]},"external":[{"name":"AniDB","url":"https:\/\/anidb.net\/perl-bin\/animedb.pl?show=anime&aid=1569"},{"name":"ANN","url":"https:\/\/www.animenewsnetwork.com\/encyclopedia\/anime.php?id=551"}],"streaming":[{"name":"Crunchyroll","url":"http:\/\/www.crunchyroll.com\/series-278982"},{"name":"Netflix","url":"https:\/\/www.netflix.com\/"}]}}