{"data":{"mal_id":14807,"url":"https:\/\/myanimelist.net\/anime\/14807\/Kara_no_Kyoukai_Movie__Mirai_Fukuin","images":{"jpg":{"image_url":"https:\/\/cdn.myanimelist.net\/images\/anime\/6\/56621.jpg","small_image_url":"https:\/\/cdn.myanimelist.net\/images\/anime\/6\/56621t.jpg","large_image_url":"https:\/\/cdn.myanimelist.net\/images\/anime\/6\/56621l.jpg"},"webp":{"image_url":"https:\/\/cdn.myanimelist.net\/images\/anime\/6\/56621.webp","small_image_url":"https:\/\/cdn.myanimelist.net\/images\/anime\/6\/56621t.webp","large_image_url":"https:\/\/cdn.myanimelist.net\/images\/anime\/6\/56621l.webp"}},"trailer":{"youtube_id":"Pj41DPr4fro","url":"https:\/\/www.youtube.com\/watch?v=Pj41DPr4fro","embed_url":"https:\/\/www.youtube.com\/embed\/Pj41DPr4fro?enablejsapi=1&wmode=opaque&autoplay=1","images":{"image_url":"https:\/\/img.youtube.com\/vi\/Pj41DPr4fro\/default.jpg","small_image_url":"https:\/\/img.youtube.com\/vi\/Pj41DPr4fro\/sddefault.jpg","medium_image_url":"https:\/\/img.youtube.com\/vi\/Pj41DPr4fro\/mqdefault.jpg","large_image_url":"https:\/\/img.youtube.com\/vi\/Pj41DPr4fro\/hqdefault.jpg","maximum_image_url":"https:\/\/img.youtube.com\/vi\/Pj41DPr4fro\/maxresdefault.jpg"}},"approved":true,"titles":[{"type":"Default","title":"Kara no Kyoukai Movie: Mirai Fukuin"},{"type":"Synonym","title":"Kara no Kyoukai: the Garden of sinners\/recalled out summer"},{"type":"Synonym","title":"the Garden of sinners -recalled out summer-"},{"type":"Japanese","title":"\u5287\u5834\u7248 \u7a7a\u306e\u5883\u754c \u672a\u6765\u798f\u97f3"},{"type":"English","title":"The Garden of Sinners: Future Gospel"}],"title":"Kara no Kyoukai Movie: Mirai Fukuin","title_english":"The Garden of Sinners: Future Gospel","title_japanese":"\u5287\u5834\u7248 \u7a7a\u306e\u5883\u754c \u672a\u6765\u798f\u97f3","title_synonyms":["Kara no Kyoukai: the Garden of sinners\/recalled out summer","the Garden of sinners -recalled out summer-"],"type":"Movie","source":"Light novel","episodes":1,"status":"Finished Airing","airing":false,"aired":{"from":"2013-09-28T00:00:00+00:00","to":null,"prop":{"from":{"day":28,"month":9,"year":2013},"to":{"day":null,"month":null,"year":null}},"string":"Sep 28, 2013"},"duration":"1 hr 30 min","rating":"R - 17+ (violence & profanity)","score":8,"scored_by":52201,"rank":603,"popularity":1827,"members":113767,"favorites":269,"synopsis":"\u200bShiki Ryougi, Mikiya Kokutou, and Touko Aozaki begin investigating a bomber after they witness a nearby explosion. That same night, Shiki catches a glimpse of the bomber, and as a result, he becomes fixated on her. To get rid of her, the madman plays a game of cat and mouse in attempts to lure her to an empty parking garage. And bombs are not the only thing he has in his arsenal: he also possesses the ability to see the future, and he intends to bring an end to Shiki.\n\nElsewhere a few days prior, a student at Reien Girls' Academy, Shizune Seo, plans to head home for the summer. However, while exiting a bus, she has a vision of the future involving a nearby stranger's death. While trying to warn the stranger, she meets Mikiya\u2014who succeeds in utilizing Shizune's information effectively.\n\nSubsequently, an employee is sent on a job with his employer's 10-year-old daughter in tow. However, the subject of his investigation turns out to be a ghost from both of their pasts.\n\nMirai Fukuin tells the stories set during the main timeline of the Kara no Kyoukai films, as well as one set in the future.\n\n[Written by MAL Rewrite]","background":null,"season":null,"year":null,"broadcast":{"day":null,"time":null,"timezone":null,"string":null},"producers":[{"mal_id":703,"type":"anime","name":"Notes","url":"https:\/\/myanimelist.net\/anime\/producer\/703\/Notes"}],"licensors":[{"mal_id":493,"type":"anime","name":"Aniplex of America","url":"https:\/\/myanimelist.net\/anime\/producer\/493\/Aniplex_of_America"}],"studios":[{"mal_id":43,"type":"anime","name":"ufotable","url":"https:\/\/myanimelist.net\/anime\/producer\/43\/ufotable"}],"genres":[{"mal_id":8,"type":"anime","name":"Drama","url":"https:\/\/myanimelist.net\/anime\/genre\/8\/Drama"},{"mal_id":7,"type":"anime","name":"Mystery","url":"https:\/\/myanimelist.net\/anime\/genre\/7\/Mystery"},{"mal_id":37,"type":"anime","name":"Supernatural","url":"https:\/\/myanimelist.net\/anime\/genre\/37\/Supernatural"}],"explicit_genres":[],"themes":[],"demographics":[],"relations":[{"relation":"Adaptation","entry":[{"mal_id":10429,"type":"manga","name":"Kara no Kyoukai: Mirai Fukuin - The Garden of Sinners\/Recalled Out Summer","url":"https:\/\/myanimelist.net\/manga\/10429\/Kara_no_Kyoukai__Mirai_Fukuin_-_The_Garden_of_Sinners_Recalled_Out_Summer"}]},{"relation":"Prequel","entry":[{"mal_id":6954,"type":"anime","name":"Kara no Kyoukai Movie 8: Shuushou","url":"https:\/\/myanimelist.net\/anime\/6954\/Kara_no_Kyoukai_Movie_8__Shuushou"}]},{"relation":"Side story","entry":[{"mal_id":22763,"type":"anime","name":"Kara no Kyoukai Movie: Mirai Fukuin - Extra Chorus","url":"https:\/\/myanimelist.net\/anime\/22763\/Kara_no_Kyoukai_Movie__Mirai_Fukuin_-_Extra_Chorus"}]},{"relation":"Other","entry":[{"mal_id":22847,"type":"anime","name":"Kara no Kyoukai Movie: Mirai Fukuin - Manner Movie","url":"https:\/\/myanimelist.net\/anime\/22847\/Kara_no_Kyoukai_Movie__Mirai_Fukuin_-_Manner_Movie"}]}],"theme":{"openings":[],"endings":["\"\u30a2\u30ec\u30eb\u30e4 (Hallelujah)\" by Kalafina"]},"external":[{"name":"Official Site","url":"http:\/\/www.karanokyoukai.com\/miraifukuin\/"},{"name":"AniDB","url":"https:\/\/anidb.net\/perl-bin\/animedb.pl?show=anime&aid=9309"},{"name":"ANN","url":"https:\/\/www.animenewsnetwork.com\/encyclopedia\/anime.php?id=15249"},{"name":"Wikipedia","url":"http:\/\/ja.wikipedia.org\/wiki\/%E7%A9%BA%E3%81%AE%E5%A2%83%E7%95%8C_%E6%9C%AA%E6%9D%A5%E7%A6%8F%E9%9F%B3"}],"streaming":[]}}