{"data":{"mal_id":14941,"url":"https:\/\/myanimelist.net\/anime\/14941\/AKB0048__Next_Stage","images":{"jpg":{"image_url":"https:\/\/cdn.myanimelist.net\/images\/anime\/11\/44450.jpg","small_image_url":"https:\/\/cdn.myanimelist.net\/images\/anime\/11\/44450t.jpg","large_image_url":"https:\/\/cdn.myanimelist.net\/images\/anime\/11\/44450l.jpg"},"webp":{"image_url":"https:\/\/cdn.myanimelist.net\/images\/anime\/11\/44450.webp","small_image_url":"https:\/\/cdn.myanimelist.net\/images\/anime\/11\/44450t.webp","large_image_url":"https:\/\/cdn.myanimelist.net\/images\/anime\/11\/44450l.webp"}},"trailer":{"youtube_id":"D-jMGN-GsIw","url":"https:\/\/www.youtube.com\/watch?v=D-jMGN-GsIw","embed_url":"https:\/\/www.youtube.com\/embed\/D-jMGN-GsIw?enablejsapi=1&wmode=opaque&autoplay=1","images":{"image_url":"https:\/\/img.youtube.com\/vi\/D-jMGN-GsIw\/default.jpg","small_image_url":"https:\/\/img.youtube.com\/vi\/D-jMGN-GsIw\/sddefault.jpg","medium_image_url":"https:\/\/img.youtube.com\/vi\/D-jMGN-GsIw\/mqdefault.jpg","large_image_url":"https:\/\/img.youtube.com\/vi\/D-jMGN-GsIw\/hqdefault.jpg","maximum_image_url":"https:\/\/img.youtube.com\/vi\/D-jMGN-GsIw\/maxresdefault.jpg"}},"approved":true,"titles":[{"type":"Default","title":"AKB0048: Next Stage"},{"type":"Synonym","title":"AKB0048 2nd Season"},{"type":"Synonym","title":"AKB0048 Second Season"},{"type":"Japanese","title":"AKB0048 next stage"},{"type":"English","title":"AKB0048: Next Stage"}],"title":"AKB0048: Next Stage","title_english":"AKB0048: Next Stage","title_japanese":"AKB0048 next stage","title_synonyms":["AKB0048 2nd Season","AKB0048 Second Season"],"type":"TV","source":"Original","episodes":13,"status":"Finished Airing","airing":false,"aired":{"from":"2013-01-06T00:00:00+00:00","to":"2013-03-31T00:00:00+00:00","prop":{"from":{"day":6,"month":1,"year":2013},"to":{"day":31,"month":3,"year":2013}},"string":"Jan 6, 2013 to Mar 31, 2013"},"duration":"23 min per ep","rating":"PG-13 - Teens 13 or older","score":7.63,"scored_by":19727,"rank":1336,"popularity":3577,"members":36387,"favorites":313,"synopsis":"In the year since the 77th generation understudies joined AKB0048, the Deep Galactic Trade Organization [DGTO] and DES have stepped up their attacks on entertainment. In response, AKB0048 brings back the general elections and the center nova position. The understudies are now thrusted into a new competition directly against the successors. But as AKB0048 brings back policies not seen since Acchan's disappearance, a new more powerful enemy is quietly moving behind the scenes.\n\n(Source: ANN)","background":null,"season":"winter","year":2013,"broadcast":{"day":null,"time":null,"timezone":null,"string":"Unknown"},"producers":[{"mal_id":92,"type":"anime","name":"Starchild Records","url":"https:\/\/myanimelist.net\/anime\/producer\/92\/Starchild_Records"}],"licensors":[{"mal_id":376,"type":"anime","name":"Sentai Filmworks","url":"https:\/\/myanimelist.net\/anime\/producer\/376\/Sentai_Filmworks"}],"studios":[{"mal_id":41,"type":"anime","name":"Satelight","url":"https:\/\/myanimelist.net\/anime\/producer\/41\/Satelight"}],"genres":[{"mal_id":24,"type":"anime","name":"Sci-Fi","url":"https:\/\/myanimelist.net\/anime\/genre\/24\/Sci-Fi"}],"explicit_genres":[],"themes":[{"mal_id":60,"type":"anime","name":"Idols (Female)","url":"https:\/\/myanimelist.net\/anime\/genre\/60\/Idols_Female"},{"mal_id":19,"type":"anime","name":"Music","url":"https:\/\/myanimelist.net\/anime\/genre\/19\/Music"}],"demographics":[],"relations":[{"relation":"Prequel","entry":[{"mal_id":12149,"type":"anime","name":"AKB0048","url":"https:\/\/myanimelist.net\/anime\/12149\/AKB0048"}]}],"theme":{"openings":["\"Aruji Naki Sono Koe (\u4e3b\u306a\u304d\u305d\u306e\u58f0)\" by NO NAME (eps 2-7, 9-12)"],"endings":["1: \"Kono Namida wo Kimi ni Sasagu (\u3053\u306e\u6d99\u3092\u541b\u306b\u6367\u3050)\" by NO NAME (eps 1-2,5-12)","2: \"Kibou ni Tsuite (\u5e0c\u671b\u306b\u3064\u3044\u3066)\" by NO NAME (eps 3)","3: \"Aruji Naki Sono Koe (\u4e3b\u306a\u304d\u305d\u306e\u58f0)\" by NO NAME (eps 13)"]},"external":[{"name":"Official Site","url":"http:\/\/akb0048.jp\/"},{"name":"AniDB","url":"https:\/\/anidb.net\/perl-bin\/animedb.pl?show=anime&aid=9330"},{"name":"ANN","url":"https:\/\/www.animenewsnetwork.com\/encyclopedia\/anime.php?id=14873"},{"name":"Wikipedia","url":"http:\/\/en.wikipedia.org\/wiki\/AKB0048"}],"streaming":[]}}