{"data":{"mal_id":1521,"url":"https:\/\/myanimelist.net\/anime\/1521\/Black_Jack_the_Movie","images":{"jpg":{"image_url":"https:\/\/cdn.myanimelist.net\/images\/anime\/1868\/134318.jpg","small_image_url":"https:\/\/cdn.myanimelist.net\/images\/anime\/1868\/134318t.jpg","large_image_url":"https:\/\/cdn.myanimelist.net\/images\/anime\/1868\/134318l.jpg"},"webp":{"image_url":"https:\/\/cdn.myanimelist.net\/images\/anime\/1868\/134318.webp","small_image_url":"https:\/\/cdn.myanimelist.net\/images\/anime\/1868\/134318t.webp","large_image_url":"https:\/\/cdn.myanimelist.net\/images\/anime\/1868\/134318l.webp"}},"trailer":{"youtube_id":null,"url":null,"embed_url":null,"images":{"image_url":null,"small_image_url":null,"medium_image_url":null,"large_image_url":null,"maximum_image_url":null}},"approved":true,"titles":[{"type":"Default","title":"Black Jack the Movie"},{"type":"Japanese","title":"\u30d6\u30e9\u30c3\u30af\uff65\u30b8\u30e3\u30c3\u30af \u5287\u5834\u7248"},{"type":"English","title":"Black Jack: The Movie"},{"type":"German","title":"Black Jack: The Movie"},{"type":"Spanish","title":"Black Jack: The Movie"}],"title":"Black Jack the Movie","title_english":"Black Jack: The Movie","title_japanese":"\u30d6\u30e9\u30c3\u30af\uff65\u30b8\u30e3\u30c3\u30af \u5287\u5834\u7248","title_synonyms":[],"type":"Movie","source":"Manga","episodes":1,"status":"Finished Airing","airing":false,"aired":{"from":"1996-11-30T00:00:00+00:00","to":null,"prop":{"from":{"day":30,"month":11,"year":1996},"to":{"day":null,"month":null,"year":null}},"string":"Nov 30, 1996"},"duration":"1 hr 33 min","rating":"R - 17+ (violence & profanity)","score":7.33,"scored_by":6737,"rank":2455,"popularity":5545,"members":13174,"favorites":36,"synopsis":"Joe Carol Brane attempts to hire Dr. Black Jack on a breed of superhumans that have the strength, intellectual, athletic, and artistic skills with great excel in different fields, only to later find out that they start deteriorating after some period of time and causing an untimely death. Joe needs Dr. Black Jack's help on finding a cure. \n\n(Source: ANN)","background":"Black Jack The Movie won the Best Animated Film at the Mainichi Film Concours in 1996.","season":null,"year":null,"broadcast":{"day":null,"time":null,"timezone":null,"string":null},"producers":[],"licensors":[{"mal_id":467,"type":"anime","name":"Discotek Media","url":"https:\/\/myanimelist.net\/anime\/producer\/467\/Discotek_Media"},{"mal_id":947,"type":"anime","name":"Manga Entertainment","url":"https:\/\/myanimelist.net\/anime\/producer\/947\/Manga_Entertainment"}],"studios":[{"mal_id":200,"type":"anime","name":"Tezuka Productions","url":"https:\/\/myanimelist.net\/anime\/producer\/200\/Tezuka_Productions"}],"genres":[{"mal_id":46,"type":"anime","name":"Award Winning","url":"https:\/\/myanimelist.net\/anime\/genre\/46\/Award_Winning"},{"mal_id":8,"type":"anime","name":"Drama","url":"https:\/\/myanimelist.net\/anime\/genre\/8\/Drama"}],"explicit_genres":[],"themes":[{"mal_id":67,"type":"anime","name":"Medical","url":"https:\/\/myanimelist.net\/anime\/genre\/67\/Medical"}],"demographics":[{"mal_id":27,"type":"anime","name":"Shounen","url":"https:\/\/myanimelist.net\/anime\/genre\/27\/Shounen"}],"relations":[{"relation":"Adaptation","entry":[{"mal_id":1600,"type":"manga","name":"Black Jack","url":"https:\/\/myanimelist.net\/manga\/1600\/Black_Jack"}]},{"relation":"Parent story","entry":[{"mal_id":1520,"type":"anime","name":"Black Jack","url":"https:\/\/myanimelist.net\/anime\/1520\/Black_Jack"}]}],"theme":{"openings":["\"Invisible Love\" by Mai Yamane"],"endings":["\"Invisible Love\" by Mai Yamane"]},"external":[{"name":"Official Site","url":"http:\/\/en.tezuka.co.jp\/anime\/sakuhin\/mv\/mv019.html"},{"name":"AniDB","url":"https:\/\/anidb.net\/perl-bin\/animedb.pl?show=anime&aid=686"},{"name":"ANN","url":"https:\/\/www.animenewsnetwork.com\/encyclopedia\/anime.php?id=107"}],"streaming":[{"name":"Crunchyroll","url":"http:\/\/www.crunchyroll.com\/series-273791"}]}}