{"data":{"mal_id":1577,"url":"https:\/\/myanimelist.net\/anime\/1577\/Taiho_Shichau_zo","images":{"jpg":{"image_url":"https:\/\/cdn.myanimelist.net\/images\/anime\/1498\/97153.jpg","small_image_url":"https:\/\/cdn.myanimelist.net\/images\/anime\/1498\/97153t.jpg","large_image_url":"https:\/\/cdn.myanimelist.net\/images\/anime\/1498\/97153l.jpg"},"webp":{"image_url":"https:\/\/cdn.myanimelist.net\/images\/anime\/1498\/97153.webp","small_image_url":"https:\/\/cdn.myanimelist.net\/images\/anime\/1498\/97153t.webp","large_image_url":"https:\/\/cdn.myanimelist.net\/images\/anime\/1498\/97153l.webp"}},"trailer":{"youtube_id":null,"url":null,"embed_url":null,"images":{"image_url":null,"small_image_url":null,"medium_image_url":null,"large_image_url":null,"maximum_image_url":null}},"approved":true,"titles":[{"type":"Default","title":"Taiho Shichau zo"},{"type":"Synonym","title":"Taiho Shichauzo"},{"type":"Japanese","title":"\u902e\u6355\u3057\u3061\u3083\u3046\u305e"},{"type":"English","title":"You're Under Arrest"}],"title":"Taiho Shichau zo","title_english":"You're Under Arrest","title_japanese":"\u902e\u6355\u3057\u3061\u3083\u3046\u305e","title_synonyms":["Taiho Shichauzo"],"type":"OVA","source":"Manga","episodes":4,"status":"Finished Airing","airing":false,"aired":{"from":"1994-09-24T00:00:00+00:00","to":"1995-11-25T00:00:00+00:00","prop":{"from":{"day":24,"month":9,"year":1994},"to":{"day":25,"month":11,"year":1995}},"string":"Sep 24, 1994 to Nov 25, 1995"},"duration":"29 min per ep","rating":"PG-13 - Teens 13 or older","score":7.46,"scored_by":8283,"rank":1917,"popularity":4067,"members":27720,"favorites":97,"synopsis":"Running late on her first day as a patrol woman for the Bokuto Police Department, spunky moped rider Natsumi Tsujimoto decides to take several shortcuts, only to be chased down and cited by mechanical genius and expert police driver Miyuki Kobayakawa. Upon arrival at the precinct, Natsumi finds out that her new partner is the same woman who ticketed her earlier. At first, she doesn't trust Miyuki, but in a short period of time, they develop an unbreakable friendship that overcomes traffic accidents, reckless drivers and even the strongest typhoons to hit Tokyo. \n\n(Source: ANN)","background":null,"season":null,"year":null,"broadcast":{"day":null,"time":null,"timezone":null,"string":null},"producers":[{"mal_id":23,"type":"anime","name":"Bandai Visual","url":"https:\/\/myanimelist.net\/anime\/producer\/23\/Bandai_Visual"},{"mal_id":145,"type":"anime","name":"TBS","url":"https:\/\/myanimelist.net\/anime\/producer\/145\/TBS"},{"mal_id":159,"type":"anime","name":"Kodansha","url":"https:\/\/myanimelist.net\/anime\/producer\/159\/Kodansha"},{"mal_id":165,"type":"anime","name":"Marubeni","url":"https:\/\/myanimelist.net\/anime\/producer\/165\/Marubeni"}],"licensors":[{"mal_id":310,"type":"anime","name":"AnimEigo","url":"https:\/\/myanimelist.net\/anime\/producer\/310\/AnimEigo"}],"studios":[{"mal_id":37,"type":"anime","name":"Studio Deen","url":"https:\/\/myanimelist.net\/anime\/producer\/37\/Studio_Deen"}],"genres":[{"mal_id":1,"type":"anime","name":"Action","url":"https:\/\/myanimelist.net\/anime\/genre\/1\/Action"},{"mal_id":4,"type":"anime","name":"Comedy","url":"https:\/\/myanimelist.net\/anime\/genre\/4\/Comedy"}],"explicit_genres":[],"themes":[{"mal_id":39,"type":"anime","name":"Detective","url":"https:\/\/myanimelist.net\/anime\/genre\/39\/Detective"},{"mal_id":48,"type":"anime","name":"Workplace","url":"https:\/\/myanimelist.net\/anime\/genre\/48\/Workplace"}],"demographics":[{"mal_id":42,"type":"anime","name":"Seinen","url":"https:\/\/myanimelist.net\/anime\/genre\/42\/Seinen"}],"relations":[{"relation":"Adaptation","entry":[{"mal_id":1292,"type":"manga","name":"Taiho Shichau zo","url":"https:\/\/myanimelist.net\/manga\/1292\/Taiho_Shichau_zo"}]},{"relation":"Sequel","entry":[{"mal_id":1372,"type":"anime","name":"Taiho Shichau zo (TV)","url":"https:\/\/myanimelist.net\/anime\/1372\/Taiho_Shichau_zo_TV"},{"mal_id":2011,"type":"anime","name":"Taiho Shichau zo Special","url":"https:\/\/myanimelist.net\/anime\/2011\/Taiho_Shichau_zo_Special"},{"mal_id":2013,"type":"anime","name":"Taiho Shichau zo The Movie","url":"https:\/\/myanimelist.net\/anime\/2013\/Taiho_Shichau_zo_The_Movie"},{"mal_id":2014,"type":"anime","name":"Taiho Shichau zo: Second Season","url":"https:\/\/myanimelist.net\/anime\/2014\/Taiho_Shichau_zo__Second_Season"},{"mal_id":3000,"type":"anime","name":"Taiho Shichau zo: Full Throttle","url":"https:\/\/myanimelist.net\/anime\/3000\/Taiho_Shichau_zo__Full_Throttle"},{"mal_id":4162,"type":"anime","name":"Taiho Shichau zo: Nagisa no Koutsuu Yuudou","url":"https:\/\/myanimelist.net\/anime\/4162\/Taiho_Shichau_zo__Nagisa_no_Koutsuu_Yuudou"}]},{"relation":"Spin-off","entry":[{"mal_id":2010,"type":"anime","name":"Taiho Shichau zo in America","url":"https:\/\/myanimelist.net\/anime\/2010\/Taiho_Shichau_zo_in_America"}]}],"theme":{"openings":["\"100mph no Yuuki (100mph\u306e\u52c7\u6c17)\" by Sakiko Tamagawa, Akiko Hiramatsu"],"endings":["\"Arittake no Joonetsu de (\u3042\u308a\u3063\u305f\u3051\u306e\u60c5\u71b1\u3067)\" by Sakiko Tamagawa, Akiko Hiramatsu"]},"external":[{"name":"AniDB","url":"https:\/\/anidb.net\/perl-bin\/animedb.pl?show=anime&aid=2690"},{"name":"ANN","url":"https:\/\/www.animenewsnetwork.com\/encyclopedia\/anime.php?id=606"},{"name":"Wikipedia","url":"http:\/\/en.wikipedia.org\/wiki\/You're_Under_Arrest_%28manga%29#Anime"}],"streaming":[{"name":"HIDIVE","url":"https:\/\/www.hidive.com\/tv\/youre-under-arrest"}]}}