{"data":{"mal_id":15863,"url":"https:\/\/myanimelist.net\/anime\/15863\/Ginga_Kikoutai_Majestic_Prince","images":{"jpg":{"image_url":"https:\/\/cdn.myanimelist.net\/images\/anime\/10\/44594.jpg","small_image_url":"https:\/\/cdn.myanimelist.net\/images\/anime\/10\/44594t.jpg","large_image_url":"https:\/\/cdn.myanimelist.net\/images\/anime\/10\/44594l.jpg"},"webp":{"image_url":"https:\/\/cdn.myanimelist.net\/images\/anime\/10\/44594.webp","small_image_url":"https:\/\/cdn.myanimelist.net\/images\/anime\/10\/44594t.webp","large_image_url":"https:\/\/cdn.myanimelist.net\/images\/anime\/10\/44594l.webp"}},"trailer":{"youtube_id":"ER1UumcDmD8","url":"https:\/\/www.youtube.com\/watch?v=ER1UumcDmD8","embed_url":"https:\/\/www.youtube.com\/embed\/ER1UumcDmD8?enablejsapi=1&wmode=opaque&autoplay=1","images":{"image_url":"https:\/\/img.youtube.com\/vi\/ER1UumcDmD8\/default.jpg","small_image_url":"https:\/\/img.youtube.com\/vi\/ER1UumcDmD8\/sddefault.jpg","medium_image_url":"https:\/\/img.youtube.com\/vi\/ER1UumcDmD8\/mqdefault.jpg","large_image_url":"https:\/\/img.youtube.com\/vi\/ER1UumcDmD8\/hqdefault.jpg","maximum_image_url":"https:\/\/img.youtube.com\/vi\/ER1UumcDmD8\/maxresdefault.jpg"}},"approved":true,"titles":[{"type":"Default","title":"Ginga Kikoutai Majestic Prince"},{"type":"Japanese","title":"\u9280\u6cb3\u6a5f\u653b\u968a \u30de\u30b8\u30a7\u30b9\u30c6\u30a3\u30c3\u30af\u30d7\u30ea\u30f3\u30b9"},{"type":"English","title":"Majestic Prince"},{"type":"German","title":"Majestic Prince"},{"type":"Spanish","title":"Majestic Prince"},{"type":"French","title":"Majestic Prince"}],"title":"Ginga Kikoutai Majestic Prince","title_english":"Majestic Prince","title_japanese":"\u9280\u6cb3\u6a5f\u653b\u968a \u30de\u30b8\u30a7\u30b9\u30c6\u30a3\u30c3\u30af\u30d7\u30ea\u30f3\u30b9","title_synonyms":[],"type":"TV","source":"Manga","episodes":24,"status":"Finished Airing","airing":false,"aired":{"from":"2013-04-04T00:00:00+00:00","to":"2013-09-19T00:00:00+00:00","prop":{"from":{"day":4,"month":4,"year":2013},"to":{"day":19,"month":9,"year":2013}},"string":"Apr 4, 2013 to Sep 19, 2013"},"duration":"23 min per ep","rating":"PG-13 - Teens 13 or older","score":7.33,"scored_by":23595,"rank":2466,"popularity":2862,"members":54953,"favorites":171,"synopsis":"In the latter half of 21st century, humans leave the Earth and begin to live in space. In order to adapt to the environment in space and deal with the hostile aliens in Jupiter, genetically engineered children called \"Princes\" are artificially raised and trained to be pilots of armed robots \"AHSMB (Advanced High Standard Multipurpose Battle Device). This is a story about one of the teenage \"Princes,\" Hitachi O Izuru, who studies in an academic city Grandzehle.\n\n(Source: MAL News)","background":null,"season":"spring","year":2013,"broadcast":{"day":"Thursdays","time":"22:30","timezone":"Asia\/Tokyo","string":"Thursdays at 22:30 (JST)"},"producers":[{"mal_id":16,"type":"anime","name":"TV Tokyo","url":"https:\/\/myanimelist.net\/anime\/producer\/16\/TV_Tokyo"},{"mal_id":64,"type":"anime","name":"Sotsu","url":"https:\/\/myanimelist.net\/anime\/producer\/64\/Sotsu"},{"mal_id":113,"type":"anime","name":"Kadokawa Shoten","url":"https:\/\/myanimelist.net\/anime\/producer\/113\/Kadokawa_Shoten"},{"mal_id":460,"type":"anime","name":"KlockWorx","url":"https:\/\/myanimelist.net\/anime\/producer\/460\/KlockWorx"},{"mal_id":1097,"type":"anime","name":"Bandai Namco Games","url":"https:\/\/myanimelist.net\/anime\/producer\/1097\/Bandai_Namco_Games"},{"mal_id":1143,"type":"anime","name":"TOHO animation","url":"https:\/\/myanimelist.net\/anime\/producer\/1143\/TOHO_animation"}],"licensors":[{"mal_id":376,"type":"anime","name":"Sentai Filmworks","url":"https:\/\/myanimelist.net\/anime\/producer\/376\/Sentai_Filmworks"}],"studios":[{"mal_id":95,"type":"anime","name":"Doga Kobo","url":"https:\/\/myanimelist.net\/anime\/producer\/95\/Doga_Kobo"},{"mal_id":1109,"type":"anime","name":"Orange","url":"https:\/\/myanimelist.net\/anime\/producer\/1109\/Orange"}],"genres":[{"mal_id":1,"type":"anime","name":"Action","url":"https:\/\/myanimelist.net\/anime\/genre\/1\/Action"},{"mal_id":24,"type":"anime","name":"Sci-Fi","url":"https:\/\/myanimelist.net\/anime\/genre\/24\/Sci-Fi"}],"explicit_genres":[],"themes":[{"mal_id":18,"type":"anime","name":"Mecha","url":"https:\/\/myanimelist.net\/anime\/genre\/18\/Mecha"},{"mal_id":23,"type":"anime","name":"School","url":"https:\/\/myanimelist.net\/anime\/genre\/23\/School"},{"mal_id":29,"type":"anime","name":"Space","url":"https:\/\/myanimelist.net\/anime\/genre\/29\/Space"}],"demographics":[{"mal_id":42,"type":"anime","name":"Seinen","url":"https:\/\/myanimelist.net\/anime\/genre\/42\/Seinen"}],"relations":[{"relation":"Adaptation","entry":[{"mal_id":43371,"type":"manga","name":"Majestic Prince","url":"https:\/\/myanimelist.net\/manga\/43371\/Majestic_Prince"},{"mal_id":60011,"type":"manga","name":"Ginga Kikoutai Majestic Prince","url":"https:\/\/myanimelist.net\/manga\/60011\/Ginga_Kikoutai_Majestic_Prince"}]},{"relation":"Sequel","entry":[{"mal_id":33024,"type":"anime","name":"Ginga Kikoutai Majestic Prince: Mirai e no Tsubasa","url":"https:\/\/myanimelist.net\/anime\/33024\/Ginga_Kikoutai_Majestic_Prince__Mirai_e_no_Tsubasa"}]}],"theme":{"openings":["1: \"Watashi wa Souzousuru (\u79c1\u306f\u60f3\u50cf\u3059\u308b)\" by Natsumi Kon (eps 2-12)","2: \"PROMPT\" by Natsumi Kon (eps 13-23)"],"endings":["1: \"Sayonara tte Iu (\u30b5\u30e8\u30ca\u30e9\u3063\u3066\u3044\u3046)\" by Chiaki Ishikawa (eps 1-12)","2: \"Arigatou. Tadaima. (\u30a2\u30ea\u30ac\u30c8\u30a6\u3002\u30bf\u30c0\u30a4\u30de\u3002)\" by Kei Kugimiya (Yoko Hikasa), Tamaki Irie (Yuka Iguchi) (eps 13-15, 17-18, 23)","3: \"Bokutachi wa Ikiteiru (\u50d5\u305f\u3061\u306f\u751f\u304d\u3066\u3044\u308b)\" by Izuru Hitachi (Hiroki Aiba), Toshikaze Asagi (Shintaro Asanuma), Ataru Suruga (Junya Ikeda)  (eps 16, 21-22)","4: \"Respect Me\" by Chiaki Ishikawa (eps 19)","5: \"Kokoro wa Hitotsu ja nai (\u5fc3\u306f\u3072\u3068\u3064\u3058\u3083\u306a\u3044)\" by Natsumi Kon (eps 20)","6: \"Watashi wa Souzousuru (\u79c1\u306f\u60f3\u50cf\u3059\u308b)\" by Natsumi Kon (eps 24)"]},"external":[{"name":"Official Site","url":"http:\/\/www.mjp-anime.jp\/"},{"name":"AniDB","url":"https:\/\/anidb.net\/perl-bin\/animedb.pl?show=anime&aid=9452"},{"name":"ANN","url":"https:\/\/www.animenewsnetwork.com\/encyclopedia\/anime.php?id=14971"},{"name":"Wikipedia","url":"http:\/\/en.wikipedia.org\/wiki\/Majestic_Prince_(manga)"}],"streaming":[{"name":"Crunchyroll","url":"http:\/\/www.crunchyroll.com\/series-253855"}]}}