{"data":{"mal_id":1604,"url":"https:\/\/myanimelist.net\/anime\/1604\/Katekyou_Hitman_Reborn","images":{"jpg":{"image_url":"https:\/\/cdn.myanimelist.net\/images\/anime\/13\/80000.jpg","small_image_url":"https:\/\/cdn.myanimelist.net\/images\/anime\/13\/80000t.jpg","large_image_url":"https:\/\/cdn.myanimelist.net\/images\/anime\/13\/80000l.jpg"},"webp":{"image_url":"https:\/\/cdn.myanimelist.net\/images\/anime\/13\/80000.webp","small_image_url":"https:\/\/cdn.myanimelist.net\/images\/anime\/13\/80000t.webp","large_image_url":"https:\/\/cdn.myanimelist.net\/images\/anime\/13\/80000l.webp"}},"trailer":{"youtube_id":"XfSpJErxZlE","url":"https:\/\/www.youtube.com\/watch?v=XfSpJErxZlE","embed_url":"https:\/\/www.youtube.com\/embed\/XfSpJErxZlE?enablejsapi=1&wmode=opaque&autoplay=1","images":{"image_url":"https:\/\/img.youtube.com\/vi\/XfSpJErxZlE\/default.jpg","small_image_url":"https:\/\/img.youtube.com\/vi\/XfSpJErxZlE\/sddefault.jpg","medium_image_url":"https:\/\/img.youtube.com\/vi\/XfSpJErxZlE\/mqdefault.jpg","large_image_url":"https:\/\/img.youtube.com\/vi\/XfSpJErxZlE\/hqdefault.jpg","maximum_image_url":"https:\/\/img.youtube.com\/vi\/XfSpJErxZlE\/maxresdefault.jpg"}},"approved":true,"titles":[{"type":"Default","title":"Katekyou Hitman Reborn!"},{"type":"Synonym","title":"Kateikyoushi Hitman Reborn!"},{"type":"Synonym","title":"Home Tutor Hitman Reborn!"},{"type":"Japanese","title":"\u5bb6\u5ead\u6559\u5e2b\u30d2\u30c3\u30c8\u30de\u30f3REBORN!"},{"type":"English","title":"Reborn!"},{"type":"Spanish","title":"Reborn!"},{"type":"French","title":"Mon prof le tueur Reborn!"}],"title":"Katekyou Hitman Reborn!","title_english":"Reborn!","title_japanese":"\u5bb6\u5ead\u6559\u5e2b\u30d2\u30c3\u30c8\u30de\u30f3REBORN!","title_synonyms":["Kateikyoushi Hitman Reborn!","Home Tutor Hitman Reborn!"],"type":"TV","source":"Manga","episodes":203,"status":"Finished Airing","airing":false,"aired":{"from":"2006-10-07T00:00:00+00:00","to":"2010-09-25T00:00:00+00:00","prop":{"from":{"day":7,"month":10,"year":2006},"to":{"day":25,"month":9,"year":2010}},"string":"Oct 7, 2006 to Sep 25, 2010"},"duration":"24 min per ep","rating":"PG-13 - Teens 13 or older","score":8.13,"scored_by":257626,"rank":446,"popularity":383,"members":549999,"favorites":15934,"synopsis":"There is no putting it lightly\u2014Tsunayoshi Sawada is just no good. He is clumsy, talentless, and desperately in love with the school idol Kyouko Sasagawa, a girl so completely out of his league. Dubbed \"Loser Tsuna\" by his classmates, he seems to be the very personification of failure in the guise of a middle-schooler.\n\nTsuna's boring life takes an extraordinary twist when he encounters the mysterious Reborn, who happens to be a hitman... and shockingly, a baby! Sent from the strongest Mafia family in Italy, Reborn is assigned the daunting mission of preparing the dull middle schooler to succeed the ninth boss of the notorious Vongola family, who is on the brink of retirement. The dull boy has a grueling road ahead, but with the help of his new criminal affiliates and his peculiar home tutor, perhaps even Loser Tsuna can achieve greatness.\n\n[Written by MAL Rewrite]","background":null,"season":"fall","year":2006,"broadcast":{"day":"Saturdays","time":"10:30","timezone":"Asia\/Tokyo","string":"Saturdays at 10:30 (JST)"},"producers":[{"mal_id":16,"type":"anime","name":"TV Tokyo","url":"https:\/\/myanimelist.net\/anime\/producer\/16\/TV_Tokyo"},{"mal_id":53,"type":"anime","name":"Dentsu","url":"https:\/\/myanimelist.net\/anime\/producer\/53\/Dentsu"},{"mal_id":82,"type":"anime","name":"Marvelous Entertainment","url":"https:\/\/myanimelist.net\/anime\/producer\/82\/Marvelous_Entertainment"},{"mal_id":144,"type":"anime","name":"Pony Canyon","url":"https:\/\/myanimelist.net\/anime\/producer\/144\/Pony_Canyon"},{"mal_id":164,"type":"anime","name":"d-rights","url":"https:\/\/myanimelist.net\/anime\/producer\/164\/d-rights"}],"licensors":[{"mal_id":119,"type":"anime","name":"VIZ Media","url":"https:\/\/myanimelist.net\/anime\/producer\/119\/VIZ_Media"},{"mal_id":467,"type":"anime","name":"Discotek Media","url":"https:\/\/myanimelist.net\/anime\/producer\/467\/Discotek_Media"}],"studios":[{"mal_id":8,"type":"anime","name":"Artland","url":"https:\/\/myanimelist.net\/anime\/producer\/8\/Artland"}],"genres":[{"mal_id":1,"type":"anime","name":"Action","url":"https:\/\/myanimelist.net\/anime\/genre\/1\/Action"},{"mal_id":4,"type":"anime","name":"Comedy","url":"https:\/\/myanimelist.net\/anime\/genre\/4\/Comedy"}],"explicit_genres":[],"themes":[{"mal_id":68,"type":"anime","name":"Organized Crime","url":"https:\/\/myanimelist.net\/anime\/genre\/68\/Organized_Crime"},{"mal_id":31,"type":"anime","name":"Super Power","url":"https:\/\/myanimelist.net\/anime\/genre\/31\/Super_Power"}],"demographics":[{"mal_id":27,"type":"anime","name":"Shounen","url":"https:\/\/myanimelist.net\/anime\/genre\/27\/Shounen"}],"relations":[{"relation":"Adaptation","entry":[{"mal_id":47,"type":"manga","name":"Katekyou Hitman Reborn!","url":"https:\/\/myanimelist.net\/manga\/47\/Katekyou_Hitman_Reborn"}]},{"relation":"Side story","entry":[{"mal_id":8532,"type":"anime","name":"Katekyou Hitman Reborn! Vongola Family Soutoujou! Vongola Shiki Shuugakuryokou, Kuru!!","url":"https:\/\/myanimelist.net\/anime\/8532\/Katekyou_Hitman_Reborn_Vongola_Family_Soutoujou_Vongola_Shiki_Shuugakuryokou_Kuru"},{"mal_id":9023,"type":"anime","name":"Katekyou Hitman Reborn!: Mr. Rebokku no Ciao Ciao Interview","url":"https:\/\/myanimelist.net\/anime\/9023\/Katekyou_Hitman_Reborn__Mr_Rebokku_no_Ciao_Ciao_Interview"}]},{"relation":"Other","entry":[{"mal_id":33740,"type":"anime","name":"Katekyou Hitman Reborn! x \u0113lDLIVE Special","url":"https:\/\/myanimelist.net\/anime\/33740\/Katekyou_Hitman_Reborn_x_\u0113lDLIVE_Special"}]}],"theme":{"openings":["1: \"Drawing Days\" by SPLAY (eps 1-26)","2: \"BOYS & GIRLS\" by LM.C (eps 27-51)","3: \"Dive To World\" by CHERRYBLOSSOM (eps 52-73)","4: \"88\" by LM.C (eps 74-101)","5: \"Last Cross\" by Masami Mitsuoka (eps 102-126)","6: \"EASY GO\" by Kasuki Kato (eps 127-153)","7: \"Funny Sunny Day\" by SxOxU (eps 154-177)","8: \"Listen to the Stereo\" by Going Under Ground (eps 178-203)"],"endings":["1: \"Michishirube\" by Keita Tachibana (eps 1-12)","2: \"ONE NIGHT STAR\" by the ARROW (eps 13-29)","3: \"Echo again\" by SPLAY (eps 30-38)","4: \"Friend\" by Idoling!!! (eps 39-51)","5: \"Sakura Addiction\" by Takashi Kondo & Toshinobu Iida (eps 52-62)","6: \"Friend\" by Sasagawa Kyouko vs. Miura Haru (eps 63)","7: \"STAND UP!\" by Lead (eps 64-76)","8: \"AMEato\" by w-inds. (eps 77-89)","9: \"CYCLE\" by CHERRYBLOSSOM (eps 90-101)","10: \"Suberidai \/ Slide\" by Mori Tsubasa (eps 102-114)","11: \"Sakura Rock\" by CHERRYBLOSSOM (eps 115-126)","12: \"Smile\" by Aya Ueto (eps 127-139)","13: \"Aoi Yume\" by Mori Tsubasa (eps 140-153)","14: \"Yume no Manual\" by CHERRYBLOSSOM (eps 154-165)","15: \"Gr8 Story\" by SuG (eps 166-177)","16: \"Famiglia\" by D-51 (eps 178-190)","17: \"Canvas\" by +Plus (eps 191-203)"]},"external":[{"name":"Official Site","url":"http:\/\/ani.tv\/reborn\/"},{"name":"AniDB","url":"https:\/\/anidb.net\/perl-bin\/animedb.pl?show=anime&aid=4747"},{"name":"ANN","url":"https:\/\/www.animenewsnetwork.com\/encyclopedia\/anime.php?id=6843"},{"name":"Wikipedia","url":"http:\/\/en.wikipedia.org\/wiki\/Reborn!"},{"name":"Wikipedia","url":"https:\/\/ja.wikipedia.org\/wiki\/%E5%AE%B6%E5%BA%AD%E6%95%99%E5%B8%AB%E3%83%92%E3%83%83%E3%83%88%E3%83%9E%E3%83%B3REBORN%21"},{"name":"Syoboi","url":"https:\/\/cal.syoboi.jp\/tid\/1023"}],"streaming":[{"name":"Crunchyroll","url":"http:\/\/www.crunchyroll.com\/series-47700"},{"name":"Tubi TV","url":"https:\/\/tubitv.com\/series\/1669\/reborn"}]}}