{"data":{"mal_id":16239,"url":"https:\/\/myanimelist.net\/anime\/16239\/One_Piece__Episode_of_Luffy_-_Hand_Island_no_Bouken","images":{"jpg":{"image_url":"https:\/\/cdn.myanimelist.net\/images\/anime\/8\/52463.jpg","small_image_url":"https:\/\/cdn.myanimelist.net\/images\/anime\/8\/52463t.jpg","large_image_url":"https:\/\/cdn.myanimelist.net\/images\/anime\/8\/52463l.jpg"},"webp":{"image_url":"https:\/\/cdn.myanimelist.net\/images\/anime\/8\/52463.webp","small_image_url":"https:\/\/cdn.myanimelist.net\/images\/anime\/8\/52463t.webp","large_image_url":"https:\/\/cdn.myanimelist.net\/images\/anime\/8\/52463l.webp"}},"trailer":{"youtube_id":null,"url":null,"embed_url":null,"images":{"image_url":null,"small_image_url":null,"medium_image_url":null,"large_image_url":null,"maximum_image_url":null}},"approved":true,"titles":[{"type":"Default","title":"One Piece: Episode of Luffy - Hand Island no Bouken"},{"type":"Japanese","title":"\u30ef\u30f3\u30d4\u30fc\u30b9 \u30a8\u30d4\u30bd\u30fc\u30c9\u30aa\u30d6\u30eb\u30d5\u30a3 \u301c\u30cf\u30f3\u30c9\u30a2\u30a4\u30e9\u30f3\u30c9\u306e\u5192\u967a\u301c"},{"type":"English","title":"One Piece: Episode of Luffy - Adventure on Hand Island"},{"type":"German","title":"One Piece - Episode of Luffy: Abenteuer auf Hand Island"},{"type":"French","title":"One Piece - Episode of Luffy: Aventure sur l'Ile de la Main"}],"title":"One Piece: Episode of Luffy - Hand Island no Bouken","title_english":"One Piece: Episode of Luffy - Adventure on Hand Island","title_japanese":"\u30ef\u30f3\u30d4\u30fc\u30b9 \u30a8\u30d4\u30bd\u30fc\u30c9\u30aa\u30d6\u30eb\u30d5\u30a3 \u301c\u30cf\u30f3\u30c9\u30a2\u30a4\u30e9\u30f3\u30c9\u306e\u5192\u967a\u301c","title_synonyms":[],"type":"Special","source":"Manga","episodes":1,"status":"Finished Airing","airing":false,"aired":{"from":"2012-12-15T00:00:00+00:00","to":null,"prop":{"from":{"day":15,"month":12,"year":2012},"to":{"day":null,"month":null,"year":null}},"string":"Dec 15, 2012"},"duration":"1 hr 42 min","rating":"PG-13 - Teens 13 or older","score":7.57,"scored_by":26876,"rank":1532,"popularity":2975,"members":51367,"favorites":33,"synopsis":"The story of the Hand Island no Bouken special is set a little before the events of One Piece Film Z and depicts a major \"Hand Island\" incident during the New World storyline. The story is set at \"Cannon Town\" where a parent and a child work as craftspeople. The incident revolves around them and a commodore of a marine base. The special will also have a flashback scene to the story in the first chapter of the manga, but with new animation. \n\n(Source: ANN)","background":null,"season":null,"year":null,"broadcast":{"day":null,"time":null,"timezone":null,"string":null},"producers":[],"licensors":[],"studios":[{"mal_id":18,"type":"anime","name":"Toei Animation","url":"https:\/\/myanimelist.net\/anime\/producer\/18\/Toei_Animation"}],"genres":[{"mal_id":1,"type":"anime","name":"Action","url":"https:\/\/myanimelist.net\/anime\/genre\/1\/Action"},{"mal_id":2,"type":"anime","name":"Adventure","url":"https:\/\/myanimelist.net\/anime\/genre\/2\/Adventure"},{"mal_id":10,"type":"anime","name":"Fantasy","url":"https:\/\/myanimelist.net\/anime\/genre\/10\/Fantasy"}],"explicit_genres":[],"themes":[],"demographics":[{"mal_id":27,"type":"anime","name":"Shounen","url":"https:\/\/myanimelist.net\/anime\/genre\/27\/Shounen"}],"relations":[{"relation":"Parent story","entry":[{"mal_id":21,"type":"anime","name":"One Piece","url":"https:\/\/myanimelist.net\/anime\/21\/One_Piece"}]},{"relation":"Sequel","entry":[{"mal_id":12859,"type":"anime","name":"One Piece Film: Z","url":"https:\/\/myanimelist.net\/anime\/12859\/One_Piece_Film__Z"}]}],"theme":{"openings":[],"endings":["\"We Are! (\u30a6\u30a3\u30fc\u30a2\u30fc!)\" by Kouta Shinzato (\u65b0\u91cc\u5b8f\u592a)"]},"external":[{"name":"AniDB","url":"https:\/\/anidb.net\/perl-bin\/animedb.pl?show=anime&aid=69"},{"name":"ANN","url":"https:\/\/www.animenewsnetwork.com\/encyclopedia\/anime.php?id=14900"},{"name":"Wikipedia","url":"http:\/\/en.wikipedia.org\/wiki\/One_Piece"}],"streaming":[]}}