{"data":{"mal_id":16241,"url":"https:\/\/myanimelist.net\/anime\/16241\/Yondemasu_yo_Azazel-san_Z","images":{"jpg":{"image_url":"https:\/\/cdn.myanimelist.net\/images\/anime\/3\/48957.jpg","small_image_url":"https:\/\/cdn.myanimelist.net\/images\/anime\/3\/48957t.jpg","large_image_url":"https:\/\/cdn.myanimelist.net\/images\/anime\/3\/48957l.jpg"},"webp":{"image_url":"https:\/\/cdn.myanimelist.net\/images\/anime\/3\/48957.webp","small_image_url":"https:\/\/cdn.myanimelist.net\/images\/anime\/3\/48957t.webp","large_image_url":"https:\/\/cdn.myanimelist.net\/images\/anime\/3\/48957l.webp"}},"trailer":{"youtube_id":null,"url":null,"embed_url":null,"images":{"image_url":null,"small_image_url":null,"medium_image_url":null,"large_image_url":null,"maximum_image_url":null}},"approved":true,"titles":[{"type":"Default","title":"Yondemasu yo, Azazel-san. Z"},{"type":"Synonym","title":"Yondemasu yo"},{"type":"Synonym","title":"Azazel-san. 2nd Season"},{"type":"Japanese","title":"\u3088\u3093\u3067\u307e\u3059\u3088\u3001\u30a2\u30b6\u30bc\u30eb\u3055\u3093\u3002Z"},{"type":"English","title":"You're Being Summoned, Azazel Z"},{"type":"German","title":"You're Being Summoned, Azazel Z"},{"type":"Spanish","title":"You're Being Summoned, Azazel Z"},{"type":"French","title":"You're Being Summoned, Azazel Z"}],"title":"Yondemasu yo, Azazel-san. Z","title_english":"You're Being Summoned, Azazel Z","title_japanese":"\u3088\u3093\u3067\u307e\u3059\u3088\u3001\u30a2\u30b6\u30bc\u30eb\u3055\u3093\u3002Z","title_synonyms":["Yondemasu yo","Azazel-san. 2nd Season"],"type":"TV","source":"Manga","episodes":13,"status":"Finished Airing","airing":false,"aired":{"from":"2013-04-07T00:00:00+00:00","to":"2013-06-30T00:00:00+00:00","prop":{"from":{"day":7,"month":4,"year":2013},"to":{"day":30,"month":6,"year":2013}},"string":"Apr 7, 2013 to Jun 30, 2013"},"duration":"12 min per ep","rating":"R - 17+ (violence & profanity)","score":7.54,"scored_by":20265,"rank":1660,"popularity":3484,"members":38177,"favorites":65,"synopsis":"The second season of Yondemasu yo, Azazel-san.","background":null,"season":"spring","year":2013,"broadcast":{"day":null,"time":null,"timezone":null,"string":"Unknown"},"producers":[],"licensors":[{"mal_id":217,"type":"anime","name":"Nozomi Entertainment","url":"https:\/\/myanimelist.net\/anime\/producer\/217\/Nozomi_Entertainment"}],"studios":[{"mal_id":10,"type":"anime","name":"Production I.G","url":"https:\/\/myanimelist.net\/anime\/producer\/10\/Production_IG"}],"genres":[{"mal_id":4,"type":"anime","name":"Comedy","url":"https:\/\/myanimelist.net\/anime\/genre\/4\/Comedy"},{"mal_id":37,"type":"anime","name":"Supernatural","url":"https:\/\/myanimelist.net\/anime\/genre\/37\/Supernatural"}],"explicit_genres":[],"themes":[{"mal_id":57,"type":"anime","name":"Gag Humor","url":"https:\/\/myanimelist.net\/anime\/genre\/57\/Gag_Humor"},{"mal_id":6,"type":"anime","name":"Mythology","url":"https:\/\/myanimelist.net\/anime\/genre\/6\/Mythology"}],"demographics":[{"mal_id":42,"type":"anime","name":"Seinen","url":"https:\/\/myanimelist.net\/anime\/genre\/42\/Seinen"}],"relations":[{"relation":"Adaptation","entry":[{"mal_id":22114,"type":"manga","name":"Yondemasu yo, Azazel-san.","url":"https:\/\/myanimelist.net\/manga\/22114\/Yondemasu_yo_Azazel-san"}]},{"relation":"Prequel","entry":[{"mal_id":10216,"type":"anime","name":"Yondemasu yo, Azazel-san. (TV)","url":"https:\/\/myanimelist.net\/anime\/10216\/Yondemasu_yo_Azazel-san_TV"}]}],"theme":{"openings":["1: \"Momomomomossan no Theme(\u3082\u3082\u3082\u3082\u3082\u3063\u3055\u3093\u306e\u30c6\u30fc\u30de)\" by Namikawa Daisuke (eps 1)","2: \"Revival!! (\u308a\u3070\u3044\u3070\u308b!!)\" by Team.Nekokan [Neko] featuring. Chihiro Yonekura (eps 2-12)"],"endings":["\"Revival!! (\u308a\u3070\u3044\u3070\u308b!!)\" by Team.Nekokan [Neko] featuring. Chihiro Yonekura (eps 1)"]},"external":[{"name":"Official Site","url":"http:\/\/kc.kodansha.co.jp\/azazel\/"},{"name":"AniDB","url":"https:\/\/anidb.net\/perl-bin\/animedb.pl?show=anime&aid=9501"},{"name":"ANN","url":"https:\/\/www.animenewsnetwork.com\/encyclopedia\/anime.php?id=15003"},{"name":"Wikipedia","url":"http:\/\/ja.wikipedia.org\/wiki\/%E3%82%88%E3%82%93%E3%81%A7%E3%81%BE%E3%81%99%E3%82%88%E3%80%81%E3%82%A2%E3%82%B6%E3%82%BC%E3%83%AB%E3%81%95%E3%82%93%E3%80%82"}],"streaming":[{"name":"Crunchyroll","url":"http:\/\/www.crunchyroll.com\/series-270213"}]}}