{"data":{"mal_id":16528,"url":"https:\/\/myanimelist.net\/anime\/16528\/Hal","images":{"jpg":{"image_url":"https:\/\/cdn.myanimelist.net\/images\/anime\/6\/46549.jpg","small_image_url":"https:\/\/cdn.myanimelist.net\/images\/anime\/6\/46549t.jpg","large_image_url":"https:\/\/cdn.myanimelist.net\/images\/anime\/6\/46549l.jpg"},"webp":{"image_url":"https:\/\/cdn.myanimelist.net\/images\/anime\/6\/46549.webp","small_image_url":"https:\/\/cdn.myanimelist.net\/images\/anime\/6\/46549t.webp","large_image_url":"https:\/\/cdn.myanimelist.net\/images\/anime\/6\/46549l.webp"}},"trailer":{"youtube_id":"OS43cCcWU0A","url":"https:\/\/www.youtube.com\/watch?v=OS43cCcWU0A","embed_url":"https:\/\/www.youtube.com\/embed\/OS43cCcWU0A?enablejsapi=1&wmode=opaque&autoplay=1","images":{"image_url":"https:\/\/img.youtube.com\/vi\/OS43cCcWU0A\/default.jpg","small_image_url":"https:\/\/img.youtube.com\/vi\/OS43cCcWU0A\/sddefault.jpg","medium_image_url":"https:\/\/img.youtube.com\/vi\/OS43cCcWU0A\/mqdefault.jpg","large_image_url":"https:\/\/img.youtube.com\/vi\/OS43cCcWU0A\/hqdefault.jpg","maximum_image_url":"https:\/\/img.youtube.com\/vi\/OS43cCcWU0A\/maxresdefault.jpg"}},"approved":true,"titles":[{"type":"Default","title":"Hal"},{"type":"Synonym","title":"Haru"},{"type":"Japanese","title":"\u30cf\u30eb"},{"type":"English","title":"Hal"}],"title":"Hal","title_english":"Hal","title_japanese":"\u30cf\u30eb","title_synonyms":["Haru"],"type":"Movie","source":"Original","episodes":1,"status":"Finished Airing","airing":false,"aired":{"from":"2013-06-08T00:00:00+00:00","to":null,"prop":{"from":{"day":8,"month":6,"year":2013},"to":{"day":null,"month":null,"year":null}},"string":"Jun 8, 2013"},"duration":"1 hr","rating":"PG-13 - Teens 13 or older","score":7.4,"scored_by":69900,"rank":2191,"popularity":1534,"members":142534,"favorites":374,"synopsis":"Kurumi is a beautiful young woman whose beloved boyfriend, Hal, died in a sudden airplane accident. Left heartbroken and gloomy, she isolates herself in a small house. But this soon comes to change when her grandfather requests the help of a humanoid robot named Q01.\n\nTaking on the appearance of Hal, Q01 is sent to Kurumi's house in order to save her from her state of despair. As Hal returns day after day and increases his efforts, Kurumi, despite her initial reluctance, slowly begins to open up to him and break free from her depression. But there is more to Hal than meets the eye, and these two will soon learn an unexpected truth about this relationship between a human and an android.\n\n[Written by MAL Rewrite]","background":null,"season":null,"year":null,"broadcast":{"day":null,"time":null,"timezone":null,"string":null},"producers":[{"mal_id":10,"type":"anime","name":"Production I.G","url":"https:\/\/myanimelist.net\/anime\/producer\/10\/Production_IG"},{"mal_id":109,"type":"anime","name":"Shochiku","url":"https:\/\/myanimelist.net\/anime\/producer\/109\/Shochiku"},{"mal_id":144,"type":"anime","name":"Pony Canyon","url":"https:\/\/myanimelist.net\/anime\/producer\/144\/Pony_Canyon"}],"licensors":[{"mal_id":102,"type":"anime","name":"Funimation","url":"https:\/\/myanimelist.net\/anime\/producer\/102\/Funimation"}],"studios":[{"mal_id":858,"type":"anime","name":"Wit Studio","url":"https:\/\/myanimelist.net\/anime\/producer\/858\/Wit_Studio"}],"genres":[{"mal_id":8,"type":"anime","name":"Drama","url":"https:\/\/myanimelist.net\/anime\/genre\/8\/Drama"},{"mal_id":22,"type":"anime","name":"Romance","url":"https:\/\/myanimelist.net\/anime\/genre\/22\/Romance"},{"mal_id":24,"type":"anime","name":"Sci-Fi","url":"https:\/\/myanimelist.net\/anime\/genre\/24\/Sci-Fi"}],"explicit_genres":[],"themes":[],"demographics":[],"relations":[{"relation":"Adaptation","entry":[{"mal_id":49611,"type":"manga","name":"Hal","url":"https:\/\/myanimelist.net\/manga\/49611\/Hal"}]}],"theme":{"openings":[],"endings":["\"Owaranai Uta (\u7d42\u308f\u3089\u306a\u3044\u8a69)\" by Yoko Hikasa"]},"external":[{"name":"Official Site","url":"http:\/\/hal-anime.com\/"},{"name":"AniDB","url":"https:\/\/anidb.net\/perl-bin\/animedb.pl?show=anime&aid=9557"},{"name":"ANN","url":"https:\/\/www.animenewsnetwork.com\/encyclopedia\/anime.php?id=14970"},{"name":"Wikipedia","url":"http:\/\/en.wikipedia.org\/wiki\/Hal_%28film%29"}],"streaming":[{"name":"Crunchyroll","url":"http:\/\/www.crunchyroll.com\/series-273945"},{"name":"Funimation","url":"https:\/\/www.funimation.com\/shows\/hal"}]}}