{"data":{"mal_id":1684,"url":"https:\/\/myanimelist.net\/anime\/1684\/Dotto_Koni-chan","images":{"jpg":{"image_url":"https:\/\/cdn.myanimelist.net\/images\/anime\/1910\/106998.jpg","small_image_url":"https:\/\/cdn.myanimelist.net\/images\/anime\/1910\/106998t.jpg","large_image_url":"https:\/\/cdn.myanimelist.net\/images\/anime\/1910\/106998l.jpg"},"webp":{"image_url":"https:\/\/cdn.myanimelist.net\/images\/anime\/1910\/106998.webp","small_image_url":"https:\/\/cdn.myanimelist.net\/images\/anime\/1910\/106998t.webp","large_image_url":"https:\/\/cdn.myanimelist.net\/images\/anime\/1910\/106998l.webp"}},"trailer":{"youtube_id":null,"url":null,"embed_url":null,"images":{"image_url":null,"small_image_url":null,"medium_image_url":null,"large_image_url":null,"maximum_image_url":null}},"approved":true,"titles":[{"type":"Default","title":"Dotto Koni-chan"},{"type":"Japanese","title":"\u30c9\u30c3\u3068KONI\u3061\u3083\u3093"},{"type":"English","title":".Koni-chan"}],"title":"Dotto Koni-chan","title_english":".Koni-chan","title_japanese":"\u30c9\u30c3\u3068KONI\u3061\u3083\u3093","title_synonyms":[],"type":"TV","source":"Original","episodes":26,"status":"Finished Airing","airing":false,"aired":{"from":"2000-11-26T00:00:00+00:00","to":"2001-05-29T00:00:00+00:00","prop":{"from":{"day":26,"month":11,"year":2000},"to":{"day":29,"month":5,"year":2001}},"string":"Nov 26, 2000 to May 29, 2001"},"duration":"25 min per ep","rating":null,"score":7.37,"scored_by":1739,"rank":2311,"popularity":8451,"members":4614,"favorites":22,"synopsis":"Koni (whose character is based on the famous Sumo-wrestler) and his gang have lots of crazy and incoherent adventures in their town. From fighting with their \"Lovely-Teacher\" and dealing with Samurai fish, to confirming if \"The Armored-Guy's\" wife has an affair and saving the world, Koni, High, Moro, Nari and Afro, the Afro-dog, do the craziest and funniest things to have fun.\n\n(Source: ANN)","background":null,"season":"fall","year":2000,"broadcast":{"day":"Sundays","time":"17:00","timezone":"Asia\/Tokyo","string":"Sundays at 17:00 (JST)"},"producers":[{"mal_id":79,"type":"anime","name":"Genco","url":"https:\/\/myanimelist.net\/anime\/producer\/79\/Genco"},{"mal_id":140,"type":"anime","name":"Animax","url":"https:\/\/myanimelist.net\/anime\/producer\/140\/Animax"}],"licensors":[],"studios":[{"mal_id":44,"type":"anime","name":"Shaft","url":"https:\/\/myanimelist.net\/anime\/producer\/44\/Shaft"}],"genres":[{"mal_id":4,"type":"anime","name":"Comedy","url":"https:\/\/myanimelist.net\/anime\/genre\/4\/Comedy"}],"explicit_genres":[],"themes":[],"demographics":[],"relations":[],"theme":{"openings":["\"Kyaradamon\" by ShinoRyu"],"endings":["\"Sailing Dream\" by Shinohara Tomoe"]},"external":[{"name":"AniDB","url":"https:\/\/anidb.net\/perl-bin\/animedb.pl?show=anime&aid=4680"},{"name":"ANN","url":"https:\/\/www.animenewsnetwork.com\/encyclopedia\/anime.php?id=1738"},{"name":"Wikipedia","url":"http:\/\/en.wikipedia.org\/wiki\/Dotto%21_Koni-chan"}],"streaming":[]}}