{"data":{"mal_id":16904,"url":"https:\/\/myanimelist.net\/anime\/16904\/K__Missing_Kings","images":{"jpg":{"image_url":"https:\/\/cdn.myanimelist.net\/images\/anime\/5\/71795.jpg","small_image_url":"https:\/\/cdn.myanimelist.net\/images\/anime\/5\/71795t.jpg","large_image_url":"https:\/\/cdn.myanimelist.net\/images\/anime\/5\/71795l.jpg"},"webp":{"image_url":"https:\/\/cdn.myanimelist.net\/images\/anime\/5\/71795.webp","small_image_url":"https:\/\/cdn.myanimelist.net\/images\/anime\/5\/71795t.webp","large_image_url":"https:\/\/cdn.myanimelist.net\/images\/anime\/5\/71795l.webp"}},"trailer":{"youtube_id":"yhNzL20gNX0","url":"https:\/\/www.youtube.com\/watch?v=yhNzL20gNX0","embed_url":"https:\/\/www.youtube.com\/embed\/yhNzL20gNX0\/?enablejsapi=1&wmode=opaque&autoplay=1","images":{"image_url":"https:\/\/img.youtube.com\/vi\/yhNzL20gNX0\/default.jpg","small_image_url":"https:\/\/img.youtube.com\/vi\/yhNzL20gNX0\/sddefault.jpg","medium_image_url":"https:\/\/img.youtube.com\/vi\/yhNzL20gNX0\/mqdefault.jpg","large_image_url":"https:\/\/img.youtube.com\/vi\/yhNzL20gNX0\/hqdefault.jpg","maximum_image_url":"https:\/\/img.youtube.com\/vi\/yhNzL20gNX0\/maxresdefault.jpg"}},"approved":true,"titles":[{"type":"Default","title":"K: Missing Kings"},{"type":"Synonym","title":"K (Movie)"},{"type":"Synonym","title":"K-Project Movie"},{"type":"Synonym","title":"K-Project Sequel"},{"type":"Japanese","title":"K MISSING KINGS"},{"type":"English","title":"K: Missing Kings"}],"title":"K: Missing Kings","title_english":"K: Missing Kings","title_japanese":"K MISSING KINGS","title_synonyms":["K (Movie)","K-Project Movie","K-Project Sequel"],"type":"Movie","source":"Original","episodes":1,"status":"Finished Airing","airing":false,"aired":{"from":"2014-07-12T00:00:00+00:00","to":null,"prop":{"from":{"day":12,"month":7,"year":2014},"to":{"day":null,"month":null,"year":null}},"string":"Jul 12, 2014"},"duration":"1 hr 13 min","rating":"PG-13 - Teens 13 or older","score":7.63,"scored_by":122325,"rank":1346,"popularity":928,"members":251298,"favorites":649,"synopsis":"It's been a year since the disappearance of Shiro, the Silver King; Kurou Yatogami and Neko have been diligent in their search, but to no end. Their investigation leads to a run-in with members of the now disbanded Red Clan HOMRA\u2014Rikio Kamamoto and Anna Kushina\u2014being pursued by the Green Clan, who desire Anna's powers for their own ends.\n\nNow, the members of Scepter 4 are called upon alongside Kurou and Neko in order to rescue Anna, the mascot, and only female member of the ruined Red Clan, from the enemy's clutches and hopefully find Shiro using the young girl's powers. Amidst crisis, the group is forced into a power struggle when the Green Clan threatens to overtake the Gold King's domain.\n\nThe second step in the K Project series, K: Missing Kings, continues the story of a young boy caught up in a psychic war between seven kings, and showcases each character's struggles after the losses of their respective Kings.\n\n[Written by MAL Rewrite]","background":"The movie was first premiered in Singapore on July 5, 2014. Screening in Japanese theaters began on July 12, 2014.","season":null,"year":null,"broadcast":{"day":null,"time":null,"timezone":null,"string":null},"producers":[{"mal_id":92,"type":"anime","name":"Starchild Records","url":"https:\/\/myanimelist.net\/anime\/producer\/92\/Starchild_Records"},{"mal_id":143,"type":"anime","name":"Mainichi Broadcasting System","url":"https:\/\/myanimelist.net\/anime\/producer\/143\/Mainichi_Broadcasting_System"},{"mal_id":460,"type":"anime","name":"KlockWorx","url":"https:\/\/myanimelist.net\/anime\/producer\/460\/KlockWorx"},{"mal_id":1255,"type":"anime","name":"Glovision","url":"https:\/\/myanimelist.net\/anime\/producer\/1255\/Glovision"}],"licensors":[{"mal_id":119,"type":"anime","name":"VIZ Media","url":"https:\/\/myanimelist.net\/anime\/producer\/119\/VIZ_Media"}],"studios":[{"mal_id":309,"type":"anime","name":"GoHands","url":"https:\/\/myanimelist.net\/anime\/producer\/309\/GoHands"}],"genres":[{"mal_id":1,"type":"anime","name":"Action","url":"https:\/\/myanimelist.net\/anime\/genre\/1\/Action"},{"mal_id":10,"type":"anime","name":"Fantasy","url":"https:\/\/myanimelist.net\/anime\/genre\/10\/Fantasy"}],"explicit_genres":[],"themes":[{"mal_id":31,"type":"anime","name":"Super Power","url":"https:\/\/myanimelist.net\/anime\/genre\/31\/Super_Power"}],"demographics":[],"relations":[{"relation":"Adaptation","entry":[{"mal_id":88483,"type":"manga","name":"K: Missing Kings","url":"https:\/\/myanimelist.net\/manga\/88483\/K__Missing_Kings"}]},{"relation":"Prequel","entry":[{"mal_id":14467,"type":"anime","name":"K","url":"https:\/\/myanimelist.net\/anime\/14467\/K"}]},{"relation":"Sequel","entry":[{"mal_id":27991,"type":"anime","name":"K: Return of Kings","url":"https:\/\/myanimelist.net\/anime\/27991\/K__Return_of_Kings"}]},{"relation":"Other","entry":[{"mal_id":31344,"type":"anime","name":"K: Missing Kings - Manner Movie","url":"https:\/\/myanimelist.net\/anime\/31344\/K__Missing_Kings_-_Manner_Movie"}]}],"theme":{"openings":[],"endings":["\"Different colors\" by angela"]},"external":[{"name":"Official Site","url":"http:\/\/k-project-movie.jpn.com\/"},{"name":"AniDB","url":"https:\/\/anidb.net\/perl-bin\/animedb.pl?show=anime&aid=9605"},{"name":"ANN","url":"https:\/\/www.animenewsnetwork.com\/encyclopedia\/anime.php?id=15350"},{"name":"Wikipedia","url":"http:\/\/en.wikipedia.org\/wiki\/K_(anime)"}],"streaming":[{"name":"Crunchyroll","url":"http:\/\/www.crunchyroll.com\/series-278849"}]}}