{"data":{"mal_id":1695,"url":"https:\/\/myanimelist.net\/anime\/1695\/Les_Mis\u00e9rables__Shoujo_Cosette","images":{"jpg":{"image_url":"https:\/\/cdn.myanimelist.net\/images\/anime\/1\/1695.jpg","small_image_url":"https:\/\/cdn.myanimelist.net\/images\/anime\/1\/1695t.jpg","large_image_url":"https:\/\/cdn.myanimelist.net\/images\/anime\/1\/1695l.jpg"},"webp":{"image_url":"https:\/\/cdn.myanimelist.net\/images\/anime\/1\/1695.webp","small_image_url":"https:\/\/cdn.myanimelist.net\/images\/anime\/1\/1695t.webp","large_image_url":"https:\/\/cdn.myanimelist.net\/images\/anime\/1\/1695l.webp"}},"trailer":{"youtube_id":null,"url":null,"embed_url":null,"images":{"image_url":null,"small_image_url":null,"medium_image_url":null,"large_image_url":null,"maximum_image_url":null}},"approved":true,"titles":[{"type":"Default","title":"Les Mis\u00e9rables: Shoujo Cosette"},{"type":"Synonym","title":"Les Miserables: Shoujo Cosette"},{"type":"Japanese","title":"\u30ec\u30fb\u30df\u30bc\u30e9\u30d6\u30eb \u5c11\u5973\u30b3\u30bc\u30c3\u30c8"}],"title":"Les Mis\u00e9rables: Shoujo Cosette","title_english":null,"title_japanese":"\u30ec\u30fb\u30df\u30bc\u30e9\u30d6\u30eb \u5c11\u5973\u30b3\u30bc\u30c3\u30c8","title_synonyms":["Les Miserables: Shoujo Cosette"],"type":"TV","source":"Novel","episodes":52,"status":"Finished Airing","airing":false,"aired":{"from":"2007-01-07T00:00:00+00:00","to":"2007-12-30T00:00:00+00:00","prop":{"from":{"day":7,"month":1,"year":2007},"to":{"day":30,"month":12,"year":2007}},"string":"Jan 7, 2007 to Dec 30, 2007"},"duration":"24 min per ep","rating":"G - All Ages","score":7.89,"scored_by":9231,"rank":776,"popularity":3998,"members":28809,"favorites":270,"synopsis":"In 19th century France, a struggling single mother, Fantine, leaves her three-year-old daughter Cosette in the care of her new acquaintances, the Thernadiers. Unfortunately, Cosette's caretakers prove to be anything but loving, and the poor girl is subjected to repeated abuse and forced servitude. Still, she endures the torment in the hopes of seeing her mother once again.\n\nOne night, while doing errands for her host family, Cosette is assisted by an honorable stranger named Jean Valjean. After a brief conversation with the young girl, Jean acknowledges her as the type of person he has been seeking and rescues her from the clutches of the Thernadiers. They make their way to a nearby town where Cosette enjoys a new life thanks to her savior.\n\nUnder Jean's guidance, Cosette promises to help others with her newfound freedom. She pledges to heal the nation, ensuring that no one else suffers her fate. Though the road ahead is paved with tragedies left by the French Revolution, this idealistic girl will not rest until France is freed from poverty and suffering.\n\n[Written by MAL Rewrite]","background":null,"season":"winter","year":2007,"broadcast":{"day":null,"time":null,"timezone":null,"string":"Unknown"},"producers":[],"licensors":[],"studios":[{"mal_id":22,"type":"anime","name":"Nippon Animation","url":"https:\/\/myanimelist.net\/anime\/producer\/22\/Nippon_Animation"}],"genres":[{"mal_id":8,"type":"anime","name":"Drama","url":"https:\/\/myanimelist.net\/anime\/genre\/8\/Drama"}],"explicit_genres":[],"themes":[{"mal_id":13,"type":"anime","name":"Historical","url":"https:\/\/myanimelist.net\/anime\/genre\/13\/Historical"}],"demographics":[],"relations":[{"relation":"Alternative version","entry":[{"mal_id":5900,"type":"anime","name":"Jean Valjean Monogatari","url":"https:\/\/myanimelist.net\/anime\/5900\/Jean_Valjean_Monogatari"},{"mal_id":26283,"type":"anime","name":"Gin no Rousokutate","url":"https:\/\/myanimelist.net\/anime\/26283\/Gin_no_Rousokutate"}]},{"relation":"Summary","entry":[{"mal_id":53636,"type":"anime","name":"Les Mis\u00e9rables: Shoujo Cosette Specials","url":"https:\/\/myanimelist.net\/anime\/53636\/Les_Mis\u00e9rables__Shoujo_Cosette_Specials"}]}],"theme":{"openings":["\"Kaze no Mukou\" by Yuki Saito"],"endings":["\"Ma maman (Watashi no Okasan)\" by Yuki Saito"]},"external":[{"name":"Official Site","url":"http:\/\/www.nippon-animation.co.jp\/lesmise\/"},{"name":"AniDB","url":"https:\/\/anidb.net\/perl-bin\/animedb.pl?show=anime&aid=4781"},{"name":"ANN","url":"https:\/\/www.animenewsnetwork.com\/encyclopedia\/anime.php?id=6912"},{"name":"Wikipedia","url":"http:\/\/en.wikipedia.org\/wiki\/Les_Mis%C3%A9rables:_Sh%C5%8Djo_Cosette"}],"streaming":[]}}