{"data":{"mal_id":17269,"url":"https:\/\/myanimelist.net\/anime\/17269\/Captain_Herlock","images":{"jpg":{"image_url":"https:\/\/cdn.myanimelist.net\/images\/anime\/5\/62619.jpg","small_image_url":"https:\/\/cdn.myanimelist.net\/images\/anime\/5\/62619t.jpg","large_image_url":"https:\/\/cdn.myanimelist.net\/images\/anime\/5\/62619l.jpg"},"webp":{"image_url":"https:\/\/cdn.myanimelist.net\/images\/anime\/5\/62619.webp","small_image_url":"https:\/\/cdn.myanimelist.net\/images\/anime\/5\/62619t.webp","large_image_url":"https:\/\/cdn.myanimelist.net\/images\/anime\/5\/62619l.webp"}},"trailer":{"youtube_id":"59iIpApJScA","url":"https:\/\/www.youtube.com\/watch?v=59iIpApJScA","embed_url":"https:\/\/www.youtube.com\/embed\/59iIpApJScA?enablejsapi=1&wmode=opaque&autoplay=1","images":{"image_url":"https:\/\/img.youtube.com\/vi\/59iIpApJScA\/default.jpg","small_image_url":"https:\/\/img.youtube.com\/vi\/59iIpApJScA\/sddefault.jpg","medium_image_url":"https:\/\/img.youtube.com\/vi\/59iIpApJScA\/mqdefault.jpg","large_image_url":"https:\/\/img.youtube.com\/vi\/59iIpApJScA\/hqdefault.jpg","maximum_image_url":"https:\/\/img.youtube.com\/vi\/59iIpApJScA\/maxresdefault.jpg"}},"approved":true,"titles":[{"type":"Default","title":"Captain Herlock"},{"type":"Synonym","title":"Harlock Space Pirate"},{"type":"Japanese","title":"\u30ad\u30e3\u30d7\u30c6\u30f3\u30cf\u30fc\u30ed\u30c3\u30af"},{"type":"English","title":"Space Pirate Captain Harlock"},{"type":"German","title":"Space Pirate Captain Harlock"},{"type":"Spanish","title":"Capit\u00e1n Harlock"}],"title":"Captain Herlock","title_english":"Space Pirate Captain Harlock","title_japanese":"\u30ad\u30e3\u30d7\u30c6\u30f3\u30cf\u30fc\u30ed\u30c3\u30af","title_synonyms":["Harlock Space Pirate"],"type":"Movie","source":"Manga","episodes":1,"status":"Finished Airing","airing":false,"aired":{"from":"2013-09-07T00:00:00+00:00","to":null,"prop":{"from":{"day":7,"month":9,"year":2013},"to":{"day":null,"month":null,"year":null}},"string":"Sep 7, 2013"},"duration":"1 hr 55 min","rating":"R - 17+ (violence & profanity)","score":7.32,"scored_by":31111,"rank":2524,"popularity":2929,"members":52683,"favorites":167,"synopsis":"After conquering the galaxy, mankind has reached its apex and is now on a steady decline. The resources of the universe are diminishing, and around 500 billion humans begin to return home to Earth. Thus begins a war between the various factions of humans for control of the planet. Eventually, an authoritarian government known as the Gaia Sanction prevents the re-population of Earth.\n\nCaptain Herlock was one of the Elite Wing who was tasked by the Gaia Sanction to defend the Earth. His fleet of ships was unstoppable under his command. However, the Gaia Sanction allows a diplomatic elite to immigrate to Earth, which angers Herlock. He goes rogue and fires upon the diplomats and the rest of his fleet. He decides to unleash dark matter on the planet to make it uninhabitable, but also becomes engulfed in it which immortalizes him.\n\nOne hundred years have passed, and the legendary Captain Herlock is still at large, with only the Arcadia under his control. The Gaia Sanction continues with their plans for control over the Earth, while hiding its true state. But Captain Herlock is preparing for one final showdown with them, which will determine the fate of the world!","background":null,"season":null,"year":null,"broadcast":{"day":null,"time":null,"timezone":null,"string":null},"producers":[{"mal_id":141,"type":"anime","name":"Toei Video","url":"https:\/\/myanimelist.net\/anime\/producer\/141\/Toei_Video"},{"mal_id":1345,"type":"anime","name":"Sammy","url":"https:\/\/myanimelist.net\/anime\/producer\/1345\/Sammy"},{"mal_id":1346,"type":"anime","name":"Kinoshita Koumuten","url":"https:\/\/myanimelist.net\/anime\/producer\/1346\/Kinoshita_Koumuten"}],"licensors":[{"mal_id":1704,"type":"anime","name":"Ketchup Entertainment","url":"https:\/\/myanimelist.net\/anime\/producer\/1704\/Ketchup_Entertainment"}],"studios":[{"mal_id":18,"type":"anime","name":"Toei Animation","url":"https:\/\/myanimelist.net\/anime\/producer\/18\/Toei_Animation"},{"mal_id":1296,"type":"anime","name":"Marza Animation Planet","url":"https:\/\/myanimelist.net\/anime\/producer\/1296\/Marza_Animation_Planet"}],"genres":[{"mal_id":1,"type":"anime","name":"Action","url":"https:\/\/myanimelist.net\/anime\/genre\/1\/Action"},{"mal_id":8,"type":"anime","name":"Drama","url":"https:\/\/myanimelist.net\/anime\/genre\/8\/Drama"},{"mal_id":24,"type":"anime","name":"Sci-Fi","url":"https:\/\/myanimelist.net\/anime\/genre\/24\/Sci-Fi"}],"explicit_genres":[],"themes":[{"mal_id":29,"type":"anime","name":"Space","url":"https:\/\/myanimelist.net\/anime\/genre\/29\/Space"}],"demographics":[],"relations":[{"relation":"Adaptation","entry":[{"mal_id":5115,"type":"manga","name":"Uchuu Kaizoku Captain Herlock","url":"https:\/\/myanimelist.net\/manga\/5115\/Uchuu_Kaizoku_Captain_Herlock"}]},{"relation":"Alternative version","entry":[{"mal_id":1000,"type":"anime","name":"Uchuu Kaizoku Captain Herlock","url":"https:\/\/myanimelist.net\/anime\/1000\/Uchuu_Kaizoku_Captain_Herlock"}]}],"theme":{"openings":[],"endings":["\"Be the light\" by ONE OK ROCK"]},"external":[{"name":"Official Site","url":"http:\/\/harlock-movie.com\/"},{"name":"AniDB","url":"https:\/\/anidb.net\/perl-bin\/animedb.pl?show=anime&aid=9687"},{"name":"ANN","url":"https:\/\/www.animenewsnetwork.com\/encyclopedia\/anime.php?id=15170"},{"name":"Wikipedia","url":"http:\/\/en.wikipedia.org\/wiki\/Space_Pirate_Captain_Harlock_(film)"}],"streaming":[{"name":"Netflix","url":"https:\/\/www.netflix.com\/"}]}}