{"data":{"mal_id":1728,"url":"https:\/\/myanimelist.net\/anime\/1728\/Super_GALS_Kotobuki_Ran","images":{"jpg":{"image_url":"https:\/\/cdn.myanimelist.net\/images\/anime\/2\/25047.jpg","small_image_url":"https:\/\/cdn.myanimelist.net\/images\/anime\/2\/25047t.jpg","large_image_url":"https:\/\/cdn.myanimelist.net\/images\/anime\/2\/25047l.jpg"},"webp":{"image_url":"https:\/\/cdn.myanimelist.net\/images\/anime\/2\/25047.webp","small_image_url":"https:\/\/cdn.myanimelist.net\/images\/anime\/2\/25047t.webp","large_image_url":"https:\/\/cdn.myanimelist.net\/images\/anime\/2\/25047l.webp"}},"trailer":{"youtube_id":"4Nva9KDxaVQ","url":"https:\/\/www.youtube.com\/watch?v=4Nva9KDxaVQ","embed_url":"https:\/\/www.youtube.com\/embed\/4Nva9KDxaVQ?enablejsapi=1&wmode=opaque&autoplay=1","images":{"image_url":"https:\/\/img.youtube.com\/vi\/4Nva9KDxaVQ\/default.jpg","small_image_url":"https:\/\/img.youtube.com\/vi\/4Nva9KDxaVQ\/sddefault.jpg","medium_image_url":"https:\/\/img.youtube.com\/vi\/4Nva9KDxaVQ\/mqdefault.jpg","large_image_url":"https:\/\/img.youtube.com\/vi\/4Nva9KDxaVQ\/hqdefault.jpg","maximum_image_url":"https:\/\/img.youtube.com\/vi\/4Nva9KDxaVQ\/maxresdefault.jpg"}},"approved":true,"titles":[{"type":"Default","title":"Super GALS! Kotobuki Ran"},{"type":"Japanese","title":"\u8d85GALS! \u5bff\u862d"},{"type":"English","title":"Super GALS!"},{"type":"Spanish","title":"Super GALS!"},{"type":"French","title":"Super GALS!"}],"title":"Super GALS! Kotobuki Ran","title_english":"Super GALS!","title_japanese":"\u8d85GALS! \u5bff\u862d","title_synonyms":[],"type":"TV","source":"Manga","episodes":52,"status":"Finished Airing","airing":false,"aired":{"from":"2001-04-01T00:00:00+00:00","to":"2002-03-31T00:00:00+00:00","prop":{"from":{"day":1,"month":4,"year":2001},"to":{"day":31,"month":3,"year":2002}},"string":"Apr 1, 2001 to Mar 31, 2002"},"duration":"24 min per ep","rating":"PG-13 - Teens 13 or older","score":7.38,"scored_by":8043,"rank":2236,"popularity":4544,"members":21658,"favorites":199,"synopsis":"Sporting designer clothes, make-up, and nails, Ran Kotobuki is the very picture of a trendy, young Shibuya girl, but don't let that fool you. This girl comes from a family of cops, and she\u2019s ready to lay you out flat if you even think about causing trouble in her town! At least, she will... when she\u2019s not distracted with karaoke, shopping, and dodging her homework. Join Ran and her friends as they defend the streets of Shibuya and attempt to shop their way into the history books as the most famous Gals ever!\n\n(Source: RightStuf)","background":null,"season":"spring","year":2001,"broadcast":{"day":"Sundays","time":"08:30","timezone":"Asia\/Tokyo","string":"Sundays at 08:30 (JST)"},"producers":[{"mal_id":16,"type":"anime","name":"TV Tokyo","url":"https:\/\/myanimelist.net\/anime\/producer\/16\/TV_Tokyo"}],"licensors":[{"mal_id":97,"type":"anime","name":"ADV Films","url":"https:\/\/myanimelist.net\/anime\/producer\/97\/ADV_Films"},{"mal_id":217,"type":"anime","name":"Nozomi Entertainment","url":"https:\/\/myanimelist.net\/anime\/producer\/217\/Nozomi_Entertainment"}],"studios":[{"mal_id":1,"type":"anime","name":"Pierrot","url":"https:\/\/myanimelist.net\/anime\/producer\/1\/Pierrot"}],"genres":[{"mal_id":4,"type":"anime","name":"Comedy","url":"https:\/\/myanimelist.net\/anime\/genre\/4\/Comedy"},{"mal_id":36,"type":"anime","name":"Slice of Life","url":"https:\/\/myanimelist.net\/anime\/genre\/36\/Slice_of_Life"}],"explicit_genres":[],"themes":[],"demographics":[{"mal_id":25,"type":"anime","name":"Shoujo","url":"https:\/\/myanimelist.net\/anime\/genre\/25\/Shoujo"}],"relations":[{"relation":"Adaptation","entry":[{"mal_id":89,"type":"manga","name":"Gals!","url":"https:\/\/myanimelist.net\/manga\/89\/Gals"}]}],"theme":{"openings":["\"A-i-tsu\" by Dicot"],"endings":["\"Dakishimetai\" by Jungle Smile(eps 1-52)"]},"external":[{"name":"Official Site","url":"http:\/\/pierrot.jp\/title\/gals\/"},{"name":"AniDB","url":"https:\/\/anidb.net\/perl-bin\/animedb.pl?show=anime&aid=475"},{"name":"ANN","url":"https:\/\/www.animenewsnetwork.com\/encyclopedia\/anime.php?id=861"},{"name":"Wikipedia","url":"http:\/\/en.wikipedia.org\/wiki\/Super_GALS%21"}],"streaming":[{"name":"Crunchyroll","url":"http:\/\/www.crunchyroll.com\/series-272595"}]}}