{"data":{"mal_id":1818,"url":"https:\/\/myanimelist.net\/anime\/1818\/Claymore","images":{"jpg":{"image_url":"https:\/\/cdn.myanimelist.net\/images\/anime\/3\/21834.jpg","small_image_url":"https:\/\/cdn.myanimelist.net\/images\/anime\/3\/21834t.jpg","large_image_url":"https:\/\/cdn.myanimelist.net\/images\/anime\/3\/21834l.jpg"},"webp":{"image_url":"https:\/\/cdn.myanimelist.net\/images\/anime\/3\/21834.webp","small_image_url":"https:\/\/cdn.myanimelist.net\/images\/anime\/3\/21834t.webp","large_image_url":"https:\/\/cdn.myanimelist.net\/images\/anime\/3\/21834l.webp"}},"trailer":{"youtube_id":"c5DDD0ofspk","url":"https:\/\/www.youtube.com\/watch?v=c5DDD0ofspk","embed_url":"https:\/\/www.youtube.com\/embed\/c5DDD0ofspk?enablejsapi=1&wmode=opaque&autoplay=1","images":{"image_url":"https:\/\/img.youtube.com\/vi\/c5DDD0ofspk\/default.jpg","small_image_url":"https:\/\/img.youtube.com\/vi\/c5DDD0ofspk\/sddefault.jpg","medium_image_url":"https:\/\/img.youtube.com\/vi\/c5DDD0ofspk\/mqdefault.jpg","large_image_url":"https:\/\/img.youtube.com\/vi\/c5DDD0ofspk\/hqdefault.jpg","maximum_image_url":"https:\/\/img.youtube.com\/vi\/c5DDD0ofspk\/maxresdefault.jpg"}},"approved":true,"titles":[{"type":"Default","title":"Claymore"},{"type":"Japanese","title":"\u30af\u30ec\u30a4\u30e2\u30a2"},{"type":"English","title":"Claymore"}],"title":"Claymore","title_english":"Claymore","title_japanese":"\u30af\u30ec\u30a4\u30e2\u30a2","title_synonyms":[],"type":"TV","source":"Manga","episodes":26,"status":"Finished Airing","airing":false,"aired":{"from":"2007-04-04T00:00:00+00:00","to":"2007-09-26T00:00:00+00:00","prop":{"from":{"day":4,"month":4,"year":2007},"to":{"day":26,"month":9,"year":2007}},"string":"Apr 4, 2007 to Sep 26, 2007"},"duration":"23 min per ep","rating":"R+ - Mild Nudity","score":7.74,"scored_by":321567,"rank":1080,"popularity":295,"members":660702,"favorites":8389,"synopsis":"When a shapeshifting demon with a thirst for human flesh, known as \"youma,\" arrives in Raki's village, a lone woman with silver eyes walks into town with only a sword upon her back. She is a \"Claymore,\" a being manufactured as half-human and half-youma, for the express purpose of exterminating these monsters. After Raki's family is killed, the Claymore saves his life, but he is subsequently banished from his home. With nowhere else to go, Raki finds the Claymore, known as Clare, and decides to follow her on her journeys.\n\nAs the pair travel from town to town, defeating youma along the way, more about Clare's organization and her fellow warriors comes to light. With every town cleansed and every demon destroyed, they come closer to the youma on which Clare has sought vengeance ever since she chose to become a Claymore.\n\n[Written by MAL Rewrite]","background":null,"season":"spring","year":2007,"broadcast":{"day":"Wednesdays","time":"01:26","timezone":"Asia\/Tokyo","string":"Wednesdays at 01:26 (JST)"},"producers":[{"mal_id":29,"type":"anime","name":"VAP","url":"https:\/\/myanimelist.net\/anime\/producer\/29\/VAP"},{"mal_id":52,"type":"anime","name":"Avex Entertainment","url":"https:\/\/myanimelist.net\/anime\/producer\/52\/Avex_Entertainment"},{"mal_id":1003,"type":"anime","name":"Nippon Television Network","url":"https:\/\/myanimelist.net\/anime\/producer\/1003\/Nippon_Television_Network"},{"mal_id":1791,"type":"anime","name":"D.N. Dream Partners","url":"https:\/\/myanimelist.net\/anime\/producer\/1791\/DN_Dream_Partners"}],"licensors":[{"mal_id":102,"type":"anime","name":"Funimation","url":"https:\/\/myanimelist.net\/anime\/producer\/102\/Funimation"}],"studios":[{"mal_id":11,"type":"anime","name":"Madhouse","url":"https:\/\/myanimelist.net\/anime\/producer\/11\/Madhouse"}],"genres":[{"mal_id":1,"type":"anime","name":"Action","url":"https:\/\/myanimelist.net\/anime\/genre\/1\/Action"},{"mal_id":2,"type":"anime","name":"Adventure","url":"https:\/\/myanimelist.net\/anime\/genre\/2\/Adventure"},{"mal_id":10,"type":"anime","name":"Fantasy","url":"https:\/\/myanimelist.net\/anime\/genre\/10\/Fantasy"}],"explicit_genres":[],"themes":[{"mal_id":58,"type":"anime","name":"Gore","url":"https:\/\/myanimelist.net\/anime\/genre\/58\/Gore"}],"demographics":[{"mal_id":27,"type":"anime","name":"Shounen","url":"https:\/\/myanimelist.net\/anime\/genre\/27\/Shounen"}],"relations":[{"relation":"Adaptation","entry":[{"mal_id":583,"type":"manga","name":"Claymore","url":"https:\/\/myanimelist.net\/manga\/583\/Claymore"}]}],"theme":{"openings":["\"Raison D\u2019\u00eatre\" by Nightmare"],"endings":["\"Danzai no Hana~Guilty Sky\" by Riyu Kosaka"]},"external":[{"name":"Official Site","url":"http:\/\/www.j-claymore.com\/"},{"name":"AniDB","url":"https:\/\/anidb.net\/perl-bin\/animedb.pl?show=anime&aid=4892"},{"name":"ANN","url":"https:\/\/www.animenewsnetwork.com\/encyclopedia\/anime.php?id=7028"},{"name":"Wikipedia","url":"http:\/\/en.wikipedia.org\/wiki\/Claymore_%28Manga%29"}],"streaming":[{"name":"Crunchyroll","url":"http:\/\/www.crunchyroll.com\/series-274727"},{"name":"Funimation","url":"https:\/\/www.funimation.com\/shows\/claymore"}]}}