{"data":{"mal_id":18245,"url":"https:\/\/myanimelist.net\/anime\/18245\/White_Album_2","images":{"jpg":{"image_url":"https:\/\/cdn.myanimelist.net\/images\/anime\/2\/53561.jpg","small_image_url":"https:\/\/cdn.myanimelist.net\/images\/anime\/2\/53561t.jpg","large_image_url":"https:\/\/cdn.myanimelist.net\/images\/anime\/2\/53561l.jpg"},"webp":{"image_url":"https:\/\/cdn.myanimelist.net\/images\/anime\/2\/53561.webp","small_image_url":"https:\/\/cdn.myanimelist.net\/images\/anime\/2\/53561t.webp","large_image_url":"https:\/\/cdn.myanimelist.net\/images\/anime\/2\/53561l.webp"}},"trailer":{"youtube_id":null,"url":null,"embed_url":null,"images":{"image_url":null,"small_image_url":null,"medium_image_url":null,"large_image_url":null,"maximum_image_url":null}},"approved":true,"titles":[{"type":"Default","title":"White Album 2"},{"type":"Synonym","title":"White Album2"},{"type":"Synonym","title":"WA2"},{"type":"Japanese","title":"\u30db\u30ef\u30a4\u30c8\u30a2\u30eb\u30d0\u30e02"},{"type":"English","title":"White Album 2"}],"title":"White Album 2","title_english":"White Album 2","title_japanese":"\u30db\u30ef\u30a4\u30c8\u30a2\u30eb\u30d0\u30e02","title_synonyms":["White Album2","WA2"],"type":"TV","source":"Visual novel","episodes":13,"status":"Finished Airing","airing":false,"aired":{"from":"2013-10-06T00:00:00+00:00","to":"2013-12-29T00:00:00+00:00","prop":{"from":{"day":6,"month":10,"year":2013},"to":{"day":29,"month":12,"year":2013}},"string":"Oct 6, 2013 to Dec 29, 2013"},"duration":"23 min per ep","rating":"PG-13 - Teens 13 or older","score":7.61,"scored_by":109364,"rank":1415,"popularity":957,"members":242479,"favorites":3277,"synopsis":"Haruki Kitahara's light music club is on the verge of disbanding. At this rate, the third year's dream of performing at the school festival would never be realized. However, as his exhausted fingers drift through the chords of \"White Album,\" the first song he would ever play, an angelic voice and mysterious piano begin harmonizing with his lonely guitar. It is a momentous performance that marks the beginning of everything for Haruki.\n \nWhite Album 2 orchestrates Haruki's final semester with complex romance and exhilarating music, as the curtains of the stage he so desired begin to open...\n\n[Written by MAL Rewrite]","background":null,"season":"fall","year":2013,"broadcast":{"day":null,"time":null,"timezone":null,"string":"Unknown"},"producers":[{"mal_id":92,"type":"anime","name":"Starchild Records","url":"https:\/\/myanimelist.net\/anime\/producer\/92\/Starchild_Records"}],"licensors":[],"studios":[{"mal_id":41,"type":"anime","name":"Satelight","url":"https:\/\/myanimelist.net\/anime\/producer\/41\/Satelight"}],"genres":[{"mal_id":8,"type":"anime","name":"Drama","url":"https:\/\/myanimelist.net\/anime\/genre\/8\/Drama"},{"mal_id":22,"type":"anime","name":"Romance","url":"https:\/\/myanimelist.net\/anime\/genre\/22\/Romance"}],"explicit_genres":[],"themes":[{"mal_id":64,"type":"anime","name":"Love Polygon","url":"https:\/\/myanimelist.net\/anime\/genre\/64\/Love_Polygon"},{"mal_id":19,"type":"anime","name":"Music","url":"https:\/\/myanimelist.net\/anime\/genre\/19\/Music"}],"demographics":[],"relations":[{"relation":"Adaptation","entry":[{"mal_id":61753,"type":"manga","name":"White Album 2: Yuki ga Tsumugu Senritsu","url":"https:\/\/myanimelist.net\/manga\/61753\/White_Album_2__Yuki_ga_Tsumugu_Senritsu"},{"mal_id":72323,"type":"manga","name":"White Album 2","url":"https:\/\/myanimelist.net\/manga\/72323\/White_Album_2"}]},{"relation":"Other","entry":[{"mal_id":4720,"type":"anime","name":"White Album","url":"https:\/\/myanimelist.net\/anime\/4720\/White_Album"}]},{"relation":"Side story","entry":[{"mal_id":28227,"type":"anime","name":"White Album 2 Picture Drama","url":"https:\/\/myanimelist.net\/anime\/28227\/White_Album_2_Picture_Drama"}]}],"theme":{"openings":["\"Todokanai Koi '13' (\u5c4a\u304b\u306a\u3044 \u604b '13')\" by Rena Uehara"],"endings":["1: \"White Album (\u30db\u30ef\u30a4\u30c8\u30a2\u30eb\u30d0\u30e0)\" by Madoka Yonezawa (eps 1)","2: \"closing '13\" by Uehara Rena (eps 2)","3: \"Sayonara no Koto (\u3055\u3088\u306a\u3089\u306e\u3053\u3068)\" by Uehara Rena (eps 3-6, 8-10)","4: \"After All \uff5eTsuzuru Omoi\uff5e '13 (After All \uff5e\u7db4\u308b\u60f3\u3044\uff5e '13)\" by Uehara Rena (eps 11)","5: \"Twinkle Snow '13\" by Akari Tsuda (eps 12)","6: \"Todokanai Koi (\u5c4a\u304b\u306a\u3044\u604b)\" by Madoka Yonezawa (eps 13)"]},"external":[{"name":"Official Site","url":"http:\/\/whitealbum2.jp\/"},{"name":"AniDB","url":"https:\/\/anidb.net\/perl-bin\/animedb.pl?show=anime&aid=9823"},{"name":"ANN","url":"https:\/\/www.animenewsnetwork.com\/encyclopedia\/anime.php?id=15274"},{"name":"Wikipedia","url":"http:\/\/en.wikipedia.org\/wiki\/White_Album_2"}],"streaming":[{"name":"Crunchyroll","url":"http:\/\/www.crunchyroll.com\/series-257183"}]}}