{"data":{"mal_id":1827,"url":"https:\/\/myanimelist.net\/anime\/1827\/Seirei_no_Moribito","images":{"jpg":{"image_url":"https:\/\/cdn.myanimelist.net\/images\/anime\/4\/50337.jpg","small_image_url":"https:\/\/cdn.myanimelist.net\/images\/anime\/4\/50337t.jpg","large_image_url":"https:\/\/cdn.myanimelist.net\/images\/anime\/4\/50337l.jpg"},"webp":{"image_url":"https:\/\/cdn.myanimelist.net\/images\/anime\/4\/50337.webp","small_image_url":"https:\/\/cdn.myanimelist.net\/images\/anime\/4\/50337t.webp","large_image_url":"https:\/\/cdn.myanimelist.net\/images\/anime\/4\/50337l.webp"}},"trailer":{"youtube_id":"9I8doA-vYvU","url":"https:\/\/www.youtube.com\/watch?v=9I8doA-vYvU","embed_url":"https:\/\/www.youtube.com\/embed\/9I8doA-vYvU?enablejsapi=1&wmode=opaque&autoplay=1","images":{"image_url":"https:\/\/img.youtube.com\/vi\/9I8doA-vYvU\/default.jpg","small_image_url":"https:\/\/img.youtube.com\/vi\/9I8doA-vYvU\/sddefault.jpg","medium_image_url":"https:\/\/img.youtube.com\/vi\/9I8doA-vYvU\/mqdefault.jpg","large_image_url":"https:\/\/img.youtube.com\/vi\/9I8doA-vYvU\/hqdefault.jpg","maximum_image_url":"https:\/\/img.youtube.com\/vi\/9I8doA-vYvU\/maxresdefault.jpg"}},"approved":true,"titles":[{"type":"Default","title":"Seirei no Moribito"},{"type":"Synonym","title":"Guardian of the Sacred Spirit"},{"type":"Japanese","title":"\u7cbe\u970a\u306e\u5b88\u308a\u4eba"},{"type":"English","title":"Moribito - Guardian of the Spirit"},{"type":"German","title":"Guardian of the Spirit"},{"type":"Spanish","title":"Moribito: Guard\u00ed\u00e1n del Esp\u00edritu Sagrado"},{"type":"French","title":"Moribito: Guardian Of The Spirit"}],"title":"Seirei no Moribito","title_english":"Moribito - Guardian of the Spirit","title_japanese":"\u7cbe\u970a\u306e\u5b88\u308a\u4eba","title_synonyms":["Guardian of the Sacred Spirit"],"type":"TV","source":"Novel","episodes":26,"status":"Finished Airing","airing":false,"aired":{"from":"2007-04-07T00:00:00+00:00","to":"2007-09-29T00:00:00+00:00","prop":{"from":{"day":7,"month":4,"year":2007},"to":{"day":29,"month":9,"year":2007}},"string":"Apr 7, 2007 to Sep 29, 2007"},"duration":"25 min per ep","rating":"PG-13 - Teens 13 or older","score":8.13,"scored_by":75923,"rank":450,"popularity":1081,"members":214976,"favorites":2707,"synopsis":"On the precipice of a cataclysmic drought, the Star Readers of the Shin Yogo Empire must devise a plan to avoid widespread famine. It is written in ancient myths that the first emperor, along with eight warriors, slew a water demon to avoid a great drought and save the land that was to become Shin Yogo. If a water demon was to appear once more, its death could bring salvation. However, the water demon manifests itself within the body of the emperor's son, Prince Chagum\u2014by the emperor's order, Chagum is to be sacrificed to save the empire.\n\nMeanwhile, a mysterious spear-wielding mercenary named Balsa arrives in Shin Yogo on business. After saving Chagum from a thinly veiled assassination attempt, she is tasked by Chagum's mother to protect him from the emperor and his hunters. Bound by a sacred vow she once made, Balsa accepts.\n\nSeirei no Moribito follows Balsa as she embarks on her journey to protect Chagum, exploring the beauty of life, nature, family, and the bonds that form between strangers.\n\n[Written by MAL Rewrite]","background":"Seirei no Moribito is based on Nahoko Uehashi's Moribito novel series. It adapts the first novel in the series, and greatly expands the midsection of the novel.","season":"spring","year":2007,"broadcast":{"day":"Saturdays","time":"08:06","timezone":"Asia\/Tokyo","string":"Saturdays at 08:06 (JST)"},"producers":[{"mal_id":31,"type":"anime","name":"Geneon Universal Entertainment","url":"https:\/\/myanimelist.net\/anime\/producer\/31\/Geneon_Universal_Entertainment"},{"mal_id":53,"type":"anime","name":"Dentsu","url":"https:\/\/myanimelist.net\/anime\/producer\/53\/Dentsu"},{"mal_id":1797,"type":"anime","name":"NHK Enterprises","url":"https:\/\/myanimelist.net\/anime\/producer\/1797\/NHK_Enterprises"}],"licensors":[{"mal_id":119,"type":"anime","name":"VIZ Media","url":"https:\/\/myanimelist.net\/anime\/producer\/119\/VIZ_Media"},{"mal_id":250,"type":"anime","name":"Media Blasters","url":"https:\/\/myanimelist.net\/anime\/producer\/250\/Media_Blasters"},{"mal_id":376,"type":"anime","name":"Sentai Filmworks","url":"https:\/\/myanimelist.net\/anime\/producer\/376\/Sentai_Filmworks"},{"mal_id":1459,"type":"anime","name":"Geneon Entertainment USA","url":"https:\/\/myanimelist.net\/anime\/producer\/1459\/Geneon_Entertainment_USA"}],"studios":[{"mal_id":10,"type":"anime","name":"Production I.G","url":"https:\/\/myanimelist.net\/anime\/producer\/10\/Production_IG"}],"genres":[{"mal_id":1,"type":"anime","name":"Action","url":"https:\/\/myanimelist.net\/anime\/genre\/1\/Action"},{"mal_id":2,"type":"anime","name":"Adventure","url":"https:\/\/myanimelist.net\/anime\/genre\/2\/Adventure"},{"mal_id":10,"type":"anime","name":"Fantasy","url":"https:\/\/myanimelist.net\/anime\/genre\/10\/Fantasy"}],"explicit_genres":[],"themes":[],"demographics":[],"relations":[{"relation":"Adaptation","entry":[{"mal_id":12070,"type":"manga","name":"Moribito Series","url":"https:\/\/myanimelist.net\/manga\/12070\/Moribito_Series"}]}],"theme":{"openings":["\"SHINE\" by L'Arc~en~Ciel"],"endings":["\"Itoshii Hito e (\u611b\u3057\u3044\u4eba\u3078; To the loved one)\" by Sachi Tainaka"]},"external":[{"name":"Official Site","url":"http:\/\/www.moribito.com\/"},{"name":"AniDB","url":"https:\/\/anidb.net\/perl-bin\/animedb.pl?show=anime&aid=4403"},{"name":"ANN","url":"https:\/\/www.animenewsnetwork.com\/encyclopedia\/anime.php?id=6634"},{"name":"Wikipedia","url":"http:\/\/en.wikipedia.org\/wiki\/Seirei_no_Moribito"},{"name":"Wikipedia","url":"https:\/\/ja.wikipedia.org\/wiki\/%E5%AE%88%E3%82%8A%E4%BA%BA%E3%82%B7%E3%83%AA%E3%83%BC%E3%82%BA"},{"name":"Syoboi","url":"https:\/\/cal.syoboi.jp\/tid\/956"}],"streaming":[]}}