{"data":{"mal_id":18429,"url":"https:\/\/myanimelist.net\/anime\/18429\/Lupin_III_vs_Detective_Conan__The_Movie","images":{"jpg":{"image_url":"https:\/\/cdn.myanimelist.net\/images\/anime\/4\/51663.jpg","small_image_url":"https:\/\/cdn.myanimelist.net\/images\/anime\/4\/51663t.jpg","large_image_url":"https:\/\/cdn.myanimelist.net\/images\/anime\/4\/51663l.jpg"},"webp":{"image_url":"https:\/\/cdn.myanimelist.net\/images\/anime\/4\/51663.webp","small_image_url":"https:\/\/cdn.myanimelist.net\/images\/anime\/4\/51663t.webp","large_image_url":"https:\/\/cdn.myanimelist.net\/images\/anime\/4\/51663l.webp"}},"trailer":{"youtube_id":"IBjiAht9CIU","url":"https:\/\/www.youtube.com\/watch?v=IBjiAht9CIU","embed_url":"https:\/\/www.youtube.com\/embed\/IBjiAht9CIU?enablejsapi=1&wmode=opaque&autoplay=1","images":{"image_url":"https:\/\/img.youtube.com\/vi\/IBjiAht9CIU\/default.jpg","small_image_url":"https:\/\/img.youtube.com\/vi\/IBjiAht9CIU\/sddefault.jpg","medium_image_url":"https:\/\/img.youtube.com\/vi\/IBjiAht9CIU\/mqdefault.jpg","large_image_url":"https:\/\/img.youtube.com\/vi\/IBjiAht9CIU\/hqdefault.jpg","maximum_image_url":"https:\/\/img.youtube.com\/vi\/IBjiAht9CIU\/maxresdefault.jpg"}},"approved":true,"titles":[{"type":"Default","title":"Lupin III vs. Detective Conan: The Movie"},{"type":"Synonym","title":"Rupan Sansei vs. Meitantei Conan: The Movie"},{"type":"Synonym","title":"Rupan Sansei vs Meitantei Conan (Movie)"},{"type":"Japanese","title":"\u30eb\u30d1\u30f3\u4e09\u4e16vs.\u540d\u63a2\u5075\u30b3\u30ca\u30f3 THE MOVIE"},{"type":"German","title":"Lupin the 3rd vs. Detektiv Conan: Der Film"},{"type":"Spanish","title":"Lupin III Vs Detective Conan: La Pel\u00edcula"}],"title":"Lupin III vs. Detective Conan: The Movie","title_english":null,"title_japanese":"\u30eb\u30d1\u30f3\u4e09\u4e16vs.\u540d\u63a2\u5075\u30b3\u30ca\u30f3 THE MOVIE","title_synonyms":["Rupan Sansei vs. Meitantei Conan: The Movie","Rupan Sansei vs Meitantei Conan (Movie)"],"type":"Movie","source":"Manga","episodes":1,"status":"Finished Airing","airing":false,"aired":{"from":"2013-12-07T00:00:00+00:00","to":null,"prop":{"from":{"day":7,"month":12,"year":2013},"to":{"day":null,"month":null,"year":null}},"string":"Dec 7, 2013"},"duration":"1 hr 48 min","rating":"G - All Ages","score":7.85,"scored_by":16519,"rank":846,"popularity":3820,"members":31759,"favorites":40,"synopsis":"It is a cross over between the series Lupin III and Detective Conan and takes place after the television special Lupin the 3rd vs Detective Conan. The plot follows Conan Edogawa who sets out to apprehend Ars\u00e8ne Lupin III, the suspect of stealing a jewel called Cherry Sapphire.\n\n(Souce: Wikipedia)","background":null,"season":null,"year":null,"broadcast":{"day":null,"time":null,"timezone":null,"string":null},"producers":[],"licensors":[{"mal_id":467,"type":"anime","name":"Discotek Media","url":"https:\/\/myanimelist.net\/anime\/producer\/467\/Discotek_Media"}],"studios":[{"mal_id":73,"type":"anime","name":"TMS Entertainment","url":"https:\/\/myanimelist.net\/anime\/producer\/73\/TMS_Entertainment"}],"genres":[{"mal_id":1,"type":"anime","name":"Action","url":"https:\/\/myanimelist.net\/anime\/genre\/1\/Action"},{"mal_id":4,"type":"anime","name":"Comedy","url":"https:\/\/myanimelist.net\/anime\/genre\/4\/Comedy"},{"mal_id":7,"type":"anime","name":"Mystery","url":"https:\/\/myanimelist.net\/anime\/genre\/7\/Mystery"}],"explicit_genres":[],"themes":[],"demographics":[{"mal_id":27,"type":"anime","name":"Shounen","url":"https:\/\/myanimelist.net\/anime\/genre\/27\/Shounen"}],"relations":[{"relation":"Adaptation","entry":[{"mal_id":110645,"type":"manga","name":"Lupin III vs. Meitantei Conan: The Movie","url":"https:\/\/myanimelist.net\/manga\/110645\/Lupin_III_vs_Meitantei_Conan__The_Movie"}]},{"relation":"Character","entry":[{"mal_id":1412,"type":"anime","name":"Lupin III","url":"https:\/\/myanimelist.net\/anime\/1412\/Lupin_III"}]},{"relation":"Prequel","entry":[{"mal_id":6115,"type":"anime","name":"Lupin III vs. Detective Conan","url":"https:\/\/myanimelist.net\/anime\/6115\/Lupin_III_vs_Detective_Conan"}]}],"theme":{"openings":[],"endings":["\"wonderland\" by 99RadioService"]},"external":[{"name":"Official Site","url":"http:\/\/lupicona-movie.com\/"},{"name":"AniDB","url":"https:\/\/anidb.net\/perl-bin\/animedb.pl?show=anime&aid=9841"},{"name":"ANN","url":"https:\/\/www.animenewsnetwork.com\/encyclopedia\/anime.php?id=15284"},{"name":"Wikipedia","url":"http:\/\/en.wikipedia.org\/wiki\/Lupin_the_3rd_vs._Detective_Conan:_The_Movie"}],"streaming":[]}}