{"data":{"mal_id":18499,"url":"https:\/\/myanimelist.net\/anime\/18499\/Yozakura_Quartet__Tsuki_ni_Naku","images":{"jpg":{"image_url":"https:\/\/cdn.myanimelist.net\/images\/anime\/3\/49489.jpg","small_image_url":"https:\/\/cdn.myanimelist.net\/images\/anime\/3\/49489t.jpg","large_image_url":"https:\/\/cdn.myanimelist.net\/images\/anime\/3\/49489l.jpg"},"webp":{"image_url":"https:\/\/cdn.myanimelist.net\/images\/anime\/3\/49489.webp","small_image_url":"https:\/\/cdn.myanimelist.net\/images\/anime\/3\/49489t.webp","large_image_url":"https:\/\/cdn.myanimelist.net\/images\/anime\/3\/49489l.webp"}},"trailer":{"youtube_id":null,"url":null,"embed_url":null,"images":{"image_url":null,"small_image_url":null,"medium_image_url":null,"large_image_url":null,"maximum_image_url":null}},"approved":true,"titles":[{"type":"Default","title":"Yozakura Quartet: Tsuki ni Naku"},{"type":"Japanese","title":"\u591c\u685c\u56db\u91cd\u594f \u30c4\u30ad\u30cb\u30ca\u30af"}],"title":"Yozakura Quartet: Tsuki ni Naku","title_english":null,"title_japanese":"\u591c\u685c\u56db\u91cd\u594f \u30c4\u30ad\u30cb\u30ca\u30af","title_synonyms":[],"type":"OVA","source":"Manga","episodes":3,"status":"Finished Airing","airing":false,"aired":{"from":"2013-10-09T00:00:00+00:00","to":"2014-11-07T00:00:00+00:00","prop":{"from":{"day":9,"month":10,"year":2013},"to":{"day":7,"month":11,"year":2014}},"string":"Oct 9, 2013 to Nov 7, 2014"},"duration":"28 min per ep","rating":"PG-13 - Teens 13 or older","score":7.46,"scored_by":10555,"rank":1928,"popularity":3978,"members":29102,"favorites":18,"synopsis":"\"Tsuki ni Naku\" will take the story content from volume 11 of the manga, which features a visit to a onsen by the members of the Hiizumi Life Councelling Office, while the town's police force have to deal with a new youkai-hunter threat.\n\nThis OVA is bundled with the limited edition of the manga (14th, 15th, and 16th).","background":null,"season":null,"year":null,"broadcast":{"day":null,"time":null,"timezone":null,"string":null},"producers":[],"licensors":[],"studios":[{"mal_id":103,"type":"anime","name":"Tatsunoko Production","url":"https:\/\/myanimelist.net\/anime\/producer\/103\/Tatsunoko_Production"}],"genres":[{"mal_id":1,"type":"anime","name":"Action","url":"https:\/\/myanimelist.net\/anime\/genre\/1\/Action"},{"mal_id":4,"type":"anime","name":"Comedy","url":"https:\/\/myanimelist.net\/anime\/genre\/4\/Comedy"},{"mal_id":37,"type":"anime","name":"Supernatural","url":"https:\/\/myanimelist.net\/anime\/genre\/37\/Supernatural"}],"explicit_genres":[],"themes":[{"mal_id":31,"type":"anime","name":"Super Power","url":"https:\/\/myanimelist.net\/anime\/genre\/31\/Super_Power"}],"demographics":[{"mal_id":27,"type":"anime","name":"Shounen","url":"https:\/\/myanimelist.net\/anime\/genre\/27\/Shounen"}],"relations":[{"relation":"Adaptation","entry":[{"mal_id":2060,"type":"manga","name":"Yozakura Quartet","url":"https:\/\/myanimelist.net\/manga\/2060\/Yozakura_Quartet"}]},{"relation":"Prequel","entry":[{"mal_id":18497,"type":"anime","name":"Yozakura Quartet: Hana no Uta","url":"https:\/\/myanimelist.net\/anime\/18497\/Yozakura_Quartet__Hana_no_Uta"}]}],"theme":{"openings":["\"Non-Fiction Compass (\u30ce\u30f3\u30d5\u30a3\u30af\u30b7\u30e7\u30f3\u30b3\u30f3\u30d1\u30b9)\" by UNISON SQUARE GARDEN"],"endings":["\"Chandelier Waltz (\u30b7\u30e3\u30f3\u30c7\u30ea\u30a2\u30fb\u30ef\u30eb\u30c4)\" by UNISON SQUARE GARDEN"]},"external":[{"name":"Official Site","url":"http:\/\/yozakura-anime.jp\/"},{"name":"AniDB","url":"https:\/\/anidb.net\/perl-bin\/animedb.pl?show=anime&aid=9817"},{"name":"ANN","url":"https:\/\/www.animenewsnetwork.com\/encyclopedia\/anime.php?id=15279"},{"name":"Wikipedia","url":"http:\/\/en.wikipedia.org\/wiki\/Yozakura_Quartet"}],"streaming":[]}}