{"data":{"mal_id":18619,"url":"https:\/\/myanimelist.net\/anime\/18619\/Girls___Panzer__Kore_ga_Hontou_no_Anzio-sen_desu","images":{"jpg":{"image_url":"https:\/\/cdn.myanimelist.net\/images\/anime\/1959\/92804.jpg","small_image_url":"https:\/\/cdn.myanimelist.net\/images\/anime\/1959\/92804t.jpg","large_image_url":"https:\/\/cdn.myanimelist.net\/images\/anime\/1959\/92804l.jpg"},"webp":{"image_url":"https:\/\/cdn.myanimelist.net\/images\/anime\/1959\/92804.webp","small_image_url":"https:\/\/cdn.myanimelist.net\/images\/anime\/1959\/92804t.webp","large_image_url":"https:\/\/cdn.myanimelist.net\/images\/anime\/1959\/92804l.webp"}},"trailer":{"youtube_id":"dorXNMdvap0","url":"https:\/\/www.youtube.com\/watch?v=dorXNMdvap0","embed_url":"https:\/\/www.youtube.com\/embed\/dorXNMdvap0?enablejsapi=1&wmode=opaque&autoplay=1","images":{"image_url":"https:\/\/img.youtube.com\/vi\/dorXNMdvap0\/default.jpg","small_image_url":"https:\/\/img.youtube.com\/vi\/dorXNMdvap0\/sddefault.jpg","medium_image_url":"https:\/\/img.youtube.com\/vi\/dorXNMdvap0\/mqdefault.jpg","large_image_url":"https:\/\/img.youtube.com\/vi\/dorXNMdvap0\/hqdefault.jpg","maximum_image_url":"https:\/\/img.youtube.com\/vi\/dorXNMdvap0\/maxresdefault.jpg"}},"approved":true,"titles":[{"type":"Default","title":"Girls & Panzer: Kore ga Hontou no Anzio-sen desu!"},{"type":"Synonym","title":"Girls und Panzer OVA"},{"type":"Synonym","title":"Girls & Panzer: This is the true battle of Anzio!"},{"type":"Japanese","title":"\u30ac\u30fc\u30eb\u30ba&\u30d1\u30f3\u30c4\u30a1\u30fc\u3000\u3053\u308c\u304c\u672c\u5f53\u306e\u30a2\u30f3\u30c4\u30a3\u30aa\u6226\u3067\u3059\uff01"},{"type":"English","title":"Girls und Panzer: This is the Real Anzio Battle!"},{"type":"German","title":"Girls & Panzer: This is the Real Anzio Battle!"}],"title":"Girls & Panzer: Kore ga Hontou no Anzio-sen desu!","title_english":"Girls und Panzer: This is the Real Anzio Battle!","title_japanese":"\u30ac\u30fc\u30eb\u30ba&\u30d1\u30f3\u30c4\u30a1\u30fc\u3000\u3053\u308c\u304c\u672c\u5f53\u306e\u30a2\u30f3\u30c4\u30a3\u30aa\u6226\u3067\u3059\uff01","title_synonyms":["Girls und Panzer OVA","Girls & Panzer: This is the true battle of Anzio!"],"type":"OVA","source":"Original","episodes":1,"status":"Finished Airing","airing":false,"aired":{"from":"2014-07-25T00:00:00+00:00","to":null,"prop":{"from":{"day":25,"month":7,"year":2014},"to":{"day":null,"month":null,"year":null}},"string":"Jul 25, 2014"},"duration":"38 min","rating":"PG-13 - Teens 13 or older","score":7.71,"scored_by":26912,"rank":1158,"popularity":3095,"members":47290,"favorites":67,"synopsis":"After a brilliant victory over Saunders University High School, girls from Ooarai Girls Academy now have to face Italian-themed Anzio Girls High School in the second round of the 63rd National High School Sensha-Dou Tournament. The high-spirited girls from Anzio, led by the charismatic Chiyomi Anzai, advance toward the battle equipped with baffling tactics and a secret weapon.\n\nOoarai will soon find out that what seemed to be a mere formality might take an unexpected and possibly disastrous turn. Whether they will win the match, or lose and doom their school to a closure, is still on a knife-edge.\n\n[Written by MAL Rewrite]","background":null,"season":null,"year":null,"broadcast":{"day":null,"time":null,"timezone":null,"string":null},"producers":[],"licensors":[{"mal_id":376,"type":"anime","name":"Sentai Filmworks","url":"https:\/\/myanimelist.net\/anime\/producer\/376\/Sentai_Filmworks"}],"studios":[{"mal_id":60,"type":"anime","name":"Actas","url":"https:\/\/myanimelist.net\/anime\/producer\/60\/Actas"}],"genres":[{"mal_id":1,"type":"anime","name":"Action","url":"https:\/\/myanimelist.net\/anime\/genre\/1\/Action"}],"explicit_genres":[],"themes":[{"mal_id":52,"type":"anime","name":"CGDCT","url":"https:\/\/myanimelist.net\/anime\/genre\/52\/CGDCT"},{"mal_id":38,"type":"anime","name":"Military","url":"https:\/\/myanimelist.net\/anime\/genre\/38\/Military"},{"mal_id":23,"type":"anime","name":"School","url":"https:\/\/myanimelist.net\/anime\/genre\/23\/School"}],"demographics":[],"relations":[{"relation":"Parent story","entry":[{"mal_id":14131,"type":"anime","name":"Girls & Panzer","url":"https:\/\/myanimelist.net\/anime\/14131\/Girls___Panzer"}]},{"relation":"Other","entry":[{"mal_id":33658,"type":"anime","name":"Girls & Panzer: Kore ga Hontou no Anzio-sen desu! - Fushou Akiyama Yukari no Sensha Kouza","url":"https:\/\/myanimelist.net\/anime\/33658\/Girls___Panzer__Kore_ga_Hontou_no_Anzio-sen_desu_-_Fushou_Akiyama_Yukari_no_Sensha_Kouza"},{"mal_id":38429,"type":"anime","name":"Girls & Panzer: Fushou Akiyama Yukari no Sensha Kouza - Extra","url":"https:\/\/myanimelist.net\/anime\/38429\/Girls___Panzer__Fushou_Akiyama_Yukari_no_Sensha_Kouza_-_Extra"}]},{"relation":"Summary","entry":[{"mal_id":36783,"type":"anime","name":"Girls & Panzer: Dai 63-kai Senshadou Zenkoku Koukousei Taikai Recap","url":"https:\/\/myanimelist.net\/anime\/36783\/Girls___Panzer__Dai_63-kai_Senshadou_Zenkoku_Koukousei_Taikai_Recap"}]}],"theme":{"openings":["\"DreamRiser\" by ChouCho"],"endings":["\"Enter Enter MISSION!\" by Ankou Team"]},"external":[{"name":"Official Site","url":"http:\/\/www.girls-und-panzer.jp\/pro_bddvd_8.html"},{"name":"AniDB","url":"https:\/\/anidb.net\/perl-bin\/animedb.pl?show=anime&aid=10009"},{"name":"Wikipedia","url":"https:\/\/en.wikipedia.org\/wiki\/Girls_und_Panzer"}],"streaming":[{"name":"HIDIVE","url":"https:\/\/www.hidive.com\/movies\/girls-und-panzer-this-is-the-real-anzio-battle"}]}}