{"data":{"mal_id":1861,"url":"https:\/\/myanimelist.net\/anime\/1861\/Slam_Dunk__Zenkoku_Seiha_Da_-_Sakuragi_Hanamichi","images":{"jpg":{"image_url":"https:\/\/cdn.myanimelist.net\/images\/anime\/12\/31929.jpg","small_image_url":"https:\/\/cdn.myanimelist.net\/images\/anime\/12\/31929t.jpg","large_image_url":"https:\/\/cdn.myanimelist.net\/images\/anime\/12\/31929l.jpg"},"webp":{"image_url":"https:\/\/cdn.myanimelist.net\/images\/anime\/12\/31929.webp","small_image_url":"https:\/\/cdn.myanimelist.net\/images\/anime\/12\/31929t.webp","large_image_url":"https:\/\/cdn.myanimelist.net\/images\/anime\/12\/31929l.webp"}},"trailer":{"youtube_id":"dcmYJ2kcat8","url":"https:\/\/www.youtube.com\/watch?v=dcmYJ2kcat8","embed_url":"https:\/\/www.youtube.com\/embed\/dcmYJ2kcat8?enablejsapi=1&wmode=opaque&autoplay=1","images":{"image_url":"https:\/\/img.youtube.com\/vi\/dcmYJ2kcat8\/default.jpg","small_image_url":"https:\/\/img.youtube.com\/vi\/dcmYJ2kcat8\/sddefault.jpg","medium_image_url":"https:\/\/img.youtube.com\/vi\/dcmYJ2kcat8\/mqdefault.jpg","large_image_url":"https:\/\/img.youtube.com\/vi\/dcmYJ2kcat8\/hqdefault.jpg","maximum_image_url":"https:\/\/img.youtube.com\/vi\/dcmYJ2kcat8\/maxresdefault.jpg"}},"approved":true,"titles":[{"type":"Default","title":"Slam Dunk: Zenkoku Seiha Da! - Sakuragi Hanamichi"},{"type":"Synonym","title":"Slam Dunk Movie 2"},{"type":"Japanese","title":"\u30b9\u30e9\u30e0\u30c0\u30f3\u30af \u5168\u56fd\u5236\u8987\u3060\uff01\u685c\u6728\u82b1\u9053"},{"type":"English","title":"Slam Dunk: National Domination! Sakuragi Hanamichi"}],"title":"Slam Dunk: Zenkoku Seiha Da! - Sakuragi Hanamichi","title_english":"Slam Dunk: National Domination! Sakuragi Hanamichi","title_japanese":"\u30b9\u30e9\u30e0\u30c0\u30f3\u30af \u5168\u56fd\u5236\u8987\u3060\uff01\u685c\u6728\u82b1\u9053","title_synonyms":["Slam Dunk Movie 2"],"type":"Movie","source":"Manga","episodes":1,"status":"Finished Airing","airing":false,"aired":{"from":"1994-08-20T00:00:00+00:00","to":null,"prop":{"from":{"day":20,"month":8,"year":1994},"to":{"day":null,"month":null,"year":null}},"string":"Aug 20, 1994"},"duration":"45 min","rating":"PG-13 - Teens 13 or older","score":7.52,"scored_by":8451,"rank":1715,"popularity":5040,"members":16848,"favorites":11,"synopsis":"Set during the Inter High Championships, Shohoku take on Tsukubu, one of this year's dark horses. It's a clash of acquaintances as Anzai will face his former student which is now the coach of Tsukubu, while Akagi &amp; Kogure meet Godai their former classmate and Tsukubu's captain. Finally Sakuragi is irked by the presence of Nango, Tsukubu's center, who vies for Haruko's attention.\n\n(Source: ANN)","background":null,"season":null,"year":null,"broadcast":{"day":null,"time":null,"timezone":null,"string":null},"producers":[],"licensors":[],"studios":[{"mal_id":18,"type":"anime","name":"Toei Animation","url":"https:\/\/myanimelist.net\/anime\/producer\/18\/Toei_Animation"}],"genres":[{"mal_id":30,"type":"anime","name":"Sports","url":"https:\/\/myanimelist.net\/anime\/genre\/30\/Sports"}],"explicit_genres":[],"themes":[{"mal_id":23,"type":"anime","name":"School","url":"https:\/\/myanimelist.net\/anime\/genre\/23\/School"},{"mal_id":77,"type":"anime","name":"Team Sports","url":"https:\/\/myanimelist.net\/anime\/genre\/77\/Team_Sports"}],"demographics":[{"mal_id":27,"type":"anime","name":"Shounen","url":"https:\/\/myanimelist.net\/anime\/genre\/27\/Shounen"}],"relations":[{"relation":"Parent story","entry":[{"mal_id":170,"type":"anime","name":"Slam Dunk","url":"https:\/\/myanimelist.net\/anime\/170\/Slam_Dunk"}]}],"theme":{"openings":["\"Kimi ga sukida to sakebitai\" by BAAD"],"endings":["\"Sekai ga owaru made wa\" by WANDS"]},"external":[{"name":"AniDB","url":"https:\/\/anidb.net\/perl-bin\/animedb.pl?show=anime&aid=696"},{"name":"ANN","url":"https:\/\/www.animenewsnetwork.com\/encyclopedia\/anime.php?id=1142"},{"name":"Wikipedia","url":"https:\/\/ja.wikipedia.org\/wiki\/%E3%82%B9%E3%83%A9%E3%83%A0%E3%83%80%E3%83%B3%E3%82%AF_%E5%85%A8%E5%9B%BD%E5%88%B6%E8%A6%87%E3%81%A0!_%E6%A1%9C%E6%9C%A8%E8%8A%B1%E9%81%93"}],"streaming":[]}}