{"data":{"mal_id":18671,"url":"https:\/\/myanimelist.net\/anime\/18671\/Chuunibyou_demo_Koi_ga_Shitai_Ren","images":{"jpg":{"image_url":"https:\/\/cdn.myanimelist.net\/images\/anime\/7\/56643.jpg","small_image_url":"https:\/\/cdn.myanimelist.net\/images\/anime\/7\/56643t.jpg","large_image_url":"https:\/\/cdn.myanimelist.net\/images\/anime\/7\/56643l.jpg"},"webp":{"image_url":"https:\/\/cdn.myanimelist.net\/images\/anime\/7\/56643.webp","small_image_url":"https:\/\/cdn.myanimelist.net\/images\/anime\/7\/56643t.webp","large_image_url":"https:\/\/cdn.myanimelist.net\/images\/anime\/7\/56643l.webp"}},"trailer":{"youtube_id":"3ZZgn8xNdJs","url":"https:\/\/www.youtube.com\/watch?v=3ZZgn8xNdJs","embed_url":"https:\/\/www.youtube.com\/embed\/3ZZgn8xNdJs?enablejsapi=1&wmode=opaque&autoplay=1","images":{"image_url":"https:\/\/img.youtube.com\/vi\/3ZZgn8xNdJs\/default.jpg","small_image_url":"https:\/\/img.youtube.com\/vi\/3ZZgn8xNdJs\/sddefault.jpg","medium_image_url":"https:\/\/img.youtube.com\/vi\/3ZZgn8xNdJs\/mqdefault.jpg","large_image_url":"https:\/\/img.youtube.com\/vi\/3ZZgn8xNdJs\/hqdefault.jpg","maximum_image_url":"https:\/\/img.youtube.com\/vi\/3ZZgn8xNdJs\/maxresdefault.jpg"}},"approved":true,"titles":[{"type":"Default","title":"Chuunibyou demo Koi ga Shitai! Ren"},{"type":"Synonym","title":"Chuunibyou demo Koi ga Shitai! 2"},{"type":"Synonym","title":"Chu-2 Byo demo Koi ga Shitai! Ren"},{"type":"Japanese","title":"\u4e2d\u4e8c\u75c5\u3067\u3082\u604b\u304c\u3057\u305f\u3044\uff01\u6200"},{"type":"English","title":"Love, Chunibyo & Other Delusions!: Heart Throb"},{"type":"German","title":"Love, Chunibyo & Other Delusions! Heart Throb"},{"type":"Spanish","title":"Love, Chunibyo & Other Delusions!: Heart Throb"},{"type":"French","title":"Love, Chunibyo & Other Delusions! Heart Throb"}],"title":"Chuunibyou demo Koi ga Shitai! Ren","title_english":"Love, Chunibyo & Other Delusions!: Heart Throb","title_japanese":"\u4e2d\u4e8c\u75c5\u3067\u3082\u604b\u304c\u3057\u305f\u3044\uff01\u6200","title_synonyms":["Chuunibyou demo Koi ga Shitai! 2","Chu-2 Byo demo Koi ga Shitai! Ren"],"type":"TV","source":"Light novel","episodes":12,"status":"Finished Airing","airing":false,"aired":{"from":"2014-01-09T00:00:00+00:00","to":"2014-03-27T00:00:00+00:00","prop":{"from":{"day":9,"month":1,"year":2014},"to":{"day":27,"month":3,"year":2014}},"string":"Jan 9, 2014 to Mar 27, 2014"},"duration":"23 min per ep","rating":"PG-13 - Teens 13 or older","score":7.55,"scored_by":438396,"rank":1622,"popularity":257,"members":726991,"favorites":2550,"synopsis":"The awkward lovebirds, Yuuta Togashi and Rikka Takanashi are now living together as they enter a new school year, but their adorable relationship remains stagnant. Yuuta struggles to adapt to having a chuuni girlfriend while the gang\u2014Sanae Dekomori, Shinka Nibutani and Kumin Tsuyuri\u2014are still keeping up with their quirks despite having advanced a grade. Making matters worse, another chuuni girl from Yuuta's middle school, Satone Shichimiya, appears...\n\nWith the various events revolving around Yuuta, will he be able to develop his relationship with Rikka?\n\n[Written by MAL Rewrite]","background":null,"season":"winter","year":2014,"broadcast":{"day":"Thursdays","time":"00:30","timezone":"Asia\/Tokyo","string":"Thursdays at 00:30 (JST)"},"producers":[{"mal_id":104,"type":"anime","name":"Lantis","url":"https:\/\/myanimelist.net\/anime\/producer\/104\/Lantis"},{"mal_id":145,"type":"anime","name":"TBS","url":"https:\/\/myanimelist.net\/anime\/producer\/145\/TBS"}],"licensors":[{"mal_id":376,"type":"anime","name":"Sentai Filmworks","url":"https:\/\/myanimelist.net\/anime\/producer\/376\/Sentai_Filmworks"}],"studios":[{"mal_id":2,"type":"anime","name":"Kyoto Animation","url":"https:\/\/myanimelist.net\/anime\/producer\/2\/Kyoto_Animation"}],"genres":[{"mal_id":4,"type":"anime","name":"Comedy","url":"https:\/\/myanimelist.net\/anime\/genre\/4\/Comedy"},{"mal_id":22,"type":"anime","name":"Romance","url":"https:\/\/myanimelist.net\/anime\/genre\/22\/Romance"}],"explicit_genres":[],"themes":[{"mal_id":23,"type":"anime","name":"School","url":"https:\/\/myanimelist.net\/anime\/genre\/23\/School"}],"demographics":[],"relations":[{"relation":"Adaptation","entry":[{"mal_id":40099,"type":"manga","name":"Chuunibyou demo Koi ga Shitai!","url":"https:\/\/myanimelist.net\/manga\/40099\/Chuunibyou_demo_Koi_ga_Shitai"}]},{"relation":"Prequel","entry":[{"mal_id":16934,"type":"anime","name":"Chuunibyou demo Koi ga Shitai! Kirameki no... Slapstick Noel","url":"https:\/\/myanimelist.net\/anime\/16934\/Chuunibyou_demo_Koi_ga_Shitai_Kirameki_no_Slapstick_Noel"}]},{"relation":"Side story","entry":[{"mal_id":21797,"type":"anime","name":"Chuunibyou demo Koi ga Shitai! Ren Lite","url":"https:\/\/myanimelist.net\/anime\/21797\/Chuunibyou_demo_Koi_ga_Shitai_Ren_Lite"},{"mal_id":23237,"type":"anime","name":"Chuunibyou demo Koi ga Shitai! Ren Specials","url":"https:\/\/myanimelist.net\/anime\/23237\/Chuunibyou_demo_Koi_ga_Shitai_Ren_Specials"}]},{"relation":"Sequel","entry":[{"mal_id":27601,"type":"anime","name":"Chuunibyou demo Koi ga Shitai! Ren: The Rikka Wars","url":"https:\/\/myanimelist.net\/anime\/27601\/Chuunibyou_demo_Koi_ga_Shitai_Ren__The_Rikka_Wars"},{"mal_id":35608,"type":"anime","name":"Chuunibyou demo Koi ga Shitai! Movie: Take On Me","url":"https:\/\/myanimelist.net\/anime\/35608\/Chuunibyou_demo_Koi_ga_Shitai_Movie__Take_On_Me"}]}],"theme":{"openings":["\"VOICE\" by ZAQ"],"endings":["\"Van!shment Th!s World\" by Black Raison d'\u00eatre (Maaya Uchida, Chinatsu Akasaki, Azumi Asakura, Sumire Uesaka)"]},"external":[{"name":"Official Site","url":"http:\/\/www.anime-chu-2.com\/"},{"name":"AniDB","url":"https:\/\/anidb.net\/perl-bin\/animedb.pl?show=anime&aid=9874"},{"name":"ANN","url":"https:\/\/www.animenewsnetwork.com\/encyclopedia\/anime.php?id=15622"},{"name":"Wikipedia","url":"http:\/\/en.wikipedia.org\/wiki\/Ch%C5%ABniby%C5%8D_Demo_Koi_ga_Shitai!#Anime"}],"streaming":[{"name":"HIDIVE","url":"https:\/\/www.hidive.com\/tv\/love-chunibyo-other-delusions-heart-throb-"}]}}