{"data":{"mal_id":187,"url":"https:\/\/myanimelist.net\/anime\/187\/Initial_D_Third_Stage","images":{"jpg":{"image_url":"https:\/\/cdn.myanimelist.net\/images\/anime\/13\/40397.jpg","small_image_url":"https:\/\/cdn.myanimelist.net\/images\/anime\/13\/40397t.jpg","large_image_url":"https:\/\/cdn.myanimelist.net\/images\/anime\/13\/40397l.jpg"},"webp":{"image_url":"https:\/\/cdn.myanimelist.net\/images\/anime\/13\/40397.webp","small_image_url":"https:\/\/cdn.myanimelist.net\/images\/anime\/13\/40397t.webp","large_image_url":"https:\/\/cdn.myanimelist.net\/images\/anime\/13\/40397l.webp"}},"trailer":{"youtube_id":null,"url":null,"embed_url":null,"images":{"image_url":null,"small_image_url":null,"medium_image_url":null,"large_image_url":null,"maximum_image_url":null}},"approved":true,"titles":[{"type":"Default","title":"Initial D Third Stage"},{"type":"Japanese","title":"\u982d\u6587\u5b57\u3008\u30a4\u30cb\u30b7\u30e3\u30eb\u3009D THIRD STAGE"},{"type":"Spanish","title":"Initial D: Supera el L\u00edmite de Velocidad Temporada 3"},{"type":"French","title":"Initial D Stage 3"}],"title":"Initial D Third Stage","title_english":null,"title_japanese":"\u982d\u6587\u5b57\u3008\u30a4\u30cb\u30b7\u30e3\u30eb\u3009D THIRD STAGE","title_synonyms":[],"type":"Movie","source":"Manga","episodes":1,"status":"Finished Airing","airing":false,"aired":{"from":"2001-01-13T00:00:00+00:00","to":null,"prop":{"from":{"day":13,"month":1,"year":2001},"to":{"day":null,"month":null,"year":null}},"string":"Jan 13, 2001"},"duration":"1 hr 44 min","rating":"PG-13 - Teens 13 or older","score":7.9,"scored_by":108525,"rank":751,"popularity":1318,"members":174438,"favorites":652,"synopsis":"Takumi Fujiwara is a skilled street racer, but he suffers a crushing loss against the team Emperor's leader Kyoichi Sudou due to his AE86 experiencing an engine failure. Doubting his abilities, the recent high school graduate is then approached by the Akagi RedSuns' team leader Ryousuke Takahashi, who proposes the formation of a professional street racing team. Although it would be the ideal way to improve as a street racer, Takumi remains undecided.\n\nDoes the young street racer have what it takes to become a professional? Perhaps Ryousuke and the RedSuns can help him reevaluate his own doubts and misconceptions concerning street racing. However, first and foremost, Takumi decides to settle the score with Kyoichi Sudou...\n\n[Written by MAL Rewrite]","background":null,"season":null,"year":null,"broadcast":{"day":null,"time":null,"timezone":null,"string":null},"producers":[{"mal_id":67,"type":"anime","name":"OB Planning","url":"https:\/\/myanimelist.net\/anime\/producer\/67\/OB_Planning"}],"licensors":[{"mal_id":102,"type":"anime","name":"Funimation","url":"https:\/\/myanimelist.net\/anime\/producer\/102\/Funimation"}],"studios":[{"mal_id":37,"type":"anime","name":"Studio Deen","url":"https:\/\/myanimelist.net\/anime\/producer\/37\/Studio_Deen"}],"genres":[{"mal_id":1,"type":"anime","name":"Action","url":"https:\/\/myanimelist.net\/anime\/genre\/1\/Action"},{"mal_id":8,"type":"anime","name":"Drama","url":"https:\/\/myanimelist.net\/anime\/genre\/8\/Drama"},{"mal_id":22,"type":"anime","name":"Romance","url":"https:\/\/myanimelist.net\/anime\/genre\/22\/Romance"}],"explicit_genres":[],"themes":[{"mal_id":3,"type":"anime","name":"Racing","url":"https:\/\/myanimelist.net\/anime\/genre\/3\/Racing"}],"demographics":[{"mal_id":42,"type":"anime","name":"Seinen","url":"https:\/\/myanimelist.net\/anime\/genre\/42\/Seinen"}],"relations":[{"relation":"Adaptation","entry":[{"mal_id":375,"type":"manga","name":"Initial D","url":"https:\/\/myanimelist.net\/manga\/375\/Initial_D"}]},{"relation":"Sequel","entry":[{"mal_id":18,"type":"anime","name":"Initial D Fourth Stage","url":"https:\/\/myanimelist.net\/anime\/18\/Initial_D_Fourth_Stage"}]},{"relation":"Prequel","entry":[{"mal_id":186,"type":"anime","name":"Initial D Second Stage","url":"https:\/\/myanimelist.net\/anime\/186\/Initial_D_Second_Stage"}]},{"relation":"Summary","entry":[{"mal_id":821,"type":"anime","name":"Initial D Battle Stage","url":"https:\/\/myanimelist.net\/anime\/821\/Initial_D_Battle_Stage"},{"mal_id":12725,"type":"anime","name":"Initial D: Project D to the Next Stage - Project D e Mukete","url":"https:\/\/myanimelist.net\/anime\/12725\/Initial_D__Project_D_to_the_Next_Stage_-_Project_D_e_Mukete"}]},{"relation":"Side story","entry":[{"mal_id":822,"type":"anime","name":"Initial D Extra Stage","url":"https:\/\/myanimelist.net\/anime\/822\/Initial_D_Extra_Stage"}]}],"theme":{"openings":["\"Gamble Rumble\" by Move"],"endings":["\"Jirenma\" by Every Little Thing"]},"external":[{"name":"AniDB","url":"https:\/\/anidb.net\/perl-bin\/animedb.pl?show=anime&aid=625"},{"name":"ANN","url":"https:\/\/www.animenewsnetwork.com\/encyclopedia\/anime.php?id=1154"}],"streaming":[{"name":"Funimation","url":"https:\/\/www.funimation.com\/shows\/initial-d"},{"name":"Shahid","url":"https:\/\/shahid.mbc.net\/en\/movies\/Initial-D:-Third-Stage\/movie-908413"}]}}