{"data":{"mal_id":1878,"url":"https:\/\/myanimelist.net\/anime\/1878\/Kaze_no_Shoujo_Emily","images":{"jpg":{"image_url":"https:\/\/cdn.myanimelist.net\/images\/anime\/1187\/131232.jpg","small_image_url":"https:\/\/cdn.myanimelist.net\/images\/anime\/1187\/131232t.jpg","large_image_url":"https:\/\/cdn.myanimelist.net\/images\/anime\/1187\/131232l.jpg"},"webp":{"image_url":"https:\/\/cdn.myanimelist.net\/images\/anime\/1187\/131232.webp","small_image_url":"https:\/\/cdn.myanimelist.net\/images\/anime\/1187\/131232t.webp","large_image_url":"https:\/\/cdn.myanimelist.net\/images\/anime\/1187\/131232l.webp"}},"trailer":{"youtube_id":null,"url":null,"embed_url":null,"images":{"image_url":null,"small_image_url":null,"medium_image_url":null,"large_image_url":null,"maximum_image_url":null}},"approved":true,"titles":[{"type":"Default","title":"Kaze no Shoujo Emily"},{"type":"Synonym","title":"Kaze no Shojo Emily"},{"type":"Synonym","title":"Emily of the New Moon"},{"type":"Japanese","title":"\u98a8\u306e\u5c11\u5973\u30a8\u30df\u30ea\u30fc"}],"title":"Kaze no Shoujo Emily","title_english":null,"title_japanese":"\u98a8\u306e\u5c11\u5973\u30a8\u30df\u30ea\u30fc","title_synonyms":["Kaze no Shojo Emily","Emily of the New Moon"],"type":"TV","source":"Novel","episodes":26,"status":"Finished Airing","airing":false,"aired":{"from":"2007-04-07T00:00:00+00:00","to":"2007-09-29T00:00:00+00:00","prop":{"from":{"day":7,"month":4,"year":2007},"to":{"day":29,"month":9,"year":2007}},"string":"Apr 7, 2007 to Sep 29, 2007"},"duration":"25 min per ep","rating":"G - All Ages","score":7.35,"scored_by":2472,"rank":2391,"popularity":6965,"members":7487,"favorites":28,"synopsis":"Based on the Emily of New Moon novel by Lucy Maud Montgomery. Emily is an orphan who gets sent to live with her relatives on Prince Edward Island, after her father dies. In New Moon she lives with her Aunt Elizabeth, Aunt Laura, and Cousin Jimmy, and learns to adapt with the help of her imagination and new friends. \n\n(Source: ANN)","background":null,"season":"spring","year":2007,"broadcast":{"day":null,"time":null,"timezone":null,"string":"Unknown"},"producers":[{"mal_id":111,"type":"anime","name":"NHK","url":"https:\/\/myanimelist.net\/anime\/producer\/111\/NHK"}],"licensors":[],"studios":[{"mal_id":73,"type":"anime","name":"TMS Entertainment","url":"https:\/\/myanimelist.net\/anime\/producer\/73\/TMS_Entertainment"}],"genres":[{"mal_id":8,"type":"anime","name":"Drama","url":"https:\/\/myanimelist.net\/anime\/genre\/8\/Drama"}],"explicit_genres":[],"themes":[{"mal_id":13,"type":"anime","name":"Historical","url":"https:\/\/myanimelist.net\/anime\/genre\/13\/Historical"}],"demographics":[],"relations":[],"theme":{"openings":["\"Kaze no Shoujo\" by Horie Mitsuko"],"endings":["\"Kaze no Soramimi\" by EPO"]},"external":[{"name":"Official Site","url":"http:\/\/www3.nhk.or.jp\/anime\/emily\/"},{"name":"AniDB","url":"https:\/\/anidb.net\/perl-bin\/animedb.pl?show=anime&aid=4895"},{"name":"ANN","url":"https:\/\/www.animenewsnetwork.com\/encyclopedia\/anime.php?id=7475"},{"name":"Wikipedia","url":"http:\/\/en.wikipedia.org\/wiki\/Emily_of_New_Moon"}],"streaming":[]}}