{"data":{"mal_id":1888,"url":"https:\/\/myanimelist.net\/anime\/1888\/Ichigo_Mashimaro_OVA","images":{"jpg":{"image_url":"https:\/\/cdn.myanimelist.net\/images\/anime\/4\/4325.jpg","small_image_url":"https:\/\/cdn.myanimelist.net\/images\/anime\/4\/4325t.jpg","large_image_url":"https:\/\/cdn.myanimelist.net\/images\/anime\/4\/4325l.jpg"},"webp":{"image_url":"https:\/\/cdn.myanimelist.net\/images\/anime\/4\/4325.webp","small_image_url":"https:\/\/cdn.myanimelist.net\/images\/anime\/4\/4325t.webp","large_image_url":"https:\/\/cdn.myanimelist.net\/images\/anime\/4\/4325l.webp"}},"trailer":{"youtube_id":null,"url":null,"embed_url":null,"images":{"image_url":null,"small_image_url":null,"medium_image_url":null,"large_image_url":null,"maximum_image_url":null}},"approved":true,"titles":[{"type":"Default","title":"Ichigo Mashimaro OVA"},{"type":"Japanese","title":"\u82fa\u307e\u3057\u307e\u308d OVA"},{"type":"English","title":"Strawberry Marshmallow OVA"}],"title":"Ichigo Mashimaro OVA","title_english":"Strawberry Marshmallow OVA","title_japanese":"\u82fa\u307e\u3057\u307e\u308d OVA","title_synonyms":[],"type":"OVA","source":"4-koma manga","episodes":3,"status":"Finished Airing","airing":false,"aired":{"from":"2007-02-23T00:00:00+00:00","to":"2007-04-25T00:00:00+00:00","prop":{"from":{"day":23,"month":2,"year":2007},"to":{"day":25,"month":4,"year":2007}},"string":"Feb 23, 2007 to Apr 25, 2007"},"duration":"25 min per ep","rating":"PG-13 - Teens 13 or older","score":7.67,"scored_by":14115,"rank":1261,"popularity":4206,"members":25988,"favorites":22,"synopsis":"Based on Barasui's manga series, Ichigo Mashimaro follows the life of Nobue Itou, her younger sister Chika, and her friends. The basic premise of the show can be summed up in \"cute girls do cute things in cute ways\", be it trying to quit smoking, going outside to play, celebrating a holiday, or doing school work. This OVA picks up where the series left off, continuing the adventures of your everyday life, only cuter. \n\n(Source: AniDB)","background":null,"season":null,"year":null,"broadcast":{"day":null,"time":null,"timezone":null,"string":null},"producers":[],"licensors":[{"mal_id":376,"type":"anime","name":"Sentai Filmworks","url":"https:\/\/myanimelist.net\/anime\/producer\/376\/Sentai_Filmworks"}],"studios":[{"mal_id":39,"type":"anime","name":"Daume","url":"https:\/\/myanimelist.net\/anime\/producer\/39\/Daume"}],"genres":[{"mal_id":4,"type":"anime","name":"Comedy","url":"https:\/\/myanimelist.net\/anime\/genre\/4\/Comedy"},{"mal_id":36,"type":"anime","name":"Slice of Life","url":"https:\/\/myanimelist.net\/anime\/genre\/36\/Slice_of_Life"}],"explicit_genres":[],"themes":[{"mal_id":52,"type":"anime","name":"CGDCT","url":"https:\/\/myanimelist.net\/anime\/genre\/52\/CGDCT"},{"mal_id":63,"type":"anime","name":"Iyashikei","url":"https:\/\/myanimelist.net\/anime\/genre\/63\/Iyashikei"},{"mal_id":23,"type":"anime","name":"School","url":"https:\/\/myanimelist.net\/anime\/genre\/23\/School"}],"demographics":[],"relations":[{"relation":"Adaptation","entry":[{"mal_id":371,"type":"manga","name":"Ichigo Mashimaro","url":"https:\/\/myanimelist.net\/manga\/371\/Ichigo_Mashimaro"}]},{"relation":"Prequel","entry":[{"mal_id":488,"type":"anime","name":"Ichigo Mashimaro","url":"https:\/\/myanimelist.net\/anime\/488\/Ichigo_Mashimaro"}]},{"relation":"Sequel","entry":[{"mal_id":4811,"type":"anime","name":"Ichigo Mashimaro Encore","url":"https:\/\/myanimelist.net\/anime\/4811\/Ichigo_Mashimaro_Encore"}]}],"theme":{"openings":["\"Akkan Berry Berry\" by Chiba Saeko, Orikasa Fumiko, Kawasumi Ayako, Noto Mamiko & Nabatame Hitomi"],"endings":["\"Yuu Machi no Kaze\" by Orikasa Fumiko"]},"external":[{"name":"AniDB","url":"https:\/\/anidb.net\/perl-bin\/animedb.pl?show=anime&aid=4559"},{"name":"ANN","url":"https:\/\/www.animenewsnetwork.com\/encyclopedia\/anime.php?id=6684"},{"name":"Wikipedia","url":"http:\/\/en.wikipedia.org\/wiki\/Ichigo_Mashimaro"}],"streaming":[{"name":"HIDIVE","url":"https:\/\/www.hidive.com\/movies\/strawberry-marshmallow-ova"}]}}