{"data":{"mal_id":19,"url":"https:\/\/myanimelist.net\/anime\/19\/Monster","images":{"jpg":{"image_url":"https:\/\/cdn.myanimelist.net\/images\/anime\/10\/18793.jpg","small_image_url":"https:\/\/cdn.myanimelist.net\/images\/anime\/10\/18793t.jpg","large_image_url":"https:\/\/cdn.myanimelist.net\/images\/anime\/10\/18793l.jpg"},"webp":{"image_url":"https:\/\/cdn.myanimelist.net\/images\/anime\/10\/18793.webp","small_image_url":"https:\/\/cdn.myanimelist.net\/images\/anime\/10\/18793t.webp","large_image_url":"https:\/\/cdn.myanimelist.net\/images\/anime\/10\/18793l.webp"}},"trailer":{"youtube_id":null,"url":null,"embed_url":null,"images":{"image_url":null,"small_image_url":null,"medium_image_url":null,"large_image_url":null,"maximum_image_url":null}},"approved":true,"titles":[{"type":"Default","title":"Monster"},{"type":"Japanese","title":"\u30e2\u30f3\u30b9\u30bf\u30fc"},{"type":"English","title":"Monster"}],"title":"Monster","title_english":"Monster","title_japanese":"\u30e2\u30f3\u30b9\u30bf\u30fc","title_synonyms":[],"type":"TV","source":"Manga","episodes":74,"status":"Finished Airing","airing":false,"aired":{"from":"2004-04-07T00:00:00+00:00","to":"2005-09-28T00:00:00+00:00","prop":{"from":{"day":7,"month":4,"year":2004},"to":{"day":28,"month":9,"year":2005}},"string":"Apr 7, 2004 to Sep 28, 2005"},"duration":"24 min per ep","rating":"R+ - Mild Nudity","score":8.87,"scored_by":390838,"rank":25,"popularity":136,"members":1060527,"favorites":50102,"synopsis":"Dr. Kenzou Tenma, an elite neurosurgeon recently engaged to his hospital director's daughter, is well on his way to ascending the hospital hierarchy. That is until one night, a seemingly small event changes Dr. Tenma's life forever. While preparing to perform surgery on someone, he gets a call from the hospital director telling him to switch patients and instead perform life-saving brain surgery on a famous performer. His fellow doctors, fianc\u00e9e, and the hospital director applaud his accomplishment; but because of the switch, a poor immigrant worker is dead, causing Dr. Tenma to have a crisis of conscience.\n\nSo when a similar situation arises, Dr. Tenma stands his ground and chooses to perform surgery on the young boy Johan Liebert instead of the town's mayor. Unfortunately, this choice leads to serious ramifications for Dr. Tenma\u2014losing his social standing being one of them. However, with the mysterious death of the director and two other doctors, Dr. Tenma's position is restored. With no evidence to convict him, he is released and goes on to attain the position of hospital director. \n\nNine years later when Dr. Tenma saves the life of a criminal, his past comes back to haunt him\u2014once again, he comes face to face with the monster he operated on. He must now embark on a quest of pursuit to make amends for the havoc spread by the one he saved.\n\n[Written by MAL Rewrite]","background":null,"season":"spring","year":2004,"broadcast":{"day":"Wednesdays","time":"00:40","timezone":"Asia\/Tokyo","string":"Wednesdays at 00:40 (JST)"},"producers":[{"mal_id":29,"type":"anime","name":"VAP","url":"https:\/\/myanimelist.net\/anime\/producer\/29\/VAP"},{"mal_id":62,"type":"anime","name":"Shogakukan-Shueisha Productions","url":"https:\/\/myanimelist.net\/anime\/producer\/62\/Shogakukan-Shueisha_Productions"},{"mal_id":1003,"type":"anime","name":"Nippon Television Network","url":"https:\/\/myanimelist.net\/anime\/producer\/1003\/Nippon_Television_Network"}],"licensors":[{"mal_id":119,"type":"anime","name":"VIZ Media","url":"https:\/\/myanimelist.net\/anime\/producer\/119\/VIZ_Media"}],"studios":[{"mal_id":11,"type":"anime","name":"Madhouse","url":"https:\/\/myanimelist.net\/anime\/producer\/11\/Madhouse"}],"genres":[{"mal_id":8,"type":"anime","name":"Drama","url":"https:\/\/myanimelist.net\/anime\/genre\/8\/Drama"},{"mal_id":7,"type":"anime","name":"Mystery","url":"https:\/\/myanimelist.net\/anime\/genre\/7\/Mystery"},{"mal_id":41,"type":"anime","name":"Suspense","url":"https:\/\/myanimelist.net\/anime\/genre\/41\/Suspense"}],"explicit_genres":[],"themes":[{"mal_id":50,"type":"anime","name":"Adult Cast","url":"https:\/\/myanimelist.net\/anime\/genre\/50\/Adult_Cast"},{"mal_id":40,"type":"anime","name":"Psychological","url":"https:\/\/myanimelist.net\/anime\/genre\/40\/Psychological"}],"demographics":[{"mal_id":42,"type":"anime","name":"Seinen","url":"https:\/\/myanimelist.net\/anime\/genre\/42\/Seinen"}],"relations":[{"relation":"Adaptation","entry":[{"mal_id":1,"type":"manga","name":"Monster","url":"https:\/\/myanimelist.net\/manga\/1\/Monster"}]},{"relation":"Summary","entry":[{"mal_id":1109,"type":"anime","name":"Monster Extra: Hottan","url":"https:\/\/myanimelist.net\/anime\/1109\/Monster_Extra__Hottan"},{"mal_id":39332,"type":"anime","name":"Monster Special Edition","url":"https:\/\/myanimelist.net\/anime\/39332\/Monster_Special_Edition"}]}],"theme":{"openings":["\"Grain\" by Kuniaki Haishima"],"endings":["1: \"For The Love of Life\" by David Sylvian (eps 1-32)","2: \"Make It Home\" by Fujiko Heming (eps 33-74)"]},"external":[{"name":"Official Site","url":"http:\/\/www.ntv.co.jp\/monster\/"},{"name":"AniDB","url":"https:\/\/anidb.net\/perl-bin\/animedb.pl?show=anime&aid=1539"},{"name":"ANN","url":"https:\/\/www.animenewsnetwork.com\/encyclopedia\/anime.php?id=3750"},{"name":"Wikipedia","url":"http:\/\/en.wikipedia.org\/wiki\/Monster_manga"},{"name":"Wikipedia","url":"https:\/\/ja.wikipedia.org\/wiki\/%E3%83%A2%E3%83%B3%E3%82%B9%E3%82%BF%E3%83%BC_%28%E6%9B%96%E6%98%A7%E3%81%95%E5%9B%9E%E9%81%BF%29"},{"name":"Syoboi","url":"https:\/\/cal.syoboi.jp\/tid\/355"}],"streaming":[]}}