{"data":{"mal_id":19111,"url":"https:\/\/myanimelist.net\/anime\/19111\/Love_Live_School_Idol_Project_2nd_Season","images":{"jpg":{"image_url":"https:\/\/cdn.myanimelist.net\/images\/anime\/10\/59101.jpg","small_image_url":"https:\/\/cdn.myanimelist.net\/images\/anime\/10\/59101t.jpg","large_image_url":"https:\/\/cdn.myanimelist.net\/images\/anime\/10\/59101l.jpg"},"webp":{"image_url":"https:\/\/cdn.myanimelist.net\/images\/anime\/10\/59101.webp","small_image_url":"https:\/\/cdn.myanimelist.net\/images\/anime\/10\/59101t.webp","large_image_url":"https:\/\/cdn.myanimelist.net\/images\/anime\/10\/59101l.webp"}},"trailer":{"youtube_id":"0iV7LV8HCh4","url":"https:\/\/www.youtube.com\/watch?v=0iV7LV8HCh4","embed_url":"https:\/\/www.youtube.com\/embed\/0iV7LV8HCh4?enablejsapi=1&wmode=opaque&autoplay=1","images":{"image_url":"https:\/\/img.youtube.com\/vi\/0iV7LV8HCh4\/default.jpg","small_image_url":"https:\/\/img.youtube.com\/vi\/0iV7LV8HCh4\/sddefault.jpg","medium_image_url":"https:\/\/img.youtube.com\/vi\/0iV7LV8HCh4\/mqdefault.jpg","large_image_url":"https:\/\/img.youtube.com\/vi\/0iV7LV8HCh4\/hqdefault.jpg","maximum_image_url":"https:\/\/img.youtube.com\/vi\/0iV7LV8HCh4\/maxresdefault.jpg"}},"approved":true,"titles":[{"type":"Default","title":"Love Live! School Idol Project 2nd Season"},{"type":"Japanese","title":"\u30e9\u30d6\u30e9\u30a4\u30d6! School idol project 2\u671f"},{"type":"English","title":"Love Live! School Idol Project 2"},{"type":"German","title":"Love Live! School Idol Project Zweite Staffel"},{"type":"Spanish","title":"Love Live! School Idol Project Temporada 2"},{"type":"French","title":"Love Live! School Idol Project Deuxi\u00e8me Saison"}],"title":"Love Live! School Idol Project 2nd Season","title_english":"Love Live! School Idol Project 2","title_japanese":"\u30e9\u30d6\u30e9\u30a4\u30d6! School idol project 2\u671f","title_synonyms":[],"type":"TV","source":"Other","episodes":13,"status":"Finished Airing","airing":false,"aired":{"from":"2014-04-06T00:00:00+00:00","to":"2014-06-29T00:00:00+00:00","prop":{"from":{"day":6,"month":4,"year":2014},"to":{"day":29,"month":6,"year":2014}},"string":"Apr 6, 2014 to Jun 29, 2014"},"duration":"23 min per ep","rating":"PG-13 - Teens 13 or older","score":7.77,"scored_by":148247,"rank":1021,"popularity":915,"members":255092,"favorites":2761,"synopsis":"Otonokizaka High School has been saved! Despite having to withdraw from the Love Live!, the efforts of \u03bc's were able to garner enough interest in their school to prevent it from being shut down. What more, following the conclusion of the first, a second Love Live! is announced, this time on an even larger stage than before. Given a chance for redemption, the nine girls come together once more to sing their hearts out and claim victory.\n \nHowever, with the end of the school year approaching, the graduation of the third years draws near. As they attempt to reach the top of the Love Live!, they must also consider their future and choose what path the group will take. Though the question of whether to continue without the third years or disband weighs heavily on the minds of its members, \u03bc's must quickly come to an answer with graduation right around the corner.\n \nLove Live! School Idol Project 2nd Season continues the story of the girls as they laugh, cry, sing, and dance in their journey to determine the future of their group and conquer the Love Live! in their last chance to win with all nine girls together.\n\n[Written by MAL Rewrite]","background":"The series also has released a mobile rhythm game titled Love Live! School Idol Festival for iOS and Android, released in 2013 for Japan and in 2014 for English users.","season":"spring","year":2014,"broadcast":{"day":"Sundays","time":"22:30","timezone":"Asia\/Tokyo","string":"Sundays at 22:30 (JST)"},"producers":[{"mal_id":23,"type":"anime","name":"Bandai Visual","url":"https:\/\/myanimelist.net\/anime\/producer\/23\/Bandai_Visual"},{"mal_id":104,"type":"anime","name":"Lantis","url":"https:\/\/myanimelist.net\/anime\/producer\/104\/Lantis"},{"mal_id":775,"type":"anime","name":"Bushiroad","url":"https:\/\/myanimelist.net\/anime\/producer\/775\/Bushiroad"}],"licensors":[{"mal_id":372,"type":"anime","name":"NIS America, Inc.","url":"https:\/\/myanimelist.net\/anime\/producer\/372\/NIS_America_Inc"}],"studios":[{"mal_id":14,"type":"anime","name":"Sunrise","url":"https:\/\/myanimelist.net\/anime\/producer\/14\/Sunrise"}],"genres":[{"mal_id":46,"type":"anime","name":"Award Winning","url":"https:\/\/myanimelist.net\/anime\/genre\/46\/Award_Winning"},{"mal_id":36,"type":"anime","name":"Slice of Life","url":"https:\/\/myanimelist.net\/anime\/genre\/36\/Slice_of_Life"}],"explicit_genres":[],"themes":[{"mal_id":60,"type":"anime","name":"Idols (Female)","url":"https:\/\/myanimelist.net\/anime\/genre\/60\/Idols_Female"},{"mal_id":19,"type":"anime","name":"Music","url":"https:\/\/myanimelist.net\/anime\/genre\/19\/Music"},{"mal_id":23,"type":"anime","name":"School","url":"https:\/\/myanimelist.net\/anime\/genre\/23\/School"}],"demographics":[],"relations":[{"relation":"Prequel","entry":[{"mal_id":15051,"type":"anime","name":"Love Live! School Idol Project","url":"https:\/\/myanimelist.net\/anime\/15051\/Love_Live_School_Idol_Project"}]},{"relation":"Sequel","entry":[{"mal_id":24997,"type":"anime","name":"Love Live! The School Idol Movie","url":"https:\/\/myanimelist.net\/anime\/24997\/Love_Live_The_School_Idol_Movie"}]},{"relation":"Other","entry":[{"mal_id":25897,"type":"anime","name":"Love Live! School Idol Project: \u03bc's \u2192NEXT LoveLive! 2014 - Endless Parade Makuai Drama","url":"https:\/\/myanimelist.net\/anime\/25897\/Love_Live_School_Idol_Project__\u03bcs_\u2192NEXT_LoveLive_2014_-_Endless_Parade_Makuai_Drama"}]},{"relation":"Summary","entry":[{"mal_id":30829,"type":"anime","name":"30-pun de Wakaru! Kore made no Love Live!","url":"https:\/\/myanimelist.net\/anime\/30829\/30-pun_de_Wakaru_Kore_made_no_Love_Live"}]},{"relation":"Side story","entry":[{"mal_id":33106,"type":"anime","name":"Love Live! \u03bc's Final Love Live! Opening Animation","url":"https:\/\/myanimelist.net\/anime\/33106\/Love_Live_\u03bcs_Final_Love_Live_Opening_Animation"}]}],"theme":{"openings":["\"Sore wa Bokutachi no Kiseki (\u305d\u308c\u306f\u50d5\u305f\u3061\u306e\u5947\u8de1)\" by \u03bc's (eps 2-12)"],"endings":["1: \"Sore wa Bokutachi no Kiseki (\u305d\u308c\u306f\u50d5\u305f\u3061\u306e\u5947\u8de1)\" by \u03bc's (eps 1)","2: \"Donna Toki mo Zutto (\u3069\u3093\u306a\u3068\u304d\u3082\u305a\u3063\u3068)\" by Eri Ayase, Nozomi Toujou, Niko Yazawa (Yoshino Nanjou, Aina Kusuda, Sora Tokui)  (eps 2)","3: \"Donna Toki mo Zutto (\u3069\u3093\u306a\u3068\u304d\u3082\u305a\u3063\u3068)\" by \u03bc's (eps 3,11)","4: \"Donna Toki mo Zutto (\u3069\u3093\u306a\u3068\u304d\u3082\u305a\u3063\u3068)\" by Niko Yazawa (Sora Tokui) (eps 4)","5: \"Donna Toki mo Zutto (\u3069\u3093\u306a\u3068\u304d\u3082\u305a\u3063\u3068)\" by Rin Hoshizora (Riho Iida) (eps 5)","6: \"Donna Toki mo Zutto (\u3069\u3093\u306a\u3068\u304d\u3082\u305a\u3063\u3068)\" by Rin Hoshizora, Maki Nishikino, Hanayo Koizumi (Riho Iida, Pile, Yurika Kubo)  (eps 6)","7: \"Donna Toki mo Zutto (\u3069\u3093\u306a\u3068\u304d\u3082\u305a\u3063\u3068)\" by Honoka Kousaka, Kotori Minami, Umi Sonoda (Emi Nitta, Aya Uchida, Suzuko Mimori)  (eps 7)","8: \"Donna Toki mo Zutto (\u3069\u3093\u306a\u3068\u304d\u3082\u305a\u3063\u3068)\" by Eri Ayase, Maki Nikishino, Nozomi Toujou (Yoshino Nanjou, Pile, Aina Kusuda) (eps 8)","9: \"Snow halation\" by \u03bc's (eps 9)","10: \"Donna Toki mo Zutto (\u3069\u3093\u306a\u3068\u304d\u3082\u305a\u3063\u3068)\" by Honoka Kousaka (Emi Nitta) (eps 10)","11: \"Bokura wa Ima no Naka de (\u50d5\u3089\u306f\u4eca\u306e\u306a\u304b\u3067)\" by \u03bc's (eps 12)","12: \"Happy maker!\" by \u03bc's (eps 13)"]},"external":[{"name":"Official Site","url":"http:\/\/www.lovelive-anime.jp\/"},{"name":"AniDB","url":"https:\/\/anidb.net\/perl-bin\/animedb.pl?show=anime&aid=9927"},{"name":"ANN","url":"https:\/\/www.animenewsnetwork.com\/encyclopedia\/anime.php?id=15812"},{"name":"Wikipedia","url":"http:\/\/en.wikipedia.org\/wiki\/Love_Live!"}],"streaming":[{"name":"Crunchyroll","url":"http:\/\/www.crunchyroll.com\/series-251705"}]}}