{"data":{"mal_id":1921,"url":"https:\/\/myanimelist.net\/anime\/1921\/Urusei_Yatsura_2__Beautiful_Dreamer","images":{"jpg":{"image_url":"https:\/\/cdn.myanimelist.net\/images\/anime\/1999\/98665.jpg","small_image_url":"https:\/\/cdn.myanimelist.net\/images\/anime\/1999\/98665t.jpg","large_image_url":"https:\/\/cdn.myanimelist.net\/images\/anime\/1999\/98665l.jpg"},"webp":{"image_url":"https:\/\/cdn.myanimelist.net\/images\/anime\/1999\/98665.webp","small_image_url":"https:\/\/cdn.myanimelist.net\/images\/anime\/1999\/98665t.webp","large_image_url":"https:\/\/cdn.myanimelist.net\/images\/anime\/1999\/98665l.webp"}},"trailer":{"youtube_id":"yLXIBNb9vqo","url":"https:\/\/www.youtube.com\/watch?v=yLXIBNb9vqo","embed_url":"https:\/\/www.youtube.com\/embed\/yLXIBNb9vqo?enablejsapi=1&wmode=opaque&autoplay=1","images":{"image_url":"https:\/\/img.youtube.com\/vi\/yLXIBNb9vqo\/default.jpg","small_image_url":"https:\/\/img.youtube.com\/vi\/yLXIBNb9vqo\/sddefault.jpg","medium_image_url":"https:\/\/img.youtube.com\/vi\/yLXIBNb9vqo\/mqdefault.jpg","large_image_url":"https:\/\/img.youtube.com\/vi\/yLXIBNb9vqo\/hqdefault.jpg","maximum_image_url":"https:\/\/img.youtube.com\/vi\/yLXIBNb9vqo\/maxresdefault.jpg"}},"approved":true,"titles":[{"type":"Default","title":"Urusei Yatsura 2: Beautiful Dreamer"},{"type":"Japanese","title":"\u3046\u308b\u661f\u3084\u3064\u30892 \u30d3\u30e5\u30fc\u30c6\u30a3\u30d5\u30eb\u30fb\u30c9\u30ea\u30fc\u30de\u30fc"},{"type":"English","title":"Urusei Yatsura Movie 2: Beautiful Dreamer"},{"type":"Spanish","title":"Lamu Pel\u00edcula 2: Beautiful Dreamer"},{"type":"French","title":"Urusei Yatsura Film 2: Beautiful Dreamer"}],"title":"Urusei Yatsura 2: Beautiful Dreamer","title_english":"Urusei Yatsura Movie 2: Beautiful Dreamer","title_japanese":"\u3046\u308b\u661f\u3084\u3064\u30892 \u30d3\u30e5\u30fc\u30c6\u30a3\u30d5\u30eb\u30fb\u30c9\u30ea\u30fc\u30de\u30fc","title_synonyms":[],"type":"Movie","source":"Manga","episodes":1,"status":"Finished Airing","airing":false,"aired":{"from":"1984-02-11T00:00:00+00:00","to":null,"prop":{"from":{"day":11,"month":2,"year":1984},"to":{"day":null,"month":null,"year":null}},"string":"Feb 11, 1984"},"duration":"1 hr 37 min","rating":"PG-13 - Teens 13 or older","score":7.84,"scored_by":8609,"rank":879,"popularity":4765,"members":19512,"favorites":256,"synopsis":"Not all is normal in Tomobiki, even by its standards. The students have been preparing feverishly for the first day of the student fair, which is scheduled to go on the next day. However, problems arise when some begin to notice that the next day simply will not come. As the students begin to try to find the reason for the problem, their beliefs about reality and the world of dreams are challenged.\n\n(Source: ANN)","background":null,"season":null,"year":null,"broadcast":{"day":null,"time":null,"timezone":null,"string":null},"producers":[{"mal_id":99,"type":"anime","name":"Kitty Films","url":"https:\/\/myanimelist.net\/anime\/producer\/99\/Kitty_Films"},{"mal_id":177,"type":"anime","name":"Studio Kyuuma","url":"https:\/\/myanimelist.net\/anime\/producer\/177\/Studio_Kyuuma"}],"licensors":[{"mal_id":284,"type":"anime","name":"Central Park Media","url":"https:\/\/myanimelist.net\/anime\/producer\/284\/Central_Park_Media"},{"mal_id":467,"type":"anime","name":"Discotek Media","url":"https:\/\/myanimelist.net\/anime\/producer\/467\/Discotek_Media"}],"studios":[{"mal_id":1,"type":"anime","name":"Pierrot","url":"https:\/\/myanimelist.net\/anime\/producer\/1\/Pierrot"}],"genres":[{"mal_id":1,"type":"anime","name":"Action","url":"https:\/\/myanimelist.net\/anime\/genre\/1\/Action"},{"mal_id":2,"type":"anime","name":"Adventure","url":"https:\/\/myanimelist.net\/anime\/genre\/2\/Adventure"},{"mal_id":4,"type":"anime","name":"Comedy","url":"https:\/\/myanimelist.net\/anime\/genre\/4\/Comedy"},{"mal_id":8,"type":"anime","name":"Drama","url":"https:\/\/myanimelist.net\/anime\/genre\/8\/Drama"},{"mal_id":22,"type":"anime","name":"Romance","url":"https:\/\/myanimelist.net\/anime\/genre\/22\/Romance"},{"mal_id":24,"type":"anime","name":"Sci-Fi","url":"https:\/\/myanimelist.net\/anime\/genre\/24\/Sci-Fi"}],"explicit_genres":[],"themes":[],"demographics":[{"mal_id":27,"type":"anime","name":"Shounen","url":"https:\/\/myanimelist.net\/anime\/genre\/27\/Shounen"}],"relations":[{"relation":"Parent story","entry":[{"mal_id":1293,"type":"anime","name":"Urusei Yatsura","url":"https:\/\/myanimelist.net\/anime\/1293\/Urusei_Yatsura"}]}],"theme":{"openings":[],"endings":["\"Ai wa Boomerang (\u611b\u306f\u30d6\u30fc\u30e1\u30e9\u30f3)\" by Yuuko Matsutani"]},"external":[{"name":"AniDB","url":"https:\/\/anidb.net\/perl-bin\/animedb.pl?show=anime&aid=379"},{"name":"ANN","url":"https:\/\/www.animenewsnetwork.com\/encyclopedia\/anime.php?id=647"},{"name":"Wikipedia","url":"https:\/\/en.wikipedia.org\/wiki\/Urusei_Yatsura_2:_Beautiful_Dreamer"}],"streaming":[{"name":"Crunchyroll","url":"http:\/\/www.crunchyroll.com\/series-280947"}]}}