{"data":{"mal_id":19291,"url":"https:\/\/myanimelist.net\/anime\/19291\/Pokemon_XY","images":{"jpg":{"image_url":"https:\/\/cdn.myanimelist.net\/images\/anime\/12\/54549.jpg","small_image_url":"https:\/\/cdn.myanimelist.net\/images\/anime\/12\/54549t.jpg","large_image_url":"https:\/\/cdn.myanimelist.net\/images\/anime\/12\/54549l.jpg"},"webp":{"image_url":"https:\/\/cdn.myanimelist.net\/images\/anime\/12\/54549.webp","small_image_url":"https:\/\/cdn.myanimelist.net\/images\/anime\/12\/54549t.webp","large_image_url":"https:\/\/cdn.myanimelist.net\/images\/anime\/12\/54549l.webp"}},"trailer":{"youtube_id":"hIXdyRpuSLc","url":"https:\/\/www.youtube.com\/watch?v=hIXdyRpuSLc","embed_url":"https:\/\/www.youtube.com\/embed\/hIXdyRpuSLc?enablejsapi=1&wmode=opaque&autoplay=1","images":{"image_url":"https:\/\/img.youtube.com\/vi\/hIXdyRpuSLc\/default.jpg","small_image_url":"https:\/\/img.youtube.com\/vi\/hIXdyRpuSLc\/sddefault.jpg","medium_image_url":"https:\/\/img.youtube.com\/vi\/hIXdyRpuSLc\/mqdefault.jpg","large_image_url":"https:\/\/img.youtube.com\/vi\/hIXdyRpuSLc\/hqdefault.jpg","maximum_image_url":"https:\/\/img.youtube.com\/vi\/hIXdyRpuSLc\/maxresdefault.jpg"}},"approved":true,"titles":[{"type":"Default","title":"Pokemon XY"},{"type":"Synonym","title":"Pocket Monsters XY"},{"type":"Synonym","title":"Pok\u00e9mon XY"},{"type":"Japanese","title":"\u30dd\u30b1\u30c3\u30c8\u30e2\u30f3\u30b9\u30bf\u30fcXY"},{"type":"English","title":"Pok\u00e9mon the Series: XY"},{"type":"German","title":"Pok\u00e9mon Staffel XY"},{"type":"Spanish","title":"Pok\u00e9mon Temporada XY"},{"type":"French","title":"Pok\u00e9mon Saision XY"}],"title":"Pokemon XY","title_english":"Pok\u00e9mon the Series: XY","title_japanese":"\u30dd\u30b1\u30c3\u30c8\u30e2\u30f3\u30b9\u30bf\u30fcXY","title_synonyms":["Pocket Monsters XY","Pok\u00e9mon XY"],"type":"TV","source":"Game","episodes":93,"status":"Finished Airing","airing":false,"aired":{"from":"2013-10-17T00:00:00+00:00","to":"2015-10-22T00:00:00+00:00","prop":{"from":{"day":17,"month":10,"year":2013},"to":{"day":22,"month":10,"year":2015}},"string":"Oct 17, 2013 to Oct 22, 2015"},"duration":"23 min per ep","rating":"PG - Children","score":7.39,"scored_by":103875,"rank":2218,"popularity":1354,"members":166949,"favorites":553,"synopsis":"Satoshi and Pikachu have arrived in Miare City of the illustrious Kalos region to capture more Pok\u00e9mon and continue their journey toward becoming the very best. Meanwhile, a genius inventor named Citron and his little sister Eureka wander the city when they run into Satoshi who quickly challenges them to a battle. However, they are soon caught up in a dangerous incident when Team Rocket, following Satoshi into Kalos, cause a Gaburias to rampage through the city.\n\nFar away in the quiet Asame Town, a young girl named Serena slogs through daily Sihorn riding practice at the behest of her mother, a professional Sihorn racer. After practice, she sees the events unfolding in Miare City on television where she recognizes a boy from her childhood. Having left a significant impact on her life, the sight of him stirs in her a desire to meet him again; and so, Serena sets off to Miare City, determined to find the boy from her past.\n\nPokemon XY follows the group as they travel throughout Kalos in pursuit of their ambitions\u2014Satoshi challenging Pok\u00e9mon gyms, Citron learning from Satoshi, and Serena searching for what exactly her dream is. Along the way, they meet new friends, face new rivals, and continue to thwart Team Rocket's schemes, all the while discovering a little about the mysteries of mega evolution.\n\n[Written by MAL Rewrite]","background":null,"season":"fall","year":2013,"broadcast":{"day":"Thursdays","time":"19:00","timezone":"Asia\/Tokyo","string":"Thursdays at 19:00 (JST)"},"producers":[{"mal_id":16,"type":"anime","name":"TV Tokyo","url":"https:\/\/myanimelist.net\/anime\/producer\/16\/TV_Tokyo"}],"licensors":[{"mal_id":499,"type":"anime","name":"The Pokemon Company International","url":"https:\/\/myanimelist.net\/anime\/producer\/499\/The_Pokemon_Company_International"}],"studios":[{"mal_id":28,"type":"anime","name":"OLM","url":"https:\/\/myanimelist.net\/anime\/producer\/28\/OLM"}],"genres":[{"mal_id":1,"type":"anime","name":"Action","url":"https:\/\/myanimelist.net\/anime\/genre\/1\/Action"},{"mal_id":2,"type":"anime","name":"Adventure","url":"https:\/\/myanimelist.net\/anime\/genre\/2\/Adventure"},{"mal_id":4,"type":"anime","name":"Comedy","url":"https:\/\/myanimelist.net\/anime\/genre\/4\/Comedy"},{"mal_id":10,"type":"anime","name":"Fantasy","url":"https:\/\/myanimelist.net\/anime\/genre\/10\/Fantasy"}],"explicit_genres":[],"themes":[],"demographics":[{"mal_id":15,"type":"anime","name":"Kids","url":"https:\/\/myanimelist.net\/anime\/genre\/15\/Kids"}],"relations":[{"relation":"Prequel","entry":[{"mal_id":17873,"type":"anime","name":"Pokemon Best Wishes! Season 2: Decolora Adventure","url":"https:\/\/myanimelist.net\/anime\/17873\/Pokemon_Best_Wishes_Season_2__Decolora_Adventure"},{"mal_id":21695,"type":"anime","name":"Pokemon XY SP: Road to Kalos","url":"https:\/\/myanimelist.net\/anime\/21695\/Pokemon_XY_SP__Road_to_Kalos"}]},{"relation":"Side story","entry":[{"mal_id":21569,"type":"anime","name":"Pokemon Movie 17: Hakai no Mayu to Diancie","url":"https:\/\/myanimelist.net\/anime\/21569\/Pokemon_Movie_17__Hakai_no_Mayu_to_Diancie"},{"mal_id":21571,"type":"anime","name":"Pokemon: Pikachu, Kore Nan no Kagi?","url":"https:\/\/myanimelist.net\/anime\/21571\/Pokemon__Pikachu_Kore_Nan_no_Kagi"},{"mal_id":23301,"type":"anime","name":"Pokemon XY: Mega Evolution","url":"https:\/\/myanimelist.net\/anime\/23301\/Pokemon_XY__Mega_Evolution"},{"mal_id":23849,"type":"anime","name":"Pokemon XY: Sora no Hahen","url":"https:\/\/myanimelist.net\/anime\/23849\/Pokemon_XY__Sora_no_Hahen"},{"mal_id":25365,"type":"anime","name":"Pokemon XY: Koukoku no Princess Diancie","url":"https:\/\/myanimelist.net\/anime\/25365\/Pokemon_XY__Koukoku_no_Princess_Diancie"},{"mal_id":25805,"type":"anime","name":"Pokemon Movie 18: Ring no Choumajin Hoopa","url":"https:\/\/myanimelist.net\/anime\/25805\/Pokemon_Movie_18__Ring_no_Choumajin_Hoopa"}]},{"relation":"Summary","entry":[{"mal_id":21703,"type":"anime","name":"Pokemon XY: New Year Special","url":"https:\/\/myanimelist.net\/anime\/21703\/Pokemon_XY__New_Year_Special"},{"mal_id":29419,"type":"anime","name":"Pokemon XY: New Year's Eve 2014 Super Mega Special","url":"https:\/\/myanimelist.net\/anime\/29419\/Pokemon_XY__New_Years_Eve_2014_Super_Mega_Special"}]},{"relation":"Other","entry":[{"mal_id":28853,"type":"anime","name":"Pokemon: Pikachu to Pokemon Ongakutai","url":"https:\/\/myanimelist.net\/anime\/28853\/Pokemon__Pikachu_to_Pokemon_Ongakutai"},{"mal_id":30686,"type":"anime","name":"Pokemon XY: Hoopa no Odemashi Daisakusen!!","url":"https:\/\/myanimelist.net\/anime\/30686\/Pokemon_XY__Hoopa_no_Odemashi_Daisakusen"}]},{"relation":"Sequel","entry":[{"mal_id":31592,"type":"anime","name":"Pokemon XY&Z","url":"https:\/\/myanimelist.net\/anime\/31592\/Pokemon_XY_Z"}]},{"relation":"Alternative setting","entry":[{"mal_id":34514,"type":"anime","name":"Pokemon Generations","url":"https:\/\/myanimelist.net\/anime\/34514\/Pokemon_Generations"}]},{"relation":"Character","entry":[{"mal_id":51150,"type":"anime","name":"Metamon to! Wooper to Katazuke","url":"https:\/\/myanimelist.net\/anime\/51150\/Metamon_to_Wooper_to_Katazuke"}]}],"theme":{"openings":["1: \"V (Volt) (\uff36\uff08\u30dc\u30eb\u30c8\uff09)\" by Yusuke (eps 1-28)","2: \"Mega V (Volt) (\u30e1\u30acV\uff08\u30dc\u30eb\u30c8\uff09)\" by Yusuke (eps 29-54)","3: \"Getter Bang Bang (\u30b2\u30c3\u30bf\u30d0\u30f3\u30d0\u30f3)\" by Tomohisa Sakou (eps 55-93)"],"endings":["1: \"The X Strait and the Y Scenery (\uff38\u6d77\u5ce1\uff39\u666f\u8272)\" by J\u2606Dee'Z (eps 1-28)","2: \"Peace Smile!(\u30d4\u30fc\u30b9\u30de\u30a4\u30eb)\" by J\u2606Dee'Z (eps 29-46)","3: \"DoriDori (\u30c9\u30ea\u30c9\u30ea)\" by Shoko Nakagawa (eps 47-67)","4: \"Gaogao All Stars (\u30ac\u30aa\u30ac\u30aa\u30fb\u30aa\u30fc\u30eb\u30b9\u30bf\u30fc)\" by Little Glee Monster (eps 68-93)"]},"external":[{"name":"Official Site","url":"http:\/\/www.tv-tokyo.co.jp\/anime\/pokemon_xy\/"},{"name":"AniDB","url":"https:\/\/anidb.net\/perl-bin\/animedb.pl?show=anime&aid=9956"},{"name":"ANN","url":"https:\/\/www.animenewsnetwork.com\/encyclopedia\/anime.php?id=15491"},{"name":"Wikipedia","url":"http:\/\/ja.wikipedia.org\/wiki\/%E3%83%9D%E3%82%B1%E3%83%83%E3%83%88%E3%83%A2%E3%83%B3%E3%82%B9%E3%82%BF%E3%83%BC_XY"}],"streaming":[{"name":"Netflix","url":"https:\/\/www.netflix.com\/"}]}}