{"data":{"mal_id":19319,"url":"https:\/\/myanimelist.net\/anime\/19319\/Gundam_Build_Fighters","images":{"jpg":{"image_url":"https:\/\/cdn.myanimelist.net\/images\/anime\/7\/51815.jpg","small_image_url":"https:\/\/cdn.myanimelist.net\/images\/anime\/7\/51815t.jpg","large_image_url":"https:\/\/cdn.myanimelist.net\/images\/anime\/7\/51815l.jpg"},"webp":{"image_url":"https:\/\/cdn.myanimelist.net\/images\/anime\/7\/51815.webp","small_image_url":"https:\/\/cdn.myanimelist.net\/images\/anime\/7\/51815t.webp","large_image_url":"https:\/\/cdn.myanimelist.net\/images\/anime\/7\/51815l.webp"}},"trailer":{"youtube_id":"NcOQh0MkLOM","url":"https:\/\/www.youtube.com\/watch?v=NcOQh0MkLOM","embed_url":"https:\/\/www.youtube.com\/embed\/NcOQh0MkLOM?enablejsapi=1&wmode=opaque&autoplay=1","images":{"image_url":"https:\/\/img.youtube.com\/vi\/NcOQh0MkLOM\/default.jpg","small_image_url":"https:\/\/img.youtube.com\/vi\/NcOQh0MkLOM\/sddefault.jpg","medium_image_url":"https:\/\/img.youtube.com\/vi\/NcOQh0MkLOM\/mqdefault.jpg","large_image_url":"https:\/\/img.youtube.com\/vi\/NcOQh0MkLOM\/hqdefault.jpg","maximum_image_url":"https:\/\/img.youtube.com\/vi\/NcOQh0MkLOM\/maxresdefault.jpg"}},"approved":true,"titles":[{"type":"Default","title":"Gundam Build Fighters"},{"type":"Japanese","title":"\u30ac\u30f3\u30c0\u30e0\u30d3\u30eb\u30c9\u30d5\u30a1\u30a4\u30bf\u30fc\u30ba"},{"type":"English","title":"Gundam Build Fighters"}],"title":"Gundam Build Fighters","title_english":"Gundam Build Fighters","title_japanese":"\u30ac\u30f3\u30c0\u30e0\u30d3\u30eb\u30c9\u30d5\u30a1\u30a4\u30bf\u30fc\u30ba","title_synonyms":[],"type":"TV","source":"Original","episodes":25,"status":"Finished Airing","airing":false,"aired":{"from":"2013-10-07T00:00:00+00:00","to":"2014-03-31T00:00:00+00:00","prop":{"from":{"day":7,"month":10,"year":2013},"to":{"day":31,"month":3,"year":2014}},"string":"Oct 7, 2013 to Mar 31, 2014"},"duration":"24 min per ep","rating":"G - All Ages","score":7.73,"scored_by":38222,"rank":1121,"popularity":2412,"members":73812,"favorites":649,"synopsis":"Though Gundam Plastic Models, better known as Gunpla, exploded in popularity with the release of the anime series Mobile Suit Gundam, their presence faded before resurging with a new purpose. Through the power of Plavsky particles, fans are now able to pit their Gunpla against others in a virtual reality-style battle with the best competing at the annual Gunpla World Tournament. \n\nSei Iori, whose father was a once finalist in the competition, dreams of one day conquering the contest himself. However, while Sei is an expert Gunpla builder, he lacks the prowess to effectively fight his creations during actual battle. In comes Reiji, a mysterious boy who is curiously ignorant of society but quickly demonstrates to Sei tremendous ability in Gunpla battles. The two boys decide to combine their strengths in order to sweep the Gunpla World Tournament and take the Gunpla world by storm.\n\n[Written by MAL Rewrite]","background":"Sunrise first announced the series under the title of \"1\/144 Gundam Mobile,\" signifying the show's Gunpla plastic model direction. High Grade kits would also be released based exclusively on the Mobile Suits appearing in the series.","season":"fall","year":2013,"broadcast":{"day":"Mondays","time":"18:00","timezone":"Asia\/Tokyo","string":"Mondays at 18:00 (JST)"},"producers":[{"mal_id":16,"type":"anime","name":"TV Tokyo","url":"https:\/\/myanimelist.net\/anime\/producer\/16\/TV_Tokyo"},{"mal_id":64,"type":"anime","name":"Sotsu","url":"https:\/\/myanimelist.net\/anime\/producer\/64\/Sotsu"}],"licensors":[{"mal_id":217,"type":"anime","name":"Nozomi Entertainment","url":"https:\/\/myanimelist.net\/anime\/producer\/217\/Nozomi_Entertainment"}],"studios":[{"mal_id":14,"type":"anime","name":"Sunrise","url":"https:\/\/myanimelist.net\/anime\/producer\/14\/Sunrise"}],"genres":[{"mal_id":1,"type":"anime","name":"Action","url":"https:\/\/myanimelist.net\/anime\/genre\/1\/Action"},{"mal_id":24,"type":"anime","name":"Sci-Fi","url":"https:\/\/myanimelist.net\/anime\/genre\/24\/Sci-Fi"}],"explicit_genres":[],"themes":[{"mal_id":18,"type":"anime","name":"Mecha","url":"https:\/\/myanimelist.net\/anime\/genre\/18\/Mecha"}],"demographics":[],"relations":[{"relation":"Adaptation","entry":[{"mal_id":93912,"type":"manga","name":"Gundam Build Fighters","url":"https:\/\/myanimelist.net\/manga\/93912\/Gundam_Build_Fighters"}]},{"relation":"Parent story","entry":[{"mal_id":80,"type":"anime","name":"Kidou Senshi Gundam","url":"https:\/\/myanimelist.net\/anime\/80\/Kidou_Senshi_Gundam"}]},{"relation":"Other","entry":[{"mal_id":9040,"type":"anime","name":"Mokei Senshi Gunpla Builders Beginning G","url":"https:\/\/myanimelist.net\/anime\/9040\/Mokei_Senshi_Gunpla_Builders_Beginning_G"},{"mal_id":54902,"type":"anime","name":"Gundam Build Metaverse","url":"https:\/\/myanimelist.net\/anime\/54902\/Gundam_Build_Metaverse"}]},{"relation":"Sequel","entry":[{"mal_id":24625,"type":"anime","name":"Gundam Build Fighters Try","url":"https:\/\/myanimelist.net\/anime\/24625\/Gundam_Build_Fighters_Try"},{"mal_id":35982,"type":"anime","name":"Gundam Build Fighters: GM no Gyakushuu","url":"https:\/\/myanimelist.net\/anime\/35982\/Gundam_Build_Fighters__GM_no_Gyakushuu"}]},{"relation":"Side story","entry":[{"mal_id":27907,"type":"anime","name":"Gundam Build Fighters Specials","url":"https:\/\/myanimelist.net\/anime\/27907\/Gundam_Build_Fighters_Specials"},{"mal_id":35567,"type":"anime","name":"Gundam Build Fighters: Battlogue","url":"https:\/\/myanimelist.net\/anime\/35567\/Gundam_Build_Fighters__Battlogue"}]},{"relation":"Alternative setting","entry":[{"mal_id":37245,"type":"anime","name":"Gundam Build Divers","url":"https:\/\/myanimelist.net\/anime\/37245\/Gundam_Build_Divers"}]}],"theme":{"openings":["1: \"Nibun no Ichi (\u30cb\u30d6\u30f3\u30ce\u30a4\u30c1)\" by BACK-ON (eps 2-13)","2: \"wimp ft. Lil\u2019Fang (from FAKY)\" by BACK-ON (eps 14-24)"],"endings":["1: \"Nibun no Ichi (\u30cb\u30d6\u30f3\u30ce\u30a4\u30c1)\" by BACK-ON (eps 1)","2: \"Imagination > Reality\" by AiRI (eps 2-13)","3: \"Hanpan Spirit (\u534a\u30d1\u30f3\u9b42)\" by Hyadain (eps 14-25)"]},"external":[{"name":"Official Site","url":"http:\/\/gundam-bf.net\/"},{"name":"AniDB","url":"https:\/\/anidb.net\/perl-bin\/animedb.pl?show=anime&aid=9960"},{"name":"ANN","url":"https:\/\/www.animenewsnetwork.com\/encyclopedia\/anime.php?id=15492"},{"name":"Wikipedia","url":"http:\/\/en.wikipedia.org\/wiki\/Gundam_Build_Fighters"}],"streaming":[{"name":"Crunchyroll","url":"http:\/\/www.crunchyroll.com\/series-272719"}]}}