{"data":{"mal_id":1946,"url":"https:\/\/myanimelist.net\/anime\/1946\/Ashita_no_Nadja","images":{"jpg":{"image_url":"https:\/\/cdn.myanimelist.net\/images\/anime\/7\/75381.jpg","small_image_url":"https:\/\/cdn.myanimelist.net\/images\/anime\/7\/75381t.jpg","large_image_url":"https:\/\/cdn.myanimelist.net\/images\/anime\/7\/75381l.jpg"},"webp":{"image_url":"https:\/\/cdn.myanimelist.net\/images\/anime\/7\/75381.webp","small_image_url":"https:\/\/cdn.myanimelist.net\/images\/anime\/7\/75381t.webp","large_image_url":"https:\/\/cdn.myanimelist.net\/images\/anime\/7\/75381l.webp"}},"trailer":{"youtube_id":null,"url":null,"embed_url":null,"images":{"image_url":null,"small_image_url":null,"medium_image_url":null,"large_image_url":null,"maximum_image_url":null}},"approved":true,"titles":[{"type":"Default","title":"Ashita no Nadja"},{"type":"Japanese","title":"\u660e\u65e5\u306e\u30ca\u30fc\u30b8\u30e3"},{"type":"English","title":"Tomorrow's Nadja"},{"type":"Spanish","title":"Nadja Applefields"}],"title":"Ashita no Nadja","title_english":"Tomorrow's Nadja","title_japanese":"\u660e\u65e5\u306e\u30ca\u30fc\u30b8\u30e3","title_synonyms":[],"type":"TV","source":"Original","episodes":50,"status":"Finished Airing","airing":false,"aired":{"from":"2003-02-02T00:00:00+00:00","to":"2004-01-25T00:00:00+00:00","prop":{"from":{"day":2,"month":2,"year":2003},"to":{"day":25,"month":1,"year":2004}},"string":"Feb 2, 2003 to Jan 25, 2004"},"duration":"24 min per ep","rating":"G - All Ages","score":7.59,"scored_by":11260,"rank":1455,"popularity":3797,"members":32003,"favorites":267,"synopsis":"This story takes place about one hundred years ago. Nadja is a bright, cheerful girl who was raised in an orphanage near London, England. Nadja was entrusted to the orphanage when she was a baby. So she thought her father and mother were dead. But before her thirteenth birthday, she found out that her mother might be alive..\n\nNadja sets out on a journey to find her mother! With all of Europe as the stage, Nadja's exciting adventure begins!\n\n(Source: AniDB)","background":null,"season":"winter","year":2003,"broadcast":{"day":"Sundays","time":"08:30","timezone":"Asia\/Tokyo","string":"Sundays at 08:30 (JST)"},"producers":[{"mal_id":1415,"type":"anime","name":"Asahi Broadcasting","url":"https:\/\/myanimelist.net\/anime\/producer\/1415\/Asahi_Broadcasting"}],"licensors":[],"studios":[{"mal_id":18,"type":"anime","name":"Toei Animation","url":"https:\/\/myanimelist.net\/anime\/producer\/18\/Toei_Animation"}],"genres":[{"mal_id":2,"type":"anime","name":"Adventure","url":"https:\/\/myanimelist.net\/anime\/genre\/2\/Adventure"},{"mal_id":8,"type":"anime","name":"Drama","url":"https:\/\/myanimelist.net\/anime\/genre\/8\/Drama"},{"mal_id":22,"type":"anime","name":"Romance","url":"https:\/\/myanimelist.net\/anime\/genre\/22\/Romance"}],"explicit_genres":[],"themes":[{"mal_id":13,"type":"anime","name":"Historical","url":"https:\/\/myanimelist.net\/anime\/genre\/13\/Historical"}],"demographics":[],"relations":[{"relation":"Adaptation","entry":[{"mal_id":7282,"type":"manga","name":"Ashita no Nadja","url":"https:\/\/myanimelist.net\/manga\/7282\/Ashita_no_Nadja"}]}],"theme":{"openings":["\"Nadja!!\" by Minako Honda"],"endings":["\"Que Sera, Sera\" by Ami Koshimizu"]},"external":[{"name":"Official Site","url":"http:\/\/www.toei-anim.co.jp\/tv\/nadja\/"},{"name":"AniDB","url":"https:\/\/anidb.net\/perl-bin\/animedb.pl?show=anime&aid=520"},{"name":"ANN","url":"https:\/\/www.animenewsnetwork.com\/encyclopedia\/anime.php?id=2084"},{"name":"Wikipedia","url":"http:\/\/en.wikipedia.org\/wiki\/Ashita_no_Nadja"}],"streaming":[]}}