{"data":{"mal_id":19489,"url":"https:\/\/myanimelist.net\/anime\/19489\/Little_Witch_Academia__Mahoujikake_no_Parade","images":{"jpg":{"image_url":"https:\/\/cdn.myanimelist.net\/images\/anime\/12\/75752.jpg","small_image_url":"https:\/\/cdn.myanimelist.net\/images\/anime\/12\/75752t.jpg","large_image_url":"https:\/\/cdn.myanimelist.net\/images\/anime\/12\/75752l.jpg"},"webp":{"image_url":"https:\/\/cdn.myanimelist.net\/images\/anime\/12\/75752.webp","small_image_url":"https:\/\/cdn.myanimelist.net\/images\/anime\/12\/75752t.webp","large_image_url":"https:\/\/cdn.myanimelist.net\/images\/anime\/12\/75752l.webp"}},"trailer":{"youtube_id":"JUVaeqAWnQI","url":"https:\/\/www.youtube.com\/watch?v=JUVaeqAWnQI","embed_url":"https:\/\/www.youtube.com\/embed\/JUVaeqAWnQI?enablejsapi=1&wmode=opaque&autoplay=1","images":{"image_url":"https:\/\/img.youtube.com\/vi\/JUVaeqAWnQI\/default.jpg","small_image_url":"https:\/\/img.youtube.com\/vi\/JUVaeqAWnQI\/sddefault.jpg","medium_image_url":"https:\/\/img.youtube.com\/vi\/JUVaeqAWnQI\/mqdefault.jpg","large_image_url":"https:\/\/img.youtube.com\/vi\/JUVaeqAWnQI\/hqdefault.jpg","maximum_image_url":"https:\/\/img.youtube.com\/vi\/JUVaeqAWnQI\/maxresdefault.jpg"}},"approved":true,"titles":[{"type":"Default","title":"Little Witch Academia: Mahoujikake no Parade"},{"type":"Synonym","title":"LWA 2"},{"type":"Synonym","title":"Little Witch Academia 2"},{"type":"Japanese","title":"\u30ea\u30c8\u30eb\u30a6\u30a3\u30c3\u30c1\u30a2\u30ab\u30c7\u30df\u30a2 \u9b54\u6cd5\u4ed5\u639b\u3051\u306e\u30d1\u30ec\u30fc\u30c9"},{"type":"English","title":"Little Witch Academia: The Enchanted Parade"}],"title":"Little Witch Academia: Mahoujikake no Parade","title_english":"Little Witch Academia: The Enchanted Parade","title_japanese":"\u30ea\u30c8\u30eb\u30a6\u30a3\u30c3\u30c1\u30a2\u30ab\u30c7\u30df\u30a2 \u9b54\u6cd5\u4ed5\u639b\u3051\u306e\u30d1\u30ec\u30fc\u30c9","title_synonyms":["LWA 2","Little Witch Academia 2"],"type":"Movie","source":"Original","episodes":1,"status":"Finished Airing","airing":false,"aired":{"from":"2015-10-09T00:00:00+00:00","to":null,"prop":{"from":{"day":9,"month":10,"year":2015},"to":{"day":null,"month":null,"year":null}},"string":"Oct 9, 2015"},"duration":"53 min","rating":"PG - Children","score":7.75,"scored_by":95007,"rank":1060,"popularity":1343,"members":168465,"favorites":326,"synopsis":"You can tell witch training is not going swimmingly for the young sorceresses Akko, Lotte, and Sucy\u2014they face expulsion for screwing up one class too many, and their only way out is if they successfully organize their academy's annual parade through a nearby town. But when they stumble upon the momentous discovery that the objective of the parade is to humiliate witches and commemorate their past subjugation, Akko decides it is time for a change: It is time to show the world how fantastic modern witches truly are! However, with the other girls struggling to keep up with Akko's grandiose ambitions, and everything from mischievous boys to slumbering giants getting in their way, maybe pulling it off will require not only all the magical prowess the pupils of Luna Nova Magical Academy can muster, but also a miracle.\n\n[Written by MAL Rewrite]","background":null,"season":null,"year":null,"broadcast":{"day":null,"time":null,"timezone":null,"string":null},"producers":[{"mal_id":213,"type":"anime","name":"Half H.P Studio","url":"https:\/\/myanimelist.net\/anime\/producer\/213\/Half_HP_Studio"},{"mal_id":539,"type":"anime","name":"Ultra Super Pictures","url":"https:\/\/myanimelist.net\/anime\/producer\/539\/Ultra_Super_Pictures"},{"mal_id":1143,"type":"anime","name":"TOHO animation","url":"https:\/\/myanimelist.net\/anime\/producer\/1143\/TOHO_animation"},{"mal_id":1261,"type":"anime","name":"Good Smile Company","url":"https:\/\/myanimelist.net\/anime\/producer\/1261\/Good_Smile_Company"}],"licensors":[],"studios":[{"mal_id":803,"type":"anime","name":"Trigger","url":"https:\/\/myanimelist.net\/anime\/producer\/803\/Trigger"}],"genres":[{"mal_id":2,"type":"anime","name":"Adventure","url":"https:\/\/myanimelist.net\/anime\/genre\/2\/Adventure"},{"mal_id":4,"type":"anime","name":"Comedy","url":"https:\/\/myanimelist.net\/anime\/genre\/4\/Comedy"},{"mal_id":10,"type":"anime","name":"Fantasy","url":"https:\/\/myanimelist.net\/anime\/genre\/10\/Fantasy"}],"explicit_genres":[],"themes":[{"mal_id":23,"type":"anime","name":"School","url":"https:\/\/myanimelist.net\/anime\/genre\/23\/School"}],"demographics":[],"relations":[{"relation":"Prequel","entry":[{"mal_id":14349,"type":"anime","name":"Little Witch Academia","url":"https:\/\/myanimelist.net\/anime\/14349\/Little_Witch_Academia"}]},{"relation":"Other","entry":[{"mal_id":33489,"type":"anime","name":"Little Witch Academia (TV)","url":"https:\/\/myanimelist.net\/anime\/33489\/Little_Witch_Academia_TV"}]}],"theme":{"openings":[],"endings":["\"Magic Parade\" by Yuiko Oohara"]},"external":[{"name":"Official Site","url":"http:\/\/www.littlewitchacademia.jp\/"},{"name":"AniDB","url":"https:\/\/anidb.net\/perl-bin\/animedb.pl?show=anime&aid=9971"},{"name":"ANN","url":"https:\/\/www.animenewsnetwork.com\/encyclopedia\/anime.php?id=15632"},{"name":"Wikipedia","url":"http:\/\/en.wikipedia.org\/wiki\/Little_Witch_Academia"}],"streaming":[]}}