{"data":{"mal_id":19671,"url":"https:\/\/myanimelist.net\/anime\/19671\/Free__FrFr_-_Short_Movie","images":{"jpg":{"image_url":"https:\/\/cdn.myanimelist.net\/images\/anime\/3\/55083.jpg","small_image_url":"https:\/\/cdn.myanimelist.net\/images\/anime\/3\/55083t.jpg","large_image_url":"https:\/\/cdn.myanimelist.net\/images\/anime\/3\/55083l.jpg"},"webp":{"image_url":"https:\/\/cdn.myanimelist.net\/images\/anime\/3\/55083.webp","small_image_url":"https:\/\/cdn.myanimelist.net\/images\/anime\/3\/55083t.webp","large_image_url":"https:\/\/cdn.myanimelist.net\/images\/anime\/3\/55083l.webp"}},"trailer":{"youtube_id":"PTA3CrlimgU","url":"https:\/\/www.youtube.com\/watch?v=PTA3CrlimgU","embed_url":"https:\/\/www.youtube.com\/embed\/PTA3CrlimgU?enablejsapi=1&wmode=opaque&autoplay=1","images":{"image_url":"https:\/\/img.youtube.com\/vi\/PTA3CrlimgU\/default.jpg","small_image_url":"https:\/\/img.youtube.com\/vi\/PTA3CrlimgU\/sddefault.jpg","medium_image_url":"https:\/\/img.youtube.com\/vi\/PTA3CrlimgU\/mqdefault.jpg","large_image_url":"https:\/\/img.youtube.com\/vi\/PTA3CrlimgU\/hqdefault.jpg","maximum_image_url":"https:\/\/img.youtube.com\/vi\/PTA3CrlimgU\/maxresdefault.jpg"}},"approved":true,"titles":[{"type":"Default","title":"Free!: FrFr - Short Movie"},{"type":"Synonym","title":"Free! FrFr - Short Movie"},{"type":"Synonym","title":"Free! Specials"},{"type":"Japanese","title":"FrFr!\uff5eFree! short movie\uff5e"}],"title":"Free!: FrFr - Short Movie","title_english":null,"title_japanese":"FrFr!\uff5eFree! short movie\uff5e","title_synonyms":["Free! FrFr - Short Movie","Free! Specials"],"type":"Special","source":"Light novel","episodes":7,"status":"Finished Airing","airing":false,"aired":{"from":"2013-09-11T00:00:00+00:00","to":"2014-01-08T00:00:00+00:00","prop":{"from":{"day":11,"month":9,"year":2013},"to":{"day":8,"month":1,"year":2014}},"string":"Sep 11, 2013 to Jan 8, 2014"},"duration":"2 min per ep","rating":"PG-13 - Teens 13 or older","score":7.63,"scored_by":33405,"rank":1342,"popularity":2439,"members":72675,"favorites":100,"synopsis":"Specials bundled with the DVD\/BDs.","background":null,"season":null,"year":null,"broadcast":{"day":null,"time":null,"timezone":null,"string":null},"producers":[{"mal_id":104,"type":"anime","name":"Lantis","url":"https:\/\/myanimelist.net\/anime\/producer\/104\/Lantis"}],"licensors":[{"mal_id":102,"type":"anime","name":"Funimation","url":"https:\/\/myanimelist.net\/anime\/producer\/102\/Funimation"}],"studios":[{"mal_id":2,"type":"anime","name":"Kyoto Animation","url":"https:\/\/myanimelist.net\/anime\/producer\/2\/Kyoto_Animation"},{"mal_id":929,"type":"anime","name":"Animation Do","url":"https:\/\/myanimelist.net\/anime\/producer\/929\/Animation_Do"}],"genres":[{"mal_id":4,"type":"anime","name":"Comedy","url":"https:\/\/myanimelist.net\/anime\/genre\/4\/Comedy"},{"mal_id":30,"type":"anime","name":"Sports","url":"https:\/\/myanimelist.net\/anime\/genre\/30\/Sports"}],"explicit_genres":[],"themes":[],"demographics":[],"relations":[{"relation":"Parent story","entry":[{"mal_id":18507,"type":"anime","name":"Free!","url":"https:\/\/myanimelist.net\/anime\/18507\/Free"}]}],"theme":{"openings":[],"endings":["\"FrFr! Opening \" by Tatsuya Kato"]},"external":[{"name":"Official Site","url":"http:\/\/iwatobi-sc.com\/product\/"}],"streaming":[]}}