{"data":{"mal_id":20431,"url":"https:\/\/myanimelist.net\/anime\/20431\/Hoozuki_no_Reitetsu","images":{"jpg":{"image_url":"https:\/\/cdn.myanimelist.net\/images\/anime\/7\/87177.jpg","small_image_url":"https:\/\/cdn.myanimelist.net\/images\/anime\/7\/87177t.jpg","large_image_url":"https:\/\/cdn.myanimelist.net\/images\/anime\/7\/87177l.jpg"},"webp":{"image_url":"https:\/\/cdn.myanimelist.net\/images\/anime\/7\/87177.webp","small_image_url":"https:\/\/cdn.myanimelist.net\/images\/anime\/7\/87177t.webp","large_image_url":"https:\/\/cdn.myanimelist.net\/images\/anime\/7\/87177l.webp"}},"trailer":{"youtube_id":"1vpCZ6si3dM","url":"https:\/\/www.youtube.com\/watch?v=1vpCZ6si3dM","embed_url":"https:\/\/www.youtube.com\/embed\/1vpCZ6si3dM?enablejsapi=1&wmode=opaque&autoplay=1","images":{"image_url":"https:\/\/img.youtube.com\/vi\/1vpCZ6si3dM\/default.jpg","small_image_url":"https:\/\/img.youtube.com\/vi\/1vpCZ6si3dM\/sddefault.jpg","medium_image_url":"https:\/\/img.youtube.com\/vi\/1vpCZ6si3dM\/mqdefault.jpg","large_image_url":"https:\/\/img.youtube.com\/vi\/1vpCZ6si3dM\/hqdefault.jpg","maximum_image_url":"https:\/\/img.youtube.com\/vi\/1vpCZ6si3dM\/maxresdefault.jpg"}},"approved":true,"titles":[{"type":"Default","title":"Hoozuki no Reitetsu"},{"type":"Synonym","title":"Cool-headed Hoozuki"},{"type":"Japanese","title":"\u9b3c\u706f\u306e\u51b7\u5fb9"},{"type":"English","title":"Hozuki's Coolheadedness"},{"type":"German","title":"Hozuki's Coolheadedness"},{"type":"Spanish","title":"Hoozuki no Reitetsu: Hozuki's Coolheadedness"},{"type":"French","title":"Hozuki's Coolheadedness"}],"title":"Hoozuki no Reitetsu","title_english":"Hozuki's Coolheadedness","title_japanese":"\u9b3c\u706f\u306e\u51b7\u5fb9","title_synonyms":["Cool-headed Hoozuki"],"type":"TV","source":"Manga","episodes":13,"status":"Finished Airing","airing":false,"aired":{"from":"2014-01-10T00:00:00+00:00","to":"2014-04-04T00:00:00+00:00","prop":{"from":{"day":10,"month":1,"year":2014},"to":{"day":4,"month":4,"year":2014}},"string":"Jan 10, 2014 to Apr 4, 2014"},"duration":"24 min per ep","rating":"PG-13 - Teens 13 or older","score":7.77,"scored_by":44393,"rank":1017,"popularity":1658,"members":129482,"favorites":1266,"synopsis":"Hell is a bureaucracy, and business is running smoother than ever thanks to the demonic efficiency of Hoozuki, chief deputy to Lord Enma, the King of Hell. Whether offering counsel to the Momotarou of Japanese folklore or receiving diplomatic missions from the Judeo-Christian Hell, the demon who runs the show from behind the king's imposing shadow is ready to beat down any challenges coming his way into a bloody pulp. Metaphorically, of course...\n\nThe poster boy for micromanagement and armed with negotiation skills worthy of Wall Street, Hoozuki no Reitetsu follows the sadistic and level-headed Hoozuki as he spends his days troubleshooting hell. With an abundance of familiar faces from popular Japanese legends and East Asian mythology working middle management positions, this referential and anachronistic dark comedy brings new meaning to the phrase \"employer liability.\" Just how hard could it be to manage employees from hell, anyway?\n\n[Written by MAL Rewrite]","background":null,"season":"winter","year":2014,"broadcast":{"day":"Fridays","time":"01:35","timezone":"Asia\/Tokyo","string":"Fridays at 01:35 (JST)"},"producers":[{"mal_id":92,"type":"anime","name":"Starchild Records","url":"https:\/\/myanimelist.net\/anime\/producer\/92\/Starchild_Records"},{"mal_id":143,"type":"anime","name":"Mainichi Broadcasting System","url":"https:\/\/myanimelist.net\/anime\/producer\/143\/Mainichi_Broadcasting_System"},{"mal_id":159,"type":"anime","name":"Kodansha","url":"https:\/\/myanimelist.net\/anime\/producer\/159\/Kodansha"}],"licensors":[{"mal_id":376,"type":"anime","name":"Sentai Filmworks","url":"https:\/\/myanimelist.net\/anime\/producer\/376\/Sentai_Filmworks"}],"studios":[{"mal_id":858,"type":"anime","name":"Wit Studio","url":"https:\/\/myanimelist.net\/anime\/producer\/858\/Wit_Studio"}],"genres":[{"mal_id":4,"type":"anime","name":"Comedy","url":"https:\/\/myanimelist.net\/anime\/genre\/4\/Comedy"},{"mal_id":10,"type":"anime","name":"Fantasy","url":"https:\/\/myanimelist.net\/anime\/genre\/10\/Fantasy"}],"explicit_genres":[],"themes":[{"mal_id":6,"type":"anime","name":"Mythology","url":"https:\/\/myanimelist.net\/anime\/genre\/6\/Mythology"}],"demographics":[{"mal_id":42,"type":"anime","name":"Seinen","url":"https:\/\/myanimelist.net\/anime\/genre\/42\/Seinen"}],"relations":[{"relation":"Adaptation","entry":[{"mal_id":36113,"type":"manga","name":"Hoozuki no Reitetsu","url":"https:\/\/myanimelist.net\/manga\/36113\/Hoozuki_no_Reitetsu"}]},{"relation":"Side story","entry":[{"mal_id":24471,"type":"anime","name":"Hoozuki no Reitetsu OVA","url":"https:\/\/myanimelist.net\/anime\/24471\/Hoozuki_no_Reitetsu_OVA"}]},{"relation":"Sequel","entry":[{"mal_id":35075,"type":"anime","name":"Hoozuki no Reitetsu 2nd Season","url":"https:\/\/myanimelist.net\/anime\/35075\/Hoozuki_no_Reitetsu_2nd_Season"}]}],"theme":{"openings":["\"Jigoku no Sata mo Kimi Shidai (\u5730\u7344\u306e\u6c99\u6c70\u3082\u541b\u6b21\u7b2c)\" by Jigoku no Sata All Stars (Hiroki Yasumoto, Takashi Nagasako, Yumiko Kobayashi, Tetsuya Kakihara, Touko Aoyama, Eri Kitamura x YOUR SONG IS GOOD)"],"endings":["1: \"Ookina Kingyou no Kinoshitade (\u5927\u304d\u306a\u91d1\u9b5a\u306e\u6a39\u306e\u4e0b\u3067)\" by Tokyo Philharmonic Chorus (\u6771\u4eac\u6df7\u58f0\u5408\u5531\u56e3) (eps 1)","2: \"Parallax View (\u30d1\u30e9\u30e9\u30c3\u30af\u30b9\u30fb\u30d3\u30e5\u30fc)\" by Sadesper Record feat. Sumire Uesaka (eps 2-7, 9-13)","3: \"Caramel Peach Jam 120% (\u30ad\u30e3\u30e9\u30e1\u30eb\u6843\u30b8\u30e3\u30e0120%)\" by Peach Maki (Sumire Uesaka) (eps 8)"]},"external":[{"name":"Official Site","url":"http:\/\/www.hozukino-reitetsu.com\/1series\/"},{"name":"AniDB","url":"https:\/\/anidb.net\/perl-bin\/animedb.pl?show=anime&aid=9955"},{"name":"ANN","url":"https:\/\/www.animenewsnetwork.com\/encyclopedia\/anime.php?id=15573"},{"name":"Wikipedia","url":"https:\/\/en.wikipedia.org\/wiki\/Hozuki%27s_Coolheadedness"}],"streaming":[{"name":"HIDIVE","url":"https:\/\/www.hidive.com\/tv\/hozukis-coolheadedness"},{"name":"Netflix","url":"https:\/\/www.netflix.com\/"}]}}