{"data":{"mal_id":20583,"url":"https:\/\/myanimelist.net\/anime\/20583\/Haikyuu","images":{"jpg":{"image_url":"https:\/\/cdn.myanimelist.net\/images\/anime\/7\/76014.jpg","small_image_url":"https:\/\/cdn.myanimelist.net\/images\/anime\/7\/76014t.jpg","large_image_url":"https:\/\/cdn.myanimelist.net\/images\/anime\/7\/76014l.jpg"},"webp":{"image_url":"https:\/\/cdn.myanimelist.net\/images\/anime\/7\/76014.webp","small_image_url":"https:\/\/cdn.myanimelist.net\/images\/anime\/7\/76014t.webp","large_image_url":"https:\/\/cdn.myanimelist.net\/images\/anime\/7\/76014l.webp"}},"trailer":{"youtube_id":"JOGp2c7-cKc","url":"https:\/\/www.youtube.com\/watch?v=JOGp2c7-cKc","embed_url":"https:\/\/www.youtube.com\/embed\/JOGp2c7-cKc?enablejsapi=1&wmode=opaque&autoplay=1","images":{"image_url":"https:\/\/img.youtube.com\/vi\/JOGp2c7-cKc\/default.jpg","small_image_url":"https:\/\/img.youtube.com\/vi\/JOGp2c7-cKc\/sddefault.jpg","medium_image_url":"https:\/\/img.youtube.com\/vi\/JOGp2c7-cKc\/mqdefault.jpg","large_image_url":"https:\/\/img.youtube.com\/vi\/JOGp2c7-cKc\/hqdefault.jpg","maximum_image_url":"https:\/\/img.youtube.com\/vi\/JOGp2c7-cKc\/maxresdefault.jpg"}},"approved":true,"titles":[{"type":"Default","title":"Haikyuu!!"},{"type":"Synonym","title":"High Kyuu!!"},{"type":"Synonym","title":"HQ!!"},{"type":"Japanese","title":"\u30cf\u30a4\u30ad\u30e5\u30fc!!"},{"type":"English","title":"Haikyu!!"},{"type":"German","title":"Haikyu!!"},{"type":"Spanish","title":"Haikyu!! Los Ases del V\u00f3ley"},{"type":"French","title":"Haikyu!!"}],"title":"Haikyuu!!","title_english":"Haikyu!!","title_japanese":"\u30cf\u30a4\u30ad\u30e5\u30fc!!","title_synonyms":["High Kyuu!!","HQ!!"],"type":"TV","source":"Manga","episodes":25,"status":"Finished Airing","airing":false,"aired":{"from":"2014-04-06T00:00:00+00:00","to":"2014-09-21T00:00:00+00:00","prop":{"from":{"day":6,"month":4,"year":2014},"to":{"day":21,"month":9,"year":2014}},"string":"Apr 6, 2014 to Sep 21, 2014"},"duration":"24 min per ep","rating":"PG-13 - Teens 13 or older","score":8.44,"scored_by":1191499,"rank":156,"popularity":36,"members":1913359,"favorites":72036,"synopsis":"Ever since having witnessed the \"Little Giant\" and his astonishing skills on the volleyball court, Shouyou Hinata has been bewitched by the dynamic nature of the sport. Even though his attempt to make his debut as a volleyball regular during a middle school tournament went up in flames, he longs to prove that his less-than-impressive height ceases to be a hindrance in the face of his sheer will and perseverance.\n\nWhen Hinata enrolls in Karasuno High School, the Little Giant's alma mater, he believes that he is one step closer to his goal of becoming a professional volleyball player. Although the school only retains a shadow of its former glory, Hinata's conviction isn't shaken until he learns that Tobio Kageyama\u2014the prodigy who humiliated Hinata's middle school volleyball team in a crushing defeat\u2014is now his teammate.\n\nTo fulfill his desire of leaving a mark on the realm of volleyball\u2014so often regarded as the domain of the tall and the strong\u2014Hinata must smooth out his differences with Kageyama. Only when Hinata learns what it takes to be a part of a team will he be able to join the race to the top in earnest.\n\n[Written by MAL Rewrite]","background":"Haikyuu!! adapts the first 8 volumes of Haruichi Furudate's manga of the same name.","season":"spring","year":2014,"broadcast":{"day":"Sundays","time":"17:00","timezone":"Asia\/Tokyo","string":"Sundays at 17:00 (JST)"},"producers":[{"mal_id":53,"type":"anime","name":"Dentsu","url":"https:\/\/myanimelist.net\/anime\/producer\/53\/Dentsu"},{"mal_id":143,"type":"anime","name":"Mainichi Broadcasting System","url":"https:\/\/myanimelist.net\/anime\/producer\/143\/Mainichi_Broadcasting_System"},{"mal_id":166,"type":"anime","name":"Movic","url":"https:\/\/myanimelist.net\/anime\/producer\/166\/Movic"},{"mal_id":1143,"type":"anime","name":"TOHO animation","url":"https:\/\/myanimelist.net\/anime\/producer\/1143\/TOHO_animation"},{"mal_id":1365,"type":"anime","name":"Shueisha","url":"https:\/\/myanimelist.net\/anime\/producer\/1365\/Shueisha"},{"mal_id":1732,"type":"anime","name":"Spacey Music Entertainment","url":"https:\/\/myanimelist.net\/anime\/producer\/1732\/Spacey_Music_Entertainment"}],"licensors":[{"mal_id":376,"type":"anime","name":"Sentai Filmworks","url":"https:\/\/myanimelist.net\/anime\/producer\/376\/Sentai_Filmworks"}],"studios":[{"mal_id":10,"type":"anime","name":"Production I.G","url":"https:\/\/myanimelist.net\/anime\/producer\/10\/Production_IG"}],"genres":[{"mal_id":30,"type":"anime","name":"Sports","url":"https:\/\/myanimelist.net\/anime\/genre\/30\/Sports"}],"explicit_genres":[],"themes":[{"mal_id":23,"type":"anime","name":"School","url":"https:\/\/myanimelist.net\/anime\/genre\/23\/School"},{"mal_id":77,"type":"anime","name":"Team Sports","url":"https:\/\/myanimelist.net\/anime\/genre\/77\/Team_Sports"}],"demographics":[{"mal_id":27,"type":"anime","name":"Shounen","url":"https:\/\/myanimelist.net\/anime\/genre\/27\/Shounen"}],"relations":[{"relation":"Adaptation","entry":[{"mal_id":35243,"type":"manga","name":"Haikyuu!!","url":"https:\/\/myanimelist.net\/manga\/35243\/Haikyuu"}]},{"relation":"Side story","entry":[{"mal_id":25303,"type":"anime","name":"Haikyuu!! Lev Genzan!","url":"https:\/\/myanimelist.net\/anime\/25303\/Haikyuu_Lev_Genzan"},{"mal_id":40372,"type":"anime","name":"Haikyuu!! (OVA)","url":"https:\/\/myanimelist.net\/anime\/40372\/Haikyuu_OVA"}]},{"relation":"Sequel","entry":[{"mal_id":28891,"type":"anime","name":"Haikyuu!! Second Season","url":"https:\/\/myanimelist.net\/anime\/28891\/Haikyuu_Second_Season"}]},{"relation":"Summary","entry":[{"mal_id":29755,"type":"anime","name":"Haikyuu!! Movie 1: Owari to Hajimari","url":"https:\/\/myanimelist.net\/anime\/29755\/Haikyuu_Movie_1__Owari_to_Hajimari"},{"mal_id":30364,"type":"anime","name":"Haikyuu!! Movie 2: Shousha to Haisha","url":"https:\/\/myanimelist.net\/anime\/30364\/Haikyuu_Movie_2__Shousha_to_Haisha"}]},{"relation":"Other","entry":[{"mal_id":31675,"type":"anime","name":"Haikyuu!! Quest Picture Drama","url":"https:\/\/myanimelist.net\/anime\/31675\/Haikyuu_Quest_Picture_Drama"}]}],"theme":{"openings":["1: \"Imagination (\u30a4\u30de\u30b8\u30cd\u30fc\u30b7\u30e7\u30f3)\" by SPYAIR (eps 1-13)","2: \"Ah Yeah!!\" by Sukima Switch (eps 15-25)"],"endings":["1: \"Tenchi Gaeshi (\u5929\u5730\u30ac\u30a8\u30b7)\" by NICO Touches the Walls (eps 1-13)","2: \"Ah Yeah!!\" by Sukima Switch (eps 14)","3: \"LEO\" by tacica (eps 15-25)"]},"external":[{"name":"Official Site","url":"http:\/\/www.j-haikyu.com\/anime\/"},{"name":"@animehaikyu_com","url":"https:\/\/twitter.com\/animehaikyu_com"},{"name":"AniDB","url":"https:\/\/anidb.net\/perl-bin\/animedb.pl?show=anime&aid=10145"},{"name":"ANN","url":"https:\/\/www.animenewsnetwork.com\/encyclopedia\/anime.php?id=15683"},{"name":"Wikipedia","url":"http:\/\/en.wikipedia.org\/wiki\/Haiky%C5%AB!!"},{"name":"Wikipedia","url":"https:\/\/ja.wikipedia.org\/wiki\/%E3%83%8F%E3%82%A4%E3%82%AD%E3%83%A5%E3%83%BC!!#%E3%82%A2%E3%83%8B%E3%83%A1"},{"name":"Syoboi","url":"https:\/\/cal.syoboi.jp\/tid\/3380"}],"streaming":[{"name":"Crunchyroll","url":"http:\/\/www.crunchyroll.com\/series-260265"},{"name":"Netflix","url":"https:\/\/www.netflix.com\/"}]}}