{"data":{"mal_id":20709,"url":"https:\/\/myanimelist.net\/anime\/20709\/Sabage-bu","images":{"jpg":{"image_url":"https:\/\/cdn.myanimelist.net\/images\/anime\/1278\/98837.jpg","small_image_url":"https:\/\/cdn.myanimelist.net\/images\/anime\/1278\/98837t.jpg","large_image_url":"https:\/\/cdn.myanimelist.net\/images\/anime\/1278\/98837l.jpg"},"webp":{"image_url":"https:\/\/cdn.myanimelist.net\/images\/anime\/1278\/98837.webp","small_image_url":"https:\/\/cdn.myanimelist.net\/images\/anime\/1278\/98837t.webp","large_image_url":"https:\/\/cdn.myanimelist.net\/images\/anime\/1278\/98837l.webp"}},"trailer":{"youtube_id":"Wf8KtD5Q4dg","url":"https:\/\/www.youtube.com\/watch?v=Wf8KtD5Q4dg","embed_url":"https:\/\/www.youtube.com\/embed\/Wf8KtD5Q4dg?enablejsapi=1&wmode=opaque&autoplay=1","images":{"image_url":"https:\/\/img.youtube.com\/vi\/Wf8KtD5Q4dg\/default.jpg","small_image_url":"https:\/\/img.youtube.com\/vi\/Wf8KtD5Q4dg\/sddefault.jpg","medium_image_url":"https:\/\/img.youtube.com\/vi\/Wf8KtD5Q4dg\/mqdefault.jpg","large_image_url":"https:\/\/img.youtube.com\/vi\/Wf8KtD5Q4dg\/hqdefault.jpg","maximum_image_url":"https:\/\/img.youtube.com\/vi\/Wf8KtD5Q4dg\/maxresdefault.jpg"}},"approved":true,"titles":[{"type":"Default","title":"Sabage-bu!"},{"type":"Synonym","title":"Survival Game Club!"},{"type":"Japanese","title":"\u3055\u3070\u3052\u3076\u3063!"},{"type":"English","title":"Sabagebu! -Survival Game Club!-"},{"type":"German","title":"Sabagebu!: Survival Game Club"},{"type":"Spanish","title":"Sabagebu!: Survival Game Club!"},{"type":"French","title":"Sabagebu!: Survival Game Club!"}],"title":"Sabage-bu!","title_english":"Sabagebu! -Survival Game Club!-","title_japanese":"\u3055\u3070\u3052\u3076\u3063!","title_synonyms":["Survival Game Club!"],"type":"TV","source":"Manga","episodes":12,"status":"Finished Airing","airing":false,"aired":{"from":"2014-07-06T00:00:00+00:00","to":"2014-09-21T00:00:00+00:00","prop":{"from":{"day":6,"month":7,"year":2014},"to":{"day":21,"month":9,"year":2014}},"string":"Jul 6, 2014 to Sep 21, 2014"},"duration":"23 min per ep","rating":"PG-13 - Teens 13 or older","score":7.35,"scored_by":56130,"rank":2409,"popularity":1446,"members":154078,"favorites":564,"synopsis":"On a train to her new middle school, Momoka Sonokawa is preyed upon by a molester, only to be rescued by a girl wielding dual pistols. The girl turns out to be Miou Ootori, Momoka's upperclassman and president of the Aogiri Academy's Survival Game Club, called Sabage-bu for short. Noticing Momoka's aptitude with a pistol, Miou takes a liking to her and tries to persuade her to join the club. In spite of her steadfast refusal, Momoka inexplicably finds herself a member of Sabage-bu.\n\nSabage-bu is anything but a typical middle-school club. Its members' socially awkward behaviors scare Momoka. Their personalities range from the fanatical to the completely delusional. They do not hold back from walking around public areas wearing ghillie suits or even bungee jumping from the school building. Thrown together with this collection of survival game maniacs, the zealously ordinary Momoka must somehow adjust to her unexpectedly wild school life.\n\n[Written by MAL Rewrite]","background":null,"season":"summer","year":2014,"broadcast":{"day":null,"time":null,"timezone":null,"string":"Unknown"},"producers":[{"mal_id":23,"type":"anime","name":"Bandai Visual","url":"https:\/\/myanimelist.net\/anime\/producer\/23\/Bandai_Visual"},{"mal_id":104,"type":"anime","name":"Lantis","url":"https:\/\/myanimelist.net\/anime\/producer\/104\/Lantis"},{"mal_id":159,"type":"anime","name":"Kodansha","url":"https:\/\/myanimelist.net\/anime\/producer\/159\/Kodansha"},{"mal_id":1121,"type":"anime","name":"Banpresto","url":"https:\/\/myanimelist.net\/anime\/producer\/1121\/Banpresto"},{"mal_id":1589,"type":"anime","name":"NichiNare","url":"https:\/\/myanimelist.net\/anime\/producer\/1589\/NichiNare"}],"licensors":[{"mal_id":376,"type":"anime","name":"Sentai Filmworks","url":"https:\/\/myanimelist.net\/anime\/producer\/376\/Sentai_Filmworks"}],"studios":[{"mal_id":1129,"type":"anime","name":"Pierrot Plus","url":"https:\/\/myanimelist.net\/anime\/producer\/1129\/Pierrot_Plus"}],"genres":[{"mal_id":1,"type":"anime","name":"Action","url":"https:\/\/myanimelist.net\/anime\/genre\/1\/Action"},{"mal_id":4,"type":"anime","name":"Comedy","url":"https:\/\/myanimelist.net\/anime\/genre\/4\/Comedy"}],"explicit_genres":[],"themes":[{"mal_id":52,"type":"anime","name":"CGDCT","url":"https:\/\/myanimelist.net\/anime\/genre\/52\/CGDCT"},{"mal_id":23,"type":"anime","name":"School","url":"https:\/\/myanimelist.net\/anime\/genre\/23\/School"}],"demographics":[{"mal_id":25,"type":"anime","name":"Shoujo","url":"https:\/\/myanimelist.net\/anime\/genre\/25\/Shoujo"}],"relations":[{"relation":"Adaptation","entry":[{"mal_id":36643,"type":"manga","name":"Sabage-bu!","url":"https:\/\/myanimelist.net\/manga\/36643\/Sabage-bu"}]},{"relation":"Side story","entry":[{"mal_id":25647,"type":"anime","name":"Sabage-bu! Specials","url":"https:\/\/myanimelist.net\/anime\/25647\/Sabage-bu_Specials"}]}],"theme":{"openings":["\"YES!!\" by Ayaka Ohashi"],"endings":["\"Piti Pati SurviBird (\u3074\u3066\u3043\u3071\u3066\u3043\u30b5\u30d0\u30a4\u30d0\u30fc\u30c9)\" by Gesukawa\u2606Girls (Momoka Sonokawa [Ayaka Ohashi], Miou Ootori [Yumi Uchiyama], Urara Kasugano [Rumi Okubo], Maya Kyoudou [Lynn], Kayo Goutokuji [Nao Touyama]) (eps 2-)"]},"external":[{"name":"Official Site","url":"http:\/\/sabagebu.com\/"},{"name":"AniDB","url":"https:\/\/anidb.net\/perl-bin\/animedb.pl?show=anime&aid=10041"},{"name":"ANN","url":"https:\/\/www.animenewsnetwork.com\/encyclopedia\/anime.php?id=15600"},{"name":"Wikipedia","url":"http:\/\/en.wikipedia.org\/wiki\/Sabagebu!"}],"streaming":[{"name":"Crunchyroll","url":"http:\/\/www.crunchyroll.com\/series-261661"}]}}