{"data":{"mal_id":20785,"url":"https:\/\/myanimelist.net\/anime\/20785\/Mahouka_Koukou_no_Rettousei","images":{"jpg":{"image_url":"https:\/\/cdn.myanimelist.net\/images\/anime\/11\/61039.jpg","small_image_url":"https:\/\/cdn.myanimelist.net\/images\/anime\/11\/61039t.jpg","large_image_url":"https:\/\/cdn.myanimelist.net\/images\/anime\/11\/61039l.jpg"},"webp":{"image_url":"https:\/\/cdn.myanimelist.net\/images\/anime\/11\/61039.webp","small_image_url":"https:\/\/cdn.myanimelist.net\/images\/anime\/11\/61039t.webp","large_image_url":"https:\/\/cdn.myanimelist.net\/images\/anime\/11\/61039l.webp"}},"trailer":{"youtube_id":"v5AOTuxt2XY","url":"https:\/\/www.youtube.com\/watch?v=v5AOTuxt2XY","embed_url":"https:\/\/www.youtube.com\/embed\/v5AOTuxt2XY?enablejsapi=1&wmode=opaque&autoplay=1","images":{"image_url":"https:\/\/img.youtube.com\/vi\/v5AOTuxt2XY\/default.jpg","small_image_url":"https:\/\/img.youtube.com\/vi\/v5AOTuxt2XY\/sddefault.jpg","medium_image_url":"https:\/\/img.youtube.com\/vi\/v5AOTuxt2XY\/mqdefault.jpg","large_image_url":"https:\/\/img.youtube.com\/vi\/v5AOTuxt2XY\/hqdefault.jpg","maximum_image_url":"https:\/\/img.youtube.com\/vi\/v5AOTuxt2XY\/maxresdefault.jpg"}},"approved":true,"titles":[{"type":"Default","title":"Mahouka Koukou no Rettousei"},{"type":"Japanese","title":"\u9b54\u6cd5\u79d1\u9ad8\u6821\u306e\u52a3\u7b49\u751f"},{"type":"English","title":"The Irregular at Magic High School"},{"type":"German","title":"The Irregular at Magic High School"},{"type":"French","title":"The Irregular at Magic High School"}],"title":"Mahouka Koukou no Rettousei","title_english":"The Irregular at Magic High School","title_japanese":"\u9b54\u6cd5\u79d1\u9ad8\u6821\u306e\u52a3\u7b49\u751f","title_synonyms":[],"type":"TV","source":"Light novel","episodes":26,"status":"Finished Airing","airing":false,"aired":{"from":"2014-04-06T00:00:00+00:00","to":"2014-09-28T00:00:00+00:00","prop":{"from":{"day":6,"month":4,"year":2014},"to":{"day":28,"month":9,"year":2014}},"string":"Apr 6, 2014 to Sep 28, 2014"},"duration":"23 min per ep","rating":"PG-13 - Teens 13 or older","score":7.4,"scored_by":575621,"rank":2159,"popularity":140,"members":1039369,"favorites":10956,"synopsis":"In the dawn of the 21st century, magic, long thought to be folklore and fairy tales, has become a systematized technology and is taught as a technical skill. In First High School, the institution for magicians, students are segregated into two groups based on their entrance exam scores: \"Blooms,\" those who receive high scores, are assigned to the First Course, while \"Weeds\" are reserve students assigned to the Second Course.\n\nMahouka Koukou no Rettousei follows the siblings, Tatsuya and Miyuki Shiba, who are enrolled in First High School. Upon taking the exam, the prodigious Miyuki is placed in the First Course, while Tatsuya is relegated to the Second Course. Though his practical test scores and status as a \"Weed\" show him to be magically inept, he possesses extraordinary technical knowledge, physical combat capabilities, and unique magic techniques\u2014making Tatsuya the irregular at a magical high school.\n\n[Written by MAL Rewrite]","background":"The anime closely follows the events of the first seven light novels (excluding the fifth novel: Summer Holiday Arc + 1). There are three video game adaptations of the series.","season":"spring","year":2014,"broadcast":{"day":"Sundays","time":"00:30","timezone":"Asia\/Tokyo","string":"Sundays at 00:30 (JST)"},"producers":[{"mal_id":17,"type":"anime","name":"Aniplex","url":"https:\/\/myanimelist.net\/anime\/producer\/17\/Aniplex"},{"mal_id":58,"type":"anime","name":"Square Enix","url":"https:\/\/myanimelist.net\/anime\/producer\/58\/Square_Enix"},{"mal_id":166,"type":"anime","name":"Movic","url":"https:\/\/myanimelist.net\/anime\/producer\/166\/Movic"},{"mal_id":681,"type":"anime","name":"ASCII Media Works","url":"https:\/\/myanimelist.net\/anime\/producer\/681\/ASCII_Media_Works"}],"licensors":[{"mal_id":493,"type":"anime","name":"Aniplex of America","url":"https:\/\/myanimelist.net\/anime\/producer\/493\/Aniplex_of_America"}],"studios":[{"mal_id":11,"type":"anime","name":"Madhouse","url":"https:\/\/myanimelist.net\/anime\/producer\/11\/Madhouse"}],"genres":[{"mal_id":1,"type":"anime","name":"Action","url":"https:\/\/myanimelist.net\/anime\/genre\/1\/Action"},{"mal_id":10,"type":"anime","name":"Fantasy","url":"https:\/\/myanimelist.net\/anime\/genre\/10\/Fantasy"},{"mal_id":22,"type":"anime","name":"Romance","url":"https:\/\/myanimelist.net\/anime\/genre\/22\/Romance"},{"mal_id":24,"type":"anime","name":"Sci-Fi","url":"https:\/\/myanimelist.net\/anime\/genre\/24\/Sci-Fi"}],"explicit_genres":[],"themes":[{"mal_id":23,"type":"anime","name":"School","url":"https:\/\/myanimelist.net\/anime\/genre\/23\/School"}],"demographics":[],"relations":[{"relation":"Adaptation","entry":[{"mal_id":34127,"type":"manga","name":"Mahouka Koukou no Rettousei","url":"https:\/\/myanimelist.net\/manga\/34127\/Mahouka_Koukou_no_Rettousei"}]},{"relation":"Other","entry":[{"mal_id":23341,"type":"anime","name":"Yoku Wakaru Mahouka!","url":"https:\/\/myanimelist.net\/anime\/23341\/Yoku_Wakaru_Mahouka"},{"mal_id":50097,"type":"anime","name":"Mahouka Koukou no Rettousei 10-shuunen Kinen PV","url":"https:\/\/myanimelist.net\/anime\/50097\/Mahouka_Koukou_no_Rettousei_10-shuunen_Kinen_PV"}]},{"relation":"Sequel","entry":[{"mal_id":40497,"type":"anime","name":"Mahouka Koukou no Rettousei: Raihousha-hen","url":"https:\/\/myanimelist.net\/anime\/40497\/Mahouka_Koukou_no_Rettousei__Raihousha-hen"}]},{"relation":"Spin-off","entry":[{"mal_id":45572,"type":"anime","name":"Mahouka Koukou no Yuutousei","url":"https:\/\/myanimelist.net\/anime\/45572\/Mahouka_Koukou_no_Yuutousei"}]},{"relation":"Prequel","entry":[{"mal_id":48375,"type":"anime","name":"Mahouka Koukou no Rettousei: Tsuioku-hen","url":"https:\/\/myanimelist.net\/anime\/48375\/Mahouka_Koukou_no_Rettousei__Tsuioku-hen"}]}],"theme":{"openings":["1: \"Rising Hope\" by LiSA (eps 2-3, 5-13)","2: \"grilletto\" by GARNiDELiA (eps 14-26)"],"endings":["1: \"Rising Hope\" by LiSA (eps 1)","2: \"Millenario (\u30df\u30ec\u30ca\u30ea\u30aa)\" by ELISA (eps 2-13, 18)","3: \"Mirror\" by Rei Yasuda (eps 14-17, 19-26)"]},"external":[{"name":"Official Site","url":"http:\/\/mahouka.jp\/tv\/"},{"name":"AniDB","url":"https:\/\/anidb.net\/perl-bin\/animedb.pl?show=anime&aid=10182"},{"name":"ANN","url":"https:\/\/www.animenewsnetwork.com\/encyclopedia\/anime.php?id=15763"},{"name":"Wikipedia","url":"https:\/\/en.wikipedia.org\/wiki\/The_Irregular_at_Magic_High_School"}],"streaming":[{"name":"Crunchyroll","url":"http:\/\/www.crunchyroll.com\/series-260315"},{"name":"Funimation","url":"https:\/\/www.funimation.com\/shows\/the-irregular-at-magic-high-school"},{"name":"Netflix","url":"https:\/\/www.netflix.com\/"}]}}