{"data":{"mal_id":20815,"url":"https:\/\/myanimelist.net\/anime\/20815\/Sekaiichi_Hatsukoi__Valentine-hen","images":{"jpg":{"image_url":"https:\/\/cdn.myanimelist.net\/images\/anime\/5\/55723.jpg","small_image_url":"https:\/\/cdn.myanimelist.net\/images\/anime\/5\/55723t.jpg","large_image_url":"https:\/\/cdn.myanimelist.net\/images\/anime\/5\/55723l.jpg"},"webp":{"image_url":"https:\/\/cdn.myanimelist.net\/images\/anime\/5\/55723.webp","small_image_url":"https:\/\/cdn.myanimelist.net\/images\/anime\/5\/55723t.webp","large_image_url":"https:\/\/cdn.myanimelist.net\/images\/anime\/5\/55723l.webp"}},"trailer":{"youtube_id":"TO6HMci0gVY","url":"https:\/\/www.youtube.com\/watch?v=TO6HMci0gVY","embed_url":"https:\/\/www.youtube.com\/embed\/TO6HMci0gVY?enablejsapi=1&wmode=opaque&autoplay=1","images":{"image_url":"https:\/\/img.youtube.com\/vi\/TO6HMci0gVY\/default.jpg","small_image_url":"https:\/\/img.youtube.com\/vi\/TO6HMci0gVY\/sddefault.jpg","medium_image_url":"https:\/\/img.youtube.com\/vi\/TO6HMci0gVY\/mqdefault.jpg","large_image_url":"https:\/\/img.youtube.com\/vi\/TO6HMci0gVY\/hqdefault.jpg","maximum_image_url":"https:\/\/img.youtube.com\/vi\/TO6HMci0gVY\/maxresdefault.jpg"}},"approved":true,"titles":[{"type":"Default","title":"Sekaiichi Hatsukoi: Valentine-hen"},{"type":"Japanese","title":"\u4e16\u754c\u4e00\u521d\u604b\uff5e\u30d0\u30ec\u30f3\u30bf\u30a4\u30f3\u7de8\uff5e"}],"title":"Sekaiichi Hatsukoi: Valentine-hen","title_english":null,"title_japanese":"\u4e16\u754c\u4e00\u521d\u604b\uff5e\u30d0\u30ec\u30f3\u30bf\u30a4\u30f3\u7de8\uff5e","title_synonyms":[],"type":"Movie","source":"Manga","episodes":1,"status":"Finished Airing","airing":false,"aired":{"from":"2014-03-15T00:00:00+00:00","to":null,"prop":{"from":{"day":15,"month":3,"year":2014},"to":{"day":null,"month":null,"year":null}},"string":"Mar 15, 2014"},"duration":"15 min","rating":"PG-13 - Teens 13 or older","score":7.76,"scored_by":18374,"rank":1032,"popularity":3366,"members":40707,"favorites":61,"synopsis":"Animated short with an original story that was screened alongside \"Sekaiichi Hatsukoi Movie: Yokozawa Takafumi no Baai.\"","background":null,"season":null,"year":null,"broadcast":{"day":null,"time":null,"timezone":null,"string":null},"producers":[{"mal_id":113,"type":"anime","name":"Kadokawa Shoten","url":"https:\/\/myanimelist.net\/anime\/producer\/113\/Kadokawa_Shoten"}],"licensors":[],"studios":[{"mal_id":37,"type":"anime","name":"Studio Deen","url":"https:\/\/myanimelist.net\/anime\/producer\/37\/Studio_Deen"}],"genres":[{"mal_id":28,"type":"anime","name":"Boys Love","url":"https:\/\/myanimelist.net\/anime\/genre\/28\/Boys_Love"}],"explicit_genres":[],"themes":[{"mal_id":50,"type":"anime","name":"Adult Cast","url":"https:\/\/myanimelist.net\/anime\/genre\/50\/Adult_Cast"},{"mal_id":48,"type":"anime","name":"Workplace","url":"https:\/\/myanimelist.net\/anime\/genre\/48\/Workplace"}],"demographics":[],"relations":[{"relation":"Parent story","entry":[{"mal_id":9926,"type":"anime","name":"Sekaiichi Hatsukoi","url":"https:\/\/myanimelist.net\/anime\/9926\/Sekaiichi_Hatsukoi"}]},{"relation":"Side story","entry":[{"mal_id":20371,"type":"anime","name":"Sekaiichi Hatsukoi Movie: Yokozawa Takafumi no Baai","url":"https:\/\/myanimelist.net\/anime\/20371\/Sekaiichi_Hatsukoi_Movie__Yokozawa_Takafumi_no_Baai"}]}],"theme":{"openings":[],"endings":["\"Sekai ga Kimi to Deau made (\u4e16\u754c\u304c\u30ad\u30df\u3068\u51fa\u4f1a\u3046\u307e\u3067)\" by Shuhei Kita"]},"external":[{"name":"Wikipedia","url":"http:\/\/en.wikipedia.org\/wiki\/Sekai-ichi_Hatsukoi"}],"streaming":[]}}