{"data":{"mal_id":20899,"url":"https:\/\/myanimelist.net\/anime\/20899\/JoJo_no_Kimyou_na_Bouken_Part_3__Stardust_Crusaders","images":{"jpg":{"image_url":"https:\/\/cdn.myanimelist.net\/images\/anime\/11\/55267.jpg","small_image_url":"https:\/\/cdn.myanimelist.net\/images\/anime\/11\/55267t.jpg","large_image_url":"https:\/\/cdn.myanimelist.net\/images\/anime\/11\/55267l.jpg"},"webp":{"image_url":"https:\/\/cdn.myanimelist.net\/images\/anime\/11\/55267.webp","small_image_url":"https:\/\/cdn.myanimelist.net\/images\/anime\/11\/55267t.webp","large_image_url":"https:\/\/cdn.myanimelist.net\/images\/anime\/11\/55267l.webp"}},"trailer":{"youtube_id":"ER_SrymjhHQ","url":"https:\/\/www.youtube.com\/watch?v=ER_SrymjhHQ","embed_url":"https:\/\/www.youtube.com\/embed\/ER_SrymjhHQ?enablejsapi=1&wmode=opaque&autoplay=1","images":{"image_url":"https:\/\/img.youtube.com\/vi\/ER_SrymjhHQ\/default.jpg","small_image_url":"https:\/\/img.youtube.com\/vi\/ER_SrymjhHQ\/sddefault.jpg","medium_image_url":"https:\/\/img.youtube.com\/vi\/ER_SrymjhHQ\/mqdefault.jpg","large_image_url":"https:\/\/img.youtube.com\/vi\/ER_SrymjhHQ\/hqdefault.jpg","maximum_image_url":"https:\/\/img.youtube.com\/vi\/ER_SrymjhHQ\/maxresdefault.jpg"}},"approved":true,"titles":[{"type":"Default","title":"JoJo no Kimyou na Bouken Part 3: Stardust Crusaders"},{"type":"Synonym","title":"Dai San Bu Kuujou Joutarou: Mirai e no Isan"},{"type":"Synonym","title":"JoJo's Bizarre Adventure Part 3"},{"type":"Japanese","title":"\u30b8\u30e7\u30b8\u30e7\u306e\u5947\u5999\u306a\u5192\u967a \u30b9\u30bf\u30fc\u30c0\u30b9\u30c8\u30af\u30eb\u30bb\u30a4\u30c0\u30fc\u30b9"},{"type":"English","title":"JoJo's Bizarre Adventure: Stardust Crusaders"},{"type":"German","title":"JoJo's Bizarre Adventure: Stardust Crusaders"},{"type":"Spanish","title":"Jojo\u00b4s Bizarre Adventure Stardust Crusaders"},{"type":"French","title":"JoJo's Bizarre Adventure: Stardust Crusaders"}],"title":"JoJo no Kimyou na Bouken Part 3: Stardust Crusaders","title_english":"JoJo's Bizarre Adventure: Stardust Crusaders","title_japanese":"\u30b8\u30e7\u30b8\u30e7\u306e\u5947\u5999\u306a\u5192\u967a \u30b9\u30bf\u30fc\u30c0\u30b9\u30c8\u30af\u30eb\u30bb\u30a4\u30c0\u30fc\u30b9","title_synonyms":["Dai San Bu Kuujou Joutarou: Mirai e no Isan","JoJo's Bizarre Adventure Part 3"],"type":"TV","source":"Manga","episodes":24,"status":"Finished Airing","airing":false,"aired":{"from":"2014-04-05T00:00:00+00:00","to":"2014-09-13T00:00:00+00:00","prop":{"from":{"day":5,"month":4,"year":2014},"to":{"day":13,"month":9,"year":2014}},"string":"Apr 5, 2014 to Sep 13, 2014"},"duration":"24 min per ep","rating":"R - 17+ (violence & profanity)","score":8.1,"scored_by":836849,"rank":481,"popularity":115,"members":1179609,"favorites":21715,"synopsis":"Years after an ancient evil was salvaged from the depths of the sea, Joutarou Kuujou sits peacefully within a Japanese jail cell. He's committed no crime yet demands he not be released, believing he's been possessed by an evil spirit capable of harming those around him. Concerned for her son, Holy Kuujou asks her father, Joseph Joestar, to convince Joutarou to leave the prison. Joseph informs his grandson that the \"evil spirit\" is in fact something called a \"Stand,\" the physical manifestation of one's fighting spirit which can adopt a variety of deadly forms. After a fiery brawl with Joseph's friend Muhammad Avdol, Joutarou is forced out of his cell and begins learning how to control the power of his Stand.\n\nHowever, when a Stand awakens within Holy and threatens to consume her in 50 days, Joutarou, his grandfather, and their allies must seek out and destroy the immortal vampire responsible for her condition. They must travel halfway across the world to Cairo, Egypt and along the way, do battle with ferocious Stand users set on thwarting them. If Joutarou and his allies fail in their mission, humanity is destined for a grim fate.\n\n[Written by MAL Rewrite]","background":"JoJo no Kimyou na Bouken: Stardust Crusaders, as well as its second season, is a full adaptation of the third part of the JoJo no Kimyou na Bouken manga series. The first season covers the first 69 chapters of the manga. As with the prior season, the opening theme animations were produced by the studio Kamikaze Douga (\u795e\u98a8\u52d5\u753b).","season":"spring","year":2014,"broadcast":{"day":"Saturdays","time":"00:30","timezone":"Asia\/Tokyo","string":"Saturdays at 00:30 (JST)"},"producers":[{"mal_id":127,"type":"anime","name":"Yomiko Advertising","url":"https:\/\/myanimelist.net\/anime\/producer\/127\/Yomiko_Advertising"},{"mal_id":415,"type":"anime","name":"Warner Bros. Japan","url":"https:\/\/myanimelist.net\/anime\/producer\/415\/Warner_Bros_Japan"},{"mal_id":460,"type":"anime","name":"KlockWorx","url":"https:\/\/myanimelist.net\/anime\/producer\/460\/KlockWorx"},{"mal_id":1337,"type":"anime","name":"Medicos Entertainment","url":"https:\/\/myanimelist.net\/anime\/producer\/1337\/Medicos_Entertainment"},{"mal_id":1365,"type":"anime","name":"Shueisha","url":"https:\/\/myanimelist.net\/anime\/producer\/1365\/Shueisha"}],"licensors":[{"mal_id":119,"type":"anime","name":"VIZ Media","url":"https:\/\/myanimelist.net\/anime\/producer\/119\/VIZ_Media"}],"studios":[{"mal_id":287,"type":"anime","name":"David Production","url":"https:\/\/myanimelist.net\/anime\/producer\/287\/David_Production"}],"genres":[{"mal_id":1,"type":"anime","name":"Action","url":"https:\/\/myanimelist.net\/anime\/genre\/1\/Action"},{"mal_id":2,"type":"anime","name":"Adventure","url":"https:\/\/myanimelist.net\/anime\/genre\/2\/Adventure"},{"mal_id":37,"type":"anime","name":"Supernatural","url":"https:\/\/myanimelist.net\/anime\/genre\/37\/Supernatural"}],"explicit_genres":[],"themes":[],"demographics":[{"mal_id":27,"type":"anime","name":"Shounen","url":"https:\/\/myanimelist.net\/anime\/genre\/27\/Shounen"}],"relations":[{"relation":"Adaptation","entry":[{"mal_id":872,"type":"manga","name":"JoJo no Kimyou na Bouken Part 3: Stardust Crusaders","url":"https:\/\/myanimelist.net\/manga\/872\/JoJo_no_Kimyou_na_Bouken_Part_3__Stardust_Crusaders"}]},{"relation":"Alternative version","entry":[{"mal_id":665,"type":"anime","name":"JoJo no Kimyou na Bouken: Adventure","url":"https:\/\/myanimelist.net\/anime\/665\/JoJo_no_Kimyou_na_Bouken__Adventure"}]},{"relation":"Prequel","entry":[{"mal_id":14719,"type":"anime","name":"JoJo no Kimyou na Bouken (TV)","url":"https:\/\/myanimelist.net\/anime\/14719\/JoJo_no_Kimyou_na_Bouken_TV"}]},{"relation":"Sequel","entry":[{"mal_id":26055,"type":"anime","name":"JoJo no Kimyou na Bouken Part 3: Stardust Crusaders 2nd Season","url":"https:\/\/myanimelist.net\/anime\/26055\/JoJo_no_Kimyou_na_Bouken_Part_3__Stardust_Crusaders_2nd_Season"}]}],"theme":{"openings":["\"STAND PROUD\" by Jin Hashimoto (\u6a4b\u672c\u4ec1) (eps 2-10, 12-24)"],"endings":["1: \"Stardust Crusaders\" by Yugo Kanno (eps 2)","2: \"Walk Like an Egyptian\" by The Bangles (eps 3-7, 9, 11-24)"]},"external":[{"name":"Official Site","url":"http:\/\/www.jojo-animation.com\/sc\/"},{"name":"AniDB","url":"https:\/\/anidb.net\/perl-bin\/animedb.pl?show=anime&aid=10206"},{"name":"ANN","url":"https:\/\/www.animenewsnetwork.com\/encyclopedia\/anime.php?id=15692"},{"name":"Wikipedia","url":"http:\/\/en.wikipedia.org\/wiki\/Stardust_Crusaders"}],"streaming":[{"name":"Crunchyroll","url":"http:\/\/www.crunchyroll.com\/series-260407"},{"name":"Netflix","url":"https:\/\/www.netflix.com\/"},{"name":"Bilibili Global","url":"https:\/\/www.bilibili.tv\/en\/play\/35259?s_locale=in_ID&from=COPY,"}]}}