{"data":{"mal_id":21329,"url":"https:\/\/myanimelist.net\/anime\/21329\/Mushishi__Hihamukage","images":{"jpg":{"image_url":"https:\/\/cdn.myanimelist.net\/images\/anime\/10\/59315.jpg","small_image_url":"https:\/\/cdn.myanimelist.net\/images\/anime\/10\/59315t.jpg","large_image_url":"https:\/\/cdn.myanimelist.net\/images\/anime\/10\/59315l.jpg"},"webp":{"image_url":"https:\/\/cdn.myanimelist.net\/images\/anime\/10\/59315.webp","small_image_url":"https:\/\/cdn.myanimelist.net\/images\/anime\/10\/59315t.webp","large_image_url":"https:\/\/cdn.myanimelist.net\/images\/anime\/10\/59315l.webp"}},"trailer":{"youtube_id":null,"url":null,"embed_url":null,"images":{"image_url":null,"small_image_url":null,"medium_image_url":null,"large_image_url":null,"maximum_image_url":null}},"approved":true,"titles":[{"type":"Default","title":"Mushishi: Hihamukage"},{"type":"Synonym","title":"Mushi-shi Tokubetsu-hen: Hihamu Kage"},{"type":"Synonym","title":"Mushishi Special: Hihamukage"},{"type":"Japanese","title":"\u87f2\u5e2b \u7279\u5225\u7bc7\u300c\u65e5\u8755\u3080\u7ff3\u300d"},{"type":"English","title":"Mushi-shi: The Shadow that Devours the Sun"}],"title":"Mushishi: Hihamukage","title_english":"Mushi-shi: The Shadow that Devours the Sun","title_japanese":"\u87f2\u5e2b \u7279\u5225\u7bc7\u300c\u65e5\u8755\u3080\u7ff3\u300d","title_synonyms":["Mushi-shi Tokubetsu-hen: Hihamu Kage","Mushishi Special: Hihamukage"],"type":"Special","source":"Manga","episodes":1,"status":"Finished Airing","airing":false,"aired":{"from":"2014-01-04T00:00:00+00:00","to":null,"prop":{"from":{"day":4,"month":1,"year":2014},"to":{"day":null,"month":null,"year":null}},"string":"Jan 4, 2014"},"duration":"45 min","rating":"PG-13 - Teens 13 or older","score":8.53,"scored_by":65675,"rank":115,"popularity":1589,"members":136172,"favorites":182,"synopsis":"The entire countryside comes to a halt midday to witness a rare solar eclipse that is rumored to allow the average person to see Mushi. Unable to avert their gaze, the air is full of awe and wonder\u2014but those who know the Mushi are preparing for the eclipse's aftermath.\n\nBased on a prediction from Tanyuu Karibusa, the cursed recorder, Mushishi Ginko finds himself in a very unlucky farming village. Immediately following the solar eclipse, a strange black cloud begins to gather in the sky and blocks the sun once more. Suspecting it to be the work of a Mushi known as Hihami, Ginko seeks to liberate the village from perpetual darkness. However, it seems that not all of the villagers are eager to return to the light.\n\n[Written by MAL Rewrite]","background":null,"season":null,"year":null,"broadcast":{"day":null,"time":null,"timezone":null,"string":null},"producers":[{"mal_id":17,"type":"anime","name":"Aniplex","url":"https:\/\/myanimelist.net\/anime\/producer\/17\/Aniplex"},{"mal_id":159,"type":"anime","name":"Kodansha","url":"https:\/\/myanimelist.net\/anime\/producer\/159\/Kodansha"},{"mal_id":711,"type":"anime","name":"Delfi Sound","url":"https:\/\/myanimelist.net\/anime\/producer\/711\/Delfi_Sound"}],"licensors":[],"studios":[{"mal_id":8,"type":"anime","name":"Artland","url":"https:\/\/myanimelist.net\/anime\/producer\/8\/Artland"}],"genres":[{"mal_id":2,"type":"anime","name":"Adventure","url":"https:\/\/myanimelist.net\/anime\/genre\/2\/Adventure"},{"mal_id":7,"type":"anime","name":"Mystery","url":"https:\/\/myanimelist.net\/anime\/genre\/7\/Mystery"},{"mal_id":36,"type":"anime","name":"Slice of Life","url":"https:\/\/myanimelist.net\/anime\/genre\/36\/Slice_of_Life"},{"mal_id":37,"type":"anime","name":"Supernatural","url":"https:\/\/myanimelist.net\/anime\/genre\/37\/Supernatural"}],"explicit_genres":[],"themes":[{"mal_id":50,"type":"anime","name":"Adult Cast","url":"https:\/\/myanimelist.net\/anime\/genre\/50\/Adult_Cast"},{"mal_id":13,"type":"anime","name":"Historical","url":"https:\/\/myanimelist.net\/anime\/genre\/13\/Historical"},{"mal_id":63,"type":"anime","name":"Iyashikei","url":"https:\/\/myanimelist.net\/anime\/genre\/63\/Iyashikei"}],"demographics":[{"mal_id":42,"type":"anime","name":"Seinen","url":"https:\/\/myanimelist.net\/anime\/genre\/42\/Seinen"}],"relations":[{"relation":"Adaptation","entry":[{"mal_id":62023,"type":"manga","name":"Mushishi Tokubetsu-hen: Hihamukage","url":"https:\/\/myanimelist.net\/manga\/62023\/Mushishi_Tokubetsu-hen__Hihamukage"}]},{"relation":"Prequel","entry":[{"mal_id":457,"type":"anime","name":"Mushishi","url":"https:\/\/myanimelist.net\/anime\/457\/Mushishi"}]},{"relation":"Sequel","entry":[{"mal_id":21939,"type":"anime","name":"Mushishi Zoku Shou","url":"https:\/\/myanimelist.net\/anime\/21939\/Mushishi_Zoku_Shou"}]}],"theme":{"openings":["\"Hihamukage (\u65e5\u8755\u3080\u7ff3)\" by Toshio Masuda"],"endings":["\"Hinata (\u65e5\u5411)\" by Toshio Masuda"]},"external":[{"name":"Official Site","url":"http:\/\/www.mushishi-anime.com"},{"name":"AniDB","url":"https:\/\/anidb.net\/perl-bin\/animedb.pl?show=anime&aid=10274"},{"name":"ANN","url":"https:\/\/www.animenewsnetwork.com\/encyclopedia\/anime.php?id=15745"},{"name":"Wikipedia","url":"http:\/\/en.wikipedia.org\/wiki\/Mushishi"},{"name":"Wikipedia","url":"https:\/\/ja.wikipedia.org\/wiki\/%E8%9F%B2%E5%B8%AB"},{"name":"Syoboi","url":"https:\/\/cal.syoboi.jp\/tid\/699"}],"streaming":[{"name":"Crunchyroll","url":"http:\/\/www.crunchyroll.com\/series-258413"}]}}