{"data":{"mal_id":21473,"url":"https:\/\/myanimelist.net\/anime\/21473\/Persona_3_the_Movie_2__Midsummer_Knights_Dream","images":{"jpg":{"image_url":"https:\/\/cdn.myanimelist.net\/images\/anime\/11\/61681.jpg","small_image_url":"https:\/\/cdn.myanimelist.net\/images\/anime\/11\/61681t.jpg","large_image_url":"https:\/\/cdn.myanimelist.net\/images\/anime\/11\/61681l.jpg"},"webp":{"image_url":"https:\/\/cdn.myanimelist.net\/images\/anime\/11\/61681.webp","small_image_url":"https:\/\/cdn.myanimelist.net\/images\/anime\/11\/61681t.webp","large_image_url":"https:\/\/cdn.myanimelist.net\/images\/anime\/11\/61681l.webp"}},"trailer":{"youtube_id":"eJx_SamAovs","url":"https:\/\/www.youtube.com\/watch?v=eJx_SamAovs","embed_url":"https:\/\/www.youtube.com\/embed\/eJx_SamAovs?enablejsapi=1&wmode=opaque&autoplay=1","images":{"image_url":"https:\/\/img.youtube.com\/vi\/eJx_SamAovs\/default.jpg","small_image_url":"https:\/\/img.youtube.com\/vi\/eJx_SamAovs\/sddefault.jpg","medium_image_url":"https:\/\/img.youtube.com\/vi\/eJx_SamAovs\/mqdefault.jpg","large_image_url":"https:\/\/img.youtube.com\/vi\/eJx_SamAovs\/hqdefault.jpg","maximum_image_url":"https:\/\/img.youtube.com\/vi\/eJx_SamAovs\/maxresdefault.jpg"}},"approved":true,"titles":[{"type":"Default","title":"Persona 3 the Movie 2: Midsummer Knight's Dream"},{"type":"Synonym","title":"P3M"},{"type":"Japanese","title":"PERSONA3 THE MOVIE \u2014#2 Midsummer Knight's Dream\u2014"},{"type":"English","title":"Persona 3 the Movie: #2 Midsummer Knight's Dream"},{"type":"German","title":"Persona 3: Midsummer Knight's Dream"}],"title":"Persona 3 the Movie 2: Midsummer Knight's Dream","title_english":"Persona 3 the Movie: #2 Midsummer Knight's Dream","title_japanese":"PERSONA3 THE MOVIE \u2014#2 Midsummer Knight's Dream\u2014","title_synonyms":["P3M"],"type":"Movie","source":"Game","episodes":1,"status":"Finished Airing","airing":false,"aired":{"from":"2014-06-07T00:00:00+00:00","to":null,"prop":{"from":{"day":7,"month":6,"year":2014},"to":{"day":null,"month":null,"year":null}},"string":"Jun 7, 2014"},"duration":"1 hr 38 min","rating":"R - 17+ (violence & profanity)","score":7.61,"scored_by":45201,"rank":1403,"popularity":2230,"members":84087,"favorites":208,"synopsis":"As the season changes from spring to summer, Makoto Yuuki remains alongside the Specialized Extracurricular Execution Squad (SEES). The team continues to defeat Shadows large and small, but they now clash with a new enemy: Strega, a group of rogue Persona users who wish to keep the Dark Hour to their advantage\u2014it seems that Strega may hold a clue to the Dark Hour's true nature.\n\nWhile SEES enjoys summer vacation in Yakushima, they are joined by Aegis, an amnesiac android designed to destroy Shadows. While she proves herself to be a powerful ally, she is inexplicably drawn to Makoto and constantly remains at his side. As they delve deeper into the mysteries of the Dark Hour, the nature of the mysterious connection that binds these two together is slowly unveiled.\n\n[Written by MAL Rewrite]","background":null,"season":null,"year":null,"broadcast":{"day":null,"time":null,"timezone":null,"string":null},"producers":[{"mal_id":17,"type":"anime","name":"Aniplex","url":"https:\/\/myanimelist.net\/anime\/producer\/17\/Aniplex"},{"mal_id":344,"type":"anime","name":"Atlus","url":"https:\/\/myanimelist.net\/anime\/producer\/344\/Atlus"}],"licensors":[{"mal_id":493,"type":"anime","name":"Aniplex of America","url":"https:\/\/myanimelist.net\/anime\/producer\/493\/Aniplex_of_America"}],"studios":[{"mal_id":56,"type":"anime","name":"A-1 Pictures","url":"https:\/\/myanimelist.net\/anime\/producer\/56\/A-1_Pictures"}],"genres":[{"mal_id":1,"type":"anime","name":"Action","url":"https:\/\/myanimelist.net\/anime\/genre\/1\/Action"},{"mal_id":10,"type":"anime","name":"Fantasy","url":"https:\/\/myanimelist.net\/anime\/genre\/10\/Fantasy"},{"mal_id":37,"type":"anime","name":"Supernatural","url":"https:\/\/myanimelist.net\/anime\/genre\/37\/Supernatural"}],"explicit_genres":[],"themes":[],"demographics":[],"relations":[{"relation":"Prequel","entry":[{"mal_id":14407,"type":"anime","name":"Persona 3 the Movie 1: Spring of Birth","url":"https:\/\/myanimelist.net\/anime\/14407\/Persona_3_the_Movie_1__Spring_of_Birth"}]},{"relation":"Sequel","entry":[{"mal_id":24543,"type":"anime","name":"Persona 3 the Movie 3: Falling Down","url":"https:\/\/myanimelist.net\/anime\/24543\/Persona_3_the_Movie_3__Falling_Down"}]}],"theme":{"openings":["\"Fate is In Our Hands\" by Lotus Juice"],"endings":["\"One Hand, One Heartbeat\" by Yumi Kawamura"]},"external":[{"name":"Official Site","url":"http:\/\/www.p3m.jp\/"},{"name":"AniDB","url":"https:\/\/anidb.net\/perl-bin\/animedb.pl?show=anime&aid=9299"},{"name":"ANN","url":"https:\/\/www.animenewsnetwork.com\/encyclopedia\/anime.php?id=15771"},{"name":"Wikipedia","url":"https:\/\/en.wikipedia.org\/wiki\/Persona_3_The_Movie:_No._2,_Midsummer_Knight%27s_Dream"}],"streaming":[{"name":"Netflix","url":"https:\/\/www.netflix.com\/"}]}}