{"data":{"mal_id":21737,"url":"https:\/\/myanimelist.net\/anime\/21737\/Tamayura__More_Aggressive_-_Tsuitachi_dake_no_Shuugakuryokou_nanode","images":{"jpg":{"image_url":"https:\/\/cdn.myanimelist.net\/images\/anime\/9\/63207.jpg","small_image_url":"https:\/\/cdn.myanimelist.net\/images\/anime\/9\/63207t.jpg","large_image_url":"https:\/\/cdn.myanimelist.net\/images\/anime\/9\/63207l.jpg"},"webp":{"image_url":"https:\/\/cdn.myanimelist.net\/images\/anime\/9\/63207.webp","small_image_url":"https:\/\/cdn.myanimelist.net\/images\/anime\/9\/63207t.webp","large_image_url":"https:\/\/cdn.myanimelist.net\/images\/anime\/9\/63207l.webp"}},"trailer":{"youtube_id":null,"url":null,"embed_url":null,"images":{"image_url":null,"small_image_url":null,"medium_image_url":null,"large_image_url":null,"maximum_image_url":null}},"approved":true,"titles":[{"type":"Default","title":"Tamayura: More Aggressive - Tsuitachi dake no Shuugakuryokou, nanode"},{"type":"Synonym","title":"Tamayura: More Aggressive OVA"},{"type":"Synonym","title":"Tamayura: More Aggressive Episode 8.5"},{"type":"Japanese","title":"\u305f\u307e\u3086\u3089\uff5e\u3082\u3042\u3050\u308c\u3063\u3057\u3076\uff5e \u7b2c8.5\u8a71\u300c\u4e00\u65e5\u3060\u3051\u306e\u4fee\u5b66\u65c5\u884c\u3001\u306a\u306e\u3067\u300d"}],"title":"Tamayura: More Aggressive - Tsuitachi dake no Shuugakuryokou, nanode","title_english":null,"title_japanese":"\u305f\u307e\u3086\u3089\uff5e\u3082\u3042\u3050\u308c\u3063\u3057\u3076\uff5e \u7b2c8.5\u8a71\u300c\u4e00\u65e5\u3060\u3051\u306e\u4fee\u5b66\u65c5\u884c\u3001\u306a\u306e\u3067\u300d","title_synonyms":["Tamayura: More Aggressive OVA","Tamayura: More Aggressive Episode 8.5"],"type":"Special","source":"Original","episodes":1,"status":"Finished Airing","airing":false,"aired":{"from":"2014-06-07T00:00:00+00:00","to":null,"prop":{"from":{"day":7,"month":6,"year":2014},"to":{"day":null,"month":null,"year":null}},"string":"Jun 7, 2014"},"duration":"24 min","rating":"G - All Ages","score":7.43,"scored_by":2437,"rank":2040,"popularity":7706,"members":5811,"favorites":2,"synopsis":"Extra episode in the 7th Blu-ray and DVD volumes.","background":null,"season":null,"year":null,"broadcast":{"day":null,"time":null,"timezone":null,"string":null},"producers":[],"licensors":[],"studios":[{"mal_id":333,"type":"anime","name":"TYO Animations","url":"https:\/\/myanimelist.net\/anime\/producer\/333\/TYO_Animations"}],"genres":[{"mal_id":36,"type":"anime","name":"Slice of Life","url":"https:\/\/myanimelist.net\/anime\/genre\/36\/Slice_of_Life"}],"explicit_genres":[],"themes":[{"mal_id":52,"type":"anime","name":"CGDCT","url":"https:\/\/myanimelist.net\/anime\/genre\/52\/CGDCT"},{"mal_id":63,"type":"anime","name":"Iyashikei","url":"https:\/\/myanimelist.net\/anime\/genre\/63\/Iyashikei"}],"demographics":[],"relations":[{"relation":"Parent story","entry":[{"mal_id":15731,"type":"anime","name":"Tamayura: More Aggressive","url":"https:\/\/myanimelist.net\/anime\/15731\/Tamayura__More_Aggressive"}]}],"theme":{"openings":["\"Hajimari no Umi (\u306f\u3058\u307e\u308a\u306e\u6d77)\" by Maaya Sakamoto"],"endings":["\"Arigatou (\u3042\u308a\u304c\u3068\u3046)\" by Megumi Nakajima"]},"external":[{"name":"Official Site","url":"http:\/\/www.tamayura.info\/moreggressive\/bddvd\/"},{"name":"Wikipedia","url":"http:\/\/en.wikipedia.org\/wiki\/Tamayura"}],"streaming":[]}}