{"data":{"mal_id":21939,"url":"https:\/\/myanimelist.net\/anime\/21939\/Mushishi_Zoku_Shou","images":{"jpg":{"image_url":"https:\/\/cdn.myanimelist.net\/images\/anime\/13\/58533.jpg","small_image_url":"https:\/\/cdn.myanimelist.net\/images\/anime\/13\/58533t.jpg","large_image_url":"https:\/\/cdn.myanimelist.net\/images\/anime\/13\/58533l.jpg"},"webp":{"image_url":"https:\/\/cdn.myanimelist.net\/images\/anime\/13\/58533.webp","small_image_url":"https:\/\/cdn.myanimelist.net\/images\/anime\/13\/58533t.webp","large_image_url":"https:\/\/cdn.myanimelist.net\/images\/anime\/13\/58533l.webp"}},"trailer":{"youtube_id":"CXhPRWY1L0E","url":"https:\/\/www.youtube.com\/watch?v=CXhPRWY1L0E","embed_url":"https:\/\/www.youtube.com\/embed\/CXhPRWY1L0E?enablejsapi=1&wmode=opaque&autoplay=1","images":{"image_url":"https:\/\/img.youtube.com\/vi\/CXhPRWY1L0E\/default.jpg","small_image_url":"https:\/\/img.youtube.com\/vi\/CXhPRWY1L0E\/sddefault.jpg","medium_image_url":"https:\/\/img.youtube.com\/vi\/CXhPRWY1L0E\/mqdefault.jpg","large_image_url":"https:\/\/img.youtube.com\/vi\/CXhPRWY1L0E\/hqdefault.jpg","maximum_image_url":"https:\/\/img.youtube.com\/vi\/CXhPRWY1L0E\/maxresdefault.jpg"}},"approved":true,"titles":[{"type":"Default","title":"Mushishi Zoku Shou"},{"type":"Synonym","title":"Mushi-shi Zoku Shou"},{"type":"Synonym","title":"Mushishi: The Next Chapter"},{"type":"Japanese","title":"\u87f2\u5e2b \u7d9a\u7ae0"},{"type":"English","title":"Mushi-shi: Next Passage Part 1"},{"type":"German","title":"Mushi-Shi -The Next Passage-"},{"type":"Spanish","title":"Mushi-Shi -The Next Passage-"},{"type":"French","title":"Mushishi Zoku Sh\u00f4"}],"title":"Mushishi Zoku Shou","title_english":"Mushi-shi: Next Passage Part 1","title_japanese":"\u87f2\u5e2b \u7d9a\u7ae0","title_synonyms":["Mushi-shi Zoku Shou","Mushishi: The Next Chapter"],"type":"TV","source":"Manga","episodes":10,"status":"Finished Airing","airing":false,"aired":{"from":"2014-04-05T00:00:00+00:00","to":"2014-06-21T00:00:00+00:00","prop":{"from":{"day":5,"month":4,"year":2014},"to":{"day":21,"month":6,"year":2014}},"string":"Apr 5, 2014 to Jun 21, 2014"},"duration":"24 min per ep","rating":"PG-13 - Teens 13 or older","score":8.69,"scored_by":116109,"rank":59,"popularity":787,"members":293477,"favorites":1547,"synopsis":"Perceived as strange and feared by man, over time the misshapen ones came to be known as Mushi. Although they harbor no ill intentions towards humans, many suffer from the side effects of their existence and strange nature; exploiting the Mushi without understanding them, even unintentionally, can lead to disaster and strife for any involved. Mushishi Zoku Shou continues the story of Mushishi Ginko on his journey to help the visible world to coexist with the Mushi.\n\nDuring his travels, Ginko discovers various gifted individuals\u2014those cursed by circumstance and those maintaining a fragile symbiosis with the Mushi\u2014inevitably confronting the question of whether humanity, talented and tortured alike, can manage the responsibility of the unseen. Moreover, as a Mushishi, Ginko must learn more about these strange beings and decide if he has the right to interfere with the complex relationships between Mushi and mankind.\n\n[Written by MAL Rewrite]","background":null,"season":"spring","year":2014,"broadcast":{"day":"Saturdays","time":"00:00","timezone":"Asia\/Tokyo","string":"Saturdays at 00:00 (JST)"},"producers":[{"mal_id":17,"type":"anime","name":"Aniplex","url":"https:\/\/myanimelist.net\/anime\/producer\/17\/Aniplex"},{"mal_id":159,"type":"anime","name":"Kodansha","url":"https:\/\/myanimelist.net\/anime\/producer\/159\/Kodansha"},{"mal_id":711,"type":"anime","name":"Delfi Sound","url":"https:\/\/myanimelist.net\/anime\/producer\/711\/Delfi_Sound"}],"licensors":[{"mal_id":493,"type":"anime","name":"Aniplex of America","url":"https:\/\/myanimelist.net\/anime\/producer\/493\/Aniplex_of_America"}],"studios":[{"mal_id":8,"type":"anime","name":"Artland","url":"https:\/\/myanimelist.net\/anime\/producer\/8\/Artland"}],"genres":[{"mal_id":2,"type":"anime","name":"Adventure","url":"https:\/\/myanimelist.net\/anime\/genre\/2\/Adventure"},{"mal_id":7,"type":"anime","name":"Mystery","url":"https:\/\/myanimelist.net\/anime\/genre\/7\/Mystery"},{"mal_id":36,"type":"anime","name":"Slice of Life","url":"https:\/\/myanimelist.net\/anime\/genre\/36\/Slice_of_Life"},{"mal_id":37,"type":"anime","name":"Supernatural","url":"https:\/\/myanimelist.net\/anime\/genre\/37\/Supernatural"}],"explicit_genres":[],"themes":[{"mal_id":50,"type":"anime","name":"Adult Cast","url":"https:\/\/myanimelist.net\/anime\/genre\/50\/Adult_Cast"},{"mal_id":13,"type":"anime","name":"Historical","url":"https:\/\/myanimelist.net\/anime\/genre\/13\/Historical"},{"mal_id":63,"type":"anime","name":"Iyashikei","url":"https:\/\/myanimelist.net\/anime\/genre\/63\/Iyashikei"}],"demographics":[{"mal_id":42,"type":"anime","name":"Seinen","url":"https:\/\/myanimelist.net\/anime\/genre\/42\/Seinen"}],"relations":[{"relation":"Adaptation","entry":[{"mal_id":418,"type":"manga","name":"Mushishi","url":"https:\/\/myanimelist.net\/manga\/418\/Mushishi"}]},{"relation":"Prequel","entry":[{"mal_id":457,"type":"anime","name":"Mushishi","url":"https:\/\/myanimelist.net\/anime\/457\/Mushishi"},{"mal_id":21329,"type":"anime","name":"Mushishi: Hihamukage","url":"https:\/\/myanimelist.net\/anime\/21329\/Mushishi__Hihamukage"}]},{"relation":"Sequel","entry":[{"mal_id":24687,"type":"anime","name":"Mushishi Zoku Shou: Odoro no Michi","url":"https:\/\/myanimelist.net\/anime\/24687\/Mushishi_Zoku_Shou__Odoro_no_Michi"},{"mal_id":24701,"type":"anime","name":"Mushishi Zoku Shou 2nd Season","url":"https:\/\/myanimelist.net\/anime\/24701\/Mushishi_Zoku_Shou_2nd_Season"}]}],"theme":{"openings":["\"Shiver\" by Lucy Rose"],"endings":["1: \"Nozue no Utage (\u91ce\u672b\u306e\u5bb4)\" by Toshio Masuda (eps 1)","2: \"Saezuru Kai (\u56c0\u308b\u8c9d)\" by Toshio Masuda (eps 2)","3: \"Yuki no Shita (\u96ea\u306e\u4e0b)\" by Toshio Masuda (eps 3)","4: \"Yoru wo Naderu Te (\u591c\u3092\u64ab\u3067\u308b\u624b)\" by Toshio Masuda (eps 4)","5: \"Kagami ga Fuchi (\u93e1\u304c\u6df5)\" by Toshio Masuda (eps 5)","6: \"Hana Madoi (\u82b1\u60d1\u3044)\" by Toshio Masuda (eps 6)","7: \"Hi Teru Ame (\u65e5\u7167\u308b\u96e8)\" by Toshio Masuda (eps 7)","8: \"Shimaki Tatsu (\u98a8\u5dfb\u7acb\u3064)\" by Toshio Masuda (eps 8)","9: \"Ushio Waku Tani (\u6f6e\u308f\u304f\u8c37)\" by Toshio Masuda (eps 9)","10: \"Fuyu no Soko (\u51ac\u306e\u5e95)\" by Toshio Masuda (eps 10)"]},"external":[{"name":"Official Site","url":"http:\/\/www.mushishi-anime.com\/"},{"name":"AniDB","url":"https:\/\/anidb.net\/perl-bin\/animedb.pl?show=anime&aid=10384"},{"name":"ANN","url":"https:\/\/www.animenewsnetwork.com\/encyclopedia\/anime.php?id=15895"},{"name":"Wikipedia","url":"http:\/\/en.wikipedia.org\/wiki\/Mushishi"},{"name":"Wikipedia","url":"https:\/\/ja.wikipedia.org\/wiki\/%E8%9F%B2%E5%B8%AB"},{"name":"Syoboi","url":"https:\/\/cal.syoboi.jp\/tid\/3327"}],"streaming":[{"name":"Crunchyroll","url":"http:\/\/www.crunchyroll.com\/series-258413"},{"name":"Funimation","url":"https:\/\/www.funimation.com\/shows\/mushi-shi-the-next-passage"}]}}