{"data":{"mal_id":2204,"url":"https:\/\/myanimelist.net\/anime\/2204\/Karakuri_Zoushi_Ayatsuri_Sakon","images":{"jpg":{"image_url":"https:\/\/cdn.myanimelist.net\/images\/anime\/10\/16022.jpg","small_image_url":"https:\/\/cdn.myanimelist.net\/images\/anime\/10\/16022t.jpg","large_image_url":"https:\/\/cdn.myanimelist.net\/images\/anime\/10\/16022l.jpg"},"webp":{"image_url":"https:\/\/cdn.myanimelist.net\/images\/anime\/10\/16022.webp","small_image_url":"https:\/\/cdn.myanimelist.net\/images\/anime\/10\/16022t.webp","large_image_url":"https:\/\/cdn.myanimelist.net\/images\/anime\/10\/16022l.webp"}},"trailer":{"youtube_id":null,"url":null,"embed_url":null,"images":{"image_url":null,"small_image_url":null,"medium_image_url":null,"large_image_url":null,"maximum_image_url":null}},"approved":true,"titles":[{"type":"Default","title":"Karakuri Zoushi Ayatsuri Sakon"},{"type":"Synonym","title":"Ningyou Zoushi Ayatsuri Sakon"},{"type":"Synonym","title":"Puppet Master Sakon"},{"type":"Synonym","title":"Tales of Puppetmaster Sakon"},{"type":"Japanese","title":"\u4eba\u5f62\u8349\u7d19\u3042\u3084\u3064\u308a\u5de6\u8fd1"}],"title":"Karakuri Zoushi Ayatsuri Sakon","title_english":null,"title_japanese":"\u4eba\u5f62\u8349\u7d19\u3042\u3084\u3064\u308a\u5de6\u8fd1","title_synonyms":["Ningyou Zoushi Ayatsuri Sakon","Puppet Master Sakon","Tales of Puppetmaster Sakon"],"type":"TV","source":"Manga","episodes":26,"status":"Finished Airing","airing":false,"aired":{"from":"1999-10-08T00:00:00+00:00","to":"2000-03-31T00:00:00+00:00","prop":{"from":{"day":8,"month":10,"year":1999},"to":{"day":31,"month":3,"year":2000}},"string":"Oct 8, 1999 to Mar 31, 2000"},"duration":"25 min per ep","rating":"R - 17+ (violence & profanity)","score":7.36,"scored_by":3264,"rank":2336,"popularity":5766,"members":11906,"favorites":59,"synopsis":"The dark-haired bishounen is Sakon Tachibana, a puppeteer, and the other is Ukon, his favorite puppet, and best friend. Sakon is the (only) grandson of Saemon Tachibana, a national treasure of Japan famous for his manipulation of Bunraku puppets. Ukon is a child doll puppet made in the early Meiji era by the famous female dollmaker Unosuke. Together they run into murders and solve them.\n\n(Source: AnimeNfo)","background":null,"season":"fall","year":1999,"broadcast":{"day":"Tuesdays","time":"18:30","timezone":"Asia\/Tokyo","string":"Tuesdays at 18:30 (JST)"},"producers":[{"mal_id":33,"type":"anime","name":"WOWOW","url":"https:\/\/myanimelist.net\/anime\/producer\/33\/WOWOW"}],"licensors":[],"studios":[{"mal_id":73,"type":"anime","name":"TMS Entertainment","url":"https:\/\/myanimelist.net\/anime\/producer\/73\/TMS_Entertainment"}],"genres":[{"mal_id":7,"type":"anime","name":"Mystery","url":"https:\/\/myanimelist.net\/anime\/genre\/7\/Mystery"},{"mal_id":41,"type":"anime","name":"Suspense","url":"https:\/\/myanimelist.net\/anime\/genre\/41\/Suspense"}],"explicit_genres":[],"themes":[{"mal_id":39,"type":"anime","name":"Detective","url":"https:\/\/myanimelist.net\/anime\/genre\/39\/Detective"}],"demographics":[{"mal_id":27,"type":"anime","name":"Shounen","url":"https:\/\/myanimelist.net\/anime\/genre\/27\/Shounen"}],"relations":[{"relation":"Adaptation","entry":[{"mal_id":1462,"type":"manga","name":"Karakurizoushi Ayatsuri Sakon","url":"https:\/\/myanimelist.net\/manga\/1462\/Karakurizoushi_Ayatsuri_Sakon"}]}],"theme":{"openings":["\"Hikari naki Yoru wo Yuke\" by Humming Bird"],"endings":["\"Kanaete\" by Akino Arai"]},"external":[{"name":"Official Site","url":"http:\/\/www.tms-e.com\/library\/tokushu\/sakon\/"},{"name":"AniDB","url":"https:\/\/anidb.net\/perl-bin\/animedb.pl?show=anime&aid=293"},{"name":"ANN","url":"https:\/\/www.animenewsnetwork.com\/encyclopedia\/anime.php?id=937"},{"name":"Wikipedia","url":"https:\/\/en.wikipedia.org\/wiki\/Karakuriz%C5%8Dshi_Ayatsuri_Sakon"}],"streaming":[]}}