{"data":{"mal_id":22145,"url":"https:\/\/myanimelist.net\/anime\/22145\/Kuroshitsuji__Book_of_Circus","images":{"jpg":{"image_url":"https:\/\/cdn.myanimelist.net\/images\/anime\/6\/64811.jpg","small_image_url":"https:\/\/cdn.myanimelist.net\/images\/anime\/6\/64811t.jpg","large_image_url":"https:\/\/cdn.myanimelist.net\/images\/anime\/6\/64811l.jpg"},"webp":{"image_url":"https:\/\/cdn.myanimelist.net\/images\/anime\/6\/64811.webp","small_image_url":"https:\/\/cdn.myanimelist.net\/images\/anime\/6\/64811t.webp","large_image_url":"https:\/\/cdn.myanimelist.net\/images\/anime\/6\/64811l.webp"}},"trailer":{"youtube_id":"AZTuRJUpmE4","url":"https:\/\/www.youtube.com\/watch?v=AZTuRJUpmE4","embed_url":"https:\/\/www.youtube.com\/embed\/AZTuRJUpmE4?enablejsapi=1&wmode=opaque&autoplay=1","images":{"image_url":"https:\/\/img.youtube.com\/vi\/AZTuRJUpmE4\/default.jpg","small_image_url":"https:\/\/img.youtube.com\/vi\/AZTuRJUpmE4\/sddefault.jpg","medium_image_url":"https:\/\/img.youtube.com\/vi\/AZTuRJUpmE4\/mqdefault.jpg","large_image_url":"https:\/\/img.youtube.com\/vi\/AZTuRJUpmE4\/hqdefault.jpg","maximum_image_url":"https:\/\/img.youtube.com\/vi\/AZTuRJUpmE4\/maxresdefault.jpg"}},"approved":true,"titles":[{"type":"Default","title":"Kuroshitsuji: Book of Circus"},{"type":"Synonym","title":"Kuroshitsuji Circus Hen"},{"type":"Synonym","title":"Kuroshitsuji Shin Series"},{"type":"Synonym","title":"Black Butler 3"},{"type":"Synonym","title":"Kuroshitsuji III"},{"type":"Japanese","title":"\u9ed2\u57f7\u4e8b Book of Circus"},{"type":"English","title":"Black Butler: Book of Circus"},{"type":"German","title":"Black Butler: Book of Circus"},{"type":"French","title":"Black Butler: Book of Circus"}],"title":"Kuroshitsuji: Book of Circus","title_english":"Black Butler: Book of Circus","title_japanese":"\u9ed2\u57f7\u4e8b Book of Circus","title_synonyms":["Kuroshitsuji Circus Hen","Kuroshitsuji Shin Series","Black Butler 3","Kuroshitsuji III"],"type":"TV","source":"Manga","episodes":10,"status":"Finished Airing","airing":false,"aired":{"from":"2014-07-11T00:00:00+00:00","to":"2014-09-12T00:00:00+00:00","prop":{"from":{"day":11,"month":7,"year":2014},"to":{"day":12,"month":9,"year":2014}},"string":"Jul 11, 2014 to Sep 12, 2014"},"duration":"24 min per ep","rating":"R - 17+ (violence & profanity)","score":8.07,"scored_by":209287,"rank":517,"popularity":556,"members":395358,"favorites":3580,"synopsis":"Full of wonder and excitement, the Noah's Arc Circus troupe has captured audiences with their dazzling performances. Yet these fantastic acts do not come without a price. Children have mysteriously gone missing around London, correlating to that of the group's movements. Unsettled by these kidnappings, Queen Victoria sends in her notorious guard dog, Ciel Phantomhive; and his ever-faithful demon butler, Sebastian Michaelis, on an undercover mission to find these missing children.\n\nTrying to balance their new circus acts with their covert investigation under the big top, however, proves to be quite a challenge. With the other performers growing suspicious and the threat of the circus' mysterious benefactor looming overhead, what the two discover will shake Ciel to his very core.\n\n[Written by MAL Rewrite]","background":null,"season":"summer","year":2014,"broadcast":{"day":"Fridays","time":"02:19","timezone":"Asia\/Tokyo","string":"Fridays at 02:19 (JST)"},"producers":[{"mal_id":17,"type":"anime","name":"Aniplex","url":"https:\/\/myanimelist.net\/anime\/producer\/17\/Aniplex"},{"mal_id":58,"type":"anime","name":"Square Enix","url":"https:\/\/myanimelist.net\/anime\/producer\/58\/Square_Enix"},{"mal_id":143,"type":"anime","name":"Mainichi Broadcasting System","url":"https:\/\/myanimelist.net\/anime\/producer\/143\/Mainichi_Broadcasting_System"},{"mal_id":166,"type":"anime","name":"Movic","url":"https:\/\/myanimelist.net\/anime\/producer\/166\/Movic"},{"mal_id":1576,"type":"anime","name":"DeNA","url":"https:\/\/myanimelist.net\/anime\/producer\/1576\/DeNA"}],"licensors":[{"mal_id":102,"type":"anime","name":"Funimation","url":"https:\/\/myanimelist.net\/anime\/producer\/102\/Funimation"}],"studios":[{"mal_id":56,"type":"anime","name":"A-1 Pictures","url":"https:\/\/myanimelist.net\/anime\/producer\/56\/A-1_Pictures"}],"genres":[{"mal_id":1,"type":"anime","name":"Action","url":"https:\/\/myanimelist.net\/anime\/genre\/1\/Action"},{"mal_id":10,"type":"anime","name":"Fantasy","url":"https:\/\/myanimelist.net\/anime\/genre\/10\/Fantasy"},{"mal_id":7,"type":"anime","name":"Mystery","url":"https:\/\/myanimelist.net\/anime\/genre\/7\/Mystery"}],"explicit_genres":[],"themes":[{"mal_id":13,"type":"anime","name":"Historical","url":"https:\/\/myanimelist.net\/anime\/genre\/13\/Historical"},{"mal_id":6,"type":"anime","name":"Mythology","url":"https:\/\/myanimelist.net\/anime\/genre\/6\/Mythology"}],"demographics":[{"mal_id":27,"type":"anime","name":"Shounen","url":"https:\/\/myanimelist.net\/anime\/genre\/27\/Shounen"}],"relations":[{"relation":"Adaptation","entry":[{"mal_id":3866,"type":"manga","name":"Kuroshitsuji","url":"https:\/\/myanimelist.net\/manga\/3866\/Kuroshitsuji"}]},{"relation":"Prequel","entry":[{"mal_id":4898,"type":"anime","name":"Kuroshitsuji","url":"https:\/\/myanimelist.net\/anime\/4898\/Kuroshitsuji"}]},{"relation":"Sequel","entry":[{"mal_id":23317,"type":"anime","name":"Kuroshitsuji: Book of Murder","url":"https:\/\/myanimelist.net\/anime\/23317\/Kuroshitsuji__Book_of_Murder"}]}],"theme":{"openings":["\"ENAMEL\" by SID"],"endings":["\"Aoki Tsuki Michite (\u84bc\u304d\u6708\u6e80\u3061\u3066)\" by AKIRA (eps 2-9)"]},"external":[{"name":"Official Site","url":"http:\/\/www.kuroshitsuji.tv\/"},{"name":"AniDB","url":"https:\/\/anidb.net\/perl-bin\/animedb.pl?show=anime&aid=10402"},{"name":"ANN","url":"https:\/\/www.animenewsnetwork.com\/encyclopedia\/anime.php?id=16030"},{"name":"Wikipedia","url":"http:\/\/en.wikipedia.org\/wiki\/Black_Butler"}],"streaming":[{"name":"Crunchyroll","url":"http:\/\/www.crunchyroll.com\/series-261687"},{"name":"Netflix","url":"https:\/\/www.netflix.com\/"}]}}