{"data":{"mal_id":2216,"url":"https:\/\/myanimelist.net\/anime\/2216\/Shigurui","images":{"jpg":{"image_url":"https:\/\/cdn.myanimelist.net\/images\/anime\/1440\/115872.jpg","small_image_url":"https:\/\/cdn.myanimelist.net\/images\/anime\/1440\/115872t.jpg","large_image_url":"https:\/\/cdn.myanimelist.net\/images\/anime\/1440\/115872l.jpg"},"webp":{"image_url":"https:\/\/cdn.myanimelist.net\/images\/anime\/1440\/115872.webp","small_image_url":"https:\/\/cdn.myanimelist.net\/images\/anime\/1440\/115872t.webp","large_image_url":"https:\/\/cdn.myanimelist.net\/images\/anime\/1440\/115872l.webp"}},"trailer":{"youtube_id":"XE8bImi0_GQ","url":"https:\/\/www.youtube.com\/watch?v=XE8bImi0_GQ","embed_url":"https:\/\/www.youtube.com\/embed\/XE8bImi0_GQ?enablejsapi=1&wmode=opaque&autoplay=1","images":{"image_url":"https:\/\/img.youtube.com\/vi\/XE8bImi0_GQ\/default.jpg","small_image_url":"https:\/\/img.youtube.com\/vi\/XE8bImi0_GQ\/sddefault.jpg","medium_image_url":"https:\/\/img.youtube.com\/vi\/XE8bImi0_GQ\/mqdefault.jpg","large_image_url":"https:\/\/img.youtube.com\/vi\/XE8bImi0_GQ\/hqdefault.jpg","maximum_image_url":"https:\/\/img.youtube.com\/vi\/XE8bImi0_GQ\/maxresdefault.jpg"}},"approved":true,"titles":[{"type":"Default","title":"Shigurui"},{"type":"Synonym","title":"Crazy for Death"},{"type":"Japanese","title":"\u30b7\u30b0\u30eb\u30a4"},{"type":"English","title":"Shigurui: Death Frenzy"},{"type":"French","title":"Shigurui : Furie Meurtri\u00e8re"}],"title":"Shigurui","title_english":"Shigurui: Death Frenzy","title_japanese":"\u30b7\u30b0\u30eb\u30a4","title_synonyms":["Crazy for Death"],"type":"TV","source":"Manga","episodes":12,"status":"Finished Airing","airing":false,"aired":{"from":"2007-07-19T00:00:00+00:00","to":"2007-10-11T00:00:00+00:00","prop":{"from":{"day":19,"month":7,"year":2007},"to":{"day":11,"month":10,"year":2007}},"string":"Jul 19, 2007 to Oct 11, 2007"},"duration":"23 min per ep","rating":"R+ - Mild Nudity","score":7.37,"scored_by":36634,"rank":2298,"popularity":1741,"members":121334,"favorites":904,"synopsis":"At the beginning of the Edo Era, when people enjoyed a time of peace, Lord Tokugawa Tadanaga holds a fighting tournament. In the past, matches were fought with wooden swords. This time, real swords will be used.\n\nOne-armed Fujiki Gennosuke and blind Irako Seigen will fight each other in this match. Both are disciples of Iwamoto Kogan, who is known as Japan's greatest swordsman. Each of them are determined to prove himself the successor of Iwamoto's school. However, there can only be one champion.\n\nSo begins a story of intertwining fates, conflict, and strange destinies.\n\n(Source: ANN)","background":null,"season":"summer","year":2007,"broadcast":{"day":"Thursdays","time":"23:30","timezone":"Asia\/Tokyo","string":"Thursdays at 23:30 (JST)"},"producers":[{"mal_id":31,"type":"anime","name":"Geneon Universal Entertainment","url":"https:\/\/myanimelist.net\/anime\/producer\/31\/Geneon_Universal_Entertainment"},{"mal_id":33,"type":"anime","name":"WOWOW","url":"https:\/\/myanimelist.net\/anime\/producer\/33\/WOWOW"},{"mal_id":1373,"type":"anime","name":"Akita Shoten","url":"https:\/\/myanimelist.net\/anime\/producer\/1373\/Akita_Shoten"}],"licensors":[{"mal_id":102,"type":"anime","name":"Funimation","url":"https:\/\/myanimelist.net\/anime\/producer\/102\/Funimation"}],"studios":[{"mal_id":11,"type":"anime","name":"Madhouse","url":"https:\/\/myanimelist.net\/anime\/producer\/11\/Madhouse"}],"genres":[{"mal_id":1,"type":"anime","name":"Action","url":"https:\/\/myanimelist.net\/anime\/genre\/1\/Action"},{"mal_id":8,"type":"anime","name":"Drama","url":"https:\/\/myanimelist.net\/anime\/genre\/8\/Drama"}],"explicit_genres":[],"themes":[{"mal_id":50,"type":"anime","name":"Adult Cast","url":"https:\/\/myanimelist.net\/anime\/genre\/50\/Adult_Cast"},{"mal_id":58,"type":"anime","name":"Gore","url":"https:\/\/myanimelist.net\/anime\/genre\/58\/Gore"},{"mal_id":13,"type":"anime","name":"Historical","url":"https:\/\/myanimelist.net\/anime\/genre\/13\/Historical"},{"mal_id":17,"type":"anime","name":"Martial Arts","url":"https:\/\/myanimelist.net\/anime\/genre\/17\/Martial_Arts"},{"mal_id":40,"type":"anime","name":"Psychological","url":"https:\/\/myanimelist.net\/anime\/genre\/40\/Psychological"},{"mal_id":21,"type":"anime","name":"Samurai","url":"https:\/\/myanimelist.net\/anime\/genre\/21\/Samurai"}],"demographics":[{"mal_id":42,"type":"anime","name":"Seinen","url":"https:\/\/myanimelist.net\/anime\/genre\/42\/Seinen"}],"relations":[{"relation":"Adaptation","entry":[{"mal_id":3868,"type":"manga","name":"Shigurui","url":"https:\/\/myanimelist.net\/manga\/3868\/Shigurui"}]}],"theme":{"openings":["\"Shigurui\" by Kiyoshi Yoshida"],"endings":["\"Koji\" by Kiyoshi Yoshida"]},"external":[{"name":"AniDB","url":"https:\/\/anidb.net\/perl-bin\/animedb.pl?show=anime&aid=5108"},{"name":"ANN","url":"https:\/\/www.animenewsnetwork.com\/encyclopedia\/anime.php?id=7811"},{"name":"Wikipedia","url":"http:\/\/en.wikipedia.org\/wiki\/Shigurui"}],"streaming":[{"name":"Funimation","url":"https:\/\/www.funimation.com\/shows\/shigurui-death-frenzy"},{"name":"Shahid","url":"https:\/\/shahid.mbc.net\/en\/series\/Shigurui\/series-928230"}]}}