{"data":{"mal_id":22729,"url":"https:\/\/myanimelist.net\/anime\/22729\/AldnoahZero","images":{"jpg":{"image_url":"https:\/\/cdn.myanimelist.net\/images\/anime\/7\/60263.jpg","small_image_url":"https:\/\/cdn.myanimelist.net\/images\/anime\/7\/60263t.jpg","large_image_url":"https:\/\/cdn.myanimelist.net\/images\/anime\/7\/60263l.jpg"},"webp":{"image_url":"https:\/\/cdn.myanimelist.net\/images\/anime\/7\/60263.webp","small_image_url":"https:\/\/cdn.myanimelist.net\/images\/anime\/7\/60263t.webp","large_image_url":"https:\/\/cdn.myanimelist.net\/images\/anime\/7\/60263l.webp"}},"trailer":{"youtube_id":"D6XOSJyJtk8","url":"https:\/\/www.youtube.com\/watch?v=D6XOSJyJtk8","embed_url":"https:\/\/www.youtube.com\/embed\/D6XOSJyJtk8?enablejsapi=1&wmode=opaque&autoplay=1","images":{"image_url":"https:\/\/img.youtube.com\/vi\/D6XOSJyJtk8\/default.jpg","small_image_url":"https:\/\/img.youtube.com\/vi\/D6XOSJyJtk8\/sddefault.jpg","medium_image_url":"https:\/\/img.youtube.com\/vi\/D6XOSJyJtk8\/mqdefault.jpg","large_image_url":"https:\/\/img.youtube.com\/vi\/D6XOSJyJtk8\/hqdefault.jpg","maximum_image_url":"https:\/\/img.youtube.com\/vi\/D6XOSJyJtk8\/maxresdefault.jpg"}},"approved":true,"titles":[{"type":"Default","title":"Aldnoah.Zero"},{"type":"Synonym","title":"AZ"},{"type":"Japanese","title":"\u30a2\u30eb\u30c9\u30ce\u30a2\u30fb\u30bc\u30ed"},{"type":"English","title":"Aldnoah.Zero"},{"type":"Spanish","title":"Aldnoah. Zero"}],"title":"Aldnoah.Zero","title_english":"Aldnoah.Zero","title_japanese":"\u30a2\u30eb\u30c9\u30ce\u30a2\u30fb\u30bc\u30ed","title_synonyms":["AZ"],"type":"TV","source":"Original","episodes":12,"status":"Finished Airing","airing":false,"aired":{"from":"2014-07-06T00:00:00+00:00","to":"2014-09-21T00:00:00+00:00","prop":{"from":{"day":6,"month":7,"year":2014},"to":{"day":21,"month":9,"year":2014}},"string":"Jul 6, 2014 to Sep 21, 2014"},"duration":"23 min per ep","rating":"R - 17+ (violence & profanity)","score":7.39,"scored_by":280586,"rank":2195,"popularity":418,"members":507216,"favorites":3575,"synopsis":"The discovery of a hypergate on the Moon once allowed the human race to teleport to Mars. Those who chose to settle there unearthed a technology far more advanced than that of their home planet, which they named \"Aldnoah.\" This discovery led to the founding of the Vers Empire of Mars and a declaration of war against the \"Terrans,\" those who stayed behind on Earth. However, a battle on the moon\u2014later called \"Heaven's Fall\"\u2014caused the hypergate to explode, destroying the moon and leading the two planets to establish an uneasy ceasefire.\n\nTheir peace was a fragile one, however. Fifteen years later, high school student Inaho Kaizuka witnesses the plotted assassination of the Vers Empire's Princess Asseylum Vers Allusia, who had come to Earth in hopes of repairing the relationship between the empire and its homeland. The ceasefire is shattered, and the Martians declare war on the Terrans once again. In the face of this insurmountable enemy, Inaho and his friends must now fight against the Vers Empire to settle the war once and for all.\n\n[Written by MAL Rewrite]","background":"Aldnoah.Zero was streamed in Australia by Hanabee, in the UK by Anime Limited and in the USA by Aniplex of America. The manga adaptation of the anime was published in 2014, written by Olympus Knights and illustrated by Pinakes. The manga was licensed by Yen Press in the USA in 2015. The creator and director had previously collaborated on Fate\/Zero.","season":"summer","year":2014,"broadcast":{"day":"Sundays","time":"00:00","timezone":"Asia\/Tokyo","string":"Sundays at 00:00 (JST)"},"producers":[{"mal_id":17,"type":"anime","name":"Aniplex","url":"https:\/\/myanimelist.net\/anime\/producer\/17\/Aniplex"},{"mal_id":166,"type":"anime","name":"Movic","url":"https:\/\/myanimelist.net\/anime\/producer\/166\/Movic"},{"mal_id":459,"type":"anime","name":"Nitroplus","url":"https:\/\/myanimelist.net\/anime\/producer\/459\/Nitroplus"},{"mal_id":797,"type":"anime","name":"Houbunsha","url":"https:\/\/myanimelist.net\/anime\/producer\/797\/Houbunsha"},{"mal_id":963,"type":"anime","name":"MAGES.","url":"https:\/\/myanimelist.net\/anime\/producer\/963\/MAGES"},{"mal_id":1211,"type":"anime","name":"Tokyo MX","url":"https:\/\/myanimelist.net\/anime\/producer\/1211\/Tokyo_MX"},{"mal_id":1415,"type":"anime","name":"Asahi Broadcasting","url":"https:\/\/myanimelist.net\/anime\/producer\/1415\/Asahi_Broadcasting"},{"mal_id":1416,"type":"anime","name":"BS11","url":"https:\/\/myanimelist.net\/anime\/producer\/1416\/BS11"}],"licensors":[{"mal_id":493,"type":"anime","name":"Aniplex of America","url":"https:\/\/myanimelist.net\/anime\/producer\/493\/Aniplex_of_America"}],"studios":[{"mal_id":56,"type":"anime","name":"A-1 Pictures","url":"https:\/\/myanimelist.net\/anime\/producer\/56\/A-1_Pictures"},{"mal_id":1103,"type":"anime","name":"TROYCA","url":"https:\/\/myanimelist.net\/anime\/producer\/1103\/TROYCA"}],"genres":[{"mal_id":1,"type":"anime","name":"Action","url":"https:\/\/myanimelist.net\/anime\/genre\/1\/Action"},{"mal_id":24,"type":"anime","name":"Sci-Fi","url":"https:\/\/myanimelist.net\/anime\/genre\/24\/Sci-Fi"}],"explicit_genres":[],"themes":[{"mal_id":18,"type":"anime","name":"Mecha","url":"https:\/\/myanimelist.net\/anime\/genre\/18\/Mecha"},{"mal_id":38,"type":"anime","name":"Military","url":"https:\/\/myanimelist.net\/anime\/genre\/38\/Military"}],"demographics":[],"relations":[{"relation":"Adaptation","entry":[{"mal_id":77213,"type":"manga","name":"Aldnoah.Zero","url":"https:\/\/myanimelist.net\/manga\/77213\/AldnoahZero"}]},{"relation":"Sequel","entry":[{"mal_id":27655,"type":"anime","name":"Aldnoah.Zero Part 2","url":"https:\/\/myanimelist.net\/anime\/27655\/AldnoahZero_Part_2"}]},{"relation":"Summary","entry":[{"mal_id":29223,"type":"anime","name":"Aldnoah.Zero Extra Archives","url":"https:\/\/myanimelist.net\/anime\/29223\/AldnoahZero_Extra_Archives"}]}],"theme":{"openings":["\"heavenly blue\" by Kalafina (eps 2-12)"],"endings":["1: \"heavenly blue\" by Kalafina (eps 1)","2: \"A\/Z\" by SawanoHiroyuki[nZk]:mizuki (eps 2-3, 5-6, 9)","3: \"aLIEz\" by SawanoHiroyuki[nZk]:mizuki (eps 4, 7-8, 10-11)"]},"external":[{"name":"Official Site","url":"http:\/\/www.aldnoahzero.com\/"},{"name":"AniDB","url":"https:\/\/anidb.net\/perl-bin\/animedb.pl?show=anime&aid=10445"},{"name":"ANN","url":"https:\/\/www.animenewsnetwork.com\/encyclopedia\/anime.php?id=16028"},{"name":"Wikipedia","url":"http:\/\/en.wikipedia.org\/wiki\/Aldnoah.Zero"}],"streaming":[{"name":"Crunchyroll","url":"http:\/\/www.crunchyroll.com\/series-261589"},{"name":"Funimation","url":"https:\/\/www.funimation.com\/shows\/aldnoahzero"}]}}