{"data":{"mal_id":2273,"url":"https:\/\/myanimelist.net\/anime\/2273\/Shin_Kidou_Senki_Gundam_Wing__Endless_Waltz_Special","images":{"jpg":{"image_url":"https:\/\/cdn.myanimelist.net\/images\/anime\/1907\/139447.jpg","small_image_url":"https:\/\/cdn.myanimelist.net\/images\/anime\/1907\/139447t.jpg","large_image_url":"https:\/\/cdn.myanimelist.net\/images\/anime\/1907\/139447l.jpg"},"webp":{"image_url":"https:\/\/cdn.myanimelist.net\/images\/anime\/1907\/139447.webp","small_image_url":"https:\/\/cdn.myanimelist.net\/images\/anime\/1907\/139447t.webp","large_image_url":"https:\/\/cdn.myanimelist.net\/images\/anime\/1907\/139447l.webp"}},"trailer":{"youtube_id":null,"url":null,"embed_url":null,"images":{"image_url":null,"small_image_url":null,"medium_image_url":null,"large_image_url":null,"maximum_image_url":null}},"approved":true,"titles":[{"type":"Default","title":"Shin Kidou Senki Gundam Wing: Endless Waltz Special"},{"type":"Synonym","title":"Shin Kidou Senki Gundam W: Endless Waltz Tokubetsu-hen"},{"type":"Japanese","title":"\u65b0\u6a5f\u52d5\u6226\u8a18\u30ac\u30f3\u30c0\u30e0W Endless Waltz \u7279\u5225\u7bc7"},{"type":"English","title":"Mobile Suit Gundam Wing: Endless Waltz"},{"type":"German","title":"Mobile Suit Gundam Wing Endless Waltz: Film"},{"type":"Spanish","title":"Mobile Suit Gundam Wing Endless Waltz: Pel\u00edcula"},{"type":"French","title":"Mobile Suit Gundam Wing Endless Waltz: Film"}],"title":"Shin Kidou Senki Gundam Wing: Endless Waltz Special","title_english":"Mobile Suit Gundam Wing: Endless Waltz","title_japanese":"\u65b0\u6a5f\u52d5\u6226\u8a18\u30ac\u30f3\u30c0\u30e0W Endless Waltz \u7279\u5225\u7bc7","title_synonyms":["Shin Kidou Senki Gundam W: Endless Waltz Tokubetsu-hen"],"type":"Movie","source":"Original","episodes":1,"status":"Finished Airing","airing":false,"aired":{"from":"1998-08-01T00:00:00+00:00","to":null,"prop":{"from":{"day":1,"month":8,"year":1998},"to":{"day":null,"month":null,"year":null}},"string":"Aug 1, 1998"},"duration":"1 hr 34 min","rating":"PG-13 - Teens 13 or older","score":7.78,"scored_by":35754,"rank":999,"popularity":2748,"members":59141,"favorites":190,"synopsis":"It is A.C. 196\u2014one year after the conflict between Earth and its nearby space colonies ended with the formation of the Earth Sphere Unified Nation. As mankind enters a new era of unity and prosperity, four of the five Gundam pilots decide to follow in society's footsteps and disarm by launching their mobile suits into the sun. However, their plan is unexpectedly suspended when a rebellion erupts with the emergence of Mariemaia Khushrenada\u2014who claims to be the child of fallen dictator Treize and desires to conquer the world in his stead.\n\nDeciding that they are the last line of defense for the Earth Sphere, Heero Yuy, Trowa Barton, Duo Maxwell, and Quatre Raberba Winner scramble to retrieve their Gundams and fight to protect the peace the people of the colonies have pursued for so long. Despite their unwavering resolve to complete one final mission, the battle will be challenging: the pilots' former ally Wufei Chang has pledged his allegiance to Mariemaia's cause instead.\n\n[Written by MAL Rewrite]","background":"Mobile Suit Gundam Wing: Endless Waltz Special was released on DVD by Bandai Entertainment on February 6, 2001. The film was later re-released on Blu-ray and DVD by Right Stuf Inc. on December 5, 2017.","season":null,"year":null,"broadcast":{"day":null,"time":null,"timezone":null,"string":null},"producers":[{"mal_id":23,"type":"anime","name":"Bandai Visual","url":"https:\/\/myanimelist.net\/anime\/producer\/23\/Bandai_Visual"},{"mal_id":64,"type":"anime","name":"Sotsu","url":"https:\/\/myanimelist.net\/anime\/producer\/64\/Sotsu"}],"licensors":[{"mal_id":233,"type":"anime","name":"Bandai Entertainment","url":"https:\/\/myanimelist.net\/anime\/producer\/233\/Bandai_Entertainment"}],"studios":[{"mal_id":14,"type":"anime","name":"Sunrise","url":"https:\/\/myanimelist.net\/anime\/producer\/14\/Sunrise"}],"genres":[{"mal_id":1,"type":"anime","name":"Action","url":"https:\/\/myanimelist.net\/anime\/genre\/1\/Action"},{"mal_id":8,"type":"anime","name":"Drama","url":"https:\/\/myanimelist.net\/anime\/genre\/8\/Drama"},{"mal_id":24,"type":"anime","name":"Sci-Fi","url":"https:\/\/myanimelist.net\/anime\/genre\/24\/Sci-Fi"}],"explicit_genres":[],"themes":[{"mal_id":18,"type":"anime","name":"Mecha","url":"https:\/\/myanimelist.net\/anime\/genre\/18\/Mecha"},{"mal_id":38,"type":"anime","name":"Military","url":"https:\/\/myanimelist.net\/anime\/genre\/38\/Military"},{"mal_id":29,"type":"anime","name":"Space","url":"https:\/\/myanimelist.net\/anime\/genre\/29\/Space"}],"demographics":[],"relations":[{"relation":"Prequel","entry":[{"mal_id":90,"type":"anime","name":"Shin Kidou Senki Gundam Wing","url":"https:\/\/myanimelist.net\/anime\/90\/Shin_Kidou_Senki_Gundam_Wing"}]},{"relation":"Alternative version","entry":[{"mal_id":91,"type":"anime","name":"Shin Kidou Senki Gundam Wing: Endless Waltz","url":"https:\/\/myanimelist.net\/anime\/91\/Shin_Kidou_Senki_Gundam_Wing__Endless_Waltz"}]}],"theme":{"openings":["\"White Reflection\" By TWO-MIX"],"endings":["\"Last Impression\" by TWO-MIX"]},"external":[{"name":"Official Site","url":"http:\/\/www.gundam.channel.or.jp\/program\/_gw_movie.shtml"},{"name":"AniDB","url":"https:\/\/anidb.net\/perl-bin\/animedb.pl?show=anime&aid=496"},{"name":"ANN","url":"https:\/\/www.animenewsnetwork.com\/encyclopedia\/anime.php?id=2358"},{"name":"Wikipedia","url":"http:\/\/en.wikipedia.org\/wiki\/Gundam_Wing"}],"streaming":[{"name":"Crunchyroll","url":"http:\/\/www.crunchyroll.com\/series-272813"}]}}