{"data":{"mal_id":22817,"url":"https:\/\/myanimelist.net\/anime\/22817\/Kindaichi_Shounen_no_Jikenbo_Returns","images":{"jpg":{"image_url":"https:\/\/cdn.myanimelist.net\/images\/anime\/7\/61271.jpg","small_image_url":"https:\/\/cdn.myanimelist.net\/images\/anime\/7\/61271t.jpg","large_image_url":"https:\/\/cdn.myanimelist.net\/images\/anime\/7\/61271l.jpg"},"webp":{"image_url":"https:\/\/cdn.myanimelist.net\/images\/anime\/7\/61271.webp","small_image_url":"https:\/\/cdn.myanimelist.net\/images\/anime\/7\/61271t.webp","large_image_url":"https:\/\/cdn.myanimelist.net\/images\/anime\/7\/61271l.webp"}},"trailer":{"youtube_id":"pCUF5QRdY-U","url":"https:\/\/www.youtube.com\/watch?v=pCUF5QRdY-U","embed_url":"https:\/\/www.youtube.com\/embed\/pCUF5QRdY-U?enablejsapi=1&wmode=opaque&autoplay=1","images":{"image_url":"https:\/\/img.youtube.com\/vi\/pCUF5QRdY-U\/default.jpg","small_image_url":"https:\/\/img.youtube.com\/vi\/pCUF5QRdY-U\/sddefault.jpg","medium_image_url":"https:\/\/img.youtube.com\/vi\/pCUF5QRdY-U\/mqdefault.jpg","large_image_url":"https:\/\/img.youtube.com\/vi\/pCUF5QRdY-U\/hqdefault.jpg","maximum_image_url":"https:\/\/img.youtube.com\/vi\/pCUF5QRdY-U\/maxresdefault.jpg"}},"approved":true,"titles":[{"type":"Default","title":"Kindaichi Shounen no Jikenbo Returns"},{"type":"Synonym","title":"Kindaichi Shounen no Jikenbo R"},{"type":"Synonym","title":"Kindaichi Case Files Returns"},{"type":"Synonym","title":"Kindaichi Case Files R"},{"type":"Japanese","title":"\u91d1\u7530\u4e00\u5c11\u5e74\u306e\u4e8b\u4ef6\u7c3fR\u3010\u30ea\u30bf\u30fc\u30f3\u30ba\u3011"},{"type":"English","title":"The File of Young Kindaichi Returns"}],"title":"Kindaichi Shounen no Jikenbo Returns","title_english":"The File of Young Kindaichi Returns","title_japanese":"\u91d1\u7530\u4e00\u5c11\u5e74\u306e\u4e8b\u4ef6\u7c3fR\u3010\u30ea\u30bf\u30fc\u30f3\u30ba\u3011","title_synonyms":["Kindaichi Shounen no Jikenbo R","Kindaichi Case Files Returns","Kindaichi Case Files R"],"type":"TV","source":"Manga","episodes":25,"status":"Finished Airing","airing":false,"aired":{"from":"2014-04-05T00:00:00+00:00","to":"2014-09-27T00:00:00+00:00","prop":{"from":{"day":5,"month":4,"year":2014},"to":{"day":27,"month":9,"year":2014}},"string":"Apr 5, 2014 to Sep 27, 2014"},"duration":"24 min per ep","rating":"R - 17+ (violence & profanity)","score":7.53,"scored_by":7296,"rank":1691,"popularity":4891,"members":18352,"favorites":65,"synopsis":"High school student Hajime Kindaichi is the supposed grandson of famous private detective Kosuke Kindaichi. Visiting Hong Kong for a fashion event with Kindaichi, our hero's girlfriend Miyuki is captured by a stranger in a case of mistaken identity. The journey to save Miyuki itself leads to yet another crime case...\n\n(Source: YTV)","background":null,"season":"spring","year":2014,"broadcast":{"day":null,"time":null,"timezone":null,"string":"Unknown"},"producers":[{"mal_id":76,"type":"anime","name":"Yomiuri Telecasting","url":"https:\/\/myanimelist.net\/anime\/producer\/76\/Yomiuri_Telecasting"}],"licensors":[],"studios":[{"mal_id":18,"type":"anime","name":"Toei Animation","url":"https:\/\/myanimelist.net\/anime\/producer\/18\/Toei_Animation"}],"genres":[{"mal_id":7,"type":"anime","name":"Mystery","url":"https:\/\/myanimelist.net\/anime\/genre\/7\/Mystery"}],"explicit_genres":[],"themes":[],"demographics":[{"mal_id":27,"type":"anime","name":"Shounen","url":"https:\/\/myanimelist.net\/anime\/genre\/27\/Shounen"}],"relations":[{"relation":"Adaptation","entry":[{"mal_id":21307,"type":"manga","name":"Kindaichi Shounen no Jikenbo - Shin Series","url":"https:\/\/myanimelist.net\/manga\/21307\/Kindaichi_Shounen_no_Jikenbo_-_Shin_Series"},{"mal_id":90585,"type":"manga","name":"Kindaichi Shounen no Jikenbo: 20-shuunen Kinen Series","url":"https:\/\/myanimelist.net\/manga\/90585\/Kindaichi_Shounen_no_Jikenbo__20-shuunen_Kinen_Series"}]},{"relation":"Prequel","entry":[{"mal_id":2076,"type":"anime","name":"Kindaichi Shounen no Jikenbo","url":"https:\/\/myanimelist.net\/anime\/2076\/Kindaichi_Shounen_no_Jikenbo"}]},{"relation":"Sequel","entry":[{"mal_id":31227,"type":"anime","name":"Kindaichi Shounen no Jikenbo Returns 2nd Season","url":"https:\/\/myanimelist.net\/anime\/31227\/Kindaichi_Shounen_no_Jikenbo_Returns_2nd_Season"}]}],"theme":{"openings":["1: \"BRAND NEW STORY\" by Shinsei Tokyo Performance Doll (\u65b0\u751f\u30fb\u6771\u4eac\u30d1\u30d5\u30a9\u30fc\u30de\u30f3\u30b9\u30c9\u30fc\u30eb)","2: \"Yue ni, Matenrou (\u6545\u306b\u3001\u6469\u5929\u697c)\" by MUCC"],"endings":["1: \"Passcode 4854 (\u30d1\u30b9\u30b3\u30fc\u30c94854)\" by Rei Yasuda","2: \"Start Line (\u30b9\u30bf\u30fc\u30c8\u30e9\u30a4\u30f3)\" by 7!!"]},"external":[{"name":"Official Site","url":"http:\/\/www.toei-anim.co.jp\/tv\/kindaichi_r2014\/"},{"name":"AniDB","url":"https:\/\/anidb.net\/perl-bin\/animedb.pl?show=anime&aid=10442"},{"name":"ANN","url":"https:\/\/www.animenewsnetwork.com\/encyclopedia\/anime.php?id=15889"},{"name":"Wikipedia","url":"http:\/\/en.wikipedia.org\/wiki\/Kindaichi_Case_Files"}],"streaming":[]}}