{"data":{"mal_id":23225,"url":"https:\/\/myanimelist.net\/anime\/23225\/Yuru_Yuri_Nachuyachumi","images":{"jpg":{"image_url":"https:\/\/cdn.myanimelist.net\/images\/anime\/2\/73281.jpg","small_image_url":"https:\/\/cdn.myanimelist.net\/images\/anime\/2\/73281t.jpg","large_image_url":"https:\/\/cdn.myanimelist.net\/images\/anime\/2\/73281l.jpg"},"webp":{"image_url":"https:\/\/cdn.myanimelist.net\/images\/anime\/2\/73281.webp","small_image_url":"https:\/\/cdn.myanimelist.net\/images\/anime\/2\/73281t.webp","large_image_url":"https:\/\/cdn.myanimelist.net\/images\/anime\/2\/73281l.webp"}},"trailer":{"youtube_id":"UKU5KPN_2ys","url":"https:\/\/www.youtube.com\/watch?v=UKU5KPN_2ys","embed_url":"https:\/\/www.youtube.com\/embed\/UKU5KPN_2ys?enablejsapi=1&wmode=opaque&autoplay=1","images":{"image_url":"https:\/\/img.youtube.com\/vi\/UKU5KPN_2ys\/default.jpg","small_image_url":"https:\/\/img.youtube.com\/vi\/UKU5KPN_2ys\/sddefault.jpg","medium_image_url":"https:\/\/img.youtube.com\/vi\/UKU5KPN_2ys\/mqdefault.jpg","large_image_url":"https:\/\/img.youtube.com\/vi\/UKU5KPN_2ys\/hqdefault.jpg","maximum_image_url":"https:\/\/img.youtube.com\/vi\/UKU5KPN_2ys\/maxresdefault.jpg"}},"approved":true,"titles":[{"type":"Default","title":"Yuru Yuri Nachuyachumi!"},{"type":"Synonym","title":"Yuru Yuri OVA"},{"type":"Synonym","title":"YuruYuri Nachuyachumi!"},{"type":"Synonym","title":"Yuru Yuri Summer Vacation!"},{"type":"Japanese","title":"\u3086\u308b\u3086\u308a \u306a\u3061\u3085\u3084\u3061\u3085\u307f\uff01"}],"title":"Yuru Yuri Nachuyachumi!","title_english":null,"title_japanese":"\u3086\u308b\u3086\u308a \u306a\u3061\u3085\u3084\u3061\u3085\u307f\uff01","title_synonyms":["Yuru Yuri OVA","YuruYuri Nachuyachumi!","Yuru Yuri Summer Vacation!"],"type":"OVA","source":"Manga","episodes":1,"status":"Finished Airing","airing":false,"aired":{"from":"2015-02-18T00:00:00+00:00","to":null,"prop":{"from":{"day":18,"month":2,"year":2015},"to":{"day":null,"month":null,"year":null}},"string":"Feb 18, 2015"},"duration":"1 hr 3 min","rating":"PG-13 - Teens 13 or older","score":7.85,"scored_by":38401,"rank":855,"popularity":2443,"members":72514,"favorites":146,"synopsis":"Even during summer break, the Amusement Club lives up to its name! When Akari Akaza, Kyouko Toshinou, Chinatsu Yoshikawa, and Yui Funami find a camping tent, they decide to put it to good use by spending the weekend outside in the mountains. When some student council members catch wind of this, they are invited to come along as well.\n\nAfter a very long journey, the group arrives at their destination and is ready to make the most of their trip. They engage in classic camping activities, such as outdoor cooking and tests of courage, and finish it all off with a visit to the hot springs. An extravagant trip like this doesn't happen every day, but the Amusement Club is sure to savor each moment.\n\n[Written by MAL Rewrite]","background":null,"season":null,"year":null,"broadcast":{"day":null,"time":null,"timezone":null,"string":null},"producers":[{"mal_id":64,"type":"anime","name":"Sotsu","url":"https:\/\/myanimelist.net\/anime\/producer\/64\/Sotsu"},{"mal_id":144,"type":"anime","name":"Pony Canyon","url":"https:\/\/myanimelist.net\/anime\/producer\/144\/Pony_Canyon"}],"licensors":[],"studios":[{"mal_id":333,"type":"anime","name":"TYO Animations","url":"https:\/\/myanimelist.net\/anime\/producer\/333\/TYO_Animations"}],"genres":[{"mal_id":4,"type":"anime","name":"Comedy","url":"https:\/\/myanimelist.net\/anime\/genre\/4\/Comedy"},{"mal_id":26,"type":"anime","name":"Girls Love","url":"https:\/\/myanimelist.net\/anime\/genre\/26\/Girls_Love"}],"explicit_genres":[],"themes":[{"mal_id":52,"type":"anime","name":"CGDCT","url":"https:\/\/myanimelist.net\/anime\/genre\/52\/CGDCT"},{"mal_id":57,"type":"anime","name":"Gag Humor","url":"https:\/\/myanimelist.net\/anime\/genre\/57\/Gag_Humor"}],"demographics":[],"relations":[{"relation":"Adaptation","entry":[{"mal_id":11593,"type":"manga","name":"Yuru Yuri","url":"https:\/\/myanimelist.net\/manga\/11593\/Yuru_Yuri"}]},{"relation":"Prequel","entry":[{"mal_id":12403,"type":"anime","name":"Yuru Yuri\u266a\u266a","url":"https:\/\/myanimelist.net\/anime\/12403\/Yuru_Yuri\u266a\u266a"}]},{"relation":"Sequel","entry":[{"mal_id":30902,"type":"anime","name":"Yuru Yuri Nachuyachumi!+","url":"https:\/\/myanimelist.net\/anime\/30902\/Yuru_Yuri_Nachuyachumi_"}]}],"theme":{"openings":["\"Yuruyurinrinrinrinrin (\u3086\u308b\u3086\u308a\u3093\u308a\u3093\u308a\u3093\u308a\u3093\u308a\u3093)\" by Nanamori Chu\u2606Goraku Bu (\u4e03\u68ee\u4e2d\u2606\u3054\u3089\u304f\u90e8)"],"endings":["\"After School Days (\u30a2\u30d5\u30bf\u30fc\u30b9\u30af\u30fc\u30eb\u30c7\u30a4\u30ba)\" by Nanamori Chu\u2606Goraku Bu (\u4e03\u68ee\u4e2d\u2606\u3054\u3089\u304f\u90e8)"]},"external":[{"name":"Official Site","url":"http:\/\/www.yuruyuri.com\/ova\/"},{"name":"AniDB","url":"https:\/\/anidb.net\/perl-bin\/animedb.pl?show=anime&aid=10528"},{"name":"ANN","url":"https:\/\/www.animenewsnetwork.com\/encyclopedia\/anime.php?id=16339"},{"name":"Wikipedia","url":"http:\/\/en.wikipedia.org\/wiki\/YuruYuri"}],"streaming":[]}}