{"data":{"mal_id":23249,"url":"https:\/\/myanimelist.net\/anime\/23249\/Uchuu_Senkan_Yamato_2199__Hoshimeguru_Hakobune","images":{"jpg":{"image_url":"https:\/\/cdn.myanimelist.net\/images\/anime\/2\/67623.jpg","small_image_url":"https:\/\/cdn.myanimelist.net\/images\/anime\/2\/67623t.jpg","large_image_url":"https:\/\/cdn.myanimelist.net\/images\/anime\/2\/67623l.jpg"},"webp":{"image_url":"https:\/\/cdn.myanimelist.net\/images\/anime\/2\/67623.webp","small_image_url":"https:\/\/cdn.myanimelist.net\/images\/anime\/2\/67623t.webp","large_image_url":"https:\/\/cdn.myanimelist.net\/images\/anime\/2\/67623l.webp"}},"trailer":{"youtube_id":"em6JGGafOeg","url":"https:\/\/www.youtube.com\/watch?v=em6JGGafOeg","embed_url":"https:\/\/www.youtube.com\/embed\/em6JGGafOeg?enablejsapi=1&wmode=opaque&autoplay=1","images":{"image_url":"https:\/\/img.youtube.com\/vi\/em6JGGafOeg\/default.jpg","small_image_url":"https:\/\/img.youtube.com\/vi\/em6JGGafOeg\/sddefault.jpg","medium_image_url":"https:\/\/img.youtube.com\/vi\/em6JGGafOeg\/mqdefault.jpg","large_image_url":"https:\/\/img.youtube.com\/vi\/em6JGGafOeg\/hqdefault.jpg","maximum_image_url":"https:\/\/img.youtube.com\/vi\/em6JGGafOeg\/maxresdefault.jpg"}},"approved":true,"titles":[{"type":"Default","title":"Uchuu Senkan Yamato 2199: Hoshimeguru Hakobune"},{"type":"Synonym","title":"Uchuu Senkan Yamato 2199: Hoshi-Meguru Hakobune"},{"type":"Synonym","title":"Space Battleship Yamato 2199: Odyssey of the Celestial Ark"},{"type":"Japanese","title":"\u5b87\u5b99\u6226\u8266\u30e4\u30de\u30c82199 \u661f\u5de1\u308b\u65b9\u821f"},{"type":"English","title":"Space Battleship Yamato 2199: Odyssey of the Celestial Ark"},{"type":"German","title":"Star Blazers 2199: Space Battle Ship Yamato, Odyssey of the Celestial Arc"}],"title":"Uchuu Senkan Yamato 2199: Hoshimeguru Hakobune","title_english":"Space Battleship Yamato 2199: Odyssey of the Celestial Ark","title_japanese":"\u5b87\u5b99\u6226\u8266\u30e4\u30de\u30c82199 \u661f\u5de1\u308b\u65b9\u821f","title_synonyms":["Uchuu Senkan Yamato 2199: Hoshi-Meguru Hakobune","Space Battleship Yamato 2199: Odyssey of the Celestial Ark"],"type":"Movie","source":"Original","episodes":1,"status":"Finished Airing","airing":false,"aired":{"from":"2014-12-06T00:00:00+00:00","to":null,"prop":{"from":{"day":6,"month":12,"year":2014},"to":{"day":null,"month":null,"year":null}},"string":"Dec 6, 2014"},"duration":"1 hr 51 min","rating":"PG-13 - Teens 13 or older","score":7.71,"scored_by":5386,"rank":1148,"popularity":5430,"members":13816,"favorites":16,"synopsis":"2199 AD. Yamato tried to leave behind the Large Magellanic Cloud galaxy, after receiving a \"Cosmo Reverse System\" at its destination, Iscandar. However, suddenly, it encounters a mysterious group at the edge of the Large Magellanic Cloud. The crew finds out that the group is called the \"Gatlantis,\" and that its leader is the Gutaba expeditionary force commander who calls himself \"Goran Dagaamu of Thunder.\" The commander demands that Yamato be handed over to him. Yamato, wanting to hurry to Earth, escapes the fray. However, Yamato is attacked by a devastating beam weapon called the \"Flame Direct Attack Cannon\" that can transcend space.\n\nYamato was able to retreat, but ends up getting lost, and finds itself in a strangely colored irregular dimension. The crew decides to turn off the engine on the ship, and explore a mysterious planet. In order to collect information, Kodai, Kiry\u016b, Sawamura, Niimi, and Aihara land on the planet. What they saw when they arrived was a ship that was not supposed to be there.\n\nDagaamu chases after the traces of Yamato's warp, and also reaches the strangely colored space. The planet on which Yamato landed was in fact what Dagaamu had been looking for all along.\n\n(Source: ANN)","background":"Winner of the 46th Seiun Award (2015) for Best Dramatic Presentation.","season":null,"year":null,"broadcast":{"day":null,"time":null,"timezone":null,"string":null},"producers":[{"mal_id":10,"type":"anime","name":"Production I.G","url":"https:\/\/myanimelist.net\/anime\/producer\/10\/Production_IG"},{"mal_id":23,"type":"anime","name":"Bandai Visual","url":"https:\/\/myanimelist.net\/anime\/producer\/23\/Bandai_Visual"},{"mal_id":28,"type":"anime","name":"OLM","url":"https:\/\/myanimelist.net\/anime\/producer\/28\/OLM"},{"mal_id":48,"type":"anime","name":"AIC","url":"https:\/\/myanimelist.net\/anime\/producer\/48\/AIC"},{"mal_id":104,"type":"anime","name":"Lantis","url":"https:\/\/myanimelist.net\/anime\/producer\/104\/Lantis"},{"mal_id":109,"type":"anime","name":"Shochiku","url":"https:\/\/myanimelist.net\/anime\/producer\/109\/Shochiku"},{"mal_id":230,"type":"anime","name":"Bandai","url":"https:\/\/myanimelist.net\/anime\/producer\/230\/Bandai"},{"mal_id":577,"type":"anime","name":"Tohokushinsha Film Corporation","url":"https:\/\/myanimelist.net\/anime\/producer\/577\/Tohokushinsha_Film_Corporation"},{"mal_id":1097,"type":"anime","name":"Bandai Namco Games","url":"https:\/\/myanimelist.net\/anime\/producer\/1097\/Bandai_Namco_Games"},{"mal_id":1571,"type":"anime","name":"Voyager Entertainment","url":"https:\/\/myanimelist.net\/anime\/producer\/1571\/Voyager_Entertainment"}],"licensors":[],"studios":[{"mal_id":27,"type":"anime","name":"Xebec","url":"https:\/\/myanimelist.net\/anime\/producer\/27\/Xebec"}],"genres":[{"mal_id":1,"type":"anime","name":"Action","url":"https:\/\/myanimelist.net\/anime\/genre\/1\/Action"},{"mal_id":46,"type":"anime","name":"Award Winning","url":"https:\/\/myanimelist.net\/anime\/genre\/46\/Award_Winning"},{"mal_id":8,"type":"anime","name":"Drama","url":"https:\/\/myanimelist.net\/anime\/genre\/8\/Drama"},{"mal_id":24,"type":"anime","name":"Sci-Fi","url":"https:\/\/myanimelist.net\/anime\/genre\/24\/Sci-Fi"}],"explicit_genres":[],"themes":[{"mal_id":50,"type":"anime","name":"Adult Cast","url":"https:\/\/myanimelist.net\/anime\/genre\/50\/Adult_Cast"},{"mal_id":38,"type":"anime","name":"Military","url":"https:\/\/myanimelist.net\/anime\/genre\/38\/Military"},{"mal_id":29,"type":"anime","name":"Space","url":"https:\/\/myanimelist.net\/anime\/genre\/29\/Space"}],"demographics":[],"relations":[{"relation":"Parent story","entry":[{"mal_id":12029,"type":"anime","name":"Uchuu Senkan Yamato 2199","url":"https:\/\/myanimelist.net\/anime\/12029\/Uchuu_Senkan_Yamato_2199"}]},{"relation":"Other","entry":[{"mal_id":49311,"type":"anime","name":"Uchuu Senkan Yamato 2199: Hoshimeguru Hakobune Picture Drama","url":"https:\/\/myanimelist.net\/anime\/49311\/Uchuu_Senkan_Yamato_2199__Hoshimeguru_Hakobune_Picture_Drama"}]}],"theme":{"openings":["\"Uchuu Senkan Yamato 2199 (\u5b87\u5b99\u6226\u8266\u30e4\u30de\u30c82199)\" by Tarou Hakase"],"endings":["\"Great Harmony: For Yamato 2199\" by Ayaka Hirahara, Akira Miyagawa"]},"external":[{"name":"Official Site","url":"http:\/\/www.yamato2199.net\/"},{"name":"AniDB","url":"https:\/\/anidb.net\/perl-bin\/animedb.pl?show=anime&aid=10430"},{"name":"ANN","url":"https:\/\/www.animenewsnetwork.com\/encyclopedia\/anime.php?id=16186"},{"name":"Wikipedia","url":"http:\/\/en.wikipedia.org\/wiki\/Space_Battleship_Yamato_2199"}],"streaming":[]}}