{"data":{"mal_id":23269,"url":"https:\/\/myanimelist.net\/anime\/23269\/Hello_Kiniro_Mosaic","images":{"jpg":{"image_url":"https:\/\/cdn.myanimelist.net\/images\/anime\/1107\/117611.jpg","small_image_url":"https:\/\/cdn.myanimelist.net\/images\/anime\/1107\/117611t.jpg","large_image_url":"https:\/\/cdn.myanimelist.net\/images\/anime\/1107\/117611l.jpg"},"webp":{"image_url":"https:\/\/cdn.myanimelist.net\/images\/anime\/1107\/117611.webp","small_image_url":"https:\/\/cdn.myanimelist.net\/images\/anime\/1107\/117611t.webp","large_image_url":"https:\/\/cdn.myanimelist.net\/images\/anime\/1107\/117611l.webp"}},"trailer":{"youtube_id":"Cwz-6vaXNds","url":"https:\/\/www.youtube.com\/watch?v=Cwz-6vaXNds","embed_url":"https:\/\/www.youtube.com\/embed\/Cwz-6vaXNds?enablejsapi=1&wmode=opaque&autoplay=1","images":{"image_url":"https:\/\/img.youtube.com\/vi\/Cwz-6vaXNds\/default.jpg","small_image_url":"https:\/\/img.youtube.com\/vi\/Cwz-6vaXNds\/sddefault.jpg","medium_image_url":"https:\/\/img.youtube.com\/vi\/Cwz-6vaXNds\/mqdefault.jpg","large_image_url":"https:\/\/img.youtube.com\/vi\/Cwz-6vaXNds\/hqdefault.jpg","maximum_image_url":"https:\/\/img.youtube.com\/vi\/Cwz-6vaXNds\/maxresdefault.jpg"}},"approved":true,"titles":[{"type":"Default","title":"Hello!! Kiniro Mosaic"},{"type":"Synonym","title":"Kiniro Mosaic 2nd Season"},{"type":"Synonym","title":"KINMOZA! 2nd Season"},{"type":"Synonym","title":"Kinmosa 2nd Season"},{"type":"Synonym","title":"Golden Mosaic 2nd Season"},{"type":"Japanese","title":"\u30cf\u30ed\u30fc!!\u304d\u3093\u3044\u308d\u30e2\u30b6\u30a4\u30af"},{"type":"English","title":"Hello!! KINMOZA!"},{"type":"German","title":"Hello!! KINMOZA"},{"type":"Spanish","title":"Hello!! KINMOZA!"},{"type":"French","title":"Hello!! Kin'iro Mosaic: Saison 2"}],"title":"Hello!! Kiniro Mosaic","title_english":"Hello!! KINMOZA!","title_japanese":"\u30cf\u30ed\u30fc!!\u304d\u3093\u3044\u308d\u30e2\u30b6\u30a4\u30af","title_synonyms":["Kiniro Mosaic 2nd Season","KINMOZA! 2nd Season","Kinmosa 2nd Season","Golden Mosaic 2nd Season"],"type":"TV","source":"4-koma manga","episodes":12,"status":"Finished Airing","airing":false,"aired":{"from":"2015-04-06T00:00:00+00:00","to":"2015-06-22T00:00:00+00:00","prop":{"from":{"day":6,"month":4,"year":2015},"to":{"day":22,"month":6,"year":2015}},"string":"Apr 6, 2015 to Jun 22, 2015"},"duration":"23 min per ep","rating":"PG-13 - Teens 13 or older","score":7.5,"scored_by":37261,"rank":1790,"popularity":2332,"members":78402,"favorites":251,"synopsis":"Although learning different languages continues to be an interest for Shinobu and her friends, the new school year brings unexpected difficulties. Not only is there always something new and different to distract them from their studies, but Alice and Yoko also are having trouble adjusting to being in a different class from Shinobu and Aya.\n\nMeanwhile, Karen isn't getting along at all with her new homeroom teacher, and it doesn't help that the teacher is having trouble figuring out how to make herself seem friendlier to her students as well. Craziness may ensue, but sometimes, all it takes is the right mutual experience to bring everyone together.\n\nWhile some of those experiences may not be as well-thought-out as others (like when Alice and Aya act like juvenile delinquents to seem more grown up), the gang's new adventures are certain to warm everyone's heart as the fun and friendships keep growing in HELLO!! KINMOZA!\n\n(Source: Sentai Filmworks)","background":null,"season":"spring","year":2015,"broadcast":{"day":"Mondays","time":"00:00","timezone":"Asia\/Tokyo","string":"Mondays at 00:00 (JST)"},"producers":[{"mal_id":79,"type":"anime","name":"Genco","url":"https:\/\/myanimelist.net\/anime\/producer\/79\/Genco"},{"mal_id":464,"type":"anime","name":"flying DOG","url":"https:\/\/myanimelist.net\/anime\/producer\/464\/flying_DOG"},{"mal_id":777,"type":"anime","name":"Showgate","url":"https:\/\/myanimelist.net\/anime\/producer\/777\/Showgate"}],"licensors":[{"mal_id":376,"type":"anime","name":"Sentai Filmworks","url":"https:\/\/myanimelist.net\/anime\/producer\/376\/Sentai_Filmworks"}],"studios":[{"mal_id":418,"type":"anime","name":"Studio Gokumi","url":"https:\/\/myanimelist.net\/anime\/producer\/418\/Studio_Gokumi"}],"genres":[{"mal_id":36,"type":"anime","name":"Slice of Life","url":"https:\/\/myanimelist.net\/anime\/genre\/36\/Slice_of_Life"}],"explicit_genres":[],"themes":[{"mal_id":52,"type":"anime","name":"CGDCT","url":"https:\/\/myanimelist.net\/anime\/genre\/52\/CGDCT"},{"mal_id":23,"type":"anime","name":"School","url":"https:\/\/myanimelist.net\/anime\/genre\/23\/School"}],"demographics":[],"relations":[{"relation":"Adaptation","entry":[{"mal_id":26036,"type":"manga","name":"Kiniro Mosaic","url":"https:\/\/myanimelist.net\/manga\/26036\/Kiniro_Mosaic"}]},{"relation":"Prequel","entry":[{"mal_id":16732,"type":"anime","name":"Kiniro Mosaic","url":"https:\/\/myanimelist.net\/anime\/16732\/Kiniro_Mosaic"}]},{"relation":"Sequel","entry":[{"mal_id":33034,"type":"anime","name":"Kiniro Mosaic: Pretty Days","url":"https:\/\/myanimelist.net\/anime\/33034\/Kiniro_Mosaic__Pretty_Days"}]},{"relation":"Character","entry":[{"mal_id":36805,"type":"anime","name":"Kirara Fantasia","url":"https:\/\/myanimelist.net\/anime\/36805\/Kirara_Fantasia"}]}],"theme":{"openings":["1: \"Yume-iro Parade! (\u5922\u8272\u30d1\u30ec\u30fc\u30c9\uff01)\" by Rhodanthe* (eps 1-9, 11-12)","2: \"Kirameki-iro Summer Rainbow (\u304d\u3089\u3081\u304d\u3044\u308d\u30b5\u30de\u30fc\u30ec\u30a4\u30f3\u30dc\u30fc)\" by Rhodanthe* (eps 10)"],"endings":["\"My Best Friends\" by Rhodanthe*"]},"external":[{"name":"Official Site","url":"http:\/\/www.kinmosa.com\/"},{"name":"AniDB","url":"https:\/\/anidb.net\/perl-bin\/animedb.pl?show=anime&aid=10603"},{"name":"ANN","url":"https:\/\/www.animenewsnetwork.com\/encyclopedia\/anime.php?id=16364"},{"name":"Wikipedia","url":"http:\/\/en.wikipedia.org\/wiki\/Kin-iro_Mosaic"}],"streaming":[{"name":"Crunchyroll","url":"http:\/\/www.crunchyroll.com\/series-255553"},{"name":"HIDIVE","url":"https:\/\/www.hidive.com\/tv\/hello-kinmoza"}]}}