{"data":{"mal_id":23281,"url":"https:\/\/myanimelist.net\/anime\/23281\/Psycho-Pass_2","images":{"jpg":{"image_url":"https:\/\/cdn.myanimelist.net\/images\/anime\/1197\/100616.jpg","small_image_url":"https:\/\/cdn.myanimelist.net\/images\/anime\/1197\/100616t.jpg","large_image_url":"https:\/\/cdn.myanimelist.net\/images\/anime\/1197\/100616l.jpg"},"webp":{"image_url":"https:\/\/cdn.myanimelist.net\/images\/anime\/1197\/100616.webp","small_image_url":"https:\/\/cdn.myanimelist.net\/images\/anime\/1197\/100616t.webp","large_image_url":"https:\/\/cdn.myanimelist.net\/images\/anime\/1197\/100616l.webp"}},"trailer":{"youtube_id":"QKjI60UUg1M","url":"https:\/\/www.youtube.com\/watch?v=QKjI60UUg1M","embed_url":"https:\/\/www.youtube.com\/embed\/QKjI60UUg1M?enablejsapi=1&wmode=opaque&autoplay=1","images":{"image_url":"https:\/\/img.youtube.com\/vi\/QKjI60UUg1M\/default.jpg","small_image_url":"https:\/\/img.youtube.com\/vi\/QKjI60UUg1M\/sddefault.jpg","medium_image_url":"https:\/\/img.youtube.com\/vi\/QKjI60UUg1M\/mqdefault.jpg","large_image_url":"https:\/\/img.youtube.com\/vi\/QKjI60UUg1M\/hqdefault.jpg","maximum_image_url":"https:\/\/img.youtube.com\/vi\/QKjI60UUg1M\/maxresdefault.jpg"}},"approved":true,"titles":[{"type":"Default","title":"Psycho-Pass 2"},{"type":"Synonym","title":"Psycho-Pass Second Season"},{"type":"Synonym","title":"Psychopath 2nd Season"},{"type":"Japanese","title":"PSYCHO-PASS \u30b5\u30a4\u30b3\u30d1\u30b9 2"},{"type":"English","title":"Psycho-Pass 2"},{"type":"German","title":"Psycho-Pass Staffel 2"},{"type":"Spanish","title":"Psycho - Pass Temporada 2"},{"type":"French","title":"Psycho-Pass Saison 2"}],"title":"Psycho-Pass 2","title_english":"Psycho-Pass 2","title_japanese":"PSYCHO-PASS \u30b5\u30a4\u30b3\u30d1\u30b9 2","title_synonyms":["Psycho-Pass Second Season","Psychopath 2nd Season"],"type":"TV","source":"Original","episodes":11,"status":"Finished Airing","airing":false,"aired":{"from":"2014-10-10T00:00:00+00:00","to":"2014-12-19T00:00:00+00:00","prop":{"from":{"day":10,"month":10,"year":2014},"to":{"day":19,"month":12,"year":2014}},"string":"Oct 10, 2014 to Dec 19, 2014"},"duration":"23 min per ep","rating":"R - 17+ (violence & profanity)","score":7.4,"scored_by":345576,"rank":2165,"popularity":309,"members":643437,"favorites":1475,"synopsis":"A year and a half after the events of the original sci-fi psychological thriller, Akane Tsunemori continues her work as an inspector\u2014enforcing the Sibyl System's judgments. Joining her are new enforcers and junior inspector Mika Shimotsuki, a young woman blindly and inflexibly loyal to Sibyl. As Akane ponders both the nature of her job and the legitimacy of Sibyl's verdicts, a disturbing new menace emerges.\n\nA mysterious figure has discovered a way to control the Crime Coefficient\u2014a number compiled from mental scans that allows Sibyl to gauge psychological health and identify potential criminals. Through these means, he is able to murder an enforcer, leaving behind a cryptic clue: \"WC?\" scrawled in blood on a wall.\n\nAkane and the rest of Division 01 soon find themselves playing a deadly game against their new foe, coming face-to-face with a conspiracy threatening not only the authority of the Sibyl System, but the very foundation of Akane's own convictions.\n\n[Written by MAL Rewrite]","background":null,"season":"fall","year":2014,"broadcast":{"day":"Fridays","time":"00:50","timezone":"Asia\/Tokyo","string":"Fridays at 00:50 (JST)"},"producers":[{"mal_id":10,"type":"anime","name":"Production I.G","url":"https:\/\/myanimelist.net\/anime\/producer\/10\/Production_IG"},{"mal_id":53,"type":"anime","name":"Dentsu","url":"https:\/\/myanimelist.net\/anime\/producer\/53\/Dentsu"},{"mal_id":169,"type":"anime","name":"Fuji TV","url":"https:\/\/myanimelist.net\/anime\/producer\/169\/Fuji_TV"},{"mal_id":459,"type":"anime","name":"Nitroplus","url":"https:\/\/myanimelist.net\/anime\/producer\/459\/Nitroplus"},{"mal_id":757,"type":"anime","name":"Sony Music Entertainment","url":"https:\/\/myanimelist.net\/anime\/producer\/757\/Sony_Music_Entertainment"},{"mal_id":1143,"type":"anime","name":"TOHO animation","url":"https:\/\/myanimelist.net\/anime\/producer\/1143\/TOHO_animation"},{"mal_id":1411,"type":"anime","name":"Kyoraku Industrial Holdings","url":"https:\/\/myanimelist.net\/anime\/producer\/1411\/Kyoraku_Industrial_Holdings"}],"licensors":[{"mal_id":102,"type":"anime","name":"Funimation","url":"https:\/\/myanimelist.net\/anime\/producer\/102\/Funimation"}],"studios":[{"mal_id":103,"type":"anime","name":"Tatsunoko Production","url":"https:\/\/myanimelist.net\/anime\/producer\/103\/Tatsunoko_Production"}],"genres":[{"mal_id":1,"type":"anime","name":"Action","url":"https:\/\/myanimelist.net\/anime\/genre\/1\/Action"},{"mal_id":7,"type":"anime","name":"Mystery","url":"https:\/\/myanimelist.net\/anime\/genre\/7\/Mystery"},{"mal_id":24,"type":"anime","name":"Sci-Fi","url":"https:\/\/myanimelist.net\/anime\/genre\/24\/Sci-Fi"},{"mal_id":41,"type":"anime","name":"Suspense","url":"https:\/\/myanimelist.net\/anime\/genre\/41\/Suspense"}],"explicit_genres":[],"themes":[{"mal_id":50,"type":"anime","name":"Adult Cast","url":"https:\/\/myanimelist.net\/anime\/genre\/50\/Adult_Cast"},{"mal_id":39,"type":"anime","name":"Detective","url":"https:\/\/myanimelist.net\/anime\/genre\/39\/Detective"},{"mal_id":40,"type":"anime","name":"Psychological","url":"https:\/\/myanimelist.net\/anime\/genre\/40\/Psychological"}],"demographics":[],"relations":[{"relation":"Adaptation","entry":[{"mal_id":81151,"type":"manga","name":"Psycho-Pass 2","url":"https:\/\/myanimelist.net\/manga\/81151\/Psycho-Pass_2"}]},{"relation":"Prequel","entry":[{"mal_id":13601,"type":"anime","name":"Psycho-Pass","url":"https:\/\/myanimelist.net\/anime\/13601\/Psycho-Pass"}]},{"relation":"Sequel","entry":[{"mal_id":21339,"type":"anime","name":"Psycho-Pass Movie","url":"https:\/\/myanimelist.net\/anime\/21339\/Psycho-Pass_Movie"}]}],"theme":{"openings":["\"Enigmatic Feeling\" by Ling Tosite Sigure"],"endings":["\"Fallen\" by EGOIST"]},"external":[{"name":"Official Site","url":"http:\/\/psycho-pass.com\/"},{"name":"AniDB","url":"https:\/\/anidb.net\/perl-bin\/animedb.pl?show=anime&aid=10065"},{"name":"ANN","url":"https:\/\/www.animenewsnetwork.com\/encyclopedia\/anime.php?id=15513"},{"name":"Wikipedia","url":"https:\/\/en.wikipedia.org\/wiki\/Psycho-Pass"}],"streaming":[{"name":"Crunchyroll","url":"http:\/\/www.crunchyroll.com\/series-271259"}]}}