{"data":{"mal_id":23293,"url":"https:\/\/myanimelist.net\/anime\/23293\/Lupin_the_IIIrd__Jigen_Daisuke_no_Bohyou","images":{"jpg":{"image_url":"https:\/\/cdn.myanimelist.net\/images\/anime\/12\/69457.jpg","small_image_url":"https:\/\/cdn.myanimelist.net\/images\/anime\/12\/69457t.jpg","large_image_url":"https:\/\/cdn.myanimelist.net\/images\/anime\/12\/69457l.jpg"},"webp":{"image_url":"https:\/\/cdn.myanimelist.net\/images\/anime\/12\/69457.webp","small_image_url":"https:\/\/cdn.myanimelist.net\/images\/anime\/12\/69457t.webp","large_image_url":"https:\/\/cdn.myanimelist.net\/images\/anime\/12\/69457l.webp"}},"trailer":{"youtube_id":"N9AuACG76Zo","url":"https:\/\/www.youtube.com\/watch?v=N9AuACG76Zo","embed_url":"https:\/\/www.youtube.com\/embed\/N9AuACG76Zo?enablejsapi=1&wmode=opaque&autoplay=1","images":{"image_url":"https:\/\/img.youtube.com\/vi\/N9AuACG76Zo\/default.jpg","small_image_url":"https:\/\/img.youtube.com\/vi\/N9AuACG76Zo\/sddefault.jpg","medium_image_url":"https:\/\/img.youtube.com\/vi\/N9AuACG76Zo\/mqdefault.jpg","large_image_url":"https:\/\/img.youtube.com\/vi\/N9AuACG76Zo\/hqdefault.jpg","maximum_image_url":"https:\/\/img.youtube.com\/vi\/N9AuACG76Zo\/maxresdefault.jpg"}},"approved":true,"titles":[{"type":"Default","title":"Lupin the IIIrd: Jigen Daisuke no Bohyou"},{"type":"Synonym","title":"Lupin the Third: Jigen Daisuke no Bohyou"},{"type":"Synonym","title":"Lupin the Third: Daisuke Jigen's Gravestone"},{"type":"Synonym","title":"Lupin the 3rd: Jigen's Grave Marker"},{"type":"Japanese","title":"LUPIN THE IIIRD \u6b21\u5143\u5927\u4ecb\u306e\u5893\u6a19"},{"type":"English","title":"Lupin the Third: Jigen's Gravestone"},{"type":"German","title":"Lupin III der Film: Daisuke Jigens Grabstein"},{"type":"French","title":"Lupin III le Film: Le tombeau de Daisuke Jigen"}],"title":"Lupin the IIIrd: Jigen Daisuke no Bohyou","title_english":"Lupin the Third: Jigen's Gravestone","title_japanese":"LUPIN THE IIIRD \u6b21\u5143\u5927\u4ecb\u306e\u5893\u6a19","title_synonyms":["Lupin the Third: Jigen Daisuke no Bohyou","Lupin the Third: Daisuke Jigen's Gravestone","Lupin the 3rd: Jigen's Grave Marker"],"type":"Movie","source":"Manga","episodes":1,"status":"Finished Airing","airing":false,"aired":{"from":"2014-06-21T00:00:00+00:00","to":null,"prop":{"from":{"day":21,"month":6,"year":2014},"to":{"day":null,"month":null,"year":null}},"string":"Jun 21, 2014"},"duration":"51 min","rating":"R+ - Mild Nudity","score":7.81,"scored_by":13324,"rank":937,"popularity":4014,"members":28574,"favorites":87,"synopsis":"The film will be a continuation spinoff of the 2012 \"Lupin III: The Woman Called Fujiko Mine\" television anime series.\n\nLupin and Jigen have their sights set on a treasure worth stealing called the Little Comet which is located in the country of East Doroa. The country has fortified its border after a singer named Queen Malta got assassinated in the neighboring country of West Doroa upon visit. \n\nDespite the two countries being enemies, Lupin and Jigen still plan to steal the treasure. During the heist, Jigen almost got killed by a skilled sniper named Yael Okuzaki. His specialty is preparing tombstones for his targets before executing his kills. Its said that no one has survived after Yael makes a grave for that target.\n\n(Source: ANN)","background":null,"season":null,"year":null,"broadcast":{"day":null,"time":null,"timezone":null,"string":null},"producers":[{"mal_id":73,"type":"anime","name":"TMS Entertainment","url":"https:\/\/myanimelist.net\/anime\/producer\/73\/TMS_Entertainment"},{"mal_id":2174,"type":"anime","name":"TMS Music","url":"https:\/\/myanimelist.net\/anime\/producer\/2174\/TMS_Music"}],"licensors":[{"mal_id":467,"type":"anime","name":"Discotek Media","url":"https:\/\/myanimelist.net\/anime\/producer\/467\/Discotek_Media"}],"studios":[{"mal_id":94,"type":"anime","name":"Telecom Animation Film","url":"https:\/\/myanimelist.net\/anime\/producer\/94\/Telecom_Animation_Film"}],"genres":[{"mal_id":1,"type":"anime","name":"Action","url":"https:\/\/myanimelist.net\/anime\/genre\/1\/Action"},{"mal_id":2,"type":"anime","name":"Adventure","url":"https:\/\/myanimelist.net\/anime\/genre\/2\/Adventure"},{"mal_id":8,"type":"anime","name":"Drama","url":"https:\/\/myanimelist.net\/anime\/genre\/8\/Drama"}],"explicit_genres":[],"themes":[{"mal_id":50,"type":"anime","name":"Adult Cast","url":"https:\/\/myanimelist.net\/anime\/genre\/50\/Adult_Cast"}],"demographics":[{"mal_id":42,"type":"anime","name":"Seinen","url":"https:\/\/myanimelist.net\/anime\/genre\/42\/Seinen"}],"relations":[{"relation":"Prequel","entry":[{"mal_id":13203,"type":"anime","name":"Lupin the Third: Mine Fujiko to Iu Onna","url":"https:\/\/myanimelist.net\/anime\/13203\/Lupin_the_Third__Mine_Fujiko_to_Iu_Onna"}]},{"relation":"Sequel","entry":[{"mal_id":34021,"type":"anime","name":"Lupin the IIIrd: Chikemuri no Ishikawa Goemon","url":"https:\/\/myanimelist.net\/anime\/34021\/Lupin_the_IIIrd__Chikemuri_no_Ishikawa_Goemon"}]}],"theme":{"openings":[],"endings":["\"Revolver Fires\" by Gary Stockdale"]},"external":[{"name":"Official Site","url":"http:\/\/jigen-movie.com\/"},{"name":"AniDB","url":"https:\/\/anidb.net\/perl-bin\/animedb.pl?show=anime&aid=10535"},{"name":"ANN","url":"https:\/\/www.animenewsnetwork.com\/encyclopedia\/anime.php?id=16148"},{"name":"Wikipedia","url":"http:\/\/en.wikipedia.org\/wiki\/Lupin_the_Third:_The_Woman_Called_Fujiko_Mine#Film"}],"streaming":[{"name":"Crunchyroll","url":"http:\/\/www.crunchyroll.com\/series-282100"}]}}