{"data":{"mal_id":23701,"url":"https:\/\/myanimelist.net\/anime\/23701\/Toradora_Recap","images":{"jpg":{"image_url":"https:\/\/cdn.myanimelist.net\/images\/anime\/2\/77024.jpg","small_image_url":"https:\/\/cdn.myanimelist.net\/images\/anime\/2\/77024t.jpg","large_image_url":"https:\/\/cdn.myanimelist.net\/images\/anime\/2\/77024l.jpg"},"webp":{"image_url":"https:\/\/cdn.myanimelist.net\/images\/anime\/2\/77024.webp","small_image_url":"https:\/\/cdn.myanimelist.net\/images\/anime\/2\/77024t.webp","large_image_url":"https:\/\/cdn.myanimelist.net\/images\/anime\/2\/77024l.webp"}},"trailer":{"youtube_id":null,"url":null,"embed_url":null,"images":{"image_url":null,"small_image_url":null,"medium_image_url":null,"large_image_url":null,"maximum_image_url":null}},"approved":true,"titles":[{"type":"Default","title":"Toradora! Recap"},{"type":"Synonym","title":"Toradora! Portable"},{"type":"Synonym","title":"Toradora! OVA"},{"type":"Japanese","title":"\u3068\u3089\u30c9\u30e9\u30fb\u30dd\u30fc\u30bf\u30d6\u30eb!"}],"title":"Toradora! Recap","title_english":null,"title_japanese":"\u3068\u3089\u30c9\u30e9\u30fb\u30dd\u30fc\u30bf\u30d6\u30eb!","title_synonyms":["Toradora! Portable","Toradora! OVA"],"type":"OVA","source":"Light novel","episodes":1,"status":"Finished Airing","airing":false,"aired":{"from":"2009-04-30T00:00:00+00:00","to":null,"prop":{"from":{"day":30,"month":4,"year":2009},"to":{"day":null,"month":null,"year":null}},"string":"Apr 30, 2009"},"duration":"29 min","rating":"PG-13 - Teens 13 or older","score":7.43,"scored_by":27665,"rank":2045,"popularity":2643,"members":63566,"favorites":65,"synopsis":"Recap OVA of the Toradora series included as a bonus with limited edition of Choudokyuu Premium Box release of PSP game Toradora! Portable.","background":null,"season":null,"year":null,"broadcast":{"day":null,"time":null,"timezone":null,"string":null},"producers":[],"licensors":[],"studios":[{"mal_id":7,"type":"anime","name":"J.C.Staff","url":"https:\/\/myanimelist.net\/anime\/producer\/7\/JCStaff"}],"genres":[{"mal_id":4,"type":"anime","name":"Comedy","url":"https:\/\/myanimelist.net\/anime\/genre\/4\/Comedy"},{"mal_id":22,"type":"anime","name":"Romance","url":"https:\/\/myanimelist.net\/anime\/genre\/22\/Romance"}],"explicit_genres":[],"themes":[{"mal_id":23,"type":"anime","name":"School","url":"https:\/\/myanimelist.net\/anime\/genre\/23\/School"}],"demographics":[],"relations":[{"relation":"Full story","entry":[{"mal_id":4224,"type":"anime","name":"Toradora!","url":"https:\/\/myanimelist.net\/anime\/4224\/Toradora"}]}],"theme":{"openings":[],"endings":[]},"external":[{"name":"AniDB","url":"https:\/\/anidb.net\/perl-bin\/animedb.pl?show=anime&aid=5909"},{"name":"Wikipedia","url":"http:\/\/ja.wikipedia.org\/wiki\/%E3%81%A8%E3%82%89%E3%83%89%E3%83%A9%E3%83%BB%E3%83%9D%E3%83%BC%E3%82%BF%E3%83%96%E3%83%AB!"}],"streaming":[]}}