{"data":{"mal_id":23847,"url":"https:\/\/myanimelist.net\/anime\/23847\/Yahari_Ore_no_Seishun_Love_Comedy_wa_Machigatteiru_Zoku","images":{"jpg":{"image_url":"https:\/\/cdn.myanimelist.net\/images\/anime\/11\/75376.jpg","small_image_url":"https:\/\/cdn.myanimelist.net\/images\/anime\/11\/75376t.jpg","large_image_url":"https:\/\/cdn.myanimelist.net\/images\/anime\/11\/75376l.jpg"},"webp":{"image_url":"https:\/\/cdn.myanimelist.net\/images\/anime\/11\/75376.webp","small_image_url":"https:\/\/cdn.myanimelist.net\/images\/anime\/11\/75376t.webp","large_image_url":"https:\/\/cdn.myanimelist.net\/images\/anime\/11\/75376l.webp"}},"trailer":{"youtube_id":null,"url":null,"embed_url":null,"images":{"image_url":null,"small_image_url":null,"medium_image_url":null,"large_image_url":null,"maximum_image_url":null}},"approved":true,"titles":[{"type":"Default","title":"Yahari Ore no Seishun Love Comedy wa Machigatteiru. Zoku"},{"type":"Synonym","title":"Oregairu 2"},{"type":"Synonym","title":"My Teen Romantic Comedy SNAFU 2"},{"type":"Synonym","title":"Yahari Ore no Seishun Love Comedy wa Machigatteiru. Second Season"},{"type":"Synonym","title":"Yahari Ore no Seishun Love Comedy wa Machigatteiru. 2nd Season"},{"type":"Japanese","title":"\u3084\u306f\u308a\u4ffa\u306e\u9752\u6625\u30e9\u30d6\u30b3\u30e1\u306f\u307e\u3061\u304c\u3063\u3066\u3044\u308b\u3002\u7d9a"},{"type":"English","title":"My Teen Romantic Comedy SNAFU TOO!"},{"type":"German","title":"My Teen Romantic Comedy SNAFU Too!"},{"type":"Spanish","title":"My Teen Romantic Comedy SNAFU Too!"},{"type":"French","title":"My Teen Romantic Comedy SNAFU Too!"}],"title":"Yahari Ore no Seishun Love Comedy wa Machigatteiru. Zoku","title_english":"My Teen Romantic Comedy SNAFU TOO!","title_japanese":"\u3084\u306f\u308a\u4ffa\u306e\u9752\u6625\u30e9\u30d6\u30b3\u30e1\u306f\u307e\u3061\u304c\u3063\u3066\u3044\u308b\u3002\u7d9a","title_synonyms":["Oregairu 2","My Teen Romantic Comedy SNAFU 2","Yahari Ore no Seishun Love Comedy wa Machigatteiru. Second Season","Yahari Ore no Seishun Love Comedy wa Machigatteiru. 2nd Season"],"type":"TV","source":"Light novel","episodes":13,"status":"Finished Airing","airing":false,"aired":{"from":"2015-04-03T00:00:00+00:00","to":"2015-06-26T00:00:00+00:00","prop":{"from":{"day":3,"month":4,"year":2015},"to":{"day":26,"month":6,"year":2015}},"string":"Apr 3, 2015 to Jun 26, 2015"},"duration":"24 min per ep","rating":"PG-13 - Teens 13 or older","score":8.21,"scored_by":672384,"rank":334,"popularity":141,"members":1037607,"favorites":15817,"synopsis":"With the Volunteer Service Club now firmly established, it is receiving more requests from students in search of solutions to their various issues. However, the club members often struggle to see eye to eye when it comes to their problem-solving ideals. The suggestions that Hachiman Hikigaya recommends frequently clash with those of Yukino Yukinoshita, fracturing the relationships within the club. \n\nDespite their differences, with the trio constantly trying to find common ground, they may soon reach a point where they discover something genuine.\n\n[Written by MAL Rewrite]","background":"Yahari Ore no Seishun Love Comedy wa Machigatteiru. Zoku adapts volumes 7 to 11 of Wataru Watari's light novel series of the same title.","season":"spring","year":2015,"broadcast":{"day":"Fridays","time":"01:28","timezone":"Asia\/Tokyo","string":"Fridays at 01:28 (JST)"},"producers":[{"mal_id":145,"type":"anime","name":"TBS","url":"https:\/\/myanimelist.net\/anime\/producer\/145\/TBS"},{"mal_id":751,"type":"anime","name":"Marvelous AQL","url":"https:\/\/myanimelist.net\/anime\/producer\/751\/Marvelous_AQL"},{"mal_id":1113,"type":"anime","name":"NBCUniversal Entertainment Japan","url":"https:\/\/myanimelist.net\/anime\/producer\/1113\/NBCUniversal_Entertainment_Japan"}],"licensors":[{"mal_id":376,"type":"anime","name":"Sentai Filmworks","url":"https:\/\/myanimelist.net\/anime\/producer\/376\/Sentai_Filmworks"}],"studios":[{"mal_id":91,"type":"anime","name":"feel.","url":"https:\/\/myanimelist.net\/anime\/producer\/91\/feel"}],"genres":[{"mal_id":4,"type":"anime","name":"Comedy","url":"https:\/\/myanimelist.net\/anime\/genre\/4\/Comedy"},{"mal_id":22,"type":"anime","name":"Romance","url":"https:\/\/myanimelist.net\/anime\/genre\/22\/Romance"}],"explicit_genres":[],"themes":[{"mal_id":64,"type":"anime","name":"Love Polygon","url":"https:\/\/myanimelist.net\/anime\/genre\/64\/Love_Polygon"},{"mal_id":23,"type":"anime","name":"School","url":"https:\/\/myanimelist.net\/anime\/genre\/23\/School"}],"demographics":[],"relations":[{"relation":"Adaptation","entry":[{"mal_id":40171,"type":"manga","name":"Yahari Ore no Seishun Love Comedy wa Machigatteiru.","url":"https:\/\/myanimelist.net\/manga\/40171\/Yahari_Ore_no_Seishun_Love_Comedy_wa_Machigatteiru"}]},{"relation":"Prequel","entry":[{"mal_id":14813,"type":"anime","name":"Yahari Ore no Seishun Love Comedy wa Machigatteiru.","url":"https:\/\/myanimelist.net\/anime\/14813\/Yahari_Ore_no_Seishun_Love_Comedy_wa_Machigatteiru"}]},{"relation":"Side story","entry":[{"mal_id":33161,"type":"anime","name":"Yahari Ore no Seishun Love Comedy wa Machigatteiru. Zoku OVA","url":"https:\/\/myanimelist.net\/anime\/33161\/Yahari_Ore_no_Seishun_Love_Comedy_wa_Machigatteiru_Zoku_OVA"}]},{"relation":"Sequel","entry":[{"mal_id":39547,"type":"anime","name":"Yahari Ore no Seishun Love Comedy wa Machigatteiru. Kan","url":"https:\/\/myanimelist.net\/anime\/39547\/Yahari_Ore_no_Seishun_Love_Comedy_wa_Machigatteiru_Kan"}]}],"theme":{"openings":["\"Harumodoki (\u6625\u64ec\u304d)\" by Nagi Yanagi"],"endings":["1: \"Everyday World (\u30a8\u30d6\u30ea\u30c7\u30a4\u30ef\u30fc\u30eb\u30c9)\" by Yukino Yukinoshita (Saori Hayami) & Yui Yuigahama (Nao Touyama)  (eps 1-6, 8-11, 13; BD\/DVD: eps 1-3, 5-6, 8-13)","2: \"Everyday World -Ballade Arrange-Yukino Solo Ver. (\u30a8\u30d6\u30ea\u30c7\u30a4\u30ef\u30fc\u30eb\u30c9 -Ballade Arrange-Yukino Solo Ver.)\" by Yukino Yukinoshita (Saori Hayami) (eps 7)","3: \"Everyday World -Ballade Arrange-Yui Solo Ver. (\u30a8\u30d6\u30ea\u30c7\u30a4\u30ef\u30fc\u30eb\u30c9 -Ballade Arrange-Yui Solo Ver.)\" by Yui Yuigahama (Nao Touyama) (eps 12; BD\/DVD: ep 4)"]},"external":[{"name":"Official Site","url":"http:\/\/www.tbs.co.jp\/anime\/oregairu\/"},{"name":"@anime_oregairu","url":"https:\/\/twitter.com\/anime_oregairu"},{"name":"AniDB","url":"https:\/\/anidb.net\/perl-bin\/animedb.pl?show=anime&aid=10601"},{"name":"ANN","url":"https:\/\/www.animenewsnetwork.com\/encyclopedia\/anime.php?id=16329"},{"name":"Wikipedia","url":"https:\/\/en.wikipedia.org\/wiki\/My_Youth_Romantic_Comedy_Is_Wrong,_As_I_Expected"},{"name":"Wikipedia","url":"https:\/\/ja.wikipedia.org\/wiki\/%E3%82%84%E3%81%AF%E3%82%8A%E4%BF%BA%E3%81%AE%E9%9D%92%E6%98%A5%E3%83%A9%E3%83%96%E3%82%B3%E3%83%A1%E3%81%AF%E3%81%BE%E3%81%A1%E3%81%8C%E3%81%A3%E3%81%A6%E3%81%84%E3%82%8B%E3%80%82"},{"name":"Syoboi","url":"https:\/\/cal.syoboi.jp\/tid\/3698"}],"streaming":[{"name":"HIDIVE","url":"https:\/\/www.hidive.com\/tv\/my-teen-rOMtic-comedy-snafu-too"},{"name":"Shahid","url":"https:\/\/shahid.mbc.net\/en\/series\/My-Teen-Romantic-Comedy-SNAFU-TOO!\/series-928220"}]}}