{"data":{"mal_id":2418,"url":"https:\/\/myanimelist.net\/anime\/2418\/Stranger__Mukou_Hadan","images":{"jpg":{"image_url":"https:\/\/cdn.myanimelist.net\/images\/anime\/9\/87066.jpg","small_image_url":"https:\/\/cdn.myanimelist.net\/images\/anime\/9\/87066t.jpg","large_image_url":"https:\/\/cdn.myanimelist.net\/images\/anime\/9\/87066l.jpg"},"webp":{"image_url":"https:\/\/cdn.myanimelist.net\/images\/anime\/9\/87066.webp","small_image_url":"https:\/\/cdn.myanimelist.net\/images\/anime\/9\/87066t.webp","large_image_url":"https:\/\/cdn.myanimelist.net\/images\/anime\/9\/87066l.webp"}},"trailer":{"youtube_id":"dYGpmgxKpNs","url":"https:\/\/www.youtube.com\/watch?v=dYGpmgxKpNs","embed_url":"https:\/\/www.youtube.com\/embed\/dYGpmgxKpNs?enablejsapi=1&wmode=opaque&autoplay=1","images":{"image_url":"https:\/\/img.youtube.com\/vi\/dYGpmgxKpNs\/default.jpg","small_image_url":"https:\/\/img.youtube.com\/vi\/dYGpmgxKpNs\/sddefault.jpg","medium_image_url":"https:\/\/img.youtube.com\/vi\/dYGpmgxKpNs\/mqdefault.jpg","large_image_url":"https:\/\/img.youtube.com\/vi\/dYGpmgxKpNs\/hqdefault.jpg","maximum_image_url":"https:\/\/img.youtube.com\/vi\/dYGpmgxKpNs\/maxresdefault.jpg"}},"approved":true,"titles":[{"type":"Default","title":"Stranger: Mukou Hadan"},{"type":"Japanese","title":"\u30b9\u30c8\u30ec\u30f3\u30c2\u30a2 -\u7121\u7687\u5203\u8b5a-"},{"type":"English","title":"Sword of the Stranger"},{"type":"German","title":"Sword of the Stranger"},{"type":"Spanish","title":"Sword of the Stranger: El Samurai sin Nombre"},{"type":"French","title":"Sword of the Stranger"}],"title":"Stranger: Mukou Hadan","title_english":"Sword of the Stranger","title_japanese":"\u30b9\u30c8\u30ec\u30f3\u30c2\u30a2 -\u7121\u7687\u5203\u8b5a-","title_synonyms":[],"type":"Movie","source":"Original","episodes":1,"status":"Finished Airing","airing":false,"aired":{"from":"2007-09-29T00:00:00+00:00","to":null,"prop":{"from":{"day":29,"month":9,"year":2007},"to":{"day":null,"month":null,"year":null}},"string":"Sep 29, 2007"},"duration":"1 hr 43 min","rating":"R - 17+ (violence & profanity)","score":8.26,"scored_by":162025,"rank":294,"popularity":692,"members":327225,"favorites":2964,"synopsis":"In the Sengoku period of Japan, a young orphan named Kotarou and his dog Tobimaru steal from unsuspecting villagers in order to make ends meet. However, Kotarou is forced to remain on the run when he finds himself being hunted down by assassins sent by China's Ming Dynasty for mysterious reasons not involving his petty crimes. \n\nFortunately, the duo run into Nanashi, a ronin who has taken refuge in a small temple, when Kotarou is attacked and Tobimaru poisoned. Although the samurai  saves the helpless pair from their pursuers, he feels that there is no need to help them further; but when offered a gem in exchange for his services as a bodyguard, he reluctantly accepts Kotarou's offer of employment\u2014just until Tobimaru is healed and the two reach their destination. As the three set out on a perilous journey, it soon becomes evident that their path is riddled with danger, as the Ming Dynasty has now sent a terrifying swordsman after them to capture Kotarou and fulfill a certain prophecy.\n\n[Written by MAL Rewrite]","background":"Stranger: Mukou Hadan won the award for Best Animated Feature at Brazil's International Fantastic Film Festival and was nominated for the same categories at the Asia Pacific Screen Awards. It also won the 2009 \"Menzione Speciale\" recognition at Italy's Future Film Festival. The film wasn't nominated to the Oscars, but it was amongst the 14 finalists for consideration to the Best Animated Feature Award; however, the final nominees were WALL-E, Bolt and Kung Fu Panda.","season":null,"year":null,"broadcast":{"day":null,"time":null,"timezone":null,"string":null},"producers":[{"mal_id":23,"type":"anime","name":"Bandai Visual","url":"https:\/\/myanimelist.net\/anime\/producer\/23\/Bandai_Visual"},{"mal_id":109,"type":"anime","name":"Shochiku","url":"https:\/\/myanimelist.net\/anime\/producer\/109\/Shochiku"},{"mal_id":757,"type":"anime","name":"Sony Music Entertainment","url":"https:\/\/myanimelist.net\/anime\/producer\/757\/Sony_Music_Entertainment"},{"mal_id":1488,"type":"anime","name":"Hakuhodo DY Media Partners","url":"https:\/\/myanimelist.net\/anime\/producer\/1488\/Hakuhodo_DY_Media_Partners"}],"licensors":[{"mal_id":102,"type":"anime","name":"Funimation","url":"https:\/\/myanimelist.net\/anime\/producer\/102\/Funimation"},{"mal_id":233,"type":"anime","name":"Bandai Entertainment","url":"https:\/\/myanimelist.net\/anime\/producer\/233\/Bandai_Entertainment"}],"studios":[{"mal_id":4,"type":"anime","name":"Bones","url":"https:\/\/myanimelist.net\/anime\/producer\/4\/Bones"}],"genres":[{"mal_id":1,"type":"anime","name":"Action","url":"https:\/\/myanimelist.net\/anime\/genre\/1\/Action"},{"mal_id":2,"type":"anime","name":"Adventure","url":"https:\/\/myanimelist.net\/anime\/genre\/2\/Adventure"}],"explicit_genres":[],"themes":[{"mal_id":13,"type":"anime","name":"Historical","url":"https:\/\/myanimelist.net\/anime\/genre\/13\/Historical"},{"mal_id":21,"type":"anime","name":"Samurai","url":"https:\/\/myanimelist.net\/anime\/genre\/21\/Samurai"}],"demographics":[],"relations":[{"relation":"Adaptation","entry":[{"mal_id":78659,"type":"manga","name":"Stranger: Mukou Hadan","url":"https:\/\/myanimelist.net\/manga\/78659\/Stranger__Mukou_Hadan"}]},{"relation":"Other","entry":[{"mal_id":14617,"type":"anime","name":"Stranger: Mukou Hadan Pilot","url":"https:\/\/myanimelist.net\/anime\/14617\/Stranger__Mukou_Hadan_Pilot"}]}],"theme":{"openings":[],"endings":[]},"external":[{"name":"Official Site","url":"http:\/\/www.stranja.jp\/"},{"name":"Official Site","url":"https:\/\/www.bones.co.jp\/work\/stranger\/"},{"name":"AniDB","url":"https:\/\/anidb.net\/perl-bin\/animedb.pl?show=anime&aid=2185"},{"name":"ANN","url":"https:\/\/www.animenewsnetwork.com\/encyclopedia\/anime.php?id=2340"},{"name":"Wikipedia","url":"http:\/\/en.wikipedia.org\/wiki\/Sword_of_the_Stranger"},{"name":"Wikipedia","url":"https:\/\/ja.wikipedia.org\/wiki\/%E3%82%B9%E3%83%88%E3%83%AC%E3%83%B3%E3%83%82%E3%82%A2_%E7%84%A1%E7%9A%87%E5%88%83%E8%AD%9A"},{"name":"Syoboi","url":"https:\/\/cal.syoboi.jp\/tid\/1673"}],"streaming":[{"name":"Funimation","url":"https:\/\/www.funimation.com\/shows\/sword-of-the-stranger"}]}}