{"data":{"mal_id":24415,"url":"https:\/\/myanimelist.net\/anime\/24415\/Kuroko_no_Basket_3rd_Season","images":{"jpg":{"image_url":"https:\/\/cdn.myanimelist.net\/images\/anime\/4\/68299.jpg","small_image_url":"https:\/\/cdn.myanimelist.net\/images\/anime\/4\/68299t.jpg","large_image_url":"https:\/\/cdn.myanimelist.net\/images\/anime\/4\/68299l.jpg"},"webp":{"image_url":"https:\/\/cdn.myanimelist.net\/images\/anime\/4\/68299.webp","small_image_url":"https:\/\/cdn.myanimelist.net\/images\/anime\/4\/68299t.webp","large_image_url":"https:\/\/cdn.myanimelist.net\/images\/anime\/4\/68299l.webp"}},"trailer":{"youtube_id":"H1TvpW04Oxs","url":"https:\/\/www.youtube.com\/watch?v=H1TvpW04Oxs","embed_url":"https:\/\/www.youtube.com\/embed\/H1TvpW04Oxs?enablejsapi=1&wmode=opaque&autoplay=1","images":{"image_url":"https:\/\/img.youtube.com\/vi\/H1TvpW04Oxs\/default.jpg","small_image_url":"https:\/\/img.youtube.com\/vi\/H1TvpW04Oxs\/sddefault.jpg","medium_image_url":"https:\/\/img.youtube.com\/vi\/H1TvpW04Oxs\/mqdefault.jpg","large_image_url":"https:\/\/img.youtube.com\/vi\/H1TvpW04Oxs\/hqdefault.jpg","maximum_image_url":"https:\/\/img.youtube.com\/vi\/H1TvpW04Oxs\/maxresdefault.jpg"}},"approved":true,"titles":[{"type":"Default","title":"Kuroko no Basket 3rd Season"},{"type":"Synonym","title":"Kuroko no Basuke 3rd Season"},{"type":"Synonym","title":"The Basketball Which Kuroko Plays"},{"type":"Japanese","title":"\u9ed2\u5b50\u306e\u30d0\u30b9\u30b1"},{"type":"English","title":"Kuroko's Basketball 3"},{"type":"German","title":"Kuroko's Basket Staffel 3"},{"type":"Spanish","title":"Kuroko no Basket Temporada 3"},{"type":"French","title":"Kuroko's Basket Saison 3"}],"title":"Kuroko no Basket 3rd Season","title_english":"Kuroko's Basketball 3","title_japanese":"\u9ed2\u5b50\u306e\u30d0\u30b9\u30b1","title_synonyms":["Kuroko no Basuke 3rd Season","The Basketball Which Kuroko Plays"],"type":"TV","source":"Manga","episodes":25,"status":"Finished Airing","airing":false,"aired":{"from":"2015-01-11T00:00:00+00:00","to":"2015-06-30T00:00:00+00:00","prop":{"from":{"day":11,"month":1,"year":2015},"to":{"day":30,"month":6,"year":2015}},"string":"Jan 11, 2015 to Jun 30, 2015"},"duration":"24 min per ep","rating":"PG-13 - Teens 13 or older","score":8.3,"scored_by":460863,"rank":248,"popularity":247,"members":744577,"favorites":5091,"synopsis":"Seirin prepares to face major obstacles on their path to winning the Winter Cup, including the teams each possessing a member of the Generation of Miracles. Kuroko goes head-to-head with his old teammates once more as he attempts to show them that individual skill is not the only way to play basketball. His firm belief that his form of basketball, team play, is the right way to play the sport will clash with the talents of a perfect copy and an absolute authority.\n\nWhile Kuroko tries to prove that his basketball is \"right,\" he and the rest of Seirin High ultimately have one goal: to win the Winter Cup and overcome the strength of the Generation of Miracles, who have long dominated the scene of middle and high school basketball.\n\n[Written by MAL Rewrite]","background":null,"season":"winter","year":2015,"broadcast":{"day":"Sundays","time":"01:58","timezone":"Asia\/Tokyo","string":"Sundays at 01:58 (JST)"},"producers":[{"mal_id":23,"type":"anime","name":"Bandai Visual","url":"https:\/\/myanimelist.net\/anime\/producer\/23\/Bandai_Visual"},{"mal_id":104,"type":"anime","name":"Lantis","url":"https:\/\/myanimelist.net\/anime\/producer\/104\/Lantis"},{"mal_id":139,"type":"anime","name":"Nihon Ad Systems","url":"https:\/\/myanimelist.net\/anime\/producer\/139\/Nihon_Ad_Systems"},{"mal_id":1121,"type":"anime","name":"Banpresto","url":"https:\/\/myanimelist.net\/anime\/producer\/1121\/Banpresto"},{"mal_id":1365,"type":"anime","name":"Shueisha","url":"https:\/\/myanimelist.net\/anime\/producer\/1365\/Shueisha"},{"mal_id":1416,"type":"anime","name":"BS11","url":"https:\/\/myanimelist.net\/anime\/producer\/1416\/BS11"}],"licensors":[],"studios":[{"mal_id":10,"type":"anime","name":"Production I.G","url":"https:\/\/myanimelist.net\/anime\/producer\/10\/Production_IG"}],"genres":[{"mal_id":30,"type":"anime","name":"Sports","url":"https:\/\/myanimelist.net\/anime\/genre\/30\/Sports"}],"explicit_genres":[],"themes":[{"mal_id":23,"type":"anime","name":"School","url":"https:\/\/myanimelist.net\/anime\/genre\/23\/School"},{"mal_id":77,"type":"anime","name":"Team Sports","url":"https:\/\/myanimelist.net\/anime\/genre\/77\/Team_Sports"}],"demographics":[{"mal_id":27,"type":"anime","name":"Shounen","url":"https:\/\/myanimelist.net\/anime\/genre\/27\/Shounen"}],"relations":[{"relation":"Adaptation","entry":[{"mal_id":11652,"type":"manga","name":"Kuroko no Basket","url":"https:\/\/myanimelist.net\/manga\/11652\/Kuroko_no_Basket"}]},{"relation":"Prequel","entry":[{"mal_id":16894,"type":"anime","name":"Kuroko no Basket 2nd Season","url":"https:\/\/myanimelist.net\/anime\/16894\/Kuroko_no_Basket_2nd_Season"}]},{"relation":"Other","entry":[{"mal_id":30311,"type":"anime","name":"Kuroko no Basket 3rd Season NG-shuu","url":"https:\/\/myanimelist.net\/anime\/30311\/Kuroko_no_Basket_3rd_Season_NG-shuu"}]},{"relation":"Side story","entry":[{"mal_id":31051,"type":"anime","name":"Kuroko no Basket: Saikou no Present desu","url":"https:\/\/myanimelist.net\/anime\/31051\/Kuroko_no_Basket__Saikou_no_Present_desu"},{"mal_id":34784,"type":"anime","name":"Kuroko no Basket: Oshaberi Shiyou ka","url":"https:\/\/myanimelist.net\/anime\/34784\/Kuroko_no_Basket__Oshaberi_Shiyou_ka"}]},{"relation":"Sequel","entry":[{"mal_id":31658,"type":"anime","name":"Kuroko no Basket Movie 4: Last Game","url":"https:\/\/myanimelist.net\/anime\/31658\/Kuroko_no_Basket_Movie_4__Last_Game"}]},{"relation":"Summary","entry":[{"mal_id":32871,"type":"anime","name":"Kuroko no Basket Movie 3: Winter Cup - Tobira no Mukou","url":"https:\/\/myanimelist.net\/anime\/32871\/Kuroko_no_Basket_Movie_3__Winter_Cup_-_Tobira_no_Mukou"}]}],"theme":{"openings":["1: \"Punky Funky Love\" by GRANRODEO (eps 1-12)","2: \"ZERO\" by Kensho Ono (eps 13-16)","3: \"Memories (\u30e1\u30e2\u30ea\u30fc\u30ba)\" by GRANRODEO (eps 17-25)"],"endings":["1: \"GLITTER DAYS\" by Fo'xTails (eps 1-12)","2: \"Ambivalence (\u30a2\u30f3\u30d3\u30d0\u30ec\u30f3\u30b9)\" by SCREEN mode (eps 13-16)","3: \"Lantana\" by OLDCODEX (eps 17-25)"]},"external":[{"name":"Official Site","url":"http:\/\/www.kurobas.com\/"},{"name":"@kurobasanime","url":"https:\/\/twitter.com\/kurobasanime"},{"name":"AniDB","url":"https:\/\/anidb.net\/perl-bin\/animedb.pl?show=anime&aid=10662"},{"name":"ANN","url":"https:\/\/www.animenewsnetwork.com\/encyclopedia\/anime.php?id=16343"},{"name":"Wikipedia","url":"http:\/\/en.wikipedia.org\/wiki\/Kuroko%27s_Basketball"},{"name":"Wikipedia","url":"https:\/\/ja.wikipedia.org\/wiki\/%E9%BB%92%E5%AD%90%E3%81%AE%E3%83%90%E3%82%B9%E3%82%B1_(%E3%82%A2%E3%83%8B%E3%83%A1)"},{"name":"Syoboi","url":"https:\/\/cal.syoboi.jp\/tid\/3636"}],"streaming":[{"name":"Crunchyroll","url":"http:\/\/www.crunchyroll.com\/series-243974"},{"name":"Netflix","url":"https:\/\/www.netflix.com\/"}]}}