{"data":{"mal_id":2449,"url":"https:\/\/myanimelist.net\/anime\/2449\/Koukaku_Kidoutai__Stand_Alone_Complex_-_The_Laughing_Man","images":{"jpg":{"image_url":"https:\/\/cdn.myanimelist.net\/images\/anime\/3\/21835.jpg","small_image_url":"https:\/\/cdn.myanimelist.net\/images\/anime\/3\/21835t.jpg","large_image_url":"https:\/\/cdn.myanimelist.net\/images\/anime\/3\/21835l.jpg"},"webp":{"image_url":"https:\/\/cdn.myanimelist.net\/images\/anime\/3\/21835.webp","small_image_url":"https:\/\/cdn.myanimelist.net\/images\/anime\/3\/21835t.webp","large_image_url":"https:\/\/cdn.myanimelist.net\/images\/anime\/3\/21835l.webp"}},"trailer":{"youtube_id":null,"url":null,"embed_url":null,"images":{"image_url":null,"small_image_url":null,"medium_image_url":null,"large_image_url":null,"maximum_image_url":null}},"approved":true,"titles":[{"type":"Default","title":"Koukaku Kidoutai: Stand Alone Complex - The Laughing Man"},{"type":"Japanese","title":"\u653b\u6bbb\u6a5f\u52d5\u968a Stand Alone Complex - The Laughing Man"},{"type":"English","title":"Ghost in the Shell: Stand Alone Complex - The Laughing Man"},{"type":"German","title":"Ghost in the Shell: Stand Alone Complex 2nd GIG"},{"type":"Spanish","title":"Ghost in the Shell: Stand Alone Complex - The Laughing Man"},{"type":"French","title":"Ghost in the Shell: Stand Alone Complex - The Laughing Man"}],"title":"Koukaku Kidoutai: Stand Alone Complex - The Laughing Man","title_english":"Ghost in the Shell: Stand Alone Complex - The Laughing Man","title_japanese":"\u653b\u6bbb\u6a5f\u52d5\u968a Stand Alone Complex - The Laughing Man","title_synonyms":[],"type":"Special","source":"Manga","episodes":1,"status":"Finished Airing","airing":false,"aired":{"from":"2005-09-23T00:00:00+00:00","to":null,"prop":{"from":{"day":23,"month":9,"year":2005},"to":{"day":null,"month":null,"year":null}},"string":"Sep 23, 2005"},"duration":"2 hr 40 min","rating":"R - 17+ (violence & profanity)","score":8.07,"scored_by":15701,"rank":516,"popularity":3399,"members":40101,"favorites":57,"synopsis":"In 2024, the terrorist incident known as \"The Laughing Man Incident\" occurred in which Ernest Serano, president of the groundbreaking micromachine company, Serano Genomics, was kidnapped and ransomed. One day, the case having remained unsolved for six years, Detective Yamaguchi, who has been investigating \"The Laughing Man Incident,\" sends word that he wants to meet with Togusa from Public Safety Section 9. However, soon after sending this message, Yamaguchi, crucial to the success of the case, dies in an accident. Many days pass and in the midst of a police interview relay concerning suspicions behind interceptors, a forewarning is received from \"The Laughing Man\" of his next crime. The incorporeal hacker begins to move once again.\n\n(Source: ANN)","background":null,"season":null,"year":null,"broadcast":{"day":null,"time":null,"timezone":null,"string":null},"producers":[{"mal_id":23,"type":"anime","name":"Bandai Visual","url":"https:\/\/myanimelist.net\/anime\/producer\/23\/Bandai_Visual"},{"mal_id":140,"type":"anime","name":"Animax","url":"https:\/\/myanimelist.net\/anime\/producer\/140\/Animax"},{"mal_id":159,"type":"anime","name":"Kodansha","url":"https:\/\/myanimelist.net\/anime\/producer\/159\/Kodansha"}],"licensors":[{"mal_id":233,"type":"anime","name":"Bandai Entertainment","url":"https:\/\/myanimelist.net\/anime\/producer\/233\/Bandai_Entertainment"},{"mal_id":947,"type":"anime","name":"Manga Entertainment","url":"https:\/\/myanimelist.net\/anime\/producer\/947\/Manga_Entertainment"}],"studios":[{"mal_id":10,"type":"anime","name":"Production I.G","url":"https:\/\/myanimelist.net\/anime\/producer\/10\/Production_IG"}],"genres":[{"mal_id":1,"type":"anime","name":"Action","url":"https:\/\/myanimelist.net\/anime\/genre\/1\/Action"},{"mal_id":7,"type":"anime","name":"Mystery","url":"https:\/\/myanimelist.net\/anime\/genre\/7\/Mystery"},{"mal_id":24,"type":"anime","name":"Sci-Fi","url":"https:\/\/myanimelist.net\/anime\/genre\/24\/Sci-Fi"}],"explicit_genres":[],"themes":[{"mal_id":50,"type":"anime","name":"Adult Cast","url":"https:\/\/myanimelist.net\/anime\/genre\/50\/Adult_Cast"},{"mal_id":39,"type":"anime","name":"Detective","url":"https:\/\/myanimelist.net\/anime\/genre\/39\/Detective"},{"mal_id":18,"type":"anime","name":"Mecha","url":"https:\/\/myanimelist.net\/anime\/genre\/18\/Mecha"},{"mal_id":40,"type":"anime","name":"Psychological","url":"https:\/\/myanimelist.net\/anime\/genre\/40\/Psychological"}],"demographics":[{"mal_id":42,"type":"anime","name":"Seinen","url":"https:\/\/myanimelist.net\/anime\/genre\/42\/Seinen"}],"relations":[{"relation":"Adaptation","entry":[{"mal_id":80473,"type":"manga","name":"Koukaku Kidoutai: Stand Alone Complex - The Laughing Man","url":"https:\/\/myanimelist.net\/manga\/80473\/Koukaku_Kidoutai__Stand_Alone_Complex_-_The_Laughing_Man"}]},{"relation":"Full story","entry":[{"mal_id":467,"type":"anime","name":"Koukaku Kidoutai: Stand Alone Complex","url":"https:\/\/myanimelist.net\/anime\/467\/Koukaku_Kidoutai__Stand_Alone_Complex"}]},{"relation":"Sequel","entry":[{"mal_id":2448,"type":"anime","name":"Koukaku Kidoutai: Stand Alone Complex 2nd GIG - Individual Eleven","url":"https:\/\/myanimelist.net\/anime\/2448\/Koukaku_Kidoutai__Stand_Alone_Complex_2nd_GIG_-_Individual_Eleven"}]},{"relation":"Side story","entry":[{"mal_id":10947,"type":"anime","name":"Koukaku Kidoutai: Stand Alone Complex - The Laughing Man - Tachikoma na Hibi","url":"https:\/\/myanimelist.net\/anime\/10947\/Koukaku_Kidoutai__Stand_Alone_Complex_-_The_Laughing_Man_-_Tachikoma_na_Hibi"}]}],"theme":{"openings":[],"endings":["\"Inner Universe\" by Origa"]},"external":[{"name":"Official Site","url":"http:\/\/www.production-ig.co.jp\/contents\/works_sp\/0950_\/index.html"},{"name":"AniDB","url":"https:\/\/anidb.net\/perl-bin\/animedb.pl?show=anime&aid=3431"},{"name":"ANN","url":"https:\/\/www.animenewsnetwork.com\/encyclopedia\/anime.php?id=5644"}],"streaming":[]}}