{"data":{"mal_id":2450,"url":"https:\/\/myanimelist.net\/anime\/2450\/Crayon_Shin-chan_Movie_09__Arashi_wo_Yobu_Mouretsu_Otona_Teikoku_no_Gyakushuu","images":{"jpg":{"image_url":"https:\/\/cdn.myanimelist.net\/images\/anime\/1824\/94859.jpg","small_image_url":"https:\/\/cdn.myanimelist.net\/images\/anime\/1824\/94859t.jpg","large_image_url":"https:\/\/cdn.myanimelist.net\/images\/anime\/1824\/94859l.jpg"},"webp":{"image_url":"https:\/\/cdn.myanimelist.net\/images\/anime\/1824\/94859.webp","small_image_url":"https:\/\/cdn.myanimelist.net\/images\/anime\/1824\/94859t.webp","large_image_url":"https:\/\/cdn.myanimelist.net\/images\/anime\/1824\/94859l.webp"}},"trailer":{"youtube_id":"5ei4d2vdLr4","url":"https:\/\/www.youtube.com\/watch?v=5ei4d2vdLr4","embed_url":"https:\/\/www.youtube.com\/embed\/5ei4d2vdLr4?enablejsapi=1&wmode=opaque&autoplay=1","images":{"image_url":"https:\/\/img.youtube.com\/vi\/5ei4d2vdLr4\/default.jpg","small_image_url":"https:\/\/img.youtube.com\/vi\/5ei4d2vdLr4\/sddefault.jpg","medium_image_url":"https:\/\/img.youtube.com\/vi\/5ei4d2vdLr4\/mqdefault.jpg","large_image_url":"https:\/\/img.youtube.com\/vi\/5ei4d2vdLr4\/hqdefault.jpg","maximum_image_url":"https:\/\/img.youtube.com\/vi\/5ei4d2vdLr4\/maxresdefault.jpg"}},"approved":true,"titles":[{"type":"Default","title":"Crayon Shin-chan Movie 09: Arashi wo Yobu Mouretsu! Otona Teikoku no Gyakushuu"},{"type":"Synonym","title":"Eiga Crayon Shin-chan: Arashi wo Yobu Mouretsu! Otona Teikoku Gyakushuu"},{"type":"Synonym","title":"Crayon Shin-chan: The Storm Called: The Adult Empire Strikes Back"},{"type":"Japanese","title":"\u6620\u753b\u3000\u30af\u30ec\u30e8\u30f3\u3057\u3093\u3061\u3083\u3093\u3000\u5d50\u3092\u547c\u3076\u30e2\u30fc\u30ec\u30c4\uff01\u30aa\u30c8\u30ca\u5e1d\u56fd\u306e\u9006\u8972"},{"type":"Spanish","title":"Shin chan Pel\u00edcula 9: \u00a1Los Adultos Contraatacan!"}],"title":"Crayon Shin-chan Movie 09: Arashi wo Yobu Mouretsu! Otona Teikoku no Gyakushuu","title_english":null,"title_japanese":"\u6620\u753b\u3000\u30af\u30ec\u30e8\u30f3\u3057\u3093\u3061\u3083\u3093\u3000\u5d50\u3092\u547c\u3076\u30e2\u30fc\u30ec\u30c4\uff01\u30aa\u30c8\u30ca\u5e1d\u56fd\u306e\u9006\u8972","title_synonyms":["Eiga Crayon Shin-chan: Arashi wo Yobu Mouretsu! Otona Teikoku Gyakushuu","Crayon Shin-chan: The Storm Called: The Adult Empire Strikes Back"],"type":"Movie","source":"Manga","episodes":1,"status":"Finished Airing","airing":false,"aired":{"from":"2001-04-21T00:00:00+00:00","to":null,"prop":{"from":{"day":21,"month":4,"year":2001},"to":{"day":null,"month":null,"year":null}},"string":"Apr 21, 2001"},"duration":"1 hr 29 min","rating":"G - All Ages","score":7.86,"scored_by":5356,"rank":828,"popularity":6241,"members":9844,"favorites":108,"synopsis":"Adult people all over Japan had been captivated by 20th Century Expo, theme parks that reenacted good old days of the 1970s (the last days of Japan's high economic growth). One day the adults disappeared into the theme parks, leaving their children abandoned. That was a plot by \"Yesterday Once More,\" an organization who despises the 21st century and tries to bring Japan back to the 20th century with the dreams and hopes. Shinnosuke and his parents, Hiroshi and Misae, fight against the plot of \"Yesterday Once More\" in order to live together with family in the 21st century.\n\n(Source: Manabu Tsuribe)","background":null,"season":null,"year":null,"broadcast":{"day":null,"time":null,"timezone":null,"string":null},"producers":[{"mal_id":55,"type":"anime","name":"TV Asahi","url":"https:\/\/myanimelist.net\/anime\/producer\/55\/TV_Asahi"},{"mal_id":142,"type":"anime","name":"Asatsu DK","url":"https:\/\/myanimelist.net\/anime\/producer\/142\/Asatsu_DK"}],"licensors":[],"studios":[{"mal_id":247,"type":"anime","name":"Shin-Ei Animation","url":"https:\/\/myanimelist.net\/anime\/producer\/247\/Shin-Ei_Animation"}],"genres":[{"mal_id":4,"type":"anime","name":"Comedy","url":"https:\/\/myanimelist.net\/anime\/genre\/4\/Comedy"},{"mal_id":24,"type":"anime","name":"Sci-Fi","url":"https:\/\/myanimelist.net\/anime\/genre\/24\/Sci-Fi"}],"explicit_genres":[],"themes":[],"demographics":[{"mal_id":42,"type":"anime","name":"Seinen","url":"https:\/\/myanimelist.net\/anime\/genre\/42\/Seinen"}],"relations":[{"relation":"Parent story","entry":[{"mal_id":966,"type":"anime","name":"Crayon Shin-chan","url":"https:\/\/myanimelist.net\/anime\/966\/Crayon_Shin-chan"}]},{"relation":"Sequel","entry":[{"mal_id":3744,"type":"anime","name":"Crayon Shin-chan Movie 10: Arashi wo Yobu Appare! Sengoku Daikassen","url":"https:\/\/myanimelist.net\/anime\/3744\/Crayon_Shin-chan_Movie_10__Arashi_wo_Yobu_Appare_Sengoku_Daikassen"}]},{"relation":"Prequel","entry":[{"mal_id":8362,"type":"anime","name":"Crayon Shin-chan Movie 08: Arashi wo Yobu Jungle","url":"https:\/\/myanimelist.net\/anime\/8362\/Crayon_Shin-chan_Movie_08__Arashi_wo_Yobu_Jungle"}]}],"theme":{"openings":["\"Dame Dame no Uta\" by Lady Q, Akiko Yajima, Miki Narahashi"],"endings":["\"Genki de Ite ne\" by Sachiko Kobayashi"]},"external":[{"name":"AniDB","url":"https:\/\/anidb.net\/perl-bin\/animedb.pl?show=anime&aid=4622"},{"name":"ANN","url":"https:\/\/www.animenewsnetwork.com\/encyclopedia\/anime.php?id=2684"},{"name":"Wikipedia","url":"http:\/\/en.wikipedia.org\/wiki\/Crayon_Shin_Chan#Movies"}],"streaming":[]}}