{"data":{"mal_id":24543,"url":"https:\/\/myanimelist.net\/anime\/24543\/Persona_3_the_Movie_3__Falling_Down","images":{"jpg":{"image_url":"https:\/\/cdn.myanimelist.net\/images\/anime\/8\/72443.jpg","small_image_url":"https:\/\/cdn.myanimelist.net\/images\/anime\/8\/72443t.jpg","large_image_url":"https:\/\/cdn.myanimelist.net\/images\/anime\/8\/72443l.jpg"},"webp":{"image_url":"https:\/\/cdn.myanimelist.net\/images\/anime\/8\/72443.webp","small_image_url":"https:\/\/cdn.myanimelist.net\/images\/anime\/8\/72443t.webp","large_image_url":"https:\/\/cdn.myanimelist.net\/images\/anime\/8\/72443l.webp"}},"trailer":{"youtube_id":"p-vdRPsWqCs","url":"https:\/\/www.youtube.com\/watch?v=p-vdRPsWqCs","embed_url":"https:\/\/www.youtube.com\/embed\/p-vdRPsWqCs?enablejsapi=1&wmode=opaque&autoplay=1","images":{"image_url":"https:\/\/img.youtube.com\/vi\/p-vdRPsWqCs\/default.jpg","small_image_url":"https:\/\/img.youtube.com\/vi\/p-vdRPsWqCs\/sddefault.jpg","medium_image_url":"https:\/\/img.youtube.com\/vi\/p-vdRPsWqCs\/mqdefault.jpg","large_image_url":"https:\/\/img.youtube.com\/vi\/p-vdRPsWqCs\/hqdefault.jpg","maximum_image_url":"https:\/\/img.youtube.com\/vi\/p-vdRPsWqCs\/maxresdefault.jpg"}},"approved":true,"titles":[{"type":"Default","title":"Persona 3 the Movie 3: Falling Down"},{"type":"Japanese","title":"PERSONA3 THE MOVIE \u2014#3 Falling Down\u2014"},{"type":"English","title":"Persona 3 the Movie: #3 Falling Down"},{"type":"German","title":"Persona 3 The Movie - #3 Falling Down"}],"title":"Persona 3 the Movie 3: Falling Down","title_english":"Persona 3 the Movie: #3 Falling Down","title_japanese":"PERSONA3 THE MOVIE \u2014#3 Falling Down\u2014","title_synonyms":[],"type":"Movie","source":"Game","episodes":1,"status":"Finished Airing","airing":false,"aired":{"from":"2015-04-04T00:00:00+00:00","to":null,"prop":{"from":{"day":4,"month":4,"year":2015},"to":{"day":null,"month":null,"year":null}},"string":"Apr 4, 2015"},"duration":"1 hr 27 min","rating":"R - 17+ (violence & profanity)","score":7.6,"scored_by":35890,"rank":1443,"popularity":2417,"members":73650,"favorites":217,"synopsis":"As the fall season nears its end, Chidori Yoshino, a member of Strega, abducts Junpei Iori. Meanwhile, Makoto Yuuki and the Specialized Extracurricular Execution Squad (SEES) annihilate the Arcana Hanged Man. Soon after, a mysterious playboy named Ryouji Mochizuki transfers into Gekkoukan High School's Class 2-F.\n\nSupposedly having achieved their goal, the members of SEES believe they are free from the battle that has ruthlessly stolen away the lives of their loved ones. And yet, Tartarus and the Dark Hour continue to exist, undeterred by the extermination of the twelfth Shadow. Distraught by their apparent failure, SEES must cope with their personal struggles and discover whose sake they fight for. As Makoto and Junpei's journeys of self-discovery progress, Ryouji's identity and the reason behind Aegis's hate for him become clear.\n\n[Written by MAL Rewrite]","background":null,"season":null,"year":null,"broadcast":{"day":null,"time":null,"timezone":null,"string":null},"producers":[{"mal_id":17,"type":"anime","name":"Aniplex","url":"https:\/\/myanimelist.net\/anime\/producer\/17\/Aniplex"},{"mal_id":344,"type":"anime","name":"Atlus","url":"https:\/\/myanimelist.net\/anime\/producer\/344\/Atlus"}],"licensors":[{"mal_id":493,"type":"anime","name":"Aniplex of America","url":"https:\/\/myanimelist.net\/anime\/producer\/493\/Aniplex_of_America"}],"studios":[{"mal_id":56,"type":"anime","name":"A-1 Pictures","url":"https:\/\/myanimelist.net\/anime\/producer\/56\/A-1_Pictures"}],"genres":[{"mal_id":1,"type":"anime","name":"Action","url":"https:\/\/myanimelist.net\/anime\/genre\/1\/Action"},{"mal_id":10,"type":"anime","name":"Fantasy","url":"https:\/\/myanimelist.net\/anime\/genre\/10\/Fantasy"},{"mal_id":37,"type":"anime","name":"Supernatural","url":"https:\/\/myanimelist.net\/anime\/genre\/37\/Supernatural"}],"explicit_genres":[],"themes":[],"demographics":[],"relations":[{"relation":"Prequel","entry":[{"mal_id":21473,"type":"anime","name":"Persona 3 the Movie 2: Midsummer Knight's Dream","url":"https:\/\/myanimelist.net\/anime\/21473\/Persona_3_the_Movie_2__Midsummer_Knights_Dream"}]},{"relation":"Sequel","entry":[{"mal_id":31149,"type":"anime","name":"Persona 3 the Movie 4: Winter of Rebirth","url":"https:\/\/myanimelist.net\/anime\/31149\/Persona_3_the_Movie_4__Winter_of_Rebirth"}]}],"theme":{"openings":["\"One Determination\" by Lotus Juice feat. Yumi Kawamura (\u5ddd\u6751\u3086\u307f)"],"endings":["\"Light in Starless Sky\" by Yumi Kawamura & Lotus Juice"]},"external":[{"name":"Official Site","url":"http:\/\/www.p3m.jp\/"},{"name":"AniDB","url":"https:\/\/anidb.net\/perl-bin\/animedb.pl?show=anime&aid=9299"},{"name":"ANN","url":"https:\/\/www.animenewsnetwork.com\/encyclopedia\/anime.php?id=16103"},{"name":"Wikipedia","url":"https:\/\/en.wikipedia.org\/wiki\/Persona_3_The_Movie:_No._3,_Falling_Down"}],"streaming":[{"name":"Netflix","url":"https:\/\/www.netflix.com\/"}]}}