{"data":{"mal_id":2454,"url":"https:\/\/myanimelist.net\/anime\/2454\/Kimagure_Orange\u2606Road__Ano_Hi_ni_Kaeritai","images":{"jpg":{"image_url":"https:\/\/cdn.myanimelist.net\/images\/anime\/1142\/106021.jpg","small_image_url":"https:\/\/cdn.myanimelist.net\/images\/anime\/1142\/106021t.jpg","large_image_url":"https:\/\/cdn.myanimelist.net\/images\/anime\/1142\/106021l.jpg"},"webp":{"image_url":"https:\/\/cdn.myanimelist.net\/images\/anime\/1142\/106021.webp","small_image_url":"https:\/\/cdn.myanimelist.net\/images\/anime\/1142\/106021t.webp","large_image_url":"https:\/\/cdn.myanimelist.net\/images\/anime\/1142\/106021l.webp"}},"trailer":{"youtube_id":null,"url":null,"embed_url":null,"images":{"image_url":null,"small_image_url":null,"medium_image_url":null,"large_image_url":null,"maximum_image_url":null}},"approved":true,"titles":[{"type":"Default","title":"Kimagure Orange\u2606Road: Ano Hi ni Kaeritai"},{"type":"Synonym","title":"Kimagure Orange Road: Ano Hi ni Kaeritai"},{"type":"Synonym","title":"Kimagure Orange Road Movie"},{"type":"Japanese","title":"\u304d\u307e\u3050\u308c\u30aa\u30ec\u30f3\u30b8\u2605\u30ed\u30fc\u30c9\u3000\u3042\u306e\u65e5\u306b\u304b\u3048\u308a\u305f\u3044"},{"type":"English","title":"Kimagure Orange Road: I Want to Return to That Day"},{"type":"Spanish","title":"Kimagure Orange Road: Quiero Volver a ese D\u00eda. La Pel\u00edcula"},{"type":"French","title":"Kimagure Orange Road: Max et Compagnie - Le Film"}],"title":"Kimagure Orange\u2606Road: Ano Hi ni Kaeritai","title_english":"Kimagure Orange Road: I Want to Return to That Day","title_japanese":"\u304d\u307e\u3050\u308c\u30aa\u30ec\u30f3\u30b8\u2605\u30ed\u30fc\u30c9\u3000\u3042\u306e\u65e5\u306b\u304b\u3048\u308a\u305f\u3044","title_synonyms":["Kimagure Orange Road: Ano Hi ni Kaeritai","Kimagure Orange Road Movie"],"type":"Movie","source":"Manga","episodes":1,"status":"Finished Airing","airing":false,"aired":{"from":"1988-10-01T00:00:00+00:00","to":null,"prop":{"from":{"day":1,"month":10,"year":1988},"to":{"day":null,"month":null,"year":null}},"string":"Oct 1, 1988"},"duration":"1 hr 9 min","rating":"R - 17+ (violence & profanity)","score":7.63,"scored_by":4870,"rank":1348,"popularity":6209,"members":9935,"favorites":51,"synopsis":"Years have passed since Kyousuke Kasuga became entangled in a love triangle with the childish Hikaru Hiyama and the elegant Madoka Ayukawa. Now in their final year of high school, Madoka and Kyousuke are thoroughly occupied preparing for their college entrance exams. Hikaru, not yet close to graduation, struggles with the realization that her two closest friends are leaving her. With the threat of separation looming over the horizon, Kyousuke is finally forced to decide who he loves\u2014no matter how painful it may be.\n\n[Written by MAL Rewrite]","background":"Kimagure Orange\u2606Road: Ano Hi ni Kaeritai was released on DVD as Kimagure Orange Road: I Want to Return to That Day by AnimEigo on May 11, 2004. The film was remastered by Discotek Media and re-released on Blu-ray alongside Kimagure Orange\u2606Road OVA on August 27, 2019.","season":null,"year":null,"broadcast":{"day":null,"time":null,"timezone":null,"string":null},"producers":[],"licensors":[{"mal_id":467,"type":"anime","name":"Discotek Media","url":"https:\/\/myanimelist.net\/anime\/producer\/467\/Discotek_Media"}],"studios":[{"mal_id":1,"type":"anime","name":"Pierrot","url":"https:\/\/myanimelist.net\/anime\/producer\/1\/Pierrot"}],"genres":[{"mal_id":4,"type":"anime","name":"Comedy","url":"https:\/\/myanimelist.net\/anime\/genre\/4\/Comedy"},{"mal_id":8,"type":"anime","name":"Drama","url":"https:\/\/myanimelist.net\/anime\/genre\/8\/Drama"},{"mal_id":22,"type":"anime","name":"Romance","url":"https:\/\/myanimelist.net\/anime\/genre\/22\/Romance"}],"explicit_genres":[],"themes":[],"demographics":[{"mal_id":27,"type":"anime","name":"Shounen","url":"https:\/\/myanimelist.net\/anime\/genre\/27\/Shounen"}],"relations":[{"relation":"Prequel","entry":[{"mal_id":1087,"type":"anime","name":"Kimagure Orange\u2606Road","url":"https:\/\/myanimelist.net\/anime\/1087\/Kimagure_Orange\u2606Road"}]},{"relation":"Sequel","entry":[{"mal_id":2098,"type":"anime","name":"Shin Kimagure Orange\u2606Road: Soshite, Ano Natsu no Hajimari","url":"https:\/\/myanimelist.net\/anime\/2098\/Shin_Kimagure_Orange\u2606Road__Soshite_Ano_Natsu_no_Hajimari"}]}],"theme":{"openings":[],"endings":["\"Ano Sora wo Dakishimete (\u3042\u306e\u7a7a\u3092\u62b1\u304d\u3057\u3081\u3066)\" by Kanako Wada"]},"external":[{"name":"AniDB","url":"https:\/\/anidb.net\/perl-bin\/animedb.pl?show=anime&aid=576"},{"name":"ANN","url":"https:\/\/www.animenewsnetwork.com\/encyclopedia\/anime.php?id=493"},{"name":"Wikipedia","url":"http:\/\/en.wikipedia.org\/wiki\/Kimagure_Orange_Road"}],"streaming":[{"name":"Crunchyroll","url":"http:\/\/www.crunchyroll.com\/series-277978"}]}}