{"data":{"mal_id":2458,"url":"https:\/\/myanimelist.net\/anime\/2458\/Kimagure_Orange\u2606Road_OVA","images":{"jpg":{"image_url":"https:\/\/cdn.myanimelist.net\/images\/anime\/1022\/107653.jpg","small_image_url":"https:\/\/cdn.myanimelist.net\/images\/anime\/1022\/107653t.jpg","large_image_url":"https:\/\/cdn.myanimelist.net\/images\/anime\/1022\/107653l.jpg"},"webp":{"image_url":"https:\/\/cdn.myanimelist.net\/images\/anime\/1022\/107653.webp","small_image_url":"https:\/\/cdn.myanimelist.net\/images\/anime\/1022\/107653t.webp","large_image_url":"https:\/\/cdn.myanimelist.net\/images\/anime\/1022\/107653l.webp"}},"trailer":{"youtube_id":null,"url":null,"embed_url":null,"images":{"image_url":null,"small_image_url":null,"medium_image_url":null,"large_image_url":null,"maximum_image_url":null}},"approved":true,"titles":[{"type":"Default","title":"Kimagure Orange\u2606Road OVA"},{"type":"Japanese","title":"\u304d\u307e\u3050\u308c\u30aa\u30ec\u30f3\u30b8\u2606\u30ed\u30fc\u30c9"},{"type":"English","title":"Kimagure Orange Road OVA"},{"type":"Spanish","title":"Kimagure Orange Road Ovas"},{"type":"French","title":"Kimagure Orange Road: Max et Compagnie - OAV"}],"title":"Kimagure Orange\u2606Road OVA","title_english":"Kimagure Orange Road OVA","title_japanese":"\u304d\u307e\u3050\u308c\u30aa\u30ec\u30f3\u30b8\u2606\u30ed\u30fc\u30c9","title_synonyms":[],"type":"OVA","source":"Manga","episodes":8,"status":"Finished Airing","airing":false,"aired":{"from":"1989-03-01T00:00:00+00:00","to":"1991-01-18T00:00:00+00:00","prop":{"from":{"day":1,"month":3,"year":1989},"to":{"day":18,"month":1,"year":1991}},"string":"Mar 1, 1989 to Jan 18, 1991"},"duration":"26 min per ep","rating":"R - 17+ (violence & profanity)","score":7.36,"scored_by":3562,"rank":2337,"popularity":6803,"members":8049,"favorites":18,"synopsis":"Shiroi Koibito-tachi\nKyousuke Kasuga and his friends are staying at his grandparent's house over winter break on a skiing trip. Everyone is excited until they hear about a curse that spells doom for couples who go down the mountain together. With a net of relationships and crushes on the line, the group's plans are suddenly upended.\n\nHawaiian Suspense\nKyousuke and Madoka Ayukawa's trip to Hawaii takes an abrupt turn for the worse when Hikaru Hiyama gets kidnapped! Kyousuke has to find a way to rescue her without revealing his paranormal powers to Madoka.\n\nWagahai wa Neko de Attari Osakana de Attari\nWhile studying for exams, Kyousuke wishes that he could switch places with his pet cat or fish so he could have an easier life. But when his grandfather arrives with a magic rope that can be used to swap bodies, Kyousuke finds out he might have gotten himself in too deep.\n\nHurricane! Henshin Shoujo Akane\nWhen Kyousuke's cousin, Akane, comes to visit, she stirs up antics with her ability to cast illusions. Things get even crazier when Akane falls for Madoka and becomes Kyousuke's rival in love.\n\nKoi no Stage=Heart on Fire!\nAs Kyousuke helps to prepare for a local music festival, a popular idol crashes into him and they switch bodies! Now, Kyousuke must get his body back and prevent his secret from getting out before the show begins.\n\nOmoi Gakenai Situation\nKyousuke has a foreboding dream where Akane attempts to seduce him. Disgusted after having inappropriate thoughts about his cousin, Kyousuke is shocked when she actually asks him to pose as her boyfriend in front of her friends.\n\nRouge no Dengon\nMadoka's father is in Japan for a performance, and she is excited for the rare opportunity to see him. When she sees her father with a strange woman, however, her emotions are thrown into disarray.\n\n[Written by MAL Rewrite]","background":"Kimagure Orange\u2606Road OVA was remastered by Discotek Media and was bundled with the Blu-ray release of Kimagure Orange\u2606Road: Ano Hi ni Kaeritai on August 27, 2019.","season":null,"year":null,"broadcast":{"day":null,"time":null,"timezone":null,"string":null},"producers":[],"licensors":[{"mal_id":310,"type":"anime","name":"AnimEigo","url":"https:\/\/myanimelist.net\/anime\/producer\/310\/AnimEigo"},{"mal_id":467,"type":"anime","name":"Discotek Media","url":"https:\/\/myanimelist.net\/anime\/producer\/467\/Discotek_Media"}],"studios":[{"mal_id":1,"type":"anime","name":"Pierrot","url":"https:\/\/myanimelist.net\/anime\/producer\/1\/Pierrot"}],"genres":[{"mal_id":4,"type":"anime","name":"Comedy","url":"https:\/\/myanimelist.net\/anime\/genre\/4\/Comedy"},{"mal_id":8,"type":"anime","name":"Drama","url":"https:\/\/myanimelist.net\/anime\/genre\/8\/Drama"},{"mal_id":22,"type":"anime","name":"Romance","url":"https:\/\/myanimelist.net\/anime\/genre\/22\/Romance"}],"explicit_genres":[],"themes":[{"mal_id":23,"type":"anime","name":"School","url":"https:\/\/myanimelist.net\/anime\/genre\/23\/School"}],"demographics":[{"mal_id":27,"type":"anime","name":"Shounen","url":"https:\/\/myanimelist.net\/anime\/genre\/27\/Shounen"}],"relations":[{"relation":"Adaptation","entry":[{"mal_id":1407,"type":"manga","name":"Kimagure Orange\u2606Road","url":"https:\/\/myanimelist.net\/manga\/1407\/Kimagure_Orange\u2606Road"}]},{"relation":"Parent story","entry":[{"mal_id":1087,"type":"anime","name":"Kimagure Orange\u2606Road","url":"https:\/\/myanimelist.net\/anime\/1087\/Kimagure_Orange\u2606Road"}]}],"theme":{"openings":["1: \"Kagami no Naka no Actress\" by Meiko Nakahara (eps 1-2)","2: \"Choose me\" by Yuiko Tsubokura (eps 3-8)"],"endings":["1: \"Dance in the memories\" by Meiko Nakahara (eps 1-2)","2: \"Tokidoki Blue\" by Yuka Tachibana (eps 3-6)","3: \"Mou Hitotsu no Yesterday\" by Kanako Wada (eps 7-8)"]},"external":[{"name":"AniDB","url":"https:\/\/anidb.net\/perl-bin\/animedb.pl?show=anime&aid=283"},{"name":"ANN","url":"https:\/\/www.animenewsnetwork.com\/encyclopedia\/anime.php?id=492"}],"streaming":[{"name":"Crunchyroll","url":"http:\/\/www.crunchyroll.com\/series-277978"}]}}