{"data":{"mal_id":24765,"url":"https:\/\/myanimelist.net\/anime\/24765\/Gakkougurashi","images":{"jpg":{"image_url":"https:\/\/cdn.myanimelist.net\/images\/anime\/1798\/91548.jpg","small_image_url":"https:\/\/cdn.myanimelist.net\/images\/anime\/1798\/91548t.jpg","large_image_url":"https:\/\/cdn.myanimelist.net\/images\/anime\/1798\/91548l.jpg"},"webp":{"image_url":"https:\/\/cdn.myanimelist.net\/images\/anime\/1798\/91548.webp","small_image_url":"https:\/\/cdn.myanimelist.net\/images\/anime\/1798\/91548t.webp","large_image_url":"https:\/\/cdn.myanimelist.net\/images\/anime\/1798\/91548l.webp"}},"trailer":{"youtube_id":"mYyu0yys5Ks","url":"https:\/\/www.youtube.com\/watch?v=mYyu0yys5Ks","embed_url":"https:\/\/www.youtube.com\/embed\/mYyu0yys5Ks?enablejsapi=1&wmode=opaque&autoplay=1","images":{"image_url":"https:\/\/img.youtube.com\/vi\/mYyu0yys5Ks\/default.jpg","small_image_url":"https:\/\/img.youtube.com\/vi\/mYyu0yys5Ks\/sddefault.jpg","medium_image_url":"https:\/\/img.youtube.com\/vi\/mYyu0yys5Ks\/mqdefault.jpg","large_image_url":"https:\/\/img.youtube.com\/vi\/mYyu0yys5Ks\/hqdefault.jpg","maximum_image_url":"https:\/\/img.youtube.com\/vi\/mYyu0yys5Ks\/maxresdefault.jpg"}},"approved":true,"titles":[{"type":"Default","title":"Gakkougurashi!"},{"type":"Synonym","title":"Gakkou Gurashi!"},{"type":"Japanese","title":"\u304c\u3063\u3053\u3046\u3050\u3089\u3057\uff01"},{"type":"English","title":"School-Live!"},{"type":"German","title":"School-Live!"},{"type":"Spanish","title":"School-Live!: Gakkougurashi!"},{"type":"French","title":"School-Live!"}],"title":"Gakkougurashi!","title_english":"School-Live!","title_japanese":"\u304c\u3063\u3053\u3046\u3050\u3089\u3057\uff01","title_synonyms":["Gakkou Gurashi!"],"type":"TV","source":"Manga","episodes":12,"status":"Finished Airing","airing":false,"aired":{"from":"2015-07-09T00:00:00+00:00","to":"2015-09-24T00:00:00+00:00","prop":{"from":{"day":9,"month":7,"year":2015},"to":{"day":24,"month":9,"year":2015}},"string":"Jul 9, 2015 to Sep 24, 2015"},"duration":"24 min per ep","rating":"R - 17+ (violence & profanity)","score":7.62,"scored_by":214999,"rank":1378,"popularity":490,"members":443865,"favorites":5410,"synopsis":"Carefree high school senior Yuki Takeya every day looks forward to the School Living Club. Consisting of the president Yuuri Wakasa, the athletic Kurumi Ebisuzawa, the mature Miki Naoki, the supervising teacher Megumi Sakura, and club dog Taroumaru, the club prides itself on making the most of life at school. There is only one rule the club members have to follow: all members must live their entire lives within school grounds.\n\nGakkougurashi! follows the adventures of the School Living Club as they promote independence and self-determination through their lively time residing at Megurigaoka Private High School.\n\n[Written by MAL Rewrite]","background":"Gakkougurashi! adapts the first 5 volumes of the manga.","season":"summer","year":2015,"broadcast":{"day":"Thursdays","time":"21:30","timezone":"Asia\/Tokyo","string":"Thursdays at 21:30 (JST)"},"producers":[{"mal_id":64,"type":"anime","name":"Sotsu","url":"https:\/\/myanimelist.net\/anime\/producer\/64\/Sotsu"},{"mal_id":459,"type":"anime","name":"Nitroplus","url":"https:\/\/myanimelist.net\/anime\/producer\/459\/Nitroplus"},{"mal_id":1113,"type":"anime","name":"NBCUniversal Entertainment Japan","url":"https:\/\/myanimelist.net\/anime\/producer\/1113\/NBCUniversal_Entertainment_Japan"}],"licensors":[{"mal_id":376,"type":"anime","name":"Sentai Filmworks","url":"https:\/\/myanimelist.net\/anime\/producer\/376\/Sentai_Filmworks"}],"studios":[{"mal_id":456,"type":"anime","name":"Lerche","url":"https:\/\/myanimelist.net\/anime\/producer\/456\/Lerche"}],"genres":[{"mal_id":14,"type":"anime","name":"Horror","url":"https:\/\/myanimelist.net\/anime\/genre\/14\/Horror"},{"mal_id":7,"type":"anime","name":"Mystery","url":"https:\/\/myanimelist.net\/anime\/genre\/7\/Mystery"},{"mal_id":36,"type":"anime","name":"Slice of Life","url":"https:\/\/myanimelist.net\/anime\/genre\/36\/Slice_of_Life"},{"mal_id":37,"type":"anime","name":"Supernatural","url":"https:\/\/myanimelist.net\/anime\/genre\/37\/Supernatural"}],"explicit_genres":[],"themes":[{"mal_id":40,"type":"anime","name":"Psychological","url":"https:\/\/myanimelist.net\/anime\/genre\/40\/Psychological"},{"mal_id":23,"type":"anime","name":"School","url":"https:\/\/myanimelist.net\/anime\/genre\/23\/School"},{"mal_id":76,"type":"anime","name":"Survival","url":"https:\/\/myanimelist.net\/anime\/genre\/76\/Survival"}],"demographics":[],"relations":[{"relation":"Adaptation","entry":[{"mal_id":55163,"type":"manga","name":"Gakkougurashi!","url":"https:\/\/myanimelist.net\/manga\/55163\/Gakkougurashi"}]},{"relation":"Other","entry":[{"mal_id":33119,"type":"anime","name":"Tokyogurashi!","url":"https:\/\/myanimelist.net\/anime\/33119\/Tokyogurashi"}]},{"relation":"Character","entry":[{"mal_id":36805,"type":"anime","name":"Kirara Fantasia","url":"https:\/\/myanimelist.net\/anime\/36805\/Kirara_Fantasia"}]}],"theme":{"openings":["\"Friend Shitai (\u3075\u30fb\u308c\u30fb\u3093\u30fb\u3069\u30fb\u3057\u30fb\u305f\u30fb\u3044)\" by Gakuen Seikatsubu [Yuki Takeya (Inori Minase), Kurumi Ebisuzawa (Ari Ozawa), Yuuri Wakasa (M.A.O), Miki Naoki (Rie Takahashi)] (eps 1-11)"],"endings":["1: \"Harmonize Clover (\u30cf\u30fc\u30e2\u30ca\u30a4\u30ba\u30fb\u30af\u30ed\u30fc\u30d0\u30fc)\" by Maon Kurosaki (eps 1-3, 5, 9)","2: \"We took each other's hand\" by Kaori Sawada (eps 4)","3: \"Afterglow (\u30a2\u30d5\u30bf\u30fc\u30b0\u30ed\u30a6)\" by Maon Kurosaki (eps 6-8, 10, 11)","4: \"Friend Shitai (\u3075\u30fb\u308c\u30fb\u3093\u30fb\u3069\u30fb\u3057\u30fb\u305f\u30fb\u3044)\" by Gakuen Seikatsubu [Yuki Takeya (Inori Minase), Kurumi Ebisuzawa (Ari Ozawa), Yuuri Wakasa (M.A.O), Miki Naoki (Rie Takahashi)] (eps 12)"]},"external":[{"name":"Official Site","url":"http:\/\/www.gakkougurashi.com\/"},{"name":"AniDB","url":"https:\/\/anidb.net\/perl-bin\/animedb.pl?show=anime&aid=10697"},{"name":"ANN","url":"https:\/\/www.animenewsnetwork.com\/encyclopedia\/anime.php?id=16603"},{"name":"Wikipedia","url":"http:\/\/en.wikipedia.org\/wiki\/School-Live!"}],"streaming":[{"name":"Crunchyroll","url":"http:\/\/www.crunchyroll.com\/series-266787"},{"name":"HIDIVE","url":"https:\/\/www.hidive.com\/tv\/school-live"},{"name":"Netflix","url":"https:\/\/www.netflix.com\/"}]}}