{"data":{"mal_id":2498,"url":"https:\/\/myanimelist.net\/anime\/2498\/Slam_Dunk__Shouhoku_Saidai_no_Kiki_Moero_Sakuragi_Hanamichi","images":{"jpg":{"image_url":"https:\/\/cdn.myanimelist.net\/images\/anime\/1140\/94409.jpg","small_image_url":"https:\/\/cdn.myanimelist.net\/images\/anime\/1140\/94409t.jpg","large_image_url":"https:\/\/cdn.myanimelist.net\/images\/anime\/1140\/94409l.jpg"},"webp":{"image_url":"https:\/\/cdn.myanimelist.net\/images\/anime\/1140\/94409.webp","small_image_url":"https:\/\/cdn.myanimelist.net\/images\/anime\/1140\/94409t.webp","large_image_url":"https:\/\/cdn.myanimelist.net\/images\/anime\/1140\/94409l.webp"}},"trailer":{"youtube_id":"ZGirMSW5fNs","url":"https:\/\/www.youtube.com\/watch?v=ZGirMSW5fNs","embed_url":"https:\/\/www.youtube.com\/embed\/ZGirMSW5fNs?enablejsapi=1&wmode=opaque&autoplay=1","images":{"image_url":"https:\/\/img.youtube.com\/vi\/ZGirMSW5fNs\/default.jpg","small_image_url":"https:\/\/img.youtube.com\/vi\/ZGirMSW5fNs\/sddefault.jpg","medium_image_url":"https:\/\/img.youtube.com\/vi\/ZGirMSW5fNs\/mqdefault.jpg","large_image_url":"https:\/\/img.youtube.com\/vi\/ZGirMSW5fNs\/hqdefault.jpg","maximum_image_url":"https:\/\/img.youtube.com\/vi\/ZGirMSW5fNs\/maxresdefault.jpg"}},"approved":true,"titles":[{"type":"Default","title":"Slam Dunk: Shouhoku Saidai no Kiki! Moero Sakuragi Hanamichi"},{"type":"Synonym","title":"Slam Dunk Movie 3"},{"type":"Synonym","title":"Slam Dunk OVA 3"},{"type":"Synonym","title":"Slam Dunk Shouhoku Kaidai no Kiki! Moeru Sakuragi Hanamichi"},{"type":"Synonym","title":"Slam Dunk: Shouhoku's Greatest Danger! Sakuragi Hanamichi"},{"type":"Japanese","title":"\u30b9\u30e9\u30e0\u30c0\u30f3\u30af \u6e58\u5317\u6700\u5927\u306e\u5371\u6a5f\uff01\u71c3\u3048\u308d\u685c\u6728\u82b1\u9053"}],"title":"Slam Dunk: Shouhoku Saidai no Kiki! Moero Sakuragi Hanamichi","title_english":null,"title_japanese":"\u30b9\u30e9\u30e0\u30c0\u30f3\u30af \u6e58\u5317\u6700\u5927\u306e\u5371\u6a5f\uff01\u71c3\u3048\u308d\u685c\u6728\u82b1\u9053","title_synonyms":["Slam Dunk Movie 3","Slam Dunk OVA 3","Slam Dunk Shouhoku Kaidai no Kiki! Moeru Sakuragi Hanamichi","Slam Dunk: Shouhoku's Greatest Danger! Sakuragi Hanamichi"],"type":"Movie","source":"Manga","episodes":1,"status":"Finished Airing","airing":false,"aired":{"from":"1995-03-04T00:00:00+00:00","to":null,"prop":{"from":{"day":4,"month":3,"year":1995},"to":{"day":null,"month":null,"year":null}},"string":"Mar 4, 1995"},"duration":"40 min","rating":"PG-13 - Teens 13 or older","score":7.54,"scored_by":8313,"rank":1655,"popularity":5031,"members":16925,"favorites":13,"synopsis":"After losing the titanic match against Kainan High, Team Shohoku and a newly shaven Hanamichi Sakuragi are challenged to an exhibition match by virtual basketball unknowns Ryoukufu High. Coach Anzai sees this as an opportunity for Shohoku to regain their confidence, but Ryoukufu are revealed to have a newly assembled championship calibre lineup and may give Sakuragi &amp; Co their toughest test yet.\n\n(Source: ANN)","background":null,"season":null,"year":null,"broadcast":{"day":null,"time":null,"timezone":null,"string":null},"producers":[],"licensors":[],"studios":[{"mal_id":18,"type":"anime","name":"Toei Animation","url":"https:\/\/myanimelist.net\/anime\/producer\/18\/Toei_Animation"}],"genres":[{"mal_id":30,"type":"anime","name":"Sports","url":"https:\/\/myanimelist.net\/anime\/genre\/30\/Sports"}],"explicit_genres":[],"themes":[{"mal_id":23,"type":"anime","name":"School","url":"https:\/\/myanimelist.net\/anime\/genre\/23\/School"},{"mal_id":77,"type":"anime","name":"Team Sports","url":"https:\/\/myanimelist.net\/anime\/genre\/77\/Team_Sports"}],"demographics":[{"mal_id":27,"type":"anime","name":"Shounen","url":"https:\/\/myanimelist.net\/anime\/genre\/27\/Shounen"}],"relations":[{"relation":"Parent story","entry":[{"mal_id":170,"type":"anime","name":"Slam Dunk","url":"https:\/\/myanimelist.net\/anime\/170\/Slam_Dunk"}]}],"theme":{"openings":["\"Kimi ga sukida to sakebitai\" by BAAD"],"endings":["\"Kirameku Toki ni Torawarete\" by MANISH"]},"external":[{"name":"AniDB","url":"https:\/\/anidb.net\/perl-bin\/animedb.pl?show=anime&aid=697"},{"name":"ANN","url":"https:\/\/www.animenewsnetwork.com\/encyclopedia\/anime.php?id=1143"},{"name":"Wikipedia","url":"https:\/\/ja.wikipedia.org\/wiki\/%E3%82%B9%E3%83%A9%E3%83%A0%E3%83%80%E3%83%B3%E3%82%AF_%E6%B9%98%E5%8C%97%E6%9C%80%E5%A4%A7%E3%81%AE%E5%8D%B1%E6%A9%9F!_%E7%87%83%E3%81%88%E3%82%8D%E6%A1%9C%E6%9C%A8%E8%8A%B1%E9%81%93"}],"streaming":[]}}