{"data":{"mal_id":251,"url":"https:\/\/myanimelist.net\/anime\/251\/Kyou_kara_Maou","images":{"jpg":{"image_url":"https:\/\/cdn.myanimelist.net\/images\/anime\/11\/75544.jpg","small_image_url":"https:\/\/cdn.myanimelist.net\/images\/anime\/11\/75544t.jpg","large_image_url":"https:\/\/cdn.myanimelist.net\/images\/anime\/11\/75544l.jpg"},"webp":{"image_url":"https:\/\/cdn.myanimelist.net\/images\/anime\/11\/75544.webp","small_image_url":"https:\/\/cdn.myanimelist.net\/images\/anime\/11\/75544t.webp","large_image_url":"https:\/\/cdn.myanimelist.net\/images\/anime\/11\/75544l.webp"}},"trailer":{"youtube_id":"Fh75ePlxyVI","url":"https:\/\/www.youtube.com\/watch?v=Fh75ePlxyVI","embed_url":"https:\/\/www.youtube.com\/embed\/Fh75ePlxyVI?enablejsapi=1&wmode=opaque&autoplay=1","images":{"image_url":"https:\/\/img.youtube.com\/vi\/Fh75ePlxyVI\/default.jpg","small_image_url":"https:\/\/img.youtube.com\/vi\/Fh75ePlxyVI\/sddefault.jpg","medium_image_url":"https:\/\/img.youtube.com\/vi\/Fh75ePlxyVI\/mqdefault.jpg","large_image_url":"https:\/\/img.youtube.com\/vi\/Fh75ePlxyVI\/hqdefault.jpg","maximum_image_url":"https:\/\/img.youtube.com\/vi\/Fh75ePlxyVI\/maxresdefault.jpg"}},"approved":true,"titles":[{"type":"Default","title":"Kyou kara Maou!"},{"type":"Synonym","title":"Kyo Kara Maoh!"},{"type":"Synonym","title":"Maruma"},{"type":"Synonym","title":"God? Save Our King"},{"type":"Synonym","title":"King from now on!"},{"type":"Japanese","title":"\u4eca\u65e5\u304b\u3089\u30de\u738b\uff01"}],"title":"Kyou kara Maou!","title_english":null,"title_japanese":"\u4eca\u65e5\u304b\u3089\u30de\u738b\uff01","title_synonyms":["Kyo Kara Maoh!","Maruma","God? Save Our King","King from now on!"],"type":"TV","source":"Light novel","episodes":78,"status":"Finished Airing","airing":false,"aired":{"from":"2004-04-03T00:00:00+00:00","to":"2006-02-25T00:00:00+00:00","prop":{"from":{"day":3,"month":4,"year":2004},"to":{"day":25,"month":2,"year":2006}},"string":"Apr 3, 2004 to Feb 25, 2006"},"duration":"25 min per ep","rating":"PG-13 - Teens 13 or older","score":7.63,"scored_by":41512,"rank":1349,"popularity":1847,"members":112221,"favorites":1348,"synopsis":"Kyou kara Maou! revolves around Yuri Shibuya, your average Japanese teenager. One day, Yuri sees a classmate being harassed by bullies. Thanks to this intervention, his friend is able to escape, but unfortunately Yuri becomes the new target of the bullies in the process and gets his head shoved into a toilet. But instead of water, the toilet contains a swirling portal that sucks him into another world, largely resembling medieval Europe. There, he is told that he will become the next Demon King due to his black hair and black eyes, traits only possessed by the demon's royal lineage.\n\nYuri's arrival is met with some skepticism by some of the demons, who view him as unworthy to be their king. However, after Yuri wins a duel by utilizing his magical powers, the demons slowly begin to acknowledge him as their monarch. Yuri must now learn what it takes be a true Demon King, as he tries to keep the peace between demons and humans in this strange new realm.","background":null,"season":"spring","year":2004,"broadcast":{"day":"Saturdays","time":"09:00","timezone":"Asia\/Tokyo","string":"Saturdays at 09:00 (JST)"},"producers":[{"mal_id":111,"type":"anime","name":"NHK","url":"https:\/\/myanimelist.net\/anime\/producer\/111\/NHK"}],"licensors":[{"mal_id":467,"type":"anime","name":"Discotek Media","url":"https:\/\/myanimelist.net\/anime\/producer\/467\/Discotek_Media"}],"studios":[{"mal_id":37,"type":"anime","name":"Studio Deen","url":"https:\/\/myanimelist.net\/anime\/producer\/37\/Studio_Deen"}],"genres":[{"mal_id":2,"type":"anime","name":"Adventure","url":"https:\/\/myanimelist.net\/anime\/genre\/2\/Adventure"},{"mal_id":4,"type":"anime","name":"Comedy","url":"https:\/\/myanimelist.net\/anime\/genre\/4\/Comedy"},{"mal_id":10,"type":"anime","name":"Fantasy","url":"https:\/\/myanimelist.net\/anime\/genre\/10\/Fantasy"}],"explicit_genres":[],"themes":[{"mal_id":62,"type":"anime","name":"Isekai","url":"https:\/\/myanimelist.net\/anime\/genre\/62\/Isekai"}],"demographics":[{"mal_id":25,"type":"anime","name":"Shoujo","url":"https:\/\/myanimelist.net\/anime\/genre\/25\/Shoujo"}],"relations":[{"relation":"Adaptation","entry":[{"mal_id":5489,"type":"manga","name":"Ma Series","url":"https:\/\/myanimelist.net\/manga\/5489\/Ma_Series"}]},{"relation":"Sequel","entry":[{"mal_id":2971,"type":"anime","name":"Kyou kara Maou! R","url":"https:\/\/myanimelist.net\/anime\/2971\/Kyou_kara_Maou_R"}]},{"relation":"Summary","entry":[{"mal_id":39810,"type":"anime","name":"Kyou Kara Maou! Recap","url":"https:\/\/myanimelist.net\/anime\/39810\/Kyou_Kara_Maou_Recap"},{"mal_id":45622,"type":"anime","name":"Kyou kara Maou! Taizenshu","url":"https:\/\/myanimelist.net\/anime\/45622\/Kyou_kara_Maou_Taizenshu"}]}],"theme":{"openings":["\"Hateshinaku Tooi Sora ni\" by The Stand Up"],"endings":["1: \"Suteki na Shiawase\" by The Stand Up (eps 1-39)","2: \"Arigatou~\" by BON'z (eps 40-78)"]},"external":[{"name":"Official Site","url":"http:\/\/www3.nhk.or.jp\/anime\/mao\/"},{"name":"AniDB","url":"https:\/\/anidb.net\/perl-bin\/animedb.pl?show=anime&aid=1677"},{"name":"ANN","url":"https:\/\/www.animenewsnetwork.com\/encyclopedia\/anime.php?id=3741"},{"name":"Wikipedia","url":"http:\/\/en.wikipedia.org\/wiki\/Kyou_Kara_Maou"}],"streaming":[{"name":"Crunchyroll","url":"http:\/\/www.crunchyroll.com\/series-277984"}]}}