{"data":{"mal_id":25313,"url":"https:\/\/myanimelist.net\/anime\/25313\/Gintama__Futon_ni_Haitte_kara_Buki_Nokoshi_ni_Kizuite_Neru_ni_Nerenai_Toki_mo_Aru","images":{"jpg":{"image_url":"https:\/\/cdn.myanimelist.net\/images\/anime\/1327\/110925.jpg","small_image_url":"https:\/\/cdn.myanimelist.net\/images\/anime\/1327\/110925t.jpg","large_image_url":"https:\/\/cdn.myanimelist.net\/images\/anime\/1327\/110925l.jpg"},"webp":{"image_url":"https:\/\/cdn.myanimelist.net\/images\/anime\/1327\/110925.webp","small_image_url":"https:\/\/cdn.myanimelist.net\/images\/anime\/1327\/110925t.webp","large_image_url":"https:\/\/cdn.myanimelist.net\/images\/anime\/1327\/110925l.webp"}},"trailer":{"youtube_id":null,"url":null,"embed_url":null,"images":{"image_url":null,"small_image_url":null,"medium_image_url":null,"large_image_url":null,"maximum_image_url":null}},"approved":true,"titles":[{"type":"Default","title":"Gintama': Futon ni Haitte kara Buki Nokoshi ni Kizuite Neru ni Nerenai Toki mo Aru"},{"type":"Synonym","title":"Gintama: Jump Festa 2014 Special"},{"type":"Synonym","title":"Gintama OAD"},{"type":"Synonym","title":"Gintama OVA"},{"type":"Japanese","title":"\u9280\u9b42 \u301c\u5e03\u56e3\u306b\u5165\u3063\u3066\u304b\u3089\u62ed\u304d\u6b8b\u3057\u306b\u6c17\u4ed8\u3044\u3066\u5bdd\u308b\u306b\u5bdd\u308c\u306a\u3044\u6642\u3082\u3042\u308b\u301c"}],"title":"Gintama': Futon ni Haitte kara Buki Nokoshi ni Kizuite Neru ni Nerenai Toki mo Aru","title_english":null,"title_japanese":"\u9280\u9b42 \u301c\u5e03\u56e3\u306b\u5165\u3063\u3066\u304b\u3089\u62ed\u304d\u6b8b\u3057\u306b\u6c17\u4ed8\u3044\u3066\u5bdd\u308b\u306b\u5bdd\u308c\u306a\u3044\u6642\u3082\u3042\u308b\u301c","title_synonyms":["Gintama: Jump Festa 2014 Special","Gintama OAD","Gintama OVA"],"type":"Special","source":"Manga","episodes":1,"status":"Finished Airing","airing":false,"aired":{"from":"2015-04-03T00:00:00+00:00","to":null,"prop":{"from":{"day":3,"month":4,"year":2015},"to":{"day":null,"month":null,"year":null}},"string":"Apr 3, 2015"},"duration":"24 min","rating":"PG-13 - Teens 13 or older","score":8.12,"scored_by":18101,"rank":457,"popularity":3383,"members":40447,"favorites":72,"synopsis":"Bundled with limited edition of the 58th Gintama manga volume.\n\nThe tagline for the bundled anime reads, \"It's time for all the Yorozuya members ...to wake up just one more time.\"\n\n(Source: MAL News, edited)","background":"This special Gintama episode was previewed at a screening at Jump Special Anime Festa 2014. On April 3, 2015, it was later bundled with a limited edition of the manga's 58th volume.","season":null,"year":null,"broadcast":{"day":null,"time":null,"timezone":null,"string":null},"producers":[],"licensors":[],"studios":[{"mal_id":14,"type":"anime","name":"Sunrise","url":"https:\/\/myanimelist.net\/anime\/producer\/14\/Sunrise"}],"genres":[{"mal_id":1,"type":"anime","name":"Action","url":"https:\/\/myanimelist.net\/anime\/genre\/1\/Action"},{"mal_id":4,"type":"anime","name":"Comedy","url":"https:\/\/myanimelist.net\/anime\/genre\/4\/Comedy"},{"mal_id":24,"type":"anime","name":"Sci-Fi","url":"https:\/\/myanimelist.net\/anime\/genre\/24\/Sci-Fi"}],"explicit_genres":[],"themes":[{"mal_id":57,"type":"anime","name":"Gag Humor","url":"https:\/\/myanimelist.net\/anime\/genre\/57\/Gag_Humor"},{"mal_id":13,"type":"anime","name":"Historical","url":"https:\/\/myanimelist.net\/anime\/genre\/13\/Historical"},{"mal_id":20,"type":"anime","name":"Parody","url":"https:\/\/myanimelist.net\/anime\/genre\/20\/Parody"},{"mal_id":21,"type":"anime","name":"Samurai","url":"https:\/\/myanimelist.net\/anime\/genre\/21\/Samurai"}],"demographics":[{"mal_id":27,"type":"anime","name":"Shounen","url":"https:\/\/myanimelist.net\/anime\/genre\/27\/Shounen"}],"relations":[{"relation":"Parent story","entry":[{"mal_id":15417,"type":"anime","name":"Gintama': Enchousen","url":"https:\/\/myanimelist.net\/anime\/15417\/Gintama__Enchousen"}]}],"theme":{"openings":[],"endings":["\"Ring a Ding Dong\" by Saeko Suzuki"]},"external":[{"name":"Official Site","url":"http:\/\/www.jumpfesta.com\/anime\/"},{"name":"AniDB","url":"https:\/\/anidb.net\/perl-bin\/animedb.pl?show=anime&aid=10917"}],"streaming":[]}}