{"data":{"mal_id":25341,"url":"https:\/\/myanimelist.net\/anime\/25341\/Diamond_no_Ace_OVA","images":{"jpg":{"image_url":"https:\/\/cdn.myanimelist.net\/images\/anime\/5\/71263.jpg","small_image_url":"https:\/\/cdn.myanimelist.net\/images\/anime\/5\/71263t.jpg","large_image_url":"https:\/\/cdn.myanimelist.net\/images\/anime\/5\/71263l.jpg"},"webp":{"image_url":"https:\/\/cdn.myanimelist.net\/images\/anime\/5\/71263.webp","small_image_url":"https:\/\/cdn.myanimelist.net\/images\/anime\/5\/71263t.webp","large_image_url":"https:\/\/cdn.myanimelist.net\/images\/anime\/5\/71263l.webp"}},"trailer":{"youtube_id":null,"url":null,"embed_url":null,"images":{"image_url":null,"small_image_url":null,"medium_image_url":null,"large_image_url":null,"maximum_image_url":null}},"approved":true,"titles":[{"type":"Default","title":"Diamond no Ace OVA"},{"type":"Synonym","title":"Daiya no Ace OVA"},{"type":"Synonym","title":"Ace of the Diamond OVA"},{"type":"Japanese","title":"\u30c0\u30a4\u30e4\u306eA[\u30a8\u30fc\u30b9] OAD"},{"type":"English","title":"Ace of Diamond OVA"}],"title":"Diamond no Ace OVA","title_english":"Ace of Diamond OVA","title_japanese":"\u30c0\u30a4\u30e4\u306eA[\u30a8\u30fc\u30b9] OAD","title_synonyms":["Daiya no Ace OVA","Ace of the Diamond OVA"],"type":"OVA","source":"Manga","episodes":3,"status":"Finished Airing","airing":false,"aired":{"from":"2014-11-17T00:00:00+00:00","to":"2015-03-17T00:00:00+00:00","prop":{"from":{"day":17,"month":11,"year":2014},"to":{"day":17,"month":3,"year":2015}},"string":"Nov 17, 2014 to Mar 17, 2015"},"duration":"23 min per ep","rating":"PG-13 - Teens 13 or older","score":7.59,"scored_by":7855,"rank":1460,"popularity":5032,"members":16924,"favorites":29,"synopsis":"One hundred boys, each of them in love with baseball, represent the Seidou High School baseball team. On any team, the Ace is the star of the game. Besides the main heroes, others are striving to attain this position, and each of them has their strengths, weaknesses, and emotional journeys that they have to undertake to become the best that they can be.\n\nRyousuke Kominato is known in Seidou not only for his impressive fielding skills but also as an intimidating presence despite his small stature. While together with his partner, Youichi Kuramochi, they are the cornerstones of the team's defense on the field.  Youichi is shadowed by his younger brother, Haruichi, whose admiration for Ryousuke is only matched by his own skills at the sport. Together with Yoichi's roommate, Eijun Sawamura, the players reminisce about their path to Seidou High.\n\n[Written by MAL Rewrite]","background":null,"season":null,"year":null,"broadcast":{"day":null,"time":null,"timezone":null,"string":null},"producers":[{"mal_id":159,"type":"anime","name":"Kodansha","url":"https:\/\/myanimelist.net\/anime\/producer\/159\/Kodansha"}],"licensors":[],"studios":[{"mal_id":10,"type":"anime","name":"Production I.G","url":"https:\/\/myanimelist.net\/anime\/producer\/10\/Production_IG"},{"mal_id":11,"type":"anime","name":"Madhouse","url":"https:\/\/myanimelist.net\/anime\/producer\/11\/Madhouse"}],"genres":[{"mal_id":30,"type":"anime","name":"Sports","url":"https:\/\/myanimelist.net\/anime\/genre\/30\/Sports"}],"explicit_genres":[],"themes":[{"mal_id":23,"type":"anime","name":"School","url":"https:\/\/myanimelist.net\/anime\/genre\/23\/School"},{"mal_id":77,"type":"anime","name":"Team Sports","url":"https:\/\/myanimelist.net\/anime\/genre\/77\/Team_Sports"}],"demographics":[{"mal_id":27,"type":"anime","name":"Shounen","url":"https:\/\/myanimelist.net\/anime\/genre\/27\/Shounen"}],"relations":[{"relation":"Adaptation","entry":[{"mal_id":78601,"type":"manga","name":"Kuramochi Youichi Special Bangai-hen: OutRun","url":"https:\/\/myanimelist.net\/manga\/78601\/Kuramochi_Youichi_Special_Bangai-hen__OutRun"},{"mal_id":79191,"type":"manga","name":"Kominato Ryousuke Special Bangai-hen: Face","url":"https:\/\/myanimelist.net\/manga\/79191\/Kominato_Ryousuke_Special_Bangai-hen__Face"}]},{"relation":"Parent story","entry":[{"mal_id":18689,"type":"anime","name":"Diamond no Ace","url":"https:\/\/myanimelist.net\/anime\/18689\/Diamond_no_Ace"}]}],"theme":{"openings":["\"Hashire! Mirai (\u75be\u8d70\u308c\uff01\u30df\u30e9\u30a4)\" by Glay"],"endings":["1: \"PROMISED FIELD\" by Seidou High School Baseball Club (Ryota Osaka, Nobunaga Shimazaki, Natsuki Hanae) (eps 1-2)","2: \"FINAL VICTORY\" by Seidou High School Baseball Club (Ryota Osaka, Nobunaga Shimazaki, Natsuki Hanae) (eps 3)"]},"external":[{"name":"Official Site","url":"http:\/\/diaace.com\/"},{"name":"AniDB","url":"https:\/\/anidb.net\/perl-bin\/animedb.pl?show=anime&aid=10739"},{"name":"Wikipedia","url":"http:\/\/en.wikipedia.org\/wiki\/Ace_of_Diamond"}],"streaming":[]}}