{"data":{"mal_id":254,"url":"https:\/\/myanimelist.net\/anime\/254\/Jungle_wa_Itsumo_Hare_nochi_Guu_Deluxe","images":{"jpg":{"image_url":"https:\/\/cdn.myanimelist.net\/images\/anime\/3\/10306.jpg","small_image_url":"https:\/\/cdn.myanimelist.net\/images\/anime\/3\/10306t.jpg","large_image_url":"https:\/\/cdn.myanimelist.net\/images\/anime\/3\/10306l.jpg"},"webp":{"image_url":"https:\/\/cdn.myanimelist.net\/images\/anime\/3\/10306.webp","small_image_url":"https:\/\/cdn.myanimelist.net\/images\/anime\/3\/10306t.webp","large_image_url":"https:\/\/cdn.myanimelist.net\/images\/anime\/3\/10306l.webp"}},"trailer":{"youtube_id":null,"url":null,"embed_url":null,"images":{"image_url":null,"small_image_url":null,"medium_image_url":null,"large_image_url":null,"maximum_image_url":null}},"approved":true,"titles":[{"type":"Default","title":"Jungle wa Itsumo Hare nochi Guu Deluxe"},{"type":"Synonym","title":"Jungle wa Itsumo Har\u00e9 nochi Guu Deluxe"},{"type":"Synonym","title":"Jungle wa Itsumo Hale Nochi Guu Deluxe"},{"type":"Synonym","title":"Hare+Guu Deluxe"},{"type":"Japanese","title":"\u30b8\u30e3\u30f3\u30b0\u30eb\u306f\u3044\u3064\u3082\u30cf\u30ec\u306e\u3061\u30b0\u30a5\u3000\u30c7\u30e9\u30c3\u30af\u30b9"},{"type":"English","title":"Har\u00e9+Guu Deluxe"}],"title":"Jungle wa Itsumo Hare nochi Guu Deluxe","title_english":"Har\u00e9+Guu Deluxe","title_japanese":"\u30b8\u30e3\u30f3\u30b0\u30eb\u306f\u3044\u3064\u3082\u30cf\u30ec\u306e\u3061\u30b0\u30a5\u3000\u30c7\u30e9\u30c3\u30af\u30b9","title_synonyms":["Jungle wa Itsumo Har\u00e9 nochi Guu Deluxe","Jungle wa Itsumo Hale Nochi Guu Deluxe","Hare+Guu Deluxe"],"type":"OVA","source":"Manga","episodes":6,"status":"Finished Airing","airing":false,"aired":{"from":"2002-08-25T00:00:00+00:00","to":"2003-01-25T00:00:00+00:00","prop":{"from":{"day":25,"month":8,"year":2002},"to":{"day":25,"month":1,"year":2003}},"string":"Aug 25, 2002 to Jan 25, 2003"},"duration":"26 min per ep","rating":"PG-13 - Teens 13 or older","score":7.79,"scored_by":6727,"rank":980,"popularity":5673,"members":12364,"favorites":22,"synopsis":"After the events in the city, Har\u00e9 and family come back to the Jungle. But it is never calm for Har\u00e9 as he first must deal with an unstable substitute teacher, then with some big news: Weda is pregnant. The answer to how and who will change his family forever. Poor Har\u00e9, now has to deal with a father in addition to his drunk mother and Guu, and soon a sibling too.\n\n(Source: ANN)","background":null,"season":null,"year":null,"broadcast":{"day":null,"time":null,"timezone":null,"string":null},"producers":[{"mal_id":23,"type":"anime","name":"Bandai Visual","url":"https:\/\/myanimelist.net\/anime\/producer\/23\/Bandai_Visual"}],"licensors":[{"mal_id":102,"type":"anime","name":"Funimation","url":"https:\/\/myanimelist.net\/anime\/producer\/102\/Funimation"},{"mal_id":2259,"type":"anime","name":"AN Entertainment","url":"https:\/\/myanimelist.net\/anime\/producer\/2259\/AN_Entertainment"}],"studios":[{"mal_id":247,"type":"anime","name":"Shin-Ei Animation","url":"https:\/\/myanimelist.net\/anime\/producer\/247\/Shin-Ei_Animation"}],"genres":[{"mal_id":4,"type":"anime","name":"Comedy","url":"https:\/\/myanimelist.net\/anime\/genre\/4\/Comedy"},{"mal_id":36,"type":"anime","name":"Slice of Life","url":"https:\/\/myanimelist.net\/anime\/genre\/36\/Slice_of_Life"}],"explicit_genres":[],"themes":[{"mal_id":57,"type":"anime","name":"Gag Humor","url":"https:\/\/myanimelist.net\/anime\/genre\/57\/Gag_Humor"}],"demographics":[{"mal_id":27,"type":"anime","name":"Shounen","url":"https:\/\/myanimelist.net\/anime\/genre\/27\/Shounen"}],"relations":[{"relation":"Prequel","entry":[{"mal_id":253,"type":"anime","name":"Jungle wa Itsumo Hare nochi Guu","url":"https:\/\/myanimelist.net\/anime\/253\/Jungle_wa_Itsumo_Hare_nochi_Guu"}]},{"relation":"Sequel","entry":[{"mal_id":255,"type":"anime","name":"Jungle wa Itsumo Hare nochi Guu Final","url":"https:\/\/myanimelist.net\/anime\/255\/Jungle_wa_Itsumo_Hare_nochi_Guu_Final"}]}],"theme":{"openings":["\"Love Tropicana Deluxe (LOVE\u2606\u30c8\u30ed\u30d4\u30ab~\u30ca \u30c7\u30e9\u30c3\u30af\u30b9)\" by Sister MAYO"],"endings":["\"Fun Fun & Shout (\u30d5\u30a1\u30f3\u30d5\u30a1\u30f3&\u30b7\u30e3\u30a6\u30c8)\" by Sister MAYO"]},"external":[{"name":"Official Site","url":"http:\/\/hareguu.bandaivisual.co.jp\/dx\/"},{"name":"AniDB","url":"https:\/\/anidb.net\/perl-bin\/animedb.pl?show=anime&aid=317"},{"name":"ANN","url":"https:\/\/www.animenewsnetwork.com\/encyclopedia\/anime.php?id=2024"},{"name":"Wikipedia","url":"http:\/\/en.wikipedia.org\/wiki\/Hare%2BGuu"}],"streaming":[]}}