{"data":{"mal_id":2549,"url":"https:\/\/myanimelist.net\/anime\/2549\/Perrine_Monogatari","images":{"jpg":{"image_url":"https:\/\/cdn.myanimelist.net\/images\/anime\/1206\/137104.jpg","small_image_url":"https:\/\/cdn.myanimelist.net\/images\/anime\/1206\/137104t.jpg","large_image_url":"https:\/\/cdn.myanimelist.net\/images\/anime\/1206\/137104l.jpg"},"webp":{"image_url":"https:\/\/cdn.myanimelist.net\/images\/anime\/1206\/137104.webp","small_image_url":"https:\/\/cdn.myanimelist.net\/images\/anime\/1206\/137104t.webp","large_image_url":"https:\/\/cdn.myanimelist.net\/images\/anime\/1206\/137104l.webp"}},"trailer":{"youtube_id":null,"url":null,"embed_url":null,"images":{"image_url":null,"small_image_url":null,"medium_image_url":null,"large_image_url":null,"maximum_image_url":null}},"approved":true,"titles":[{"type":"Default","title":"Perrine Monogatari"},{"type":"Synonym","title":"Sekai Meisaku Gekijou"},{"type":"Synonym","title":"The Story of Perrine"},{"type":"Japanese","title":"\u30da\u30ea\u30fc\u30cc\u7269\u8a9e"},{"type":"Spanish","title":"Perrine, sin Familia"}],"title":"Perrine Monogatari","title_english":null,"title_japanese":"\u30da\u30ea\u30fc\u30cc\u7269\u8a9e","title_synonyms":["Sekai Meisaku Gekijou","The Story of Perrine"],"type":"TV","source":"Novel","episodes":53,"status":"Finished Airing","airing":false,"aired":{"from":"1978-01-01T00:00:00+00:00","to":"1978-12-31T00:00:00+00:00","prop":{"from":{"day":1,"month":1,"year":1978},"to":{"day":31,"month":12,"year":1978}},"string":"Jan 1, 1978 to Dec 31, 1978"},"duration":"25 min per ep","rating":"G - All Ages","score":7.56,"scored_by":1481,"rank":1585,"popularity":7527,"members":6159,"favorites":26,"synopsis":"Perrine is a young girl who lives in Bosnia with her Indian mother and beloved father \u2013 that is, until her father passes away, leaving her mother with a single wish: travel to France to be with his father. The over 1,000 kilometer journey seems unfathomable, but Perrine and her mother have a plan: they will photograph people in the towns along the way to support themselves. \n\nWith their hardy donkey Palikare and faithful dog Baron, the two set forth for Paris; along the way they encounter kind souls, barren villages, and a number of hardships; will Perrine and her mother survive the long journey to France?\n\n(Source: Anime-Planet)","background":null,"season":"winter","year":1978,"broadcast":{"day":"Sundays","time":"19:30","timezone":"Asia\/Tokyo","string":"Sundays at 19:30 (JST)"},"producers":[{"mal_id":23,"type":"anime","name":"Bandai Visual","url":"https:\/\/myanimelist.net\/anime\/producer\/23\/Bandai_Visual"}],"licensors":[],"studios":[{"mal_id":22,"type":"anime","name":"Nippon Animation","url":"https:\/\/myanimelist.net\/anime\/producer\/22\/Nippon_Animation"}],"genres":[{"mal_id":8,"type":"anime","name":"Drama","url":"https:\/\/myanimelist.net\/anime\/genre\/8\/Drama"},{"mal_id":36,"type":"anime","name":"Slice of Life","url":"https:\/\/myanimelist.net\/anime\/genre\/36\/Slice_of_Life"}],"explicit_genres":[],"themes":[{"mal_id":13,"type":"anime","name":"Historical","url":"https:\/\/myanimelist.net\/anime\/genre\/13\/Historical"}],"demographics":[],"relations":[{"relation":"Alternative version","entry":[{"mal_id":16458,"type":"anime","name":"Perrine Monogatari Movie","url":"https:\/\/myanimelist.net\/anime\/16458\/Perrine_Monogatari_Movie"}]},{"relation":"Summary","entry":[{"mal_id":16460,"type":"anime","name":"Perrine Monogatari Specials","url":"https:\/\/myanimelist.net\/anime\/16460\/Perrine_Monogatari_Specials"}]}],"theme":{"openings":["\"Perrine Monogatari (\u30da\u30ea\u30fc\u30cc\u3082\u306e\u304c\u305f\u308a)\" by Kumiko Oosugi"],"endings":["\"Kimagure Baron (\u6c17\u307e\u3050\u308c\u30d0\u30ed\u30f3)\" by Kumiko Oosugi"]},"external":[{"name":"Official Site","url":"http:\/\/www.bandaivisual.co.jp\/kidstop\/meisaku\/perrine\/perrine.html"},{"name":"AniDB","url":"https:\/\/anidb.net\/perl-bin\/animedb.pl?show=anime&aid=2304"},{"name":"ANN","url":"https:\/\/www.animenewsnetwork.com\/encyclopedia\/anime.php?id=438"},{"name":"Wikipedia","url":"http:\/\/en.wikipedia.org\/wiki\/Perrine_Monogatari"}],"streaming":[]}}