{"data":{"mal_id":25537,"url":"https:\/\/myanimelist.net\/anime\/25537\/Fate_stay_night_Movie__Heavens_Feel_-_I_Presage_Flower","images":{"jpg":{"image_url":"https:\/\/cdn.myanimelist.net\/images\/anime\/1274\/102213.jpg","small_image_url":"https:\/\/cdn.myanimelist.net\/images\/anime\/1274\/102213t.jpg","large_image_url":"https:\/\/cdn.myanimelist.net\/images\/anime\/1274\/102213l.jpg"},"webp":{"image_url":"https:\/\/cdn.myanimelist.net\/images\/anime\/1274\/102213.webp","small_image_url":"https:\/\/cdn.myanimelist.net\/images\/anime\/1274\/102213t.webp","large_image_url":"https:\/\/cdn.myanimelist.net\/images\/anime\/1274\/102213l.webp"}},"trailer":{"youtube_id":"AMr5pXzpvP0","url":"https:\/\/www.youtube.com\/watch?v=AMr5pXzpvP0","embed_url":"https:\/\/www.youtube.com\/embed\/AMr5pXzpvP0?enablejsapi=1&wmode=opaque&autoplay=1","images":{"image_url":"https:\/\/img.youtube.com\/vi\/AMr5pXzpvP0\/default.jpg","small_image_url":"https:\/\/img.youtube.com\/vi\/AMr5pXzpvP0\/sddefault.jpg","medium_image_url":"https:\/\/img.youtube.com\/vi\/AMr5pXzpvP0\/mqdefault.jpg","large_image_url":"https:\/\/img.youtube.com\/vi\/AMr5pXzpvP0\/hqdefault.jpg","maximum_image_url":"https:\/\/img.youtube.com\/vi\/AMr5pXzpvP0\/maxresdefault.jpg"}},"approved":true,"titles":[{"type":"Default","title":"Fate\/stay night Movie: Heaven's Feel - I. Presage Flower"},{"type":"Japanese","title":"\u5287\u5834\u7248\u300cFate\/stay night [Heaven's Feel] \u2160.presage flower\u300d"},{"type":"English","title":"Fate\/stay night: Heaven's Feel - I. Presage Flower"},{"type":"German","title":"Fate\/stay night der Film: Heaven's Feel I. - Presage Flower"}],"title":"Fate\/stay night Movie: Heaven's Feel - I. Presage Flower","title_english":"Fate\/stay night: Heaven's Feel - I. Presage Flower","title_japanese":"\u5287\u5834\u7248\u300cFate\/stay night [Heaven's Feel] \u2160.presage flower\u300d","title_synonyms":[],"type":"Movie","source":"Visual novel","episodes":1,"status":"Finished Airing","airing":false,"aired":{"from":"2017-10-14T00:00:00+00:00","to":null,"prop":{"from":{"day":14,"month":10,"year":2017},"to":{"day":null,"month":null,"year":null}},"string":"Oct 14, 2017"},"duration":"2 hr","rating":"R - 17+ (violence & profanity)","score":8.17,"scored_by":246407,"rank":397,"popularity":492,"members":442886,"favorites":2516,"synopsis":"The Holy Grail War: a violent battle between mages in which seven masters and their summoned servants fight for the Holy Grail, a magical artifact that can grant the victor any wish. Nearly 10 years ago, the final battle of the Fourth Holy Grail War wreaked havoc on Fuyuki City and took over 500 lives, leaving the city devastated. \n\nShirou Emiya, a survivor of this tragedy, aspires to become a hero of justice like his rescuer and adoptive father, Kiritsugu Emiya. Despite only being a student, Shirou is thrown into the Fifth Holy Grail War when he accidentally sees a battle between servants at school and summons his own servant, Saber. \n\nWhen a mysterious shadow begins a murderous spree in Fuyuki City, Shirou aligns himself with Rin Toosaka, a fellow participant in the Holy Grail War, in order to stop the deaths of countless people. However, Shirou's feelings for his close friend Sakura Matou lead him deeper into the dark secrets surrounding the war and the feuding families involved.\n\n[Written by MAL Rewrite]","background":"Fate\/Stay Night: Heaven's Feel - I. Presage Flower adapts part of the third route of Type-Moon's visual novel, Fate\/stay night. Originally released in 2004 for Microsoft Windows, Fate\/stay night later received an enhanced port featuring full voice acting, new soundtracks and bonus content\u2015titled Fate\/stay night: R\u00e9alta Nua\u2015which was released for the PS2 and PS Vita consoles, as well as the iOS and Android storefronts.","season":null,"year":null,"broadcast":{"day":null,"time":null,"timezone":null,"string":null},"producers":[{"mal_id":17,"type":"anime","name":"Aniplex","url":"https:\/\/myanimelist.net\/anime\/producer\/17\/Aniplex"},{"mal_id":703,"type":"anime","name":"Notes","url":"https:\/\/myanimelist.net\/anime\/producer\/703\/Notes"},{"mal_id":1696,"type":"anime","name":"Kadokawa","url":"https:\/\/myanimelist.net\/anime\/producer\/1696\/Kadokawa"}],"licensors":[{"mal_id":493,"type":"anime","name":"Aniplex of America","url":"https:\/\/myanimelist.net\/anime\/producer\/493\/Aniplex_of_America"}],"studios":[{"mal_id":43,"type":"anime","name":"ufotable","url":"https:\/\/myanimelist.net\/anime\/producer\/43\/ufotable"}],"genres":[{"mal_id":1,"type":"anime","name":"Action","url":"https:\/\/myanimelist.net\/anime\/genre\/1\/Action"},{"mal_id":10,"type":"anime","name":"Fantasy","url":"https:\/\/myanimelist.net\/anime\/genre\/10\/Fantasy"},{"mal_id":37,"type":"anime","name":"Supernatural","url":"https:\/\/myanimelist.net\/anime\/genre\/37\/Supernatural"}],"explicit_genres":[],"themes":[],"demographics":[],"relations":[{"relation":"Adaptation","entry":[{"mal_id":88110,"type":"manga","name":"Fate\/stay night: Heaven's Feel","url":"https:\/\/myanimelist.net\/manga\/88110\/Fate_stay_night__Heavens_Feel"}]},{"relation":"Alternative version","entry":[{"mal_id":356,"type":"anime","name":"Fate\/stay night","url":"https:\/\/myanimelist.net\/anime\/356\/Fate_stay_night"},{"mal_id":6922,"type":"anime","name":"Fate\/stay night Movie: Unlimited Blade Works","url":"https:\/\/myanimelist.net\/anime\/6922\/Fate_stay_night_Movie__Unlimited_Blade_Works"},{"mal_id":22297,"type":"anime","name":"Fate\/stay night: Unlimited Blade Works","url":"https:\/\/myanimelist.net\/anime\/22297\/Fate_stay_night__Unlimited_Blade_Works"}]},{"relation":"Prequel","entry":[{"mal_id":11741,"type":"anime","name":"Fate\/Zero 2nd Season","url":"https:\/\/myanimelist.net\/anime\/11741\/Fate_Zero_2nd_Season"}]},{"relation":"Sequel","entry":[{"mal_id":33049,"type":"anime","name":"Fate\/stay night Movie: Heaven's Feel - II. Lost Butterfly","url":"https:\/\/myanimelist.net\/anime\/33049\/Fate_stay_night_Movie__Heavens_Feel_-_II_Lost_Butterfly"}]}],"theme":{"openings":[],"endings":["\"Hana no Uta (\u82b1\u306e\u5504)\" by Aimer"]},"external":[{"name":"Official Site","url":"http:\/\/www.fate-sn.com\/1st\/"},{"name":"@fate_sn_anime","url":"https:\/\/twitter.com\/fate_sn_anime"},{"name":"AniDB","url":"https:\/\/anidb.net\/perl-bin\/animedb.pl?show=anime&aid=10755"},{"name":"ANN","url":"https:\/\/www.animenewsnetwork.com\/encyclopedia\/anime.php?id=16166"},{"name":"Wikipedia","url":"http:\/\/en.wikipedia.org\/wiki\/Fate\/stay_night:_Heaven%27s_Feel"},{"name":"Wikipedia","url":"https:\/\/ja.wikipedia.org\/wiki\/Fate\/stay_night_(%E3%82%A2%E3%83%8B%E3%83%A1)"},{"name":"Syoboi","url":"https:\/\/cal.syoboi.jp\/tid\/4698"},{"name":"Bangumi","url":"https:\/\/bangumi.tv\/subject\/109375"}],"streaming":[{"name":"Netflix","url":"https:\/\/www.netflix.com\/"}]}}