{"data":{"mal_id":2558,"url":"https:\/\/myanimelist.net\/anime\/2558\/Wakakusa_Monogatari__Nan_to_Jo-sensei","images":{"jpg":{"image_url":"https:\/\/cdn.myanimelist.net\/images\/anime\/12\/3276.jpg","small_image_url":"https:\/\/cdn.myanimelist.net\/images\/anime\/12\/3276t.jpg","large_image_url":"https:\/\/cdn.myanimelist.net\/images\/anime\/12\/3276l.jpg"},"webp":{"image_url":"https:\/\/cdn.myanimelist.net\/images\/anime\/12\/3276.webp","small_image_url":"https:\/\/cdn.myanimelist.net\/images\/anime\/12\/3276t.webp","large_image_url":"https:\/\/cdn.myanimelist.net\/images\/anime\/12\/3276l.webp"}},"trailer":{"youtube_id":null,"url":null,"embed_url":null,"images":{"image_url":null,"small_image_url":null,"medium_image_url":null,"large_image_url":null,"maximum_image_url":null}},"approved":true,"titles":[{"type":"Default","title":"Wakakusa Monogatari: Nan to Jo-sensei"},{"type":"Synonym","title":"Sekai Meisaku Gekijou"},{"type":"Synonym","title":"Ai no Wakakusa Monogatari II"},{"type":"Synonym","title":"Little Men"},{"type":"Japanese","title":"\u82e5\u8349\u7269\u8a9e\u30ca\u30f3\u3068\u30b8\u30e7\u30fc\u5148\u751f"},{"type":"English","title":"Little Women II: Jo's Boys"}],"title":"Wakakusa Monogatari: Nan to Jo-sensei","title_english":"Little Women II: Jo's Boys","title_japanese":"\u82e5\u8349\u7269\u8a9e\u30ca\u30f3\u3068\u30b8\u30e7\u30fc\u5148\u751f","title_synonyms":["Sekai Meisaku Gekijou","Ai no Wakakusa Monogatari II","Little Men"],"type":"TV","source":"Novel","episodes":40,"status":"Finished Airing","airing":false,"aired":{"from":"1993-01-17T00:00:00+00:00","to":"1993-12-19T00:00:00+00:00","prop":{"from":{"day":17,"month":1,"year":1993},"to":{"day":19,"month":12,"year":1993}},"string":"Jan 17, 1993 to Dec 19, 1993"},"duration":"25 min per ep","rating":"G - All Ages","score":7.55,"scored_by":2574,"rank":1614,"popularity":7362,"members":6527,"favorites":44,"synopsis":"Nan Harding is the new student at Mr. and Mrs. Bhaer's school. Everyone thinks that she is a pain in the head, but not Mrs. Jo. Together with the other kids, they all embark on their personal adventures and misfortunes while learning in school. \n\n(Source: ANN)","background":null,"season":"winter","year":1993,"broadcast":{"day":"Sundays","time":"19:30","timezone":"Asia\/Tokyo","string":"Sundays at 19:30 (JST)"},"producers":[],"licensors":[],"studios":[{"mal_id":22,"type":"anime","name":"Nippon Animation","url":"https:\/\/myanimelist.net\/anime\/producer\/22\/Nippon_Animation"}],"genres":[{"mal_id":8,"type":"anime","name":"Drama","url":"https:\/\/myanimelist.net\/anime\/genre\/8\/Drama"},{"mal_id":36,"type":"anime","name":"Slice of Life","url":"https:\/\/myanimelist.net\/anime\/genre\/36\/Slice_of_Life"}],"explicit_genres":[],"themes":[{"mal_id":13,"type":"anime","name":"Historical","url":"https:\/\/myanimelist.net\/anime\/genre\/13\/Historical"},{"mal_id":23,"type":"anime","name":"School","url":"https:\/\/myanimelist.net\/anime\/genre\/23\/School"}],"demographics":[],"relations":[{"relation":"Prequel","entry":[{"mal_id":2548,"type":"anime","name":"Ai no Wakakusa Monogatari","url":"https:\/\/myanimelist.net\/anime\/2548\/Ai_no_Wakakusa_Monogatari"}]},{"relation":"Summary","entry":[{"mal_id":23741,"type":"anime","name":"Wakakusa Monogatari: Nan to Jo-sensei Specials","url":"https:\/\/myanimelist.net\/anime\/23741\/Wakakusa_Monogatari__Nan_to_Jo-sensei_Specials"}]}],"theme":{"openings":["\"Ashita mo Otenki (\u660e\u65e5\u3082\u304a\u5929\u6c17)\" by Akiko Kosaka"],"endings":["\"Aozora no Ding-Dong\" by Kaoru Itou with Grove Tree Children's Choir"]},"external":[{"name":"AniDB","url":"https:\/\/anidb.net\/perl-bin\/animedb.pl?show=anime&aid=2291"},{"name":"ANN","url":"https:\/\/www.animenewsnetwork.com\/encyclopedia\/anime.php?id=2078"}],"streaming":[]}}