{"data":{"mal_id":2563,"url":"https:\/\/myanimelist.net\/anime\/2563\/Aria_the_OVA__Arietta","images":{"jpg":{"image_url":"https:\/\/cdn.myanimelist.net\/images\/anime\/11\/77622.jpg","small_image_url":"https:\/\/cdn.myanimelist.net\/images\/anime\/11\/77622t.jpg","large_image_url":"https:\/\/cdn.myanimelist.net\/images\/anime\/11\/77622l.jpg"},"webp":{"image_url":"https:\/\/cdn.myanimelist.net\/images\/anime\/11\/77622.webp","small_image_url":"https:\/\/cdn.myanimelist.net\/images\/anime\/11\/77622t.webp","large_image_url":"https:\/\/cdn.myanimelist.net\/images\/anime\/11\/77622l.webp"}},"trailer":{"youtube_id":"AmDvXksfPmo","url":"https:\/\/www.youtube.com\/watch?v=AmDvXksfPmo","embed_url":"https:\/\/www.youtube.com\/embed\/AmDvXksfPmo?enablejsapi=1&wmode=opaque&autoplay=1","images":{"image_url":"https:\/\/img.youtube.com\/vi\/AmDvXksfPmo\/default.jpg","small_image_url":"https:\/\/img.youtube.com\/vi\/AmDvXksfPmo\/sddefault.jpg","medium_image_url":"https:\/\/img.youtube.com\/vi\/AmDvXksfPmo\/mqdefault.jpg","large_image_url":"https:\/\/img.youtube.com\/vi\/AmDvXksfPmo\/hqdefault.jpg","maximum_image_url":"https:\/\/img.youtube.com\/vi\/AmDvXksfPmo\/maxresdefault.jpg"}},"approved":true,"titles":[{"type":"Default","title":"Aria the OVA: Arietta"},{"type":"Japanese","title":"ARIA The OVA ~ARIETTA~ (\u30a2\u30ea\u30a2 \u30b8 \u30aa\u30fc\u30d6\u30a4\u30a8\u30fc ~\u30a2\u30ea\u30a8\u30c3\u30bf~)"},{"type":"English","title":"Aria the OVA: Arietta"}],"title":"Aria the OVA: Arietta","title_english":"Aria the OVA: Arietta","title_japanese":"ARIA The OVA ~ARIETTA~ (\u30a2\u30ea\u30a2 \u30b8 \u30aa\u30fc\u30d6\u30a4\u30a8\u30fc ~\u30a2\u30ea\u30a8\u30c3\u30bf~)","title_synonyms":[],"type":"OVA","source":"Manga","episodes":1,"status":"Finished Airing","airing":false,"aired":{"from":"2007-09-21T00:00:00+00:00","to":null,"prop":{"from":{"day":21,"month":9,"year":2007},"to":{"day":null,"month":null,"year":null}},"string":"Sep 21, 2007"},"duration":"30 min","rating":"G - All Ages","score":8,"scored_by":16890,"rank":611,"popularity":3532,"members":37335,"favorites":80,"synopsis":"Akari Mizunashi dreams of life after attaining her goal of becoming a Prima Undine, but upon waking realizes that she might not actually have the confidence to run Aria Company on her own. Wary of the future, she seeks advice from her mentor Alicia Florence\u2014one of the three great \"Water Fairies\" of Neo-Venezia.\n\nMuch to Akari's surprise, Alicia reveals her own struggles of the past, but also shares the steps she took in overcoming her self-doubt of running the company and taking on an apprentice. Finding solace in her teacher's words, Akari prepares to embrace whatever trials she must overcome on her path toward achieving her dreams.\n\n[Written by MAL Rewrite]","background":null,"season":null,"year":null,"broadcast":{"day":null,"time":null,"timezone":null,"string":null},"producers":[{"mal_id":16,"type":"anime","name":"TV Tokyo","url":"https:\/\/myanimelist.net\/anime\/producer\/16\/TV_Tokyo"},{"mal_id":108,"type":"anime","name":"Media Factory","url":"https:\/\/myanimelist.net\/anime\/producer\/108\/Media_Factory"},{"mal_id":109,"type":"anime","name":"Shochiku","url":"https:\/\/myanimelist.net\/anime\/producer\/109\/Shochiku"},{"mal_id":238,"type":"anime","name":"AT-X","url":"https:\/\/myanimelist.net\/anime\/producer\/238\/AT-X"}],"licensors":[{"mal_id":217,"type":"anime","name":"Nozomi Entertainment","url":"https:\/\/myanimelist.net\/anime\/producer\/217\/Nozomi_Entertainment"}],"studios":[{"mal_id":34,"type":"anime","name":"Hal Film Maker","url":"https:\/\/myanimelist.net\/anime\/producer\/34\/Hal_Film_Maker"}],"genres":[{"mal_id":10,"type":"anime","name":"Fantasy","url":"https:\/\/myanimelist.net\/anime\/genre\/10\/Fantasy"},{"mal_id":24,"type":"anime","name":"Sci-Fi","url":"https:\/\/myanimelist.net\/anime\/genre\/24\/Sci-Fi"},{"mal_id":36,"type":"anime","name":"Slice of Life","url":"https:\/\/myanimelist.net\/anime\/genre\/36\/Slice_of_Life"}],"explicit_genres":[],"themes":[{"mal_id":63,"type":"anime","name":"Iyashikei","url":"https:\/\/myanimelist.net\/anime\/genre\/63\/Iyashikei"}],"demographics":[{"mal_id":27,"type":"anime","name":"Shounen","url":"https:\/\/myanimelist.net\/anime\/genre\/27\/Shounen"}],"relations":[{"relation":"Prequel","entry":[{"mal_id":962,"type":"anime","name":"Aria the Natural","url":"https:\/\/myanimelist.net\/anime\/962\/Aria_the_Natural"}]},{"relation":"Sequel","entry":[{"mal_id":3297,"type":"anime","name":"Aria the Origination","url":"https:\/\/myanimelist.net\/anime\/3297\/Aria_the_Origination"}]}],"theme":{"openings":["\"Nanairo no Sora wo (\u4e03\u8272\u306e\u7a7a\u3092)\" by SONOROUS"],"endings":["\"Ashita, Yuugure Made (\u660e\u65e5\u3001\u5915\u66ae\u308c\u307e\u3067)\" by Erino Hazuki"]},"external":[{"name":"Official Site","url":"http:\/\/www.ariacompany.net\/2nd\/ova.html"},{"name":"AniDB","url":"https:\/\/anidb.net\/perl-bin\/animedb.pl?show=anime&aid=5115"},{"name":"ANN","url":"https:\/\/www.animenewsnetwork.com\/encyclopedia\/anime.php?id=7818"},{"name":"Wikipedia","url":"http:\/\/en.wikipedia.org\/wiki\/Aria_%28manga%29"}],"streaming":[{"name":"Funimation","url":"https:\/\/www.funimation.com\/shows\/aria\/"}]}}