{"data":{"mal_id":25801,"url":"https:\/\/myanimelist.net\/anime\/25801\/Shouwa_Genroku_Rakugo_Shinjuu__Yotarou_Hourou-hen","images":{"jpg":{"image_url":"https:\/\/cdn.myanimelist.net\/images\/anime\/7\/66057.jpg","small_image_url":"https:\/\/cdn.myanimelist.net\/images\/anime\/7\/66057t.jpg","large_image_url":"https:\/\/cdn.myanimelist.net\/images\/anime\/7\/66057l.jpg"},"webp":{"image_url":"https:\/\/cdn.myanimelist.net\/images\/anime\/7\/66057.webp","small_image_url":"https:\/\/cdn.myanimelist.net\/images\/anime\/7\/66057t.webp","large_image_url":"https:\/\/cdn.myanimelist.net\/images\/anime\/7\/66057l.webp"}},"trailer":{"youtube_id":null,"url":null,"embed_url":null,"images":{"image_url":null,"small_image_url":null,"medium_image_url":null,"large_image_url":null,"maximum_image_url":null}},"approved":true,"titles":[{"type":"Default","title":"Shouwa Genroku Rakugo Shinjuu: Yotarou Hourou-hen"},{"type":"Japanese","title":"\u662d\u548c\u5143\u7984\u843d\u8a9e\u5fc3\u4e2d \u4e0e\u592a\u90ce\u653e\u6d6a\u7bc7"}],"title":"Shouwa Genroku Rakugo Shinjuu: Yotarou Hourou-hen","title_english":null,"title_japanese":"\u662d\u548c\u5143\u7984\u843d\u8a9e\u5fc3\u4e2d \u4e0e\u592a\u90ce\u653e\u6d6a\u7bc7","title_synonyms":[],"type":"OVA","source":"Manga","episodes":2,"status":"Finished Airing","airing":false,"aired":{"from":"2015-03-06T00:00:00+00:00","to":"2015-08-07T00:00:00+00:00","prop":{"from":{"day":6,"month":3,"year":2015},"to":{"day":7,"month":8,"year":2015}},"string":"Mar 6, 2015 to Aug 7, 2015"},"duration":"39 min per ep","rating":"PG-13 - Teens 13 or older","score":7.57,"scored_by":2640,"rank":1543,"popularity":5965,"members":10943,"favorites":10,"synopsis":"Bundled with the special editions of the manga's 7th and 8th volumes.\n\nWhen a certain man is released from prison, he knows exactly where he's heading first. After falling in love with a traditional comic storyteller's rendition of the story called \"Shinigami,\" he is determined to become his apprentice. The performer, Yakumo, has never taken an apprentice before, but to everyone's surprise, he accepts the eager ex-prisoner, nicknaming him \"Yotaro.\"\n\nAs Yotaro happily begins his new life, he meets others in Yakumo's life, including Yakumo's ward Konatsu. Konatsu was the daughter of a famous storyteller, and Yakumo took her in after her father's tragic death. Konatsu loved her father's storytelling, and would love to become a performer in her own right\u2014but that path is not available for women.\n\n(Source: MangaHelpers)","background":null,"season":null,"year":null,"broadcast":{"day":null,"time":null,"timezone":null,"string":null},"producers":[{"mal_id":92,"type":"anime","name":"Starchild Records","url":"https:\/\/myanimelist.net\/anime\/producer\/92\/Starchild_Records"},{"mal_id":159,"type":"anime","name":"Kodansha","url":"https:\/\/myanimelist.net\/anime\/producer\/159\/Kodansha"}],"licensors":[],"studios":[{"mal_id":37,"type":"anime","name":"Studio Deen","url":"https:\/\/myanimelist.net\/anime\/producer\/37\/Studio_Deen"}],"genres":[{"mal_id":8,"type":"anime","name":"Drama","url":"https:\/\/myanimelist.net\/anime\/genre\/8\/Drama"}],"explicit_genres":[],"themes":[{"mal_id":50,"type":"anime","name":"Adult Cast","url":"https:\/\/myanimelist.net\/anime\/genre\/50\/Adult_Cast"},{"mal_id":64,"type":"anime","name":"Love Polygon","url":"https:\/\/myanimelist.net\/anime\/genre\/64\/Love_Polygon"},{"mal_id":70,"type":"anime","name":"Performing Arts","url":"https:\/\/myanimelist.net\/anime\/genre\/70\/Performing_Arts"}],"demographics":[{"mal_id":43,"type":"anime","name":"Josei","url":"https:\/\/myanimelist.net\/anime\/genre\/43\/Josei"}],"relations":[{"relation":"Adaptation","entry":[{"mal_id":26704,"type":"manga","name":"Shouwa Genroku Rakugo Shinjuu","url":"https:\/\/myanimelist.net\/manga\/26704\/Shouwa_Genroku_Rakugo_Shinjuu"}]},{"relation":"Alternative version","entry":[{"mal_id":28735,"type":"anime","name":"Shouwa Genroku Rakugo Shinjuu","url":"https:\/\/myanimelist.net\/anime\/28735\/Shouwa_Genroku_Rakugo_Shinjuu"}]}],"theme":{"openings":[],"endings":[]},"external":[{"name":"AniDB","url":"https:\/\/anidb.net\/perl-bin\/animedb.pl?show=anime&aid=10773"},{"name":"ANN","url":"https:\/\/www.animenewsnetwork.com\/encyclopedia\/anime.php?id=16614"}],"streaming":[]}}