{"data":{"mal_id":2581,"url":"https:\/\/myanimelist.net\/anime\/2581\/Kidou_Senshi_Gundam_00","images":{"jpg":{"image_url":"https:\/\/cdn.myanimelist.net\/images\/anime\/3\/13200.jpg","small_image_url":"https:\/\/cdn.myanimelist.net\/images\/anime\/3\/13200t.jpg","large_image_url":"https:\/\/cdn.myanimelist.net\/images\/anime\/3\/13200l.jpg"},"webp":{"image_url":"https:\/\/cdn.myanimelist.net\/images\/anime\/3\/13200.webp","small_image_url":"https:\/\/cdn.myanimelist.net\/images\/anime\/3\/13200t.webp","large_image_url":"https:\/\/cdn.myanimelist.net\/images\/anime\/3\/13200l.webp"}},"trailer":{"youtube_id":"yTGzkTQjGak","url":"https:\/\/www.youtube.com\/watch?v=yTGzkTQjGak","embed_url":"https:\/\/www.youtube.com\/embed\/yTGzkTQjGak?enablejsapi=1&wmode=opaque&autoplay=1","images":{"image_url":"https:\/\/img.youtube.com\/vi\/yTGzkTQjGak\/default.jpg","small_image_url":"https:\/\/img.youtube.com\/vi\/yTGzkTQjGak\/sddefault.jpg","medium_image_url":"https:\/\/img.youtube.com\/vi\/yTGzkTQjGak\/mqdefault.jpg","large_image_url":"https:\/\/img.youtube.com\/vi\/yTGzkTQjGak\/hqdefault.jpg","maximum_image_url":"https:\/\/img.youtube.com\/vi\/yTGzkTQjGak\/maxresdefault.jpg"}},"approved":true,"titles":[{"type":"Default","title":"Kidou Senshi Gundam 00"},{"type":"Synonym","title":"Gundam Double O"},{"type":"Japanese","title":"\u6a5f\u52d5\u6226\u58eb\u30ac\u30f3\u30c0\u30e000"},{"type":"English","title":"Mobile Suit Gundam 00"}],"title":"Kidou Senshi Gundam 00","title_english":"Mobile Suit Gundam 00","title_japanese":"\u6a5f\u52d5\u6226\u58eb\u30ac\u30f3\u30c0\u30e000","title_synonyms":["Gundam Double O"],"type":"TV","source":"Original","episodes":25,"status":"Finished Airing","airing":false,"aired":{"from":"2007-10-06T00:00:00+00:00","to":"2008-03-29T00:00:00+00:00","prop":{"from":{"day":6,"month":10,"year":2007},"to":{"day":29,"month":3,"year":2008}},"string":"Oct 6, 2007 to Mar 29, 2008"},"duration":"24 min per ep","rating":"R - 17+ (violence & profanity)","score":8.11,"scored_by":119994,"rank":463,"popularity":1074,"members":216879,"favorites":4458,"synopsis":"In the distant future, mankind's dependence on fossil fuels will lead to their complete depletion, an energy crisis unlike anything the world witnessed. Out of retaliation and fear, humanity began focusing at an alternative source of energy: solar power. Different nations have united together to form three major factions\u2014the Union of Solar Energy and Free Nations, the Advanced European Union, and the Human Reform League. Each of these sectors has access to a solar power generator, which gives them limitless energy.\n \nAs a result, countries that were once dependent on the sale of fossil fuels are now plunged in poverty, leading to years of warfare and internal strife over the control of solar energy. Amid this chaos, an unknown paramilitary organization appeared identifying themselves as \"Celestial Being,\" aspire to end all warfare through armed intervention by using mysterious and technologically advanced Mobile Suits known as Gundams.\n\nMobile Suit Gundam 00 follows the story of Celestial Being's Gundam Meisters Setsuna F. Seiei, Lockon Stratos, Allelujah Haptism, and Tieria Erde. These four dive into the devastating battle between the three superpowers to accomplish their goal of changing the world.\n\n[Written by MAL Rewrite]","background":null,"season":"fall","year":2007,"broadcast":{"day":"Saturdays","time":"18:00","timezone":"Asia\/Tokyo","string":"Saturdays at 18:00 (JST)"},"producers":[{"mal_id":64,"type":"anime","name":"Sotsu","url":"https:\/\/myanimelist.net\/anime\/producer\/64\/Sotsu"},{"mal_id":142,"type":"anime","name":"Asatsu DK","url":"https:\/\/myanimelist.net\/anime\/producer\/142\/Asatsu_DK"},{"mal_id":143,"type":"anime","name":"Mainichi Broadcasting System","url":"https:\/\/myanimelist.net\/anime\/producer\/143\/Mainichi_Broadcasting_System"},{"mal_id":757,"type":"anime","name":"Sony Music Entertainment","url":"https:\/\/myanimelist.net\/anime\/producer\/757\/Sony_Music_Entertainment"}],"licensors":[{"mal_id":217,"type":"anime","name":"Nozomi Entertainment","url":"https:\/\/myanimelist.net\/anime\/producer\/217\/Nozomi_Entertainment"}],"studios":[{"mal_id":14,"type":"anime","name":"Sunrise","url":"https:\/\/myanimelist.net\/anime\/producer\/14\/Sunrise"}],"genres":[{"mal_id":1,"type":"anime","name":"Action","url":"https:\/\/myanimelist.net\/anime\/genre\/1\/Action"},{"mal_id":8,"type":"anime","name":"Drama","url":"https:\/\/myanimelist.net\/anime\/genre\/8\/Drama"},{"mal_id":24,"type":"anime","name":"Sci-Fi","url":"https:\/\/myanimelist.net\/anime\/genre\/24\/Sci-Fi"}],"explicit_genres":[],"themes":[{"mal_id":18,"type":"anime","name":"Mecha","url":"https:\/\/myanimelist.net\/anime\/genre\/18\/Mecha"},{"mal_id":38,"type":"anime","name":"Military","url":"https:\/\/myanimelist.net\/anime\/genre\/38\/Military"},{"mal_id":29,"type":"anime","name":"Space","url":"https:\/\/myanimelist.net\/anime\/genre\/29\/Space"}],"demographics":[],"relations":[{"relation":"Adaptation","entry":[{"mal_id":6732,"type":"manga","name":"Kidou Senshi Gundam 00","url":"https:\/\/myanimelist.net\/manga\/6732\/Kidou_Senshi_Gundam_00"},{"mal_id":11561,"type":"manga","name":"Kidou Senshi Gundam 00","url":"https:\/\/myanimelist.net\/manga\/11561\/Kidou_Senshi_Gundam_00"},{"mal_id":20467,"type":"manga","name":"Kidou Senshi Gundam 00","url":"https:\/\/myanimelist.net\/manga\/20467\/Kidou_Senshi_Gundam_00"}]},{"relation":"Parent story","entry":[{"mal_id":80,"type":"anime","name":"Kidou Senshi Gundam","url":"https:\/\/myanimelist.net\/anime\/80\/Kidou_Senshi_Gundam"}]},{"relation":"Sequel","entry":[{"mal_id":3927,"type":"anime","name":"Kidou Senshi Gundam 00 Second Season","url":"https:\/\/myanimelist.net\/anime\/3927\/Kidou_Senshi_Gundam_00_Second_Season"}]},{"relation":"Summary","entry":[{"mal_id":5351,"type":"anime","name":"Kidou Senshi Gundam 00: Tenshi-tachi no Kiseki","url":"https:\/\/myanimelist.net\/anime\/5351\/Kidou_Senshi_Gundam_00__Tenshi-tachi_no_Kiseki"},{"mal_id":7270,"type":"anime","name":"Kidou Senshi Gundam 00 Special Edition","url":"https:\/\/myanimelist.net\/anime\/7270\/Kidou_Senshi_Gundam_00_Special_Edition"}]},{"relation":"Other","entry":[{"mal_id":50473,"type":"anime","name":"Kidou Senshi Gundam 00 CB Chara","url":"https:\/\/myanimelist.net\/anime\/50473\/Kidou_Senshi_Gundam_00_CB_Chara"},{"mal_id":51554,"type":"anime","name":"Kidou Senshi Gundam 00: Revealed Chronicle","url":"https:\/\/myanimelist.net\/anime\/51554\/Kidou_Senshi_Gundam_00__Revealed_Chronicle"}]}],"theme":{"openings":["1: \"DAYBREAK'S BELL\" by L'arc~en~Ciel (eps 1-13)","2: \"Ash Like Snow\" by the brilliant green (eps 14-25)"],"endings":["1: \"Wana (\u7f60; Trap)\" by The Back Horn (eps 1-13)","2: \"Friends\" by Stephanie (eps 14-24)","3: \"DAYBREAK'S BELL\" by L'arc~en~Ciel (eps 25)"]},"external":[{"name":"Official Site","url":"http:\/\/www.gundam00.net\/"},{"name":"AniDB","url":"https:\/\/anidb.net\/perl-bin\/animedb.pl?show=anime&aid=5252"},{"name":"ANN","url":"https:\/\/www.animenewsnetwork.com\/encyclopedia\/anime.php?id=8190"},{"name":"Wikipedia","url":"http:\/\/en.wikipedia.org\/wiki\/Mobile_Suit_Gundam_00"},{"name":"Wikipedia","url":"https:\/\/ja.wikipedia.org\/wiki\/%E6%A9%9F%E5%8B%95%E6%88%A6%E5%A3%AB%E3%82%AC%E3%83%B3%E3%83%80%E3%83%A000"},{"name":"Syoboi","url":"https:\/\/cal.syoboi.jp\/tid\/1213"}],"streaming":[{"name":"Crunchyroll","url":"http:\/\/www.crunchyroll.com\/series-272729"}]}}