{"data":{"mal_id":2593,"url":"https:\/\/myanimelist.net\/anime\/2593\/Kara_no_Kyoukai_Movie_1__Fukan_Fuukei","images":{"jpg":{"image_url":"https:\/\/cdn.myanimelist.net\/images\/anime\/12\/21741.jpg","small_image_url":"https:\/\/cdn.myanimelist.net\/images\/anime\/12\/21741t.jpg","large_image_url":"https:\/\/cdn.myanimelist.net\/images\/anime\/12\/21741l.jpg"},"webp":{"image_url":"https:\/\/cdn.myanimelist.net\/images\/anime\/12\/21741.webp","small_image_url":"https:\/\/cdn.myanimelist.net\/images\/anime\/12\/21741t.webp","large_image_url":"https:\/\/cdn.myanimelist.net\/images\/anime\/12\/21741l.webp"}},"trailer":{"youtube_id":"i47ZULGmjls","url":"https:\/\/www.youtube.com\/watch?v=i47ZULGmjls","embed_url":"https:\/\/www.youtube.com\/embed\/i47ZULGmjls?enablejsapi=1&wmode=opaque&autoplay=1","images":{"image_url":"https:\/\/img.youtube.com\/vi\/i47ZULGmjls\/default.jpg","small_image_url":"https:\/\/img.youtube.com\/vi\/i47ZULGmjls\/sddefault.jpg","medium_image_url":"https:\/\/img.youtube.com\/vi\/i47ZULGmjls\/mqdefault.jpg","large_image_url":"https:\/\/img.youtube.com\/vi\/i47ZULGmjls\/hqdefault.jpg","maximum_image_url":"https:\/\/img.youtube.com\/vi\/i47ZULGmjls\/maxresdefault.jpg"}},"approved":true,"titles":[{"type":"Default","title":"Kara no Kyoukai Movie 1: Fukan Fuukei"},{"type":"Synonym","title":"Kara no Kyoukai: The Garden of Sinners Movie 1"},{"type":"Synonym","title":"Borderline of Emptiness: Overlooking View"},{"type":"Synonym","title":"The Garden of Sinners: Thanatos"},{"type":"Japanese","title":"\u5287\u5834\u7248 \u7a7a\u306e\u5883\u754c the Garden of sinners \u7b2c\u4e00\u7ae0\u300e\u4fef\u77b0\u98a8\u666f\u300f"},{"type":"English","title":"The Garden of Sinners Chapter 1: Overlooking View"},{"type":"German","title":"Garden of Sinners der Film: Thanatos"},{"type":"Spanish","title":"The Garden of Sinners: La Pel\u00edcula"},{"type":"French","title":"The Garden of Sinners le Film: Thanatos"}],"title":"Kara no Kyoukai Movie 1: Fukan Fuukei","title_english":"The Garden of Sinners Chapter 1: Overlooking View","title_japanese":"\u5287\u5834\u7248 \u7a7a\u306e\u5883\u754c the Garden of sinners \u7b2c\u4e00\u7ae0\u300e\u4fef\u77b0\u98a8\u666f\u300f","title_synonyms":["Kara no Kyoukai: The Garden of Sinners Movie 1","Borderline of Emptiness: Overlooking View","The Garden of Sinners: Thanatos"],"type":"Movie","source":"Light novel","episodes":1,"status":"Finished Airing","airing":false,"aired":{"from":"2007-12-01T00:00:00+00:00","to":null,"prop":{"from":{"day":1,"month":12,"year":2007},"to":{"day":null,"month":null,"year":null}},"string":"Dec 1, 2007"},"duration":"50 min","rating":"R - 17+ (violence & profanity)","score":7.57,"scored_by":182673,"rank":1528,"popularity":516,"members":419005,"favorites":2384,"synopsis":"A series of eerily similar suicides occupy newspaper headlines in late '90s Japan. Amidst all the bizarre resemblances, there is one detail that stands out above the rest: the victims have all taken their lives by leaping from the Fujou building, a run-down abandoned structure rising high above the city.\n\nShiki Ryougi, a cold-hearted girl living in an empty apartment, suspects that these sinister events have a supernatural cause. Possessing a mystical power herself, Shiki works to investigate the incidents alongside Touko Aozaki, a doll-making detective specializing in magic, and her friend Mikiya Kokotou who works as Touko's assistant.\n\nShiki unravels the mystery as she ventures through an enigmatic world to uncover the dark secrets surrounding the strange phenomenon.\n\n[Written by MAL Rewrite]","background":null,"season":null,"year":null,"broadcast":{"day":null,"time":null,"timezone":null,"string":null},"producers":[{"mal_id":17,"type":"anime","name":"Aniplex","url":"https:\/\/myanimelist.net\/anime\/producer\/17\/Aniplex"},{"mal_id":159,"type":"anime","name":"Kodansha","url":"https:\/\/myanimelist.net\/anime\/producer\/159\/Kodansha"},{"mal_id":703,"type":"anime","name":"Notes","url":"https:\/\/myanimelist.net\/anime\/producer\/703\/Notes"}],"licensors":[{"mal_id":493,"type":"anime","name":"Aniplex of America","url":"https:\/\/myanimelist.net\/anime\/producer\/493\/Aniplex_of_America"}],"studios":[{"mal_id":43,"type":"anime","name":"ufotable","url":"https:\/\/myanimelist.net\/anime\/producer\/43\/ufotable"}],"genres":[{"mal_id":1,"type":"anime","name":"Action","url":"https:\/\/myanimelist.net\/anime\/genre\/1\/Action"},{"mal_id":7,"type":"anime","name":"Mystery","url":"https:\/\/myanimelist.net\/anime\/genre\/7\/Mystery"},{"mal_id":37,"type":"anime","name":"Supernatural","url":"https:\/\/myanimelist.net\/anime\/genre\/37\/Supernatural"},{"mal_id":41,"type":"anime","name":"Suspense","url":"https:\/\/myanimelist.net\/anime\/genre\/41\/Suspense"}],"explicit_genres":[],"themes":[],"demographics":[],"relations":[{"relation":"Adaptation","entry":[{"mal_id":2062,"type":"manga","name":"Kara no Kyoukai: The Garden of Sinners","url":"https:\/\/myanimelist.net\/manga\/2062\/Kara_no_Kyoukai__The_Garden_of_Sinners"}]},{"relation":"Sequel","entry":[{"mal_id":3782,"type":"anime","name":"Kara no Kyoukai Movie 2: Satsujin Kousatsu (Zen)","url":"https:\/\/myanimelist.net\/anime\/3782\/Kara_no_Kyoukai_Movie_2__Satsujin_Kousatsu_Zen"}]},{"relation":"Summary","entry":[{"mal_id":6624,"type":"anime","name":"Kara no Kyoukai Remix: Gate of Seventh Heaven","url":"https:\/\/myanimelist.net\/anime\/6624\/Kara_no_Kyoukai_Remix__Gate_of_Seventh_Heaven"}]},{"relation":"Other","entry":[{"mal_id":23697,"type":"anime","name":"Kara no Kyoukai: Manner Movies","url":"https:\/\/myanimelist.net\/anime\/23697\/Kara_no_Kyoukai__Manner_Movies"}]}],"theme":{"openings":["\"None\""],"endings":["\"oblivious\" by Kalafina"]},"external":[{"name":"Official Site","url":"http:\/\/www.karanokyoukai.com\/archive\/"},{"name":"AniDB","url":"https:\/\/anidb.net\/perl-bin\/animedb.pl?show=anime&aid=4932"},{"name":"ANN","url":"https:\/\/www.animenewsnetwork.com\/encyclopedia\/anime.php?id=7472"},{"name":"Wikipedia","url":"http:\/\/en.wikipedia.org\/wiki\/Kara_no_Ky%C5%8Dkai"}],"streaming":[{"name":"Crunchyroll","url":"http:\/\/www.crunchyroll.com\/series-275567"}]}}