{"data":{"mal_id":26243,"url":"https:\/\/myanimelist.net\/anime\/26243\/Owari_no_Seraph","images":{"jpg":{"image_url":"https:\/\/cdn.myanimelist.net\/images\/anime\/5\/73474.jpg","small_image_url":"https:\/\/cdn.myanimelist.net\/images\/anime\/5\/73474t.jpg","large_image_url":"https:\/\/cdn.myanimelist.net\/images\/anime\/5\/73474l.jpg"},"webp":{"image_url":"https:\/\/cdn.myanimelist.net\/images\/anime\/5\/73474.webp","small_image_url":"https:\/\/cdn.myanimelist.net\/images\/anime\/5\/73474t.webp","large_image_url":"https:\/\/cdn.myanimelist.net\/images\/anime\/5\/73474l.webp"}},"trailer":{"youtube_id":"NtzDAmRhD9s","url":"https:\/\/www.youtube.com\/watch?v=NtzDAmRhD9s","embed_url":"https:\/\/www.youtube.com\/embed\/NtzDAmRhD9s?enablejsapi=1&wmode=opaque&autoplay=1","images":{"image_url":"https:\/\/img.youtube.com\/vi\/NtzDAmRhD9s\/default.jpg","small_image_url":"https:\/\/img.youtube.com\/vi\/NtzDAmRhD9s\/sddefault.jpg","medium_image_url":"https:\/\/img.youtube.com\/vi\/NtzDAmRhD9s\/mqdefault.jpg","large_image_url":"https:\/\/img.youtube.com\/vi\/NtzDAmRhD9s\/hqdefault.jpg","maximum_image_url":"https:\/\/img.youtube.com\/vi\/NtzDAmRhD9s\/maxresdefault.jpg"}},"approved":true,"titles":[{"type":"Default","title":"Owari no Seraph"},{"type":"Synonym","title":"Seraph of the End"},{"type":"Japanese","title":"\u7d42\u308f\u308a\u306e\u30bb\u30e9\u30d5"},{"type":"English","title":"Seraph of the End: Vampire Reign"},{"type":"German","title":"Seraph of the End: Vampire Reign"},{"type":"Spanish","title":"Seraph of the End: El Reino de los Vampiros"},{"type":"French","title":"Seraph of the End: Vampire Reign"}],"title":"Owari no Seraph","title_english":"Seraph of the End: Vampire Reign","title_japanese":"\u7d42\u308f\u308a\u306e\u30bb\u30e9\u30d5","title_synonyms":["Seraph of the End"],"type":"TV","source":"Manga","episodes":12,"status":"Finished Airing","airing":false,"aired":{"from":"2015-04-04T00:00:00+00:00","to":"2015-06-20T00:00:00+00:00","prop":{"from":{"day":4,"month":4,"year":2015},"to":{"day":20,"month":6,"year":2015}},"string":"Apr 4, 2015 to Jun 20, 2015"},"duration":"23 min per ep","rating":"R - 17+ (violence & profanity)","score":7.49,"scored_by":712343,"rank":1814,"popularity":97,"members":1303181,"favorites":13597,"synopsis":"With the appearance of a mysterious virus that kills everyone above the age of 13, mankind becomes enslaved by previously hidden, power-hungry vampires who emerge in order to subjugate society with the promise of protecting the survivors, in exchange for donations of their blood.\n\nAmong these survivors are Yuuichirou and Mikaela Hyakuya, two young boys who are taken captive from an orphanage, along with other children whom they consider family. Discontent with being treated like livestock under the vampires' cruel reign, Mikaela hatches a rebellious escape plan that is ultimately doomed to fail. The only survivor to come out on the other side is Yuuichirou, who is found by the Moon Demon Company, a military unit dedicated to exterminating the vampires in Japan.\n\nMany years later, now a member of the Japanese Imperial Demon Army, Yuuichirou is determined to take revenge on the creatures that slaughtered his family, but at what cost?\n\nOwari no Seraph is a post-apocalyptic supernatural shounen anime that follows a young man's search for retribution, all the while battling for friendship and loyalty against seemingly impossible odds.\n\n[Written by MAL Rewrite]","background":"Owari no Seraph is an anime adaptation of Takaya Kagami's ongoing shounen manga of the same name. Kagami himself did script writing for the anime involving events that were not yet published in the source material. The anime is licensed by Funimation for both video and streaming in North America. The source material has also spawned several other adaptations including two different light novel series, a voice comic, two video games and a spin-off manga.","season":"spring","year":2015,"broadcast":{"day":"Saturdays","time":"22:00","timezone":"Asia\/Tokyo","string":"Saturdays at 22:00 (JST)"},"producers":[{"mal_id":211,"type":"anime","name":"Rakuonsha","url":"https:\/\/myanimelist.net\/anime\/producer\/211\/Rakuonsha"},{"mal_id":1113,"type":"anime","name":"NBCUniversal Entertainment Japan","url":"https:\/\/myanimelist.net\/anime\/producer\/1113\/NBCUniversal_Entertainment_Japan"},{"mal_id":1365,"type":"anime","name":"Shueisha","url":"https:\/\/myanimelist.net\/anime\/producer\/1365\/Shueisha"}],"licensors":[{"mal_id":102,"type":"anime","name":"Funimation","url":"https:\/\/myanimelist.net\/anime\/producer\/102\/Funimation"}],"studios":[{"mal_id":858,"type":"anime","name":"Wit Studio","url":"https:\/\/myanimelist.net\/anime\/producer\/858\/Wit_Studio"}],"genres":[{"mal_id":1,"type":"anime","name":"Action","url":"https:\/\/myanimelist.net\/anime\/genre\/1\/Action"},{"mal_id":8,"type":"anime","name":"Drama","url":"https:\/\/myanimelist.net\/anime\/genre\/8\/Drama"},{"mal_id":37,"type":"anime","name":"Supernatural","url":"https:\/\/myanimelist.net\/anime\/genre\/37\/Supernatural"}],"explicit_genres":[],"themes":[{"mal_id":38,"type":"anime","name":"Military","url":"https:\/\/myanimelist.net\/anime\/genre\/38\/Military"},{"mal_id":32,"type":"anime","name":"Vampire","url":"https:\/\/myanimelist.net\/anime\/genre\/32\/Vampire"}],"demographics":[{"mal_id":27,"type":"anime","name":"Shounen","url":"https:\/\/myanimelist.net\/anime\/genre\/27\/Shounen"}],"relations":[{"relation":"Adaptation","entry":[{"mal_id":43661,"type":"manga","name":"Owari no Seraph","url":"https:\/\/myanimelist.net\/manga\/43661\/Owari_no_Seraph"}]},{"relation":"Sequel","entry":[{"mal_id":28927,"type":"anime","name":"Owari no Seraph: Nagoya Kessen-hen","url":"https:\/\/myanimelist.net\/anime\/28927\/Owari_no_Seraph__Nagoya_Kessen-hen"}]},{"relation":"Other","entry":[{"mal_id":30714,"type":"anime","name":"Owaranai Seraph","url":"https:\/\/myanimelist.net\/anime\/30714\/Owaranai_Seraph"}]},{"relation":"Side story","entry":[{"mal_id":31378,"type":"anime","name":"Owari no Seraph: Kyuuketsuki Shahar","url":"https:\/\/myanimelist.net\/anime\/31378\/Owari_no_Seraph__Kyuuketsuki_Shahar"}]},{"relation":"Summary","entry":[{"mal_id":31756,"type":"anime","name":"Owari no Seraph: The Beginning of the End","url":"https:\/\/myanimelist.net\/anime\/31756\/Owari_no_Seraph__The_Beginning_of_the_End"}]}],"theme":{"openings":["\"X.U.\" by SawanoHiroyuki[nZk]:Gemie (eps 2-12)"],"endings":["\"scaPEGoat\" by SawanoHiroyuki[nZk]:Yosh (eps 2-12)"]},"external":[{"name":"Official Site","url":"http:\/\/www.owarino-seraph.jp\/"},{"name":"AniDB","url":"https:\/\/anidb.net\/perl-bin\/animedb.pl?show=anime&aid=10813"},{"name":"ANN","url":"https:\/\/www.animenewsnetwork.com\/encyclopedia\/anime.php?id=16357"},{"name":"Wikipedia","url":"http:\/\/en.wikipedia.org\/wiki\/Seraph_of_the_End"}],"streaming":[{"name":"Crunchyroll","url":"http:\/\/www.crunchyroll.com\/series-275839"},{"name":"Funimation","url":"https:\/\/www.funimation.com\/shows\/seraph-of-the-end-vampire-reign"},{"name":"Netflix","url":"https:\/\/www.netflix.com\/"}]}}