{"data":{"mal_id":2665,"url":"https:\/\/myanimelist.net\/anime\/2665\/Doraemon_Movie_07__Nobita_to_Tetsujin_Heidan","images":{"jpg":{"image_url":"https:\/\/cdn.myanimelist.net\/images\/anime\/10\/72412.jpg","small_image_url":"https:\/\/cdn.myanimelist.net\/images\/anime\/10\/72412t.jpg","large_image_url":"https:\/\/cdn.myanimelist.net\/images\/anime\/10\/72412l.jpg"},"webp":{"image_url":"https:\/\/cdn.myanimelist.net\/images\/anime\/10\/72412.webp","small_image_url":"https:\/\/cdn.myanimelist.net\/images\/anime\/10\/72412t.webp","large_image_url":"https:\/\/cdn.myanimelist.net\/images\/anime\/10\/72412l.webp"}},"trailer":{"youtube_id":null,"url":null,"embed_url":null,"images":{"image_url":null,"small_image_url":null,"medium_image_url":null,"large_image_url":null,"maximum_image_url":null}},"approved":true,"titles":[{"type":"Default","title":"Doraemon Movie 07: Nobita to Tetsujin Heidan"},{"type":"Synonym","title":"Doraemon: Nobita and the Platoon of Iron Men"},{"type":"Japanese","title":"\u6620\u753b \u30c9\u30e9\u3048\u3082\u3093 \u306e\u3073\u592a\u3068\u9244\u4eba\u5175\u56e3"},{"type":"English","title":"Doraemon the Movie: Nobita and the Steel Troops"},{"type":"Spanish","title":"Doraemon Pel\u00edcula 7: Doraemon y el Ej\u00e9rcito de los Hombres de Hierro"}],"title":"Doraemon Movie 07: Nobita to Tetsujin Heidan","title_english":"Doraemon the Movie: Nobita and the Steel Troops","title_japanese":"\u6620\u753b \u30c9\u30e9\u3048\u3082\u3093 \u306e\u3073\u592a\u3068\u9244\u4eba\u5175\u56e3","title_synonyms":["Doraemon: Nobita and the Platoon of Iron Men"],"type":"Movie","source":"Manga","episodes":1,"status":"Finished Airing","airing":false,"aired":{"from":"1986-03-15T00:00:00+00:00","to":null,"prop":{"from":{"day":15,"month":3,"year":1986},"to":{"day":null,"month":null,"year":null}},"string":"Mar 15, 1986"},"duration":"1 hr 40 min","rating":"PG - Children","score":7.58,"scored_by":5043,"rank":1505,"popularity":6797,"members":8057,"favorites":16,"synopsis":"Giant robot parts fell from the sky, so Nobita and Doraemon took it into the mirror world to build it and called it the Zandacross. It seems that Zandacross is a dangerous weapon so they kept it a secret. A mysterious girl named Lilulu appeared and asked for Zandacross for the invasion but she doesn't agree to invade the Earth. Doraemon and the others join forces to stop the invasion of the robot army but it seems that Lilulu is the only one that can stop it.\n\n(Source: ANN)","background":null,"season":null,"year":null,"broadcast":{"day":null,"time":null,"timezone":null,"string":null},"producers":[],"licensors":[],"studios":[],"genres":[{"mal_id":2,"type":"anime","name":"Adventure","url":"https:\/\/myanimelist.net\/anime\/genre\/2\/Adventure"},{"mal_id":4,"type":"anime","name":"Comedy","url":"https:\/\/myanimelist.net\/anime\/genre\/4\/Comedy"},{"mal_id":10,"type":"anime","name":"Fantasy","url":"https:\/\/myanimelist.net\/anime\/genre\/10\/Fantasy"}],"explicit_genres":[],"themes":[{"mal_id":18,"type":"anime","name":"Mecha","url":"https:\/\/myanimelist.net\/anime\/genre\/18\/Mecha"}],"demographics":[{"mal_id":15,"type":"anime","name":"Kids","url":"https:\/\/myanimelist.net\/anime\/genre\/15\/Kids"},{"mal_id":27,"type":"anime","name":"Shounen","url":"https:\/\/myanimelist.net\/anime\/genre\/27\/Shounen"}],"relations":[{"relation":"Adaptation","entry":[{"mal_id":12471,"type":"manga","name":"Daichouhen Doraemon","url":"https:\/\/myanimelist.net\/manga\/12471\/Daichouhen_Doraemon"}]},{"relation":"Parent story","entry":[{"mal_id":2471,"type":"anime","name":"Doraemon (1979)","url":"https:\/\/myanimelist.net\/anime\/2471\/Doraemon_1979"}]},{"relation":"Alternative version","entry":[{"mal_id":10534,"type":"anime","name":"Doraemon Movie 31: Shin Nobita to Tetsujin Heidan - Habatake Tenshi-tachi","url":"https:\/\/myanimelist.net\/anime\/10534\/Doraemon_Movie_31__Shin_Nobita_to_Tetsujin_Heidan_-_Habatake_Tenshi-tachi"}]}],"theme":{"openings":[],"endings":[]},"external":[{"name":"Official Site","url":"http:\/\/www.dora-movie.com\/film_history\/history_7.html"},{"name":"AniDB","url":"https:\/\/anidb.net\/perl-bin\/animedb.pl?show=anime&aid=4674"},{"name":"ANN","url":"https:\/\/www.animenewsnetwork.com\/encyclopedia\/anime.php?id=1891"},{"name":"Wikipedia","url":"http:\/\/en.wikipedia.org\/wiki\/Doraemon:_Nobita_and_the_Steel_Troops"},{"name":"Bangumi","url":"https:\/\/bangumi.tv\/subject\/442"}],"streaming":[]}}