{"data":{"mal_id":2761,"url":"https:\/\/myanimelist.net\/anime\/2761\/Densetsu_Kyojin_Ideon__Hatsudou-hen","images":{"jpg":{"image_url":"https:\/\/cdn.myanimelist.net\/images\/anime\/1146\/91266.jpg","small_image_url":"https:\/\/cdn.myanimelist.net\/images\/anime\/1146\/91266t.jpg","large_image_url":"https:\/\/cdn.myanimelist.net\/images\/anime\/1146\/91266l.jpg"},"webp":{"image_url":"https:\/\/cdn.myanimelist.net\/images\/anime\/1146\/91266.webp","small_image_url":"https:\/\/cdn.myanimelist.net\/images\/anime\/1146\/91266t.webp","large_image_url":"https:\/\/cdn.myanimelist.net\/images\/anime\/1146\/91266l.webp"}},"trailer":{"youtube_id":null,"url":null,"embed_url":null,"images":{"image_url":null,"small_image_url":null,"medium_image_url":null,"large_image_url":null,"maximum_image_url":null}},"approved":true,"titles":[{"type":"Default","title":"Densetsu Kyojin Ideon: Hatsudou-hen"},{"type":"Japanese","title":"\u4f1d\u8aac\u5de8\u795e\u30a4\u30c7\u30aa\u30f3 \u767a\u52d5\u7bc7"},{"type":"English","title":"The Ideon: Be Invoked"}],"title":"Densetsu Kyojin Ideon: Hatsudou-hen","title_english":"The Ideon: Be Invoked","title_japanese":"\u4f1d\u8aac\u5de8\u795e\u30a4\u30c7\u30aa\u30f3 \u767a\u52d5\u7bc7","title_synonyms":[],"type":"Movie","source":"Original","episodes":1,"status":"Finished Airing","airing":false,"aired":{"from":"1982-07-10T00:00:00+00:00","to":null,"prop":{"from":{"day":10,"month":7,"year":1982},"to":{"day":null,"month":null,"year":null}},"string":"Jul 10, 1982"},"duration":"1 hr 38 min","rating":"R+ - Mild Nudity","score":7.89,"scored_by":3588,"rank":768,"popularity":6240,"members":9848,"favorites":206,"synopsis":"Pushed out to the far reaches of the galaxy, the crew of the Solo Ship faces impossible odds of survival. With the Earth destroyed and the remnants of the Buff Clan pushing them to their limit, the Ideon shows as the last line of defense for the battered remains of humanity. \n\nAs the tensions of their last stand rack up on their minds, Captain Bes Jordan and pilot Cosmo Yuuki race against the clock to protect their final opportunity of survival, even as desperation eats away at the minds of their loved ones. Using any weapons left at their disposal, the crew desperately fight on to protect themselves in the cold clutches of space, punished with a final duel against Harulu Ajiba, who is now desperate to reclaim the honor lost in her father's eyes.\n\n[Written by MAL Rewrite]","background":null,"season":null,"year":null,"broadcast":{"day":null,"time":null,"timezone":null,"string":null},"producers":[],"licensors":[{"mal_id":490,"type":"anime","name":"Maiden Japan","url":"https:\/\/myanimelist.net\/anime\/producer\/490\/Maiden_Japan"}],"studios":[{"mal_id":14,"type":"anime","name":"Sunrise","url":"https:\/\/myanimelist.net\/anime\/producer\/14\/Sunrise"}],"genres":[{"mal_id":8,"type":"anime","name":"Drama","url":"https:\/\/myanimelist.net\/anime\/genre\/8\/Drama"},{"mal_id":24,"type":"anime","name":"Sci-Fi","url":"https:\/\/myanimelist.net\/anime\/genre\/24\/Sci-Fi"}],"explicit_genres":[],"themes":[{"mal_id":18,"type":"anime","name":"Mecha","url":"https:\/\/myanimelist.net\/anime\/genre\/18\/Mecha"},{"mal_id":29,"type":"anime","name":"Space","url":"https:\/\/myanimelist.net\/anime\/genre\/29\/Space"}],"demographics":[],"relations":[{"relation":"Prequel","entry":[{"mal_id":930,"type":"anime","name":"Densetsu Kyojin Ideon","url":"https:\/\/myanimelist.net\/anime\/930\/Densetsu_Kyojin_Ideon"},{"mal_id":2760,"type":"anime","name":"Densetsu Kyojin Ideon: Sesshoku-hen","url":"https:\/\/myanimelist.net\/anime\/2760\/Densetsu_Kyojin_Ideon__Sesshoku-hen"}]}],"theme":{"openings":[],"endings":[]},"external":[{"name":"Official Site","url":"http:\/\/www.b-ch.com\/contents\/ideon\/"},{"name":"AniDB","url":"https:\/\/anidb.net\/perl-bin\/animedb.pl?show=anime&aid=1809"},{"name":"ANN","url":"https:\/\/www.animenewsnetwork.com\/encyclopedia\/anime.php?id=2726"}],"streaming":[{"name":"HIDIVE","url":"https:\/\/www.hidive.com\/movies\/space-runaway-ideon-be-invoked"}]}}