{"data":{"mal_id":2787,"url":"https:\/\/myanimelist.net\/anime\/2787\/Shakugan_no_Shana_II_Second","images":{"jpg":{"image_url":"https:\/\/cdn.myanimelist.net\/images\/anime\/1827\/134365.jpg","small_image_url":"https:\/\/cdn.myanimelist.net\/images\/anime\/1827\/134365t.jpg","large_image_url":"https:\/\/cdn.myanimelist.net\/images\/anime\/1827\/134365l.jpg"},"webp":{"image_url":"https:\/\/cdn.myanimelist.net\/images\/anime\/1827\/134365.webp","small_image_url":"https:\/\/cdn.myanimelist.net\/images\/anime\/1827\/134365t.webp","large_image_url":"https:\/\/cdn.myanimelist.net\/images\/anime\/1827\/134365l.webp"}},"trailer":{"youtube_id":"MHNV0nLHLno","url":"https:\/\/www.youtube.com\/watch?v=MHNV0nLHLno","embed_url":"https:\/\/www.youtube.com\/embed\/MHNV0nLHLno?enablejsapi=1&wmode=opaque&autoplay=1","images":{"image_url":"https:\/\/img.youtube.com\/vi\/MHNV0nLHLno\/default.jpg","small_image_url":"https:\/\/img.youtube.com\/vi\/MHNV0nLHLno\/sddefault.jpg","medium_image_url":"https:\/\/img.youtube.com\/vi\/MHNV0nLHLno\/mqdefault.jpg","large_image_url":"https:\/\/img.youtube.com\/vi\/MHNV0nLHLno\/hqdefault.jpg","maximum_image_url":"https:\/\/img.youtube.com\/vi\/MHNV0nLHLno\/maxresdefault.jpg"}},"approved":true,"titles":[{"type":"Default","title":"Shakugan no Shana II (Second)"},{"type":"Synonym","title":"Shakugan no Shana 2"},{"type":"Japanese","title":"\u707c\u773c\u306e\u30b7\u30e3\u30caII \u2013Second\u2013"},{"type":"English","title":"Shakugan no Shana: Season II"}],"title":"Shakugan no Shana II (Second)","title_english":"Shakugan no Shana: Season II","title_japanese":"\u707c\u773c\u306e\u30b7\u30e3\u30caII \u2013Second\u2013","title_synonyms":["Shakugan no Shana 2"],"type":"TV","source":"Light novel","episodes":24,"status":"Finished Airing","airing":false,"aired":{"from":"2007-10-05T00:00:00+00:00","to":"2008-03-28T00:00:00+00:00","prop":{"from":{"day":5,"month":10,"year":2007},"to":{"day":28,"month":3,"year":2008}},"string":"Oct 5, 2007 to Mar 28, 2008"},"duration":"24 min per ep","rating":"PG-13 - Teens 13 or older","score":7.55,"scored_by":170896,"rank":1605,"popularity":753,"members":305574,"favorites":989,"synopsis":"Denizens from the Crimson Realm continue to infiltrate Misaki City and steal life energy from humans. To combat this threat, Flame Hazes are tasked with saving humans from losing their existences. But while it is a Flame Haze's duty to protect humans, Shana\u2014the \"Flame-Haired Burning-Eyed Hunter\"\u2014seems to be focusing her attention on one human in particular: Yuuji Sakai, a teenage boy who was unwittingly dragged into the fight between Crimson Denizens and Flame Hazes. Since her first encounter with Yuuji, Shana has started to see him as more than just a friend. In fact, Yuuji wonders if Shana might have revealed her feelings to him once before, but it is difficult for him to confirm due to her hot-and-cold personality. Nonetheless, their days pass like any other, until a new transfer student arrives at their high school\u2014one who bears a striking resemblance to an old enemy.\n\nYuuji and Shana have no time to dance around their feelings for each other; while their adversaries from the Bal Masqu\u00e9 organization plan their next attack, the two must keep their guard up as they explore the origin behind the coveted magical object within Yuuji's body, the \"Midnight Lost Child.\"\n\n[Written by MAL Rewrite]","background":null,"season":"fall","year":2007,"broadcast":{"day":"Fridays","time":"01:25","timezone":"Asia\/Tokyo","string":"Fridays at 01:25 (JST)"},"producers":[{"mal_id":31,"type":"anime","name":"Geneon Universal Entertainment","url":"https:\/\/myanimelist.net\/anime\/producer\/31\/Geneon_Universal_Entertainment"},{"mal_id":681,"type":"anime","name":"ASCII Media Works","url":"https:\/\/myanimelist.net\/anime\/producer\/681\/ASCII_Media_Works"}],"licensors":[{"mal_id":102,"type":"anime","name":"Funimation","url":"https:\/\/myanimelist.net\/anime\/producer\/102\/Funimation"}],"studios":[{"mal_id":7,"type":"anime","name":"J.C.Staff","url":"https:\/\/myanimelist.net\/anime\/producer\/7\/JCStaff"}],"genres":[{"mal_id":1,"type":"anime","name":"Action","url":"https:\/\/myanimelist.net\/anime\/genre\/1\/Action"},{"mal_id":8,"type":"anime","name":"Drama","url":"https:\/\/myanimelist.net\/anime\/genre\/8\/Drama"},{"mal_id":10,"type":"anime","name":"Fantasy","url":"https:\/\/myanimelist.net\/anime\/genre\/10\/Fantasy"},{"mal_id":22,"type":"anime","name":"Romance","url":"https:\/\/myanimelist.net\/anime\/genre\/22\/Romance"}],"explicit_genres":[],"themes":[{"mal_id":66,"type":"anime","name":"Mahou Shoujo","url":"https:\/\/myanimelist.net\/anime\/genre\/66\/Mahou_Shoujo"},{"mal_id":23,"type":"anime","name":"School","url":"https:\/\/myanimelist.net\/anime\/genre\/23\/School"}],"demographics":[],"relations":[{"relation":"Adaptation","entry":[{"mal_id":3074,"type":"manga","name":"Shakugan no Shana","url":"https:\/\/myanimelist.net\/manga\/3074\/Shakugan_no_Shana"}]},{"relation":"Prequel","entry":[{"mal_id":355,"type":"anime","name":"Shakugan no Shana","url":"https:\/\/myanimelist.net\/anime\/355\/Shakugan_no_Shana"}]},{"relation":"Spin-off","entry":[{"mal_id":3956,"type":"anime","name":"Shakugan no Shana-tan II (Second)","url":"https:\/\/myanimelist.net\/anime\/3956\/Shakugan_no_Shana-tan_II_Second"},{"mal_id":14957,"type":"anime","name":"Shakugan no Shana: Friagne & Marianne no Naze Nani Shana! Nandemo Shitsumonbako! 2","url":"https:\/\/myanimelist.net\/anime\/14957\/Shakugan_no_Shana__Friagne___Marianne_no_Naze_Nani_Shana_Nandemo_Shitsumonbako_2"}]},{"relation":"Sequel","entry":[{"mal_id":6572,"type":"anime","name":"Shakugan no Shana S","url":"https:\/\/myanimelist.net\/anime\/6572\/Shakugan_no_Shana_S"}]}],"theme":{"openings":["1: \"JOINT\" by Mami Kawada (eps 1-15)","2: \"BLAZE\" by KOTOKO (eps 16-24)"],"endings":["1: \"Triangle\" by Kawada Mami (eps 1-15)","2: \"Sociometry\" by KOTOKO (eps 16-23)","3: \"sense\" by Kawada Mami (eps 24)"]},"external":[{"name":"Official Site","url":"http:\/\/www.shakugan.com\/"},{"name":"AniDB","url":"https:\/\/anidb.net\/perl-bin\/animedb.pl?show=anime&aid=5145"},{"name":"ANN","url":"https:\/\/www.animenewsnetwork.com\/encyclopedia\/anime.php?id=7847"},{"name":"Wikipedia","url":"http:\/\/en.wikipedia.org\/wiki\/Shakugan_no_Shana#Anime"}],"streaming":[{"name":"Crunchyroll","url":"http:\/\/www.crunchyroll.com\/series-276403"}]}}