{"data":{"mal_id":28,"url":"https:\/\/myanimelist.net\/anime\/28\/Yakitate_Japan","images":{"jpg":{"image_url":"https:\/\/cdn.myanimelist.net\/images\/anime\/3\/76432.jpg","small_image_url":"https:\/\/cdn.myanimelist.net\/images\/anime\/3\/76432t.jpg","large_image_url":"https:\/\/cdn.myanimelist.net\/images\/anime\/3\/76432l.jpg"},"webp":{"image_url":"https:\/\/cdn.myanimelist.net\/images\/anime\/3\/76432.webp","small_image_url":"https:\/\/cdn.myanimelist.net\/images\/anime\/3\/76432t.webp","large_image_url":"https:\/\/cdn.myanimelist.net\/images\/anime\/3\/76432l.webp"}},"trailer":{"youtube_id":"xs6xzznC9tY","url":"https:\/\/www.youtube.com\/watch?v=xs6xzznC9tY","embed_url":"https:\/\/www.youtube.com\/embed\/xs6xzznC9tY?enablejsapi=1&wmode=opaque&autoplay=1","images":{"image_url":"https:\/\/img.youtube.com\/vi\/xs6xzznC9tY\/default.jpg","small_image_url":"https:\/\/img.youtube.com\/vi\/xs6xzznC9tY\/sddefault.jpg","medium_image_url":"https:\/\/img.youtube.com\/vi\/xs6xzznC9tY\/mqdefault.jpg","large_image_url":"https:\/\/img.youtube.com\/vi\/xs6xzznC9tY\/hqdefault.jpg","maximum_image_url":"https:\/\/img.youtube.com\/vi\/xs6xzznC9tY\/maxresdefault.jpg"}},"approved":true,"titles":[{"type":"Default","title":"Yakitate!! Japan"},{"type":"Synonym","title":"Freshly Baked!! Ja-pan!"},{"type":"Japanese","title":"\u713c\u304d\u305f\u3066!! \u30b8\u30e3\u3071\u3093"},{"type":"English","title":"Yakitate!! Japan"}],"title":"Yakitate!! Japan","title_english":"Yakitate!! Japan","title_japanese":"\u713c\u304d\u305f\u3066!! \u30b8\u30e3\u3071\u3093","title_synonyms":["Freshly Baked!! Ja-pan!"],"type":"TV","source":"Manga","episodes":69,"status":"Finished Airing","airing":false,"aired":{"from":"2004-10-12T00:00:00+00:00","to":"2006-03-14T00:00:00+00:00","prop":{"from":{"day":12,"month":10,"year":2004},"to":{"day":14,"month":3,"year":2006}},"string":"Oct 12, 2004 to Mar 14, 2006"},"duration":"24 min per ep","rating":"PG-13 - Teens 13 or older","score":7.91,"scored_by":40891,"rank":736,"popularity":2048,"members":96653,"favorites":904,"synopsis":"While countries such as France, England, and Germany all have their own internationally celebrated bread, Japan simply does not have one that can match in reputation.\n\nThus after discovering the wonders of breadmaking at a young age, Kazuma Azuma embarks on a quest to create Japan's own unique national bread. And being blessed with unusually warm hands that allow dough to ferment faster, Azuma is able to bring his baking innovations to another level.\n\nAs he begins working at the prestigious Japanese bakery chain, Pantasia, Azuma encounters other talented bakers and experiences firsthand the competitive world of baking. Along with his newfound friends and rivals, Azuma strives to create new and unparalleled bread that will start a baking revolution. \n\n[Written by MAL Rewrite]","background":null,"season":"fall","year":2004,"broadcast":{"day":null,"time":null,"timezone":null,"string":"Unknown"},"producers":[{"mal_id":16,"type":"anime","name":"TV Tokyo","url":"https:\/\/myanimelist.net\/anime\/producer\/16\/TV_Tokyo"},{"mal_id":17,"type":"anime","name":"Aniplex","url":"https:\/\/myanimelist.net\/anime\/producer\/17\/Aniplex"},{"mal_id":164,"type":"anime","name":"d-rights","url":"https:\/\/myanimelist.net\/anime\/producer\/164\/d-rights"},{"mal_id":577,"type":"anime","name":"Tohokushinsha Film Corporation","url":"https:\/\/myanimelist.net\/anime\/producer\/577\/Tohokushinsha_Film_Corporation"},{"mal_id":1175,"type":"anime","name":"Atelier Musa","url":"https:\/\/myanimelist.net\/anime\/producer\/1175\/Atelier_Musa"}],"licensors":[{"mal_id":217,"type":"anime","name":"Nozomi Entertainment","url":"https:\/\/myanimelist.net\/anime\/producer\/217\/Nozomi_Entertainment"}],"studios":[{"mal_id":14,"type":"anime","name":"Sunrise","url":"https:\/\/myanimelist.net\/anime\/producer\/14\/Sunrise"}],"genres":[{"mal_id":4,"type":"anime","name":"Comedy","url":"https:\/\/myanimelist.net\/anime\/genre\/4\/Comedy"},{"mal_id":47,"type":"anime","name":"Gourmet","url":"https:\/\/myanimelist.net\/anime\/genre\/47\/Gourmet"}],"explicit_genres":[],"themes":[],"demographics":[{"mal_id":27,"type":"anime","name":"Shounen","url":"https:\/\/myanimelist.net\/anime\/genre\/27\/Shounen"}],"relations":[{"relation":"Adaptation","entry":[{"mal_id":653,"type":"manga","name":"Yakitate!! Japan","url":"https:\/\/myanimelist.net\/manga\/653\/Yakitate_Japan"}]},{"relation":"Other","entry":[{"mal_id":52621,"type":"anime","name":"Shounen Sunday CM: Yakitate!! Japan","url":"https:\/\/myanimelist.net\/anime\/52621\/Shounen_Sunday_CM__Yakitate_Japan"}]}],"theme":{"openings":["1: \"Houkigumo\" by RYTHEM (eps 1-29)","2: \"Promise\" by TiA (eps 30-53)","3: \"Chiisana Uta\" by MARIA (eps 54-68)"],"endings":["1: \"Sunday\" by The Babystars (eps 01-12)","2: \"To All Tha Dreamers\" by SOUL'd OUT (eps 13-29)","3: \"Hummingbird\" by little by little (eps 30-42)","4: \"Re: START\" by SURFACE (eps 43-53)","5: \"Merry Go Round\" by Mai Hoshimura (eps 54-62)","6: \"Kokoro Biidama\" by RYTHEM (eps 63-68)","7: \"Houkigumo\" by RYTHEM (eps 69)"]},"external":[{"name":"Official Site","url":"http:\/\/www.yakitate-japan.com\/"},{"name":"AniDB","url":"https:\/\/anidb.net\/perl-bin\/animedb.pl?show=anime&aid=2429"},{"name":"ANN","url":"https:\/\/www.animenewsnetwork.com\/encyclopedia\/anime.php?id=4454"},{"name":"Wikipedia","url":"http:\/\/en.wikipedia.org\/wiki\/Yakitate"}],"streaming":[{"name":"Crunchyroll","url":"http:\/\/www.crunchyroll.com\/series-268497"},{"name":"Funimation","url":"https:\/\/www.funimation.com\/shows\/yakitate-JP"}]}}