{"data":{"mal_id":28069,"url":"https:\/\/myanimelist.net\/anime\/28069\/Shigatsu_wa_Kimi_no_Uso__Moments","images":{"jpg":{"image_url":"https:\/\/cdn.myanimelist.net\/images\/anime\/6\/74156.jpg","small_image_url":"https:\/\/cdn.myanimelist.net\/images\/anime\/6\/74156t.jpg","large_image_url":"https:\/\/cdn.myanimelist.net\/images\/anime\/6\/74156l.jpg"},"webp":{"image_url":"https:\/\/cdn.myanimelist.net\/images\/anime\/6\/74156.webp","small_image_url":"https:\/\/cdn.myanimelist.net\/images\/anime\/6\/74156t.webp","large_image_url":"https:\/\/cdn.myanimelist.net\/images\/anime\/6\/74156l.webp"}},"trailer":{"youtube_id":null,"url":null,"embed_url":null,"images":{"image_url":null,"small_image_url":null,"medium_image_url":null,"large_image_url":null,"maximum_image_url":null}},"approved":true,"titles":[{"type":"Default","title":"Shigatsu wa Kimi no Uso: Moments"},{"type":"Synonym","title":"Shigatsu wa Kimi no Uso OVA"},{"type":"Japanese","title":"\u56db\u6708\u306f\u541b\u306e\u5618 MOMENTS"},{"type":"English","title":"Your Lie in April: Moments"}],"title":"Shigatsu wa Kimi no Uso: Moments","title_english":"Your Lie in April: Moments","title_japanese":"\u56db\u6708\u306f\u541b\u306e\u5618 MOMENTS","title_synonyms":["Shigatsu wa Kimi no Uso OVA"],"type":"OVA","source":"Manga","episodes":1,"status":"Finished Airing","airing":false,"aired":{"from":"2015-05-15T00:00:00+00:00","to":null,"prop":{"from":{"day":15,"month":5,"year":2015},"to":{"day":null,"month":null,"year":null}},"string":"May 15, 2015"},"duration":"23 min","rating":"PG-13 - Teens 13 or older","score":7.69,"scored_by":60849,"rank":1213,"popularity":1896,"members":108441,"favorites":169,"synopsis":"OVA bundled with the 11th Shigatsu wa Kimi no Uso manga volume.\n\nThe OVA will focus on Kousei, Emi, and Takeshi when they were younger, showing their troubles during their competitions and the beginning of their rivalry.\n\n(Source: Shigatsu wa Kimi no Uso Wikia)","background":null,"season":null,"year":null,"broadcast":{"day":null,"time":null,"timezone":null,"string":null},"producers":[],"licensors":[],"studios":[{"mal_id":56,"type":"anime","name":"A-1 Pictures","url":"https:\/\/myanimelist.net\/anime\/producer\/56\/A-1_Pictures"}],"genres":[],"explicit_genres":[],"themes":[{"mal_id":19,"type":"anime","name":"Music","url":"https:\/\/myanimelist.net\/anime\/genre\/19\/Music"}],"demographics":[{"mal_id":27,"type":"anime","name":"Shounen","url":"https:\/\/myanimelist.net\/anime\/genre\/27\/Shounen"}],"relations":[{"relation":"Sequel","entry":[{"mal_id":23273,"type":"anime","name":"Shigatsu wa Kimi no Uso","url":"https:\/\/myanimelist.net\/anime\/23273\/Shigatsu_wa_Kimi_no_Uso"}]}],"theme":{"openings":["\"Hikaru nara (\u5149\u308b\u306a\u3089)\" by Goose house"],"endings":["\"Kirameki (\u30ad\u30e9\u30e1\u30ad)\" by wacci"]},"external":[{"name":"Official Site","url":"http:\/\/gentei.kodansha.co.jp\/kimiuso\/"},{"name":"AniDB","url":"https:\/\/anidb.net\/perl-bin\/animedb.pl?show=anime&aid=10892"},{"name":"Wikipedia","url":"http:\/\/en.wikipedia.org\/wiki\/Your_Lie_in_April"}],"streaming":[]}}