{"data":{"mal_id":28121,"url":"https:\/\/myanimelist.net\/anime\/28121\/Dungeon_ni_Deai_wo_Motomeru_no_wa_Machigatteiru_Darou_ka","images":{"jpg":{"image_url":"https:\/\/cdn.myanimelist.net\/images\/anime\/2\/70187.jpg","small_image_url":"https:\/\/cdn.myanimelist.net\/images\/anime\/2\/70187t.jpg","large_image_url":"https:\/\/cdn.myanimelist.net\/images\/anime\/2\/70187l.jpg"},"webp":{"image_url":"https:\/\/cdn.myanimelist.net\/images\/anime\/2\/70187.webp","small_image_url":"https:\/\/cdn.myanimelist.net\/images\/anime\/2\/70187t.webp","large_image_url":"https:\/\/cdn.myanimelist.net\/images\/anime\/2\/70187l.webp"}},"trailer":{"youtube_id":"sbcwRt0y4kY","url":"https:\/\/www.youtube.com\/watch?v=sbcwRt0y4kY","embed_url":"https:\/\/www.youtube.com\/embed\/sbcwRt0y4kY?enablejsapi=1&wmode=opaque&autoplay=1","images":{"image_url":"https:\/\/img.youtube.com\/vi\/sbcwRt0y4kY\/default.jpg","small_image_url":"https:\/\/img.youtube.com\/vi\/sbcwRt0y4kY\/sddefault.jpg","medium_image_url":"https:\/\/img.youtube.com\/vi\/sbcwRt0y4kY\/mqdefault.jpg","large_image_url":"https:\/\/img.youtube.com\/vi\/sbcwRt0y4kY\/hqdefault.jpg","maximum_image_url":"https:\/\/img.youtube.com\/vi\/sbcwRt0y4kY\/maxresdefault.jpg"}},"approved":true,"titles":[{"type":"Default","title":"Dungeon ni Deai wo Motomeru no wa Machigatteiru Darou ka"},{"type":"Synonym","title":"DanMachi"},{"type":"Synonym","title":"Is It Wrong That I Want to Meet You in a Dungeon"},{"type":"Japanese","title":"\u30c0\u30f3\u30b8\u30e7\u30f3\u306b\u51fa\u4f1a\u3044\u3092\u6c42\u3081\u308b\u306e\u306f\u9593\u9055\u3063\u3066\u3044\u308b\u3060\u308d\u3046\u304b"},{"type":"English","title":"Is It Wrong to Try to Pick Up Girls in a Dungeon?"},{"type":"German","title":"DanMachi: Is It Wrong to Try to Pick Up Girls in a Dungeon?"},{"type":"Spanish","title":"DANMACHI \u00bfQu\u00e9 tiene de Malo intentar Ligar en una Mazmorra?"},{"type":"French","title":"DanMachi: Familia Myth"}],"title":"Dungeon ni Deai wo Motomeru no wa Machigatteiru Darou ka","title_english":"Is It Wrong to Try to Pick Up Girls in a Dungeon?","title_japanese":"\u30c0\u30f3\u30b8\u30e7\u30f3\u306b\u51fa\u4f1a\u3044\u3092\u6c42\u3081\u308b\u306e\u306f\u9593\u9055\u3063\u3066\u3044\u308b\u3060\u308d\u3046\u304b","title_synonyms":["DanMachi","Is It Wrong That I Want to Meet You in a Dungeon"],"type":"TV","source":"Light novel","episodes":13,"status":"Finished Airing","airing":false,"aired":{"from":"2015-04-04T00:00:00+00:00","to":"2015-06-27T00:00:00+00:00","prop":{"from":{"day":4,"month":4,"year":2015},"to":{"day":27,"month":6,"year":2015}},"string":"Apr 4, 2015 to Jun 27, 2015"},"duration":"24 min per ep","rating":"PG-13 - Teens 13 or older","score":7.54,"scored_by":930675,"rank":1642,"popularity":70,"members":1491300,"favorites":11736,"synopsis":"Life in the bustling city of Orario is never dull, especially for Bell Cranel, a na\u00efve young man who hopes to become the greatest adventurer in the land. After a chance encounter with the lonely goddess, Hestia, his dreams become a little closer to reality. With her support, Bell embarks on a fantastic quest as he ventures deep within the city's monster-filled catacombs, known only as the \"Dungeon.\" Death lurks around every corner in the cavernous depths of this terrifying labyrinth, and a mysterious power moves amidst the shadows.\n\nEven on the surface, survival is a hard-earned privilege. Indeed, nothing is ever certain in a world where gods and humans live and work together, especially when they often struggle to get along. One thing is for sure, though: a myriad of blunders, triumphs and friendships awaits the dauntlessly optimistic protagonist of this herculean tale.\n\n[Written by MAL Rewrite]","background":"The series adapts the first 5 novels of Fujino Omori's light novel series of the same title.","season":"spring","year":2015,"broadcast":{"day":"Saturdays","time":"01:05","timezone":"Asia\/Tokyo","string":"Saturdays at 01:05 (JST)"},"producers":[{"mal_id":79,"type":"anime","name":"Genco","url":"https:\/\/myanimelist.net\/anime\/producer\/79\/Genco"},{"mal_id":166,"type":"anime","name":"Movic","url":"https:\/\/myanimelist.net\/anime\/producer\/166\/Movic"},{"mal_id":415,"type":"anime","name":"Warner Bros. Japan","url":"https:\/\/myanimelist.net\/anime\/producer\/415\/Warner_Bros_Japan"},{"mal_id":460,"type":"anime","name":"KlockWorx","url":"https:\/\/myanimelist.net\/anime\/producer\/460\/KlockWorx"},{"mal_id":621,"type":"anime","name":"SoftBank Creative","url":"https:\/\/myanimelist.net\/anime\/producer\/621\/SoftBank_Creative"},{"mal_id":777,"type":"anime","name":"Showgate","url":"https:\/\/myanimelist.net\/anime\/producer\/777\/Showgate"},{"mal_id":963,"type":"anime","name":"MAGES.","url":"https:\/\/myanimelist.net\/anime\/producer\/963\/MAGES"},{"mal_id":1590,"type":"anime","name":"FuRyu","url":"https:\/\/myanimelist.net\/anime\/producer\/1590\/FuRyu"}],"licensors":[{"mal_id":376,"type":"anime","name":"Sentai Filmworks","url":"https:\/\/myanimelist.net\/anime\/producer\/376\/Sentai_Filmworks"}],"studios":[{"mal_id":7,"type":"anime","name":"J.C.Staff","url":"https:\/\/myanimelist.net\/anime\/producer\/7\/JCStaff"}],"genres":[{"mal_id":1,"type":"anime","name":"Action","url":"https:\/\/myanimelist.net\/anime\/genre\/1\/Action"},{"mal_id":2,"type":"anime","name":"Adventure","url":"https:\/\/myanimelist.net\/anime\/genre\/2\/Adventure"},{"mal_id":10,"type":"anime","name":"Fantasy","url":"https:\/\/myanimelist.net\/anime\/genre\/10\/Fantasy"}],"explicit_genres":[],"themes":[],"demographics":[],"relations":[{"relation":"Adaptation","entry":[{"mal_id":56743,"type":"manga","name":"Dungeon ni Deai wo Motomeru no wa Machigatteiru Darou ka","url":"https:\/\/myanimelist.net\/manga\/56743\/Dungeon_ni_Deai_wo_Motomeru_no_wa_Machigatteiru_Darou_ka"}]},{"relation":"Side story","entry":[{"mal_id":32801,"type":"anime","name":"Dungeon ni Deai wo Motomeru no wa Machigatteiru Darou ka OVA","url":"https:\/\/myanimelist.net\/anime\/32801\/Dungeon_ni_Deai_wo_Motomeru_no_wa_Machigatteiru_Darou_ka_OVA"},{"mal_id":32887,"type":"anime","name":"Dungeon ni Deai wo Motomeru no wa Machigatteiru Darou ka Gaiden: Sword Oratoria","url":"https:\/\/myanimelist.net\/anime\/32887\/Dungeon_ni_Deai_wo_Motomeru_no_wa_Machigatteiru_Darou_ka_Gaiden__Sword_Oratoria"},{"mal_id":37348,"type":"anime","name":"Dungeon ni Deai wo Motomeru no wa Machigatteiru Darou ka Movie: Orion no Ya","url":"https:\/\/myanimelist.net\/anime\/37348\/Dungeon_ni_Deai_wo_Motomeru_no_wa_Machigatteiru_Darou_ka_Movie__Orion_no_Ya"}]},{"relation":"Sequel","entry":[{"mal_id":37347,"type":"anime","name":"Dungeon ni Deai wo Motomeru no wa Machigatteiru Darou ka II","url":"https:\/\/myanimelist.net\/anime\/37347\/Dungeon_ni_Deai_wo_Motomeru_no_wa_Machigatteiru_Darou_ka_II"}]},{"relation":"Summary","entry":[{"mal_id":40064,"type":"anime","name":"Dungeon ni Deai wo Motomeru no wa Machigatteiru Darou ka II: Past & Future","url":"https:\/\/myanimelist.net\/anime\/40064\/Dungeon_ni_Deai_wo_Motomeru_no_wa_Machigatteiru_Darou_ka_II__Past___Future"},{"mal_id":52357,"type":"anime","name":"Dungeon ni Deai wo Motomeru no wa Machigatteiru Darou ka IV Episode 0","url":"https:\/\/myanimelist.net\/anime\/52357\/Dungeon_ni_Deai_wo_Motomeru_no_wa_Machigatteiru_Darou_ka_IV_Episode_0"}]}],"theme":{"openings":["\"Hey World\" by Yuka Iguchi (eps 2-13)"],"endings":["1: \"Hey World\" by Yuka Iguchi (eps 1)","2: \"RIGHT LIGHT RISE\" by Kanon Wakeshima (eps 2-5, 7-13)","3: \"REALIZE ~Hajimari no Toki~ (REALIZE \uff5e\u59cb\u307e\u308a\u306e\u3068\u304d\uff5e)\" by Liliruca Arde (Maaya Uchida) (eps 6)"]},"external":[{"name":"Official Site","url":"http:\/\/www.danmachi.com\/danmachi\/"},{"name":"AniDB","url":"https:\/\/anidb.net\/perl-bin\/animedb.pl?show=anime&aid=10894"},{"name":"ANN","url":"https:\/\/www.animenewsnetwork.com\/encyclopedia\/anime.php?id=16443"},{"name":"Wikipedia","url":"http:\/\/en.wikipedia.org\/wiki\/Is_It_Wrong_to_Try_to_Pick_Up_Girls_in_a_Dungeon%3F"},{"name":"Bangumi","url":"https:\/\/bangumi.tv\/subject\/116287"}],"streaming":[{"name":"HIDIVE","url":"https:\/\/www.hidive.com\/tv\/is-it-wrong-to-try-to-pick-up-girls-in-a-dungeon"},{"name":"Netflix","url":"https:\/\/www.netflix.com\/title\/80185873"}]}}