{"data":{"mal_id":2820,"url":"https:\/\/myanimelist.net\/anime\/2820\/Time_Travel_Tondekeman","images":{"jpg":{"image_url":"https:\/\/cdn.myanimelist.net\/images\/anime\/6\/45656.jpg","small_image_url":"https:\/\/cdn.myanimelist.net\/images\/anime\/6\/45656t.jpg","large_image_url":"https:\/\/cdn.myanimelist.net\/images\/anime\/6\/45656l.jpg"},"webp":{"image_url":"https:\/\/cdn.myanimelist.net\/images\/anime\/6\/45656.webp","small_image_url":"https:\/\/cdn.myanimelist.net\/images\/anime\/6\/45656t.webp","large_image_url":"https:\/\/cdn.myanimelist.net\/images\/anime\/6\/45656l.webp"}},"trailer":{"youtube_id":null,"url":null,"embed_url":null,"images":{"image_url":null,"small_image_url":null,"medium_image_url":null,"large_image_url":null,"maximum_image_url":null}},"approved":true,"titles":[{"type":"Default","title":"Time Travel Tondekeman!"},{"type":"Synonym","title":"Time Trouble Tondekeman!"},{"type":"Japanese","title":"\u305f\u3044\u3080\u3068\u3089\u3076\u308b \u30c8\u30f3\u30c7\u30b1\u30de\u30f3!"},{"type":"English","title":"Time Quest"}],"title":"Time Travel Tondekeman!","title_english":"Time Quest","title_japanese":"\u305f\u3044\u3080\u3068\u3089\u3076\u308b \u30c8\u30f3\u30c7\u30b1\u30de\u30f3!","title_synonyms":["Time Trouble Tondekeman!"],"type":"TV","source":"Original","episodes":39,"status":"Finished Airing","airing":false,"aired":{"from":"1989-10-19T00:00:00+00:00","to":"1990-08-26T00:00:00+00:00","prop":{"from":{"day":19,"month":10,"year":1989},"to":{"day":26,"month":8,"year":1990}},"string":"Oct 19, 1989 to Aug 26, 1990"},"duration":"23 min per ep","rating":"PG-13 - Teens 13 or older","score":7.46,"scored_by":968,"rank":1921,"popularity":10294,"members":2432,"favorites":21,"synopsis":"The series starts when Hayato, a soccer enthusiast, and his girlfriend Yumi, an aspiring musician, went to a visit to Dr. Leonard's lab. They accidentally activated the Tondekeman, a funny talking kettle who transported them many centuries in the past. \n\nIn Baghdad, Hayato and Yumi gets reunited but they got separated from Tondekeman. They meet Aladdin, Prince Dandarn and Princess Shalala. They also meet the cunning Abdullah who is always ready to kidnap the princess so that he could marry the princess to his master. \n\nOur heroes get to go to different places and times and meet several historical and literary figures as they follow Abdullah as he escapes through time to abduct the princess. \n\nHayato and Yumi are stuck in the past until they get Tondekeman from the possession of Abdullah. \n\n(Source: Wikipedia)","background":null,"season":"fall","year":1989,"broadcast":{"day":null,"time":null,"timezone":null,"string":"Unknown"},"producers":[{"mal_id":169,"type":"anime","name":"Fuji TV","url":"https:\/\/myanimelist.net\/anime\/producer\/169\/Fuji_TV"}],"licensors":[],"studios":[{"mal_id":242,"type":"anime","name":"Ashi Productions","url":"https:\/\/myanimelist.net\/anime\/producer\/242\/Ashi_Productions"}],"genres":[{"mal_id":1,"type":"anime","name":"Action","url":"https:\/\/myanimelist.net\/anime\/genre\/1\/Action"},{"mal_id":2,"type":"anime","name":"Adventure","url":"https:\/\/myanimelist.net\/anime\/genre\/2\/Adventure"},{"mal_id":4,"type":"anime","name":"Comedy","url":"https:\/\/myanimelist.net\/anime\/genre\/4\/Comedy"}],"explicit_genres":[],"themes":[],"demographics":[{"mal_id":15,"type":"anime","name":"Kids","url":"https:\/\/myanimelist.net\/anime\/genre\/15\/Kids"}],"relations":[],"theme":{"openings":["\"Yume mireba Time Machine\" by Jag-Toy"],"endings":["1: \"Tomodachi ni Modorenai\" by Jag-Toy","2: \"Soba ni Iru ne\" by Ribbon"]},"external":[{"name":"Official Site","url":"http:\/\/shining-sunflower.com\/3annaba\/3annaba.html"},{"name":"AniDB","url":"https:\/\/anidb.net\/perl-bin\/animedb.pl?show=anime&aid=265"},{"name":"ANN","url":"https:\/\/www.animenewsnetwork.com\/encyclopedia\/anime.php?id=1753"},{"name":"Wikipedia","url":"http:\/\/en.wikipedia.org\/wiki\/Time_Travel_Tondekeman"}],"streaming":[]}}