{"data":{"mal_id":28297,"url":"https:\/\/myanimelist.net\/anime\/28297\/Ore_Monogatari","images":{"jpg":{"image_url":"https:\/\/cdn.myanimelist.net\/images\/anime\/13\/69455.jpg","small_image_url":"https:\/\/cdn.myanimelist.net\/images\/anime\/13\/69455t.jpg","large_image_url":"https:\/\/cdn.myanimelist.net\/images\/anime\/13\/69455l.jpg"},"webp":{"image_url":"https:\/\/cdn.myanimelist.net\/images\/anime\/13\/69455.webp","small_image_url":"https:\/\/cdn.myanimelist.net\/images\/anime\/13\/69455t.webp","large_image_url":"https:\/\/cdn.myanimelist.net\/images\/anime\/13\/69455l.webp"}},"trailer":{"youtube_id":"2oAYS6jWyIs","url":"https:\/\/www.youtube.com\/watch?v=2oAYS6jWyIs","embed_url":"https:\/\/www.youtube.com\/embed\/2oAYS6jWyIs?enablejsapi=1&wmode=opaque&autoplay=1","images":{"image_url":"https:\/\/img.youtube.com\/vi\/2oAYS6jWyIs\/default.jpg","small_image_url":"https:\/\/img.youtube.com\/vi\/2oAYS6jWyIs\/sddefault.jpg","medium_image_url":"https:\/\/img.youtube.com\/vi\/2oAYS6jWyIs\/mqdefault.jpg","large_image_url":"https:\/\/img.youtube.com\/vi\/2oAYS6jWyIs\/hqdefault.jpg","maximum_image_url":"https:\/\/img.youtube.com\/vi\/2oAYS6jWyIs\/maxresdefault.jpg"}},"approved":true,"titles":[{"type":"Default","title":"Ore Monogatari!!"},{"type":"Synonym","title":"Ore Monogatari!!"},{"type":"Synonym","title":"My Story!!"},{"type":"Japanese","title":"\u4ffa\u7269\u8a9e!!"},{"type":"English","title":"My Love Story!!"},{"type":"German","title":"My Love Story!!"},{"type":"Spanish","title":"My Love Story!!: Ore Monogatari!!"},{"type":"French","title":"My Love Story!!"}],"title":"Ore Monogatari!!","title_english":"My Love Story!!","title_japanese":"\u4ffa\u7269\u8a9e!!","title_synonyms":["Ore Monogatari!!","My Story!!"],"type":"TV","source":"Manga","episodes":24,"status":"Finished Airing","airing":false,"aired":{"from":"2015-04-09T00:00:00+00:00","to":"2015-09-24T00:00:00+00:00","prop":{"from":{"day":9,"month":4,"year":2015},"to":{"day":24,"month":9,"year":2015}},"string":"Apr 9, 2015 to Sep 24, 2015"},"duration":"22 min per ep","rating":"PG-13 - Teens 13 or older","score":7.9,"scored_by":316718,"rank":757,"popularity":297,"members":659335,"favorites":5024,"synopsis":"With his muscular build and tall stature, Takeo Gouda is no ordinary high school freshman. However, behind Takeo's intimidating appearance lies a pure heart of gold, and he is considered a hero by his male peers for his courage and chivalry. \n\nUnfortunately for Takeo, his appearance does not bode well for his love life. As if his looks were not already enough to scare the opposite sex away, Takeo's cool, handsome best friend and constant companion Makoto Sunakawa easily, and unintentionally, steals the hearts of the female students\u2014including every girl Takeo has ever liked.\n\nOne day, when Takeo saves cute Rinko Yamato from being molested, he falls in love with her instantly. Unfortunately, he suspects that she might be interested in Sunakawa. Despite his romantic feelings for Yamato continuing to bloom, Takeo decides to act as her cupid, even as he yearns for his own love story.\n\n[Written by MAL Rewrite]","background":null,"season":"spring","year":2015,"broadcast":{"day":"Thursdays","time":"01:29","timezone":"Asia\/Tokyo","string":"Thursdays at 01:29 (JST)"},"producers":[{"mal_id":29,"type":"anime","name":"VAP","url":"https:\/\/myanimelist.net\/anime\/producer\/29\/VAP"},{"mal_id":1003,"type":"anime","name":"Nippon Television Network","url":"https:\/\/myanimelist.net\/anime\/producer\/1003\/Nippon_Television_Network"},{"mal_id":1365,"type":"anime","name":"Shueisha","url":"https:\/\/myanimelist.net\/anime\/producer\/1365\/Shueisha"}],"licensors":[{"mal_id":376,"type":"anime","name":"Sentai Filmworks","url":"https:\/\/myanimelist.net\/anime\/producer\/376\/Sentai_Filmworks"}],"studios":[{"mal_id":11,"type":"anime","name":"Madhouse","url":"https:\/\/myanimelist.net\/anime\/producer\/11\/Madhouse"}],"genres":[{"mal_id":4,"type":"anime","name":"Comedy","url":"https:\/\/myanimelist.net\/anime\/genre\/4\/Comedy"},{"mal_id":22,"type":"anime","name":"Romance","url":"https:\/\/myanimelist.net\/anime\/genre\/22\/Romance"}],"explicit_genres":[],"themes":[],"demographics":[{"mal_id":25,"type":"anime","name":"Shoujo","url":"https:\/\/myanimelist.net\/anime\/genre\/25\/Shoujo"}],"relations":[{"relation":"Adaptation","entry":[{"mal_id":36933,"type":"manga","name":"Ore Monogatari!!","url":"https:\/\/myanimelist.net\/manga\/36933\/Ore_Monogatari"}]}],"theme":{"openings":["\"Miraikei Answer (\u672a\u6765\u5f62Answer)\" by TRUSTRICK (eps 1-23)"],"endings":["1: \"Shiawase no Arika (\u5e78\u305b\u306e\u3042\u308a\u304b)\" by LOCAL CONNECT (eps 1-23)","2: \"Miraikei Answer (\u672a\u6765\u5f62Answer)\" by TRUSTRICK (eps 24)"]},"external":[{"name":"Official Site","url":"http:\/\/www.vap.co.jp\/anime-ore\/index.html"},{"name":"AniDB","url":"https:\/\/anidb.net\/perl-bin\/animedb.pl?show=anime&aid=10918"},{"name":"ANN","url":"https:\/\/www.animenewsnetwork.com\/encyclopedia\/anime.php?id=16514"},{"name":"Wikipedia","url":"https:\/\/en.wikipedia.org\/wiki\/My_Love_Story!!"}],"streaming":[{"name":"Crunchyroll","url":"http:\/\/www.crunchyroll.com\/series-265661"},{"name":"HIDIVE","url":"https:\/\/www.hidive.com\/tv\/my-love-story"}]}}