{"data":{"mal_id":28675,"url":"https:\/\/myanimelist.net\/anime\/28675\/Kyoukai_no_Kanata_Movie_2__Ill_Be_Here_-_Mirai-hen","images":{"jpg":{"image_url":"https:\/\/cdn.myanimelist.net\/images\/anime\/9\/72614.jpg","small_image_url":"https:\/\/cdn.myanimelist.net\/images\/anime\/9\/72614t.jpg","large_image_url":"https:\/\/cdn.myanimelist.net\/images\/anime\/9\/72614l.jpg"},"webp":{"image_url":"https:\/\/cdn.myanimelist.net\/images\/anime\/9\/72614.webp","small_image_url":"https:\/\/cdn.myanimelist.net\/images\/anime\/9\/72614t.webp","large_image_url":"https:\/\/cdn.myanimelist.net\/images\/anime\/9\/72614l.webp"}},"trailer":{"youtube_id":"U7F0Z88GMZU","url":"https:\/\/www.youtube.com\/watch?v=U7F0Z88GMZU","embed_url":"https:\/\/www.youtube.com\/embed\/U7F0Z88GMZU?enablejsapi=1&wmode=opaque&autoplay=1","images":{"image_url":"https:\/\/img.youtube.com\/vi\/U7F0Z88GMZU\/default.jpg","small_image_url":"https:\/\/img.youtube.com\/vi\/U7F0Z88GMZU\/sddefault.jpg","medium_image_url":"https:\/\/img.youtube.com\/vi\/U7F0Z88GMZU\/mqdefault.jpg","large_image_url":"https:\/\/img.youtube.com\/vi\/U7F0Z88GMZU\/hqdefault.jpg","maximum_image_url":"https:\/\/img.youtube.com\/vi\/U7F0Z88GMZU\/maxresdefault.jpg"}},"approved":true,"titles":[{"type":"Default","title":"Kyoukai no Kanata Movie 2: I'll Be Here - Mirai-hen"},{"type":"Synonym","title":"Beyond the Boundary Movie"},{"type":"Synonym","title":"Kyokai no Kanata Movie"},{"type":"Japanese","title":"\u5287\u5834\u7248 \u5883\u754c\u306e\u5f7c\u65b9 I'LL BE HERE \u672a\u6765\u7bc7"},{"type":"English","title":"Beyond the Boundary: I'll Be Here - Future"}],"title":"Kyoukai no Kanata Movie 2: I'll Be Here - Mirai-hen","title_english":"Beyond the Boundary: I'll Be Here - Future","title_japanese":"\u5287\u5834\u7248 \u5883\u754c\u306e\u5f7c\u65b9 I'LL BE HERE \u672a\u6765\u7bc7","title_synonyms":["Beyond the Boundary Movie","Kyokai no Kanata Movie"],"type":"Movie","source":"Light novel","episodes":1,"status":"Finished Airing","airing":false,"aired":{"from":"2015-04-25T00:00:00+00:00","to":null,"prop":{"from":{"day":25,"month":4,"year":2015},"to":{"day":null,"month":null,"year":null}},"string":"Apr 25, 2015"},"duration":"1 hr 30 min","rating":"PG-13 - Teens 13 or older","score":8.15,"scored_by":132335,"rank":412,"popularity":910,"members":256285,"favorites":1024,"synopsis":"After Akihito Kanbara reunites with Mirai Kuriyama\u2014whom he believed had vanished after defeating Beyond the Boundary\u2014he discovers a heartbreaking fact: Mirai has lost all memory of him, their friends, and her past as a Spirit Warrior. Akihito is utterly devastated, but realizes that she has a unique opportunity. Mirai can finally live the life of a normal girl\u2014where she'll be completely devoid of the supernatural society that both shunned and used her. While it's all for the sake of Mirai's happiness, the price is costly\u2014Akihito and his friends must keep her true origins a secret from her, and as a result avoid befriending her. \n\nHowever, the troubling memories of Mirai's old life gradually begin to resurface, and a mysterious new evil leads a group of shadow-like creatures into the city with the goal of seeking her out. As the situations become dire, Akihito must fight to protect himself, his closest friends, and Mirai\u2014the bespectacled beauty he holds most dear. \n\n[Written by MAL Rewrite]","background":null,"season":null,"year":null,"broadcast":{"day":null,"time":null,"timezone":null,"string":null},"producers":[{"mal_id":109,"type":"anime","name":"Shochiku","url":"https:\/\/myanimelist.net\/anime\/producer\/109\/Shochiku"}],"licensors":[{"mal_id":376,"type":"anime","name":"Sentai Filmworks","url":"https:\/\/myanimelist.net\/anime\/producer\/376\/Sentai_Filmworks"}],"studios":[{"mal_id":2,"type":"anime","name":"Kyoto Animation","url":"https:\/\/myanimelist.net\/anime\/producer\/2\/Kyoto_Animation"}],"genres":[{"mal_id":1,"type":"anime","name":"Action","url":"https:\/\/myanimelist.net\/anime\/genre\/1\/Action"},{"mal_id":10,"type":"anime","name":"Fantasy","url":"https:\/\/myanimelist.net\/anime\/genre\/10\/Fantasy"},{"mal_id":22,"type":"anime","name":"Romance","url":"https:\/\/myanimelist.net\/anime\/genre\/22\/Romance"}],"explicit_genres":[],"themes":[{"mal_id":23,"type":"anime","name":"School","url":"https:\/\/myanimelist.net\/anime\/genre\/23\/School"}],"demographics":[],"relations":[{"relation":"Prequel","entry":[{"mal_id":18153,"type":"anime","name":"Kyoukai no Kanata","url":"https:\/\/myanimelist.net\/anime\/18153\/Kyoukai_no_Kanata"},{"mal_id":25015,"type":"anime","name":"Kyoukai no Kanata Movie 1: I'll Be Here - Kako-hen","url":"https:\/\/myanimelist.net\/anime\/25015\/Kyoukai_no_Kanata_Movie_1__Ill_Be_Here_-_Kako-hen"}]}],"theme":{"openings":[],"endings":["\"Aitakatta Sora (\u4f1a\u3044\u305f\u304b\u3063\u305f\u7a7a)\" by Minori Chihara"]},"external":[{"name":"Official Site","url":"http:\/\/www.anime-kyokai.com\/"},{"name":"AniDB","url":"https:\/\/anidb.net\/perl-bin\/animedb.pl?show=anime&aid=10726"},{"name":"ANN","url":"https:\/\/www.animenewsnetwork.com\/encyclopedia\/anime.php?id=16584"},{"name":"Wikipedia","url":"https:\/\/en.wikipedia.org\/wiki\/Beyond_the_Boundary#Anime"},{"name":"Wikipedia","url":"https:\/\/ja.wikipedia.org\/wiki\/%E5%A2%83%E7%95%8C%E3%81%AE%E5%BD%BC%E6%96%B9"},{"name":"Syoboi","url":"https:\/\/cal.syoboi.jp\/tid\/4093"}],"streaming":[{"name":"HIDIVE","url":"https:\/\/www.hidive.com\/movies\/beyond-the-boundary-ill-be-here-future"}]}}