{"data":{"mal_id":287,"url":"https:\/\/myanimelist.net\/anime\/287\/Grappler_Baki_TV","images":{"jpg":{"image_url":"https:\/\/cdn.myanimelist.net\/images\/anime\/1782\/128917.jpg","small_image_url":"https:\/\/cdn.myanimelist.net\/images\/anime\/1782\/128917t.jpg","large_image_url":"https:\/\/cdn.myanimelist.net\/images\/anime\/1782\/128917l.jpg"},"webp":{"image_url":"https:\/\/cdn.myanimelist.net\/images\/anime\/1782\/128917.webp","small_image_url":"https:\/\/cdn.myanimelist.net\/images\/anime\/1782\/128917t.webp","large_image_url":"https:\/\/cdn.myanimelist.net\/images\/anime\/1782\/128917l.webp"}},"trailer":{"youtube_id":"Wnj13t7zi-I","url":"https:\/\/www.youtube.com\/watch?v=Wnj13t7zi-I","embed_url":"https:\/\/www.youtube.com\/embed\/Wnj13t7zi-I?enablejsapi=1&wmode=opaque&autoplay=1","images":{"image_url":"https:\/\/img.youtube.com\/vi\/Wnj13t7zi-I\/default.jpg","small_image_url":"https:\/\/img.youtube.com\/vi\/Wnj13t7zi-I\/sddefault.jpg","medium_image_url":"https:\/\/img.youtube.com\/vi\/Wnj13t7zi-I\/mqdefault.jpg","large_image_url":"https:\/\/img.youtube.com\/vi\/Wnj13t7zi-I\/hqdefault.jpg","maximum_image_url":"https:\/\/img.youtube.com\/vi\/Wnj13t7zi-I\/maxresdefault.jpg"}},"approved":true,"titles":[{"type":"Default","title":"Grappler Baki (TV)"},{"type":"Japanese","title":"\u30b0\u30e9\u30c3\u30d7\u30e9\u30fc\u5203\u7259"},{"type":"English","title":"Baki the Grappler"},{"type":"French","title":"Baki the Grappler"}],"title":"Grappler Baki (TV)","title_english":"Baki the Grappler","title_japanese":"\u30b0\u30e9\u30c3\u30d7\u30e9\u30fc\u5203\u7259","title_synonyms":[],"type":"TV","source":"Manga","episodes":24,"status":"Finished Airing","airing":false,"aired":{"from":"2001-01-09T00:00:00+00:00","to":"2001-06-26T00:00:00+00:00","prop":{"from":{"day":9,"month":1,"year":2001},"to":{"day":26,"month":6,"year":2001}},"string":"Jan 9, 2001 to Jun 26, 2001"},"duration":"25 min per ep","rating":"PG-13 - Teens 13 or older","score":7.46,"scored_by":71959,"rank":1945,"popularity":1563,"members":139366,"favorites":830,"synopsis":"Ever since he was born, Baki Hanma has always known nothing but fighting\u2014strengthening every single muscle and learning different techniques from various martial arts under the supervision of his mother, Emi Akezawa. He trains in order to prepare himself to face and eventually surpass his own father, Yuujirou Hanma, a man feared by the masses as the \"Ogre\" and deemed the strongest being in the world.\n\nHowever, when Baki realizes his mother's techniques are no longer enough, he sets out to become stronger in his own way. Seeking out powerful opponents and forming unbreakable bonds with them, he continues to grow both body and his soul, as the clock continues to tick closer toward the inevitable showdown against his father...\n\n[Written by MAL Rewrite]","background":null,"season":"winter","year":2001,"broadcast":{"day":null,"time":null,"timezone":null,"string":"Unknown"},"producers":[{"mal_id":1307,"type":"anime","name":"Free-Will","url":"https:\/\/myanimelist.net\/anime\/producer\/1307\/Free-Will"}],"licensors":[{"mal_id":102,"type":"anime","name":"Funimation","url":"https:\/\/myanimelist.net\/anime\/producer\/102\/Funimation"}],"studios":[{"mal_id":86,"type":"anime","name":"Group TAC","url":"https:\/\/myanimelist.net\/anime\/producer\/86\/Group_TAC"}],"genres":[{"mal_id":30,"type":"anime","name":"Sports","url":"https:\/\/myanimelist.net\/anime\/genre\/30\/Sports"}],"explicit_genres":[],"themes":[{"mal_id":54,"type":"anime","name":"Combat Sports","url":"https:\/\/myanimelist.net\/anime\/genre\/54\/Combat_Sports"},{"mal_id":58,"type":"anime","name":"Gore","url":"https:\/\/myanimelist.net\/anime\/genre\/58\/Gore"}],"demographics":[{"mal_id":27,"type":"anime","name":"Shounen","url":"https:\/\/myanimelist.net\/anime\/genre\/27\/Shounen"}],"relations":[{"relation":"Adaptation","entry":[{"mal_id":11425,"type":"manga","name":"Grappler Baki","url":"https:\/\/myanimelist.net\/manga\/11425\/Grappler_Baki"}]},{"relation":"Sequel","entry":[{"mal_id":551,"type":"anime","name":"Grappler Baki: Saidai Tournament-hen","url":"https:\/\/myanimelist.net\/anime\/551\/Grappler_Baki__Saidai_Tournament-hen"},{"mal_id":33566,"type":"anime","name":"Baki: Most Evil Death Row Convicts Special Anime","url":"https:\/\/myanimelist.net\/anime\/33566\/Baki__Most_Evil_Death_Row_Convicts_Special_Anime"}]},{"relation":"Alternative version","entry":[{"mal_id":1859,"type":"anime","name":"Grappler Baki","url":"https:\/\/myanimelist.net\/anime\/1859\/Grappler_Baki"}]}],"theme":{"openings":["1: \"Ai Believe\" (\u54c0 believe) by Project BAKI (eps 1-25)","R1: \"Child Prey\" by Dir en grey (eps 1-25)"],"endings":["\"Reborn\" by Project Baki"]},"external":[{"name":"Official Site","url":"http:\/\/baki.ne.jp\/"},{"name":"AniDB","url":"https:\/\/anidb.net\/perl-bin\/animedb.pl?show=anime&aid=453"},{"name":"ANN","url":"https:\/\/www.animenewsnetwork.com\/encyclopedia\/anime.php?id=2035"},{"name":"Wikipedia","url":"http:\/\/en.wikipedia.org\/wiki\/Baki_the_Grappler"}],"streaming":[]}}