{"data":{"mal_id":28725,"url":"https:\/\/myanimelist.net\/anime\/28725\/Kokoro_ga_Sakebitagatterunda","images":{"jpg":{"image_url":"https:\/\/cdn.myanimelist.net\/images\/anime\/1245\/112628.jpg","small_image_url":"https:\/\/cdn.myanimelist.net\/images\/anime\/1245\/112628t.jpg","large_image_url":"https:\/\/cdn.myanimelist.net\/images\/anime\/1245\/112628l.jpg"},"webp":{"image_url":"https:\/\/cdn.myanimelist.net\/images\/anime\/1245\/112628.webp","small_image_url":"https:\/\/cdn.myanimelist.net\/images\/anime\/1245\/112628t.webp","large_image_url":"https:\/\/cdn.myanimelist.net\/images\/anime\/1245\/112628l.webp"}},"trailer":{"youtube_id":"mnOKdfEwNMQ","url":"https:\/\/www.youtube.com\/watch?v=mnOKdfEwNMQ","embed_url":"https:\/\/www.youtube.com\/embed\/mnOKdfEwNMQ?enablejsapi=1&wmode=opaque&autoplay=1","images":{"image_url":"https:\/\/img.youtube.com\/vi\/mnOKdfEwNMQ\/default.jpg","small_image_url":"https:\/\/img.youtube.com\/vi\/mnOKdfEwNMQ\/sddefault.jpg","medium_image_url":"https:\/\/img.youtube.com\/vi\/mnOKdfEwNMQ\/mqdefault.jpg","large_image_url":"https:\/\/img.youtube.com\/vi\/mnOKdfEwNMQ\/hqdefault.jpg","maximum_image_url":"https:\/\/img.youtube.com\/vi\/mnOKdfEwNMQ\/maxresdefault.jpg"}},"approved":true,"titles":[{"type":"Default","title":"Kokoro ga Sakebitagatterunda."},{"type":"Synonym","title":"Kokosake"},{"type":"Japanese","title":"\u5fc3\u304c\u53eb\u3073\u305f\u304c\u3063\u3066\u308b\u3093\u3060\u3002"},{"type":"English","title":"The Anthem of the Heart"},{"type":"German","title":"The Anthem of the Heart"},{"type":"Spanish","title":"El Himno del Coraz\u00f3n"},{"type":"French","title":"Jun, La Voix du Coeur"}],"title":"Kokoro ga Sakebitagatterunda.","title_english":"The Anthem of the Heart","title_japanese":"\u5fc3\u304c\u53eb\u3073\u305f\u304c\u3063\u3066\u308b\u3093\u3060\u3002","title_synonyms":["Kokosake"],"type":"Movie","source":"Original","episodes":1,"status":"Finished Airing","airing":false,"aired":{"from":"2015-09-19T00:00:00+00:00","to":null,"prop":{"from":{"day":19,"month":9,"year":2015},"to":{"day":null,"month":null,"year":null}},"string":"Sep 19, 2015"},"duration":"1 hr 59 min","rating":"PG-13 - Teens 13 or older","score":7.82,"scored_by":155552,"rank":904,"popularity":700,"members":325269,"favorites":1931,"synopsis":"Jun Naruse is a chatterbox whose life is colored by fairy tales and happy endings. However, influenced by her deep belief in those tales, she is too naive and trusting, and her words soon shatter her family's bond when she inadvertently reveals her father's affair. Naruse is scarred for life after being blamed for her parent's divorce, and her regrets soon manifest into a fairy egg\u2014a being who seals her mouth from speaking in order to protect everyone's happy ending.\n\nNow, even in high school, Naruse's speech remains locked by the fairy egg. Even trying to speak causes her stomach to twist. Though unable to convey her thoughts through words, she is unexpectedly chosen to perform in a musical alongside three other students: Takumi Sakagami, Natsuki Nitou, and Daiki Tasaki. Naruse makes her way to the club room to reject the daunting task, but changes her mind when she overhears Sakagami's beautiful singing.\n\nPerhaps the fairy egg \"curse\" does not apply to singing, and perhaps Sakagami is the fairy tale prince she has been seeking all along. Will Naruse be able to convey the anthem of her heart?\n\n[Written by MAL Rewrite]","background":"Kokoro ga Sakebitagatterunda. was created by the production staff of the 2011 anime series , and the two works are set in the city of Chichibu, Saitama Prefecture. It earned 1.12 billion yen in the Japanese box office according to data from the Motion Picture Producers Association of Japan. The movie was one of the Jury Selections in the Animation Division of the 19th Japan Media Arts Festival. It was also nominated for the Animation of the Year award in the 39th Japan Academy Prize. A live-action film adaptation opened in theaters in July 22, 2017.","season":null,"year":null,"broadcast":{"day":null,"time":null,"timezone":null,"string":null},"producers":[{"mal_id":17,"type":"anime","name":"Aniplex","url":"https:\/\/myanimelist.net\/anime\/producer\/17\/Aniplex"},{"mal_id":53,"type":"anime","name":"Dentsu","url":"https:\/\/myanimelist.net\/anime\/producer\/53\/Dentsu"},{"mal_id":169,"type":"anime","name":"Fuji TV","url":"https:\/\/myanimelist.net\/anime\/producer\/169\/Fuji_TV"},{"mal_id":1309,"type":"anime","name":"Lawson HMV Entertainment","url":"https:\/\/myanimelist.net\/anime\/producer\/1309\/Lawson_HMV_Entertainment"},{"mal_id":1430,"type":"anime","name":"Shogakukan","url":"https:\/\/myanimelist.net\/anime\/producer\/1430\/Shogakukan"}],"licensors":[{"mal_id":493,"type":"anime","name":"Aniplex of America","url":"https:\/\/myanimelist.net\/anime\/producer\/493\/Aniplex_of_America"}],"studios":[{"mal_id":56,"type":"anime","name":"A-1 Pictures","url":"https:\/\/myanimelist.net\/anime\/producer\/56\/A-1_Pictures"}],"genres":[{"mal_id":8,"type":"anime","name":"Drama","url":"https:\/\/myanimelist.net\/anime\/genre\/8\/Drama"},{"mal_id":22,"type":"anime","name":"Romance","url":"https:\/\/myanimelist.net\/anime\/genre\/22\/Romance"}],"explicit_genres":[],"themes":[{"mal_id":70,"type":"anime","name":"Performing Arts","url":"https:\/\/myanimelist.net\/anime\/genre\/70\/Performing_Arts"},{"mal_id":23,"type":"anime","name":"School","url":"https:\/\/myanimelist.net\/anime\/genre\/23\/School"}],"demographics":[],"relations":[{"relation":"Adaptation","entry":[{"mal_id":91109,"type":"manga","name":"Kokoro ga Sakebitagatterunda.","url":"https:\/\/myanimelist.net\/manga\/91109\/Kokoro_ga_Sakebitagatterunda"}]},{"relation":"Other","entry":[{"mal_id":31165,"type":"anime","name":"Meiji x Kokosake & anohana Receipt Oubo Campaign","url":"https:\/\/myanimelist.net\/anime\/31165\/Meiji_x_Kokosake___anohana_Receipt_Oubo_Campaign"},{"mal_id":33170,"type":"anime","name":"Kokoro ga Sakebitagatterunda. x Sony Hi-Res \"Walkman\" and Headphone","url":"https:\/\/myanimelist.net\/anime\/33170\/Kokoro_ga_Sakebitagatterunda_x_Sony_Hi-Res_Walkman_and_Headphone"}]}],"theme":{"openings":[],"endings":["\"Ima, Hanashitai Dareka ga Iru (\u4eca\u3001\u8a71\u3057\u305f\u3044\u8ab0\u304b\u304c\u3044\u308b)\" by Nogizaka46"]},"external":[{"name":"Official Site","url":"http:\/\/www.kokosake.jp\/"},{"name":"AniDB","url":"https:\/\/anidb.net\/perl-bin\/animedb.pl?show=anime&aid=10959"},{"name":"ANN","url":"https:\/\/www.animenewsnetwork.com\/encyclopedia\/anime.php?id=16728"},{"name":"Wikipedia","url":"http:\/\/en.wikipedia.org\/wiki\/The_Anthem_of_the_Heart"}],"streaming":[{"name":"Netflix","url":"https:\/\/www.netflix.com\/"}]}}