{"data":{"mal_id":28735,"url":"https:\/\/myanimelist.net\/anime\/28735\/Shouwa_Genroku_Rakugo_Shinjuu","images":{"jpg":{"image_url":"https:\/\/cdn.myanimelist.net\/images\/anime\/1354\/124768.jpg","small_image_url":"https:\/\/cdn.myanimelist.net\/images\/anime\/1354\/124768t.jpg","large_image_url":"https:\/\/cdn.myanimelist.net\/images\/anime\/1354\/124768l.jpg"},"webp":{"image_url":"https:\/\/cdn.myanimelist.net\/images\/anime\/1354\/124768.webp","small_image_url":"https:\/\/cdn.myanimelist.net\/images\/anime\/1354\/124768t.webp","large_image_url":"https:\/\/cdn.myanimelist.net\/images\/anime\/1354\/124768l.webp"}},"trailer":{"youtube_id":"79-t5S8-3Xg","url":"https:\/\/www.youtube.com\/watch?v=79-t5S8-3Xg","embed_url":"https:\/\/www.youtube.com\/embed\/79-t5S8-3Xg?enablejsapi=1&wmode=opaque&autoplay=1","images":{"image_url":"https:\/\/img.youtube.com\/vi\/79-t5S8-3Xg\/default.jpg","small_image_url":"https:\/\/img.youtube.com\/vi\/79-t5S8-3Xg\/sddefault.jpg","medium_image_url":"https:\/\/img.youtube.com\/vi\/79-t5S8-3Xg\/mqdefault.jpg","large_image_url":"https:\/\/img.youtube.com\/vi\/79-t5S8-3Xg\/hqdefault.jpg","maximum_image_url":"https:\/\/img.youtube.com\/vi\/79-t5S8-3Xg\/maxresdefault.jpg"}},"approved":true,"titles":[{"type":"Default","title":"Shouwa Genroku Rakugo Shinjuu"},{"type":"Synonym","title":"Showa and Genroku Era Lover's Suicide Through Rakugo"},{"type":"Japanese","title":"\u662d\u548c\u5143\u7984\u843d\u8a9e\u5fc3\u4e2d"},{"type":"English","title":"Showa Genroku Rakugo Shinju"},{"type":"French","title":"Showa Genroku Rakugo Shinju"}],"title":"Shouwa Genroku Rakugo Shinjuu","title_english":"Showa Genroku Rakugo Shinju","title_japanese":"\u662d\u548c\u5143\u7984\u843d\u8a9e\u5fc3\u4e2d","title_synonyms":["Showa and Genroku Era Lover's Suicide Through Rakugo"],"type":"TV","source":"Manga","episodes":13,"status":"Finished Airing","airing":false,"aired":{"from":"2016-01-09T00:00:00+00:00","to":"2016-04-02T00:00:00+00:00","prop":{"from":{"day":9,"month":1,"year":2016},"to":{"day":2,"month":4,"year":2016}},"string":"Jan 9, 2016 to Apr 2, 2016"},"duration":"26 min per ep","rating":"PG-13 - Teens 13 or older","score":8.57,"scored_by":92632,"rank":101,"popularity":815,"members":286016,"favorites":5782,"synopsis":"Yotarou is a former yakuza member fresh out of prison and fixated on just one thing: rather than return to a life of crime, the young man aspires to take to the stage of rakugo, a traditional Japanese form of comedic storytelling. Inspired during his incarceration by the performance of distinguished practitioner Yakumo Yuurakutei, he sets his mind on meeting the man who changed his life. After hearing Yotarou's desperate appeal for his mentorship, Yakumo is left with no choice but to accept his very first apprentice.\n\nAs he eagerly begins his training, Yotarou meets Konatsu, an abrasive young woman who has been under Yakumo's care ever since her beloved father Sukeroku Yuurakutei, another prolific rakugo performer, passed away. Through her hidden passion, Yotarou is drawn to Sukeroku's unique style of rakugo despite learning under contrasting techniques. Upon seeing this, old memories and feelings return to Yakumo who reminisces about a much earlier time when he made a promise with his greatest rival.\n\nShouwa Genroku Rakugo Shinjuu is a story set in both the past and present, depicting the art of rakugo, the relationships it creates, and the lives and hearts of those dedicated to keeping the unique form of storytelling alive.\n\n[Written by MAL Rewrite]","background":"Shouwa Genroku Rakugo Shinjuu covers the first five volumes of the manga. The original voice cast of the OVA reprised their roles for the animated TV series.","season":"winter","year":2016,"broadcast":{"day":"Saturdays","time":"02:25","timezone":"Asia\/Tokyo","string":"Saturdays at 02:25 (JST)"},"producers":[{"mal_id":92,"type":"anime","name":"Starchild Records","url":"https:\/\/myanimelist.net\/anime\/producer\/92\/Starchild_Records"},{"mal_id":143,"type":"anime","name":"Mainichi Broadcasting System","url":"https:\/\/myanimelist.net\/anime\/producer\/143\/Mainichi_Broadcasting_System"},{"mal_id":159,"type":"anime","name":"Kodansha","url":"https:\/\/myanimelist.net\/anime\/producer\/159\/Kodansha"},{"mal_id":315,"type":"anime","name":"DAX Production","url":"https:\/\/myanimelist.net\/anime\/producer\/315\/DAX_Production"}],"licensors":[],"studios":[{"mal_id":37,"type":"anime","name":"Studio Deen","url":"https:\/\/myanimelist.net\/anime\/producer\/37\/Studio_Deen"}],"genres":[{"mal_id":8,"type":"anime","name":"Drama","url":"https:\/\/myanimelist.net\/anime\/genre\/8\/Drama"}],"explicit_genres":[],"themes":[{"mal_id":13,"type":"anime","name":"Historical","url":"https:\/\/myanimelist.net\/anime\/genre\/13\/Historical"},{"mal_id":64,"type":"anime","name":"Love Polygon","url":"https:\/\/myanimelist.net\/anime\/genre\/64\/Love_Polygon"},{"mal_id":70,"type":"anime","name":"Performing Arts","url":"https:\/\/myanimelist.net\/anime\/genre\/70\/Performing_Arts"}],"demographics":[{"mal_id":43,"type":"anime","name":"Josei","url":"https:\/\/myanimelist.net\/anime\/genre\/43\/Josei"}],"relations":[{"relation":"Adaptation","entry":[{"mal_id":26704,"type":"manga","name":"Shouwa Genroku Rakugo Shinjuu","url":"https:\/\/myanimelist.net\/manga\/26704\/Shouwa_Genroku_Rakugo_Shinjuu"}]},{"relation":"Alternative version","entry":[{"mal_id":25801,"type":"anime","name":"Shouwa Genroku Rakugo Shinjuu: Yotarou Hourou-hen","url":"https:\/\/myanimelist.net\/anime\/25801\/Shouwa_Genroku_Rakugo_Shinjuu__Yotarou_Hourou-hen"}]},{"relation":"Sequel","entry":[{"mal_id":33095,"type":"anime","name":"Shouwa Genroku Rakugo Shinjuu: Sukeroku Futatabi-hen","url":"https:\/\/myanimelist.net\/anime\/33095\/Shouwa_Genroku_Rakugo_Shinjuu__Sukeroku_Futatabi-hen"}]}],"theme":{"openings":["\"Usurahi Shinjuu (\u8584\u3089\u6c37\u5fc3\u4e2d)\" by Megumi Hayashibara (eps 3, 5-8, 10, 13)"],"endings":["1: \"Usurahi Shinjuu (\u8584\u3089\u6c37\u5fc3\u4e2d)\" by Megumi Hayashibara (eps 1)","2: \"Kawa, Taredoki (\u304b\u306f\u3001\u305f\u308c\u3069\u304d)\" by Kana Shibue (eps 2-9, 11, 13)"]},"external":[{"name":"Official Site","url":"http:\/\/www.rakugo-shinju-anime.jp\/"},{"name":"@rakugoshinju","url":"https:\/\/twitter.com\/rakugoshinju"},{"name":"AniDB","url":"https:\/\/anidb.net\/perl-bin\/animedb.pl?show=anime&aid=10960"},{"name":"ANN","url":"https:\/\/www.animenewsnetwork.com\/encyclopedia\/anime.php?id=16614"},{"name":"Wikipedia","url":"http:\/\/en.wikipedia.org\/wiki\/Sh%C5%8Dwa_Genroku_Rakugo_Shinj%C5%AB"},{"name":"Wikipedia","url":"https:\/\/ja.wikipedia.org\/wiki\/%E6%98%AD%E5%92%8C%E5%85%83%E7%A6%84%E8%90%BD%E8%AA%9E%E5%BF%83%E4%B8%AD"},{"name":"Syoboi","url":"https:\/\/cal.syoboi.jp\/tid\/4041"}],"streaming":[{"name":"Crunchyroll","url":"http:\/\/www.crunchyroll.com\/series-269061"}]}}