{"data":{"mal_id":28881,"url":"https:\/\/myanimelist.net\/anime\/28881\/New_Initial_D_Movie__Legend_2_-_Tousou","images":{"jpg":{"image_url":"https:\/\/cdn.myanimelist.net\/images\/anime\/6\/72246.jpg","small_image_url":"https:\/\/cdn.myanimelist.net\/images\/anime\/6\/72246t.jpg","large_image_url":"https:\/\/cdn.myanimelist.net\/images\/anime\/6\/72246l.jpg"},"webp":{"image_url":"https:\/\/cdn.myanimelist.net\/images\/anime\/6\/72246.webp","small_image_url":"https:\/\/cdn.myanimelist.net\/images\/anime\/6\/72246t.webp","large_image_url":"https:\/\/cdn.myanimelist.net\/images\/anime\/6\/72246l.webp"}},"trailer":{"youtube_id":"9py2OnojPz4","url":"https:\/\/www.youtube.com\/watch?v=9py2OnojPz4","embed_url":"https:\/\/www.youtube.com\/embed\/9py2OnojPz4?enablejsapi=1&wmode=opaque&autoplay=1","images":{"image_url":"https:\/\/img.youtube.com\/vi\/9py2OnojPz4\/default.jpg","small_image_url":"https:\/\/img.youtube.com\/vi\/9py2OnojPz4\/sddefault.jpg","medium_image_url":"https:\/\/img.youtube.com\/vi\/9py2OnojPz4\/mqdefault.jpg","large_image_url":"https:\/\/img.youtube.com\/vi\/9py2OnojPz4\/hqdefault.jpg","maximum_image_url":"https:\/\/img.youtube.com\/vi\/9py2OnojPz4\/maxresdefault.jpg"}},"approved":true,"titles":[{"type":"Default","title":"New Initial D Movie: Legend 2 - Tousou"},{"type":"Synonym","title":"Shin Gekijouban Initial D: Legend 2 - Tousou"},{"type":"Japanese","title":"\u65b0\u5287\u5834\u7248\u3000\u982d\u6587\u5b57\uff3b\u30a4\u30cb\u30b7\u30e3\u30eb\uff3dD Legend2 -\u95d8\u8d70-"},{"type":"English","title":"Initial D Legend 2 Racer"},{"type":"French","title":"Initial D Film 2: Legend 2"}],"title":"New Initial D Movie: Legend 2 - Tousou","title_english":"Initial D Legend 2 Racer","title_japanese":"\u65b0\u5287\u5834\u7248\u3000\u982d\u6587\u5b57\uff3b\u30a4\u30cb\u30b7\u30e3\u30eb\uff3dD Legend2 -\u95d8\u8d70-","title_synonyms":["Shin Gekijouban Initial D: Legend 2 - Tousou"],"type":"Movie","source":"Manga","episodes":1,"status":"Finished Airing","airing":false,"aired":{"from":"2015-05-23T00:00:00+00:00","to":null,"prop":{"from":{"day":23,"month":5,"year":2015},"to":{"day":null,"month":null,"year":null}},"string":"May 23, 2015"},"duration":"1 hr 1 min","rating":"PG-13 - Teens 13 or older","score":7.8,"scored_by":14448,"rank":960,"popularity":3936,"members":29748,"favorites":47,"synopsis":"After witnessing the race between Takumi Fujiwara's Toyota AE86 and Keisuke Takahashi's Mazda RX7, Takeshi Nakazato from the Myougi Night Kids sends out a challenge to defeat the AE86 in a downhill battle. Despite his Nissan Skyline GT-R completely outclassing the AE86, Nakazato is told that he will never beat Takumi\u2014a statement that enrages him. Believing that grip racing is far superior to flashy drift racing, Nakazato is dead set on defeating the AE86 to prove that he is the better racer.\n\nThanks to Itsuki Takeuchi's hasty acceptance of the match on his behalf, Takumi is reluctant to get involved with the challenge and chooses not to race, stating that he is not a racer by any means. Overseeing the dilemma, Takumi's employer goads him into accepting. However, when Takumi returns home to get the AE86, he finds that his father has taken the car out for himself. As he waits for his father's return, Takumi begins to feel his itch to race grow ever more.\n\n[Written by MAL Rewrite]","background":"New Initial D Movie: Legend 2 - Tousou was released on Blu-ray and DVD by Sentai Filmworks on March 13, 2018.","season":null,"year":null,"broadcast":{"day":null,"time":null,"timezone":null,"string":null},"producers":[{"mal_id":109,"type":"anime","name":"Shochiku","url":"https:\/\/myanimelist.net\/anime\/producer\/109\/Shochiku"},{"mal_id":159,"type":"anime","name":"Kodansha","url":"https:\/\/myanimelist.net\/anime\/producer\/159\/Kodansha"},{"mal_id":539,"type":"anime","name":"Ultra Super Pictures","url":"https:\/\/myanimelist.net\/anime\/producer\/539\/Ultra_Super_Pictures"},{"mal_id":1284,"type":"anime","name":"Avex Pictures","url":"https:\/\/myanimelist.net\/anime\/producer\/1284\/Avex_Pictures"},{"mal_id":1345,"type":"anime","name":"Sammy","url":"https:\/\/myanimelist.net\/anime\/producer\/1345\/Sammy"}],"licensors":[{"mal_id":376,"type":"anime","name":"Sentai Filmworks","url":"https:\/\/myanimelist.net\/anime\/producer\/376\/Sentai_Filmworks"}],"studios":[{"mal_id":537,"type":"anime","name":"SANZIGEN","url":"https:\/\/myanimelist.net\/anime\/producer\/537\/SANZIGEN"},{"mal_id":839,"type":"anime","name":"LIDENFILMS","url":"https:\/\/myanimelist.net\/anime\/producer\/839\/LIDENFILMS"}],"genres":[],"explicit_genres":[],"themes":[{"mal_id":3,"type":"anime","name":"Racing","url":"https:\/\/myanimelist.net\/anime\/genre\/3\/Racing"}],"demographics":[{"mal_id":42,"type":"anime","name":"Seinen","url":"https:\/\/myanimelist.net\/anime\/genre\/42\/Seinen"}],"relations":[{"relation":"Adaptation","entry":[{"mal_id":375,"type":"manga","name":"Initial D","url":"https:\/\/myanimelist.net\/manga\/375\/Initial_D"}]},{"relation":"Prequel","entry":[{"mal_id":19613,"type":"anime","name":"New Initial D Movie: Legend 1 - Kakusei","url":"https:\/\/myanimelist.net\/anime\/19613\/New_Initial_D_Movie__Legend_1_-_Kakusei"}]},{"relation":"Sequel","entry":[{"mal_id":30952,"type":"anime","name":"New Initial D Movie: Legend 3 - Mugen","url":"https:\/\/myanimelist.net\/anime\/30952\/New_Initial_D_Movie__Legend_3_-_Mugen"}]},{"relation":"Summary","entry":[{"mal_id":50846,"type":"anime","name":"New Initial D Movie: Battle Digest","url":"https:\/\/myanimelist.net\/anime\/50846\/New_Initial_D_Movie__Battle_Digest"}]}],"theme":{"openings":[],"endings":["\"Resurrection (\u30ea\u30b6\u30ec\u30af\u30b7\u30e7\u30f3)\" by BACK-ON"]},"external":[{"name":"Official Site","url":"http:\/\/www.initiald-movie.com\/"},{"name":"AniDB","url":"https:\/\/anidb.net\/perl-bin\/animedb.pl?show=anime&aid=9987"},{"name":"ANN","url":"https:\/\/www.animenewsnetwork.com\/encyclopedia\/anime.php?id=16821"},{"name":"Wikipedia","url":"http:\/\/en.wikipedia.org\/wiki\/Initial_D"}],"streaming":[{"name":"HIDIVE","url":"https:\/\/www.hidive.com\/movies\/initial-d-legend-2-racer"},{"name":"Netflix","url":"https:\/\/www.netflix.com\/"},{"name":"Shahid","url":"https:\/\/shahid.mbc.net\/en\/movies\/Initial-D-Legend-2\/movie-908950"}]}}