{"data":{"mal_id":2903,"url":"https:\/\/myanimelist.net\/anime\/2903\/Sakigake_Otokojuku","images":{"jpg":{"image_url":"https:\/\/cdn.myanimelist.net\/images\/anime\/12\/60397.jpg","small_image_url":"https:\/\/cdn.myanimelist.net\/images\/anime\/12\/60397t.jpg","large_image_url":"https:\/\/cdn.myanimelist.net\/images\/anime\/12\/60397l.jpg"},"webp":{"image_url":"https:\/\/cdn.myanimelist.net\/images\/anime\/12\/60397.webp","small_image_url":"https:\/\/cdn.myanimelist.net\/images\/anime\/12\/60397t.webp","large_image_url":"https:\/\/cdn.myanimelist.net\/images\/anime\/12\/60397l.webp"}},"trailer":{"youtube_id":null,"url":null,"embed_url":null,"images":{"image_url":null,"small_image_url":null,"medium_image_url":null,"large_image_url":null,"maximum_image_url":null}},"approved":true,"titles":[{"type":"Default","title":"Sakigake!! Otokojuku"},{"type":"Synonym","title":"Be A Man! Samurai School"},{"type":"Japanese","title":"\u9b41!!\u7537\u587e"},{"type":"English","title":"Charge!! Men's Private School"}],"title":"Sakigake!! Otokojuku","title_english":"Charge!! Men's Private School","title_japanese":"\u9b41!!\u7537\u587e","title_synonyms":["Be A Man! Samurai School"],"type":"TV","source":"Manga","episodes":34,"status":"Finished Airing","airing":false,"aired":{"from":"1988-02-25T00:00:00+00:00","to":"1988-11-14T00:00:00+00:00","prop":{"from":{"day":25,"month":2,"year":1988},"to":{"day":14,"month":11,"year":1988}},"string":"Feb 25, 1988 to Nov 14, 1988"},"duration":"24 min per ep","rating":"R - 17+ (violence & profanity)","score":7.41,"scored_by":3496,"rank":2152,"popularity":5415,"members":13970,"favorites":110,"synopsis":"Otokojuku: a private school for juvenile delinquents that were previously expelled from normal schools. At this school, Japanese chivalry is taught through feudal and military fundamentals. Similar to an action film, the classes are overwhelmed by violence. Only those who survive it become true men.\n\n(Source: ANN)","background":null,"season":"winter","year":1988,"broadcast":{"day":"Mondays","time":"19:00","timezone":"Asia\/Tokyo","string":"Mondays at 19:00 (JST)"},"producers":[{"mal_id":104,"type":"anime","name":"Lantis","url":"https:\/\/myanimelist.net\/anime\/producer\/104\/Lantis"}],"licensors":[],"studios":[{"mal_id":18,"type":"anime","name":"Toei Animation","url":"https:\/\/myanimelist.net\/anime\/producer\/18\/Toei_Animation"}],"genres":[{"mal_id":1,"type":"anime","name":"Action","url":"https:\/\/myanimelist.net\/anime\/genre\/1\/Action"},{"mal_id":4,"type":"anime","name":"Comedy","url":"https:\/\/myanimelist.net\/anime\/genre\/4\/Comedy"}],"explicit_genres":[],"themes":[{"mal_id":55,"type":"anime","name":"Delinquents","url":"https:\/\/myanimelist.net\/anime\/genre\/55\/Delinquents"},{"mal_id":17,"type":"anime","name":"Martial Arts","url":"https:\/\/myanimelist.net\/anime\/genre\/17\/Martial_Arts"},{"mal_id":23,"type":"anime","name":"School","url":"https:\/\/myanimelist.net\/anime\/genre\/23\/School"}],"demographics":[{"mal_id":27,"type":"anime","name":"Shounen","url":"https:\/\/myanimelist.net\/anime\/genre\/27\/Shounen"}],"relations":[{"relation":"Adaptation","entry":[{"mal_id":5254,"type":"manga","name":"Sakigake!! Otokojuku","url":"https:\/\/myanimelist.net\/manga\/5254\/Sakigake_Otokojuku"}]},{"relation":"Sequel","entry":[{"mal_id":4031,"type":"anime","name":"Sakigake!! Otokojuku Movie","url":"https:\/\/myanimelist.net\/anime\/4031\/Sakigake_Otokojuku_Movie"}]}],"theme":{"openings":["\"Yogorechimatta Kanashimi ni... (\u6c5a\u308c\u3061\u307e\u3063\u305f\u60b2\u3057\u307f\u306b\u30fb\u30fb\u30fb)\" by SEPIA"],"endings":["\"Ikujidai Arimashite (\u5e7e\u6642\u4ee3\u3042\u308a\u307e\u3057\u3066)\" by SEPIA"]},"external":[{"name":"Official Site","url":"http:\/\/www.toei-anim.co.jp\/lineup\/tv\/otokojuku\/"},{"name":"AniDB","url":"https:\/\/anidb.net\/perl-bin\/animedb.pl?show=anime&aid=2070"},{"name":"ANN","url":"https:\/\/www.animenewsnetwork.com\/encyclopedia\/anime.php?id=3588"},{"name":"Wikipedia","url":"http:\/\/en.wikipedia.org\/wiki\/Sakigake%21%21_Otokojuku"}],"streaming":[]}}