{"data":{"mal_id":2951,"url":"https:\/\/myanimelist.net\/anime\/2951\/Gintama__Nanigoto_mo_Saisho_ga_Kanjin_nanode_Tashou_Senobisuru_Kurai_ga_Choudoyoi","images":{"jpg":{"image_url":"https:\/\/cdn.myanimelist.net\/images\/anime\/1897\/139500.jpg","small_image_url":"https:\/\/cdn.myanimelist.net\/images\/anime\/1897\/139500t.jpg","large_image_url":"https:\/\/cdn.myanimelist.net\/images\/anime\/1897\/139500l.jpg"},"webp":{"image_url":"https:\/\/cdn.myanimelist.net\/images\/anime\/1897\/139500.webp","small_image_url":"https:\/\/cdn.myanimelist.net\/images\/anime\/1897\/139500t.webp","large_image_url":"https:\/\/cdn.myanimelist.net\/images\/anime\/1897\/139500l.webp"}},"trailer":{"youtube_id":null,"url":null,"embed_url":null,"images":{"image_url":null,"small_image_url":null,"medium_image_url":null,"large_image_url":null,"maximum_image_url":null}},"approved":true,"titles":[{"type":"Default","title":"Gintama: Nanigoto mo Saisho ga Kanjin nanode Tashou Senobisuru Kurai ga Choudoyoi"},{"type":"Japanese","title":"\u9280\u9b42\u301c\u4f55\u4e8b\u3082\u6700\u521d\u304c\u809d\u5fc3\u306a\u306e\u3067\u591a\u5c11\u80cc\u4f38\u3073\u3059\u308b\u304f\u3089\u3044\u304c\u4e01\u5ea6\u826f\u3044\u301c"},{"type":"English","title":"Gintama: Jump Festa 2005 Special"}],"title":"Gintama: Nanigoto mo Saisho ga Kanjin nanode Tashou Senobisuru Kurai ga Choudoyoi","title_english":"Gintama: Jump Festa 2005 Special","title_japanese":"\u9280\u9b42\u301c\u4f55\u4e8b\u3082\u6700\u521d\u304c\u809d\u5fc3\u306a\u306e\u3067\u591a\u5c11\u80cc\u4f38\u3073\u3059\u308b\u304f\u3089\u3044\u304c\u4e01\u5ea6\u826f\u3044\u301c","title_synonyms":[],"type":"Special","source":"Manga","episodes":1,"status":"Finished Airing","airing":false,"aired":{"from":"2005-09-24T00:00:00+00:00","to":null,"prop":{"from":{"day":24,"month":9,"year":2005},"to":{"day":null,"month":null,"year":null}},"string":"Sep 24, 2005"},"duration":"32 min","rating":"PG-13 - Teens 13 or older","score":8.08,"scored_by":29722,"rank":500,"popularity":2840,"members":55652,"favorites":73,"synopsis":"Due to the arrival of aliens called the \"Amanto,\" the samurai of feudal Japan have fallen into misery and despair. Denied their swords and stature, they are now treated as an object of pity and utter disregard while the Amanto mercilessly terrorizes the country.\n\nTo restore the reputation of the samurai, the Anti-Foreigner Faction leader Kotarou Katsura resolves to eradicate the Amanto\u2014even if he must resort to violent methods. With a giant mecha at his disposal, he plans to initiate an attack against the Shinsengumi, an army of skillful samurai dedicated to protecting the peace of Edo.\n\nMeanwhile, Yorozuya owner Gintoki Sakata and his friends are out to see the cherry blossoms. However, they are interrupted when the Shinsengumi show up, claiming Gintoki has stolen their spot for flower-viewing. Quickly spiraling into a frenzied quarrel, the two groups settle the fight through a game of rock-paper-scissors\u2014albeit with rather brutal methods.\n\n[Written by MAL Rewrite]","background":"Gintama: Nanigoto mo Saiyo ga Kanjin nano de Tasho Senobisuru Kurai ga Choudoyoi was featured at the 2005 Jump Festa Anime Tour.","season":null,"year":null,"broadcast":{"day":null,"time":null,"timezone":null,"string":null},"producers":[{"mal_id":645,"type":"anime","name":"Audio Highs","url":"https:\/\/myanimelist.net\/anime\/producer\/645\/Audio_Highs"},{"mal_id":763,"type":"anime","name":"Miracle Robo","url":"https:\/\/myanimelist.net\/anime\/producer\/763\/Miracle_Robo"}],"licensors":[],"studios":[{"mal_id":14,"type":"anime","name":"Sunrise","url":"https:\/\/myanimelist.net\/anime\/producer\/14\/Sunrise"}],"genres":[{"mal_id":1,"type":"anime","name":"Action","url":"https:\/\/myanimelist.net\/anime\/genre\/1\/Action"},{"mal_id":4,"type":"anime","name":"Comedy","url":"https:\/\/myanimelist.net\/anime\/genre\/4\/Comedy"},{"mal_id":24,"type":"anime","name":"Sci-Fi","url":"https:\/\/myanimelist.net\/anime\/genre\/24\/Sci-Fi"}],"explicit_genres":[],"themes":[{"mal_id":13,"type":"anime","name":"Historical","url":"https:\/\/myanimelist.net\/anime\/genre\/13\/Historical"},{"mal_id":18,"type":"anime","name":"Mecha","url":"https:\/\/myanimelist.net\/anime\/genre\/18\/Mecha"},{"mal_id":20,"type":"anime","name":"Parody","url":"https:\/\/myanimelist.net\/anime\/genre\/20\/Parody"},{"mal_id":21,"type":"anime","name":"Samurai","url":"https:\/\/myanimelist.net\/anime\/genre\/21\/Samurai"}],"demographics":[{"mal_id":27,"type":"anime","name":"Shounen","url":"https:\/\/myanimelist.net\/anime\/genre\/27\/Shounen"}],"relations":[{"relation":"Adaptation","entry":[{"mal_id":44,"type":"manga","name":"Gintama","url":"https:\/\/myanimelist.net\/manga\/44\/Gintama"}]},{"relation":"Parent story","entry":[{"mal_id":918,"type":"anime","name":"Gintama","url":"https:\/\/myanimelist.net\/anime\/918\/Gintama"}]},{"relation":"Other","entry":[{"mal_id":6945,"type":"anime","name":"Gintama: Shiroyasha Koutan","url":"https:\/\/myanimelist.net\/anime\/6945\/Gintama__Shiroyasha_Koutan"},{"mal_id":25313,"type":"anime","name":"Gintama': Futon ni Haitte kara Buki Nokoshi ni Kizuite Neru ni Nerenai Toki mo Aru","url":"https:\/\/myanimelist.net\/anime\/25313\/Gintama__Futon_ni_Haitte_kara_Buki_Nokoshi_ni_Kizuite_Neru_ni_Nerenai_Toki_mo_Aru"}]}],"theme":{"openings":["\"Planet X\" by Audio Highs"],"endings":["\"Omae no Kaa-chan XX da!\" by kazmy with Necromancers"]},"external":[{"name":"Official Site","url":"http:\/\/www.j-gintama.com\/"},{"name":"AniDB","url":"https:\/\/anidb.net\/perl-bin\/animedb.pl?show=anime&aid=3468"},{"name":"ANN","url":"https:\/\/www.animenewsnetwork.com\/encyclopedia\/anime.php?id=6072"},{"name":"Wikipedia","url":"http:\/\/en.wikipedia.org\/wiki\/Gintama"}],"streaming":[]}}