{"data":{"mal_id":2952,"url":"https:\/\/myanimelist.net\/anime\/2952\/Final_Fantasy_VII__Advent_Children_Complete","images":{"jpg":{"image_url":"https:\/\/cdn.myanimelist.net\/images\/anime\/1065\/94641.jpg","small_image_url":"https:\/\/cdn.myanimelist.net\/images\/anime\/1065\/94641t.jpg","large_image_url":"https:\/\/cdn.myanimelist.net\/images\/anime\/1065\/94641l.jpg"},"webp":{"image_url":"https:\/\/cdn.myanimelist.net\/images\/anime\/1065\/94641.webp","small_image_url":"https:\/\/cdn.myanimelist.net\/images\/anime\/1065\/94641t.webp","large_image_url":"https:\/\/cdn.myanimelist.net\/images\/anime\/1065\/94641l.webp"}},"trailer":{"youtube_id":"Qy9hiWlk8yk","url":"https:\/\/www.youtube.com\/watch?v=Qy9hiWlk8yk","embed_url":"https:\/\/www.youtube.com\/embed\/Qy9hiWlk8yk?enablejsapi=1&wmode=opaque&autoplay=1","images":{"image_url":"https:\/\/img.youtube.com\/vi\/Qy9hiWlk8yk\/default.jpg","small_image_url":"https:\/\/img.youtube.com\/vi\/Qy9hiWlk8yk\/sddefault.jpg","medium_image_url":"https:\/\/img.youtube.com\/vi\/Qy9hiWlk8yk\/mqdefault.jpg","large_image_url":"https:\/\/img.youtube.com\/vi\/Qy9hiWlk8yk\/hqdefault.jpg","maximum_image_url":"https:\/\/img.youtube.com\/vi\/Qy9hiWlk8yk\/maxresdefault.jpg"}},"approved":true,"titles":[{"type":"Default","title":"Final Fantasy VII: Advent Children Complete"},{"type":"Synonym","title":"Final Fantasy 7: Advent Children Complete"},{"type":"Japanese","title":"\u30d5\u30a1\u30a4\u30ca\u30eb\u30d5\u30a1\u30f3\u30bf\u30b8\u30fcVII \u30a2\u30c9\u30d9\u30f3\u30c8\u30c1\u30eb\u30c9\u30ec\u30f3\u30b3\u30f3\u30d7\u30ea\u30fc\u30c8"},{"type":"German","title":"Final Fantasy VII: Advent Children"},{"type":"Spanish","title":"Final Fantasy VII Advent Children"},{"type":"French","title":"Final Fantasy VII: Advent Children"}],"title":"Final Fantasy VII: Advent Children Complete","title_english":null,"title_japanese":"\u30d5\u30a1\u30a4\u30ca\u30eb\u30d5\u30a1\u30f3\u30bf\u30b8\u30fcVII \u30a2\u30c9\u30d9\u30f3\u30c8\u30c1\u30eb\u30c9\u30ec\u30f3\u30b3\u30f3\u30d7\u30ea\u30fc\u30c8","title_synonyms":["Final Fantasy 7: Advent Children Complete"],"type":"OVA","source":"Game","episodes":1,"status":"Finished Airing","airing":false,"aired":{"from":"2009-04-16T00:00:00+00:00","to":null,"prop":{"from":{"day":16,"month":4,"year":2009},"to":{"day":null,"month":null,"year":null}},"string":"Apr 16, 2009"},"duration":"2 hr 6 min","rating":"PG-13 - Teens 13 or older","score":7.9,"scored_by":81980,"rank":746,"popularity":1639,"members":130701,"favorites":760,"synopsis":"Two years after saving the world from a cataclysmic event, the members of the activist organization Avalanche have gone their separate ways. Tifa Lockhart opens a new bar, and her childhood friend Cloud Strife starts up a motorcycle-based courier service. Although most of their former allies have fallen out of touch, Cloud and Tifa live in fragile peace with their two young wards Marlene and Denzel.\n\nTheir life together begins to crumble as a contagious plague and overwhelming grief pull Cloud away from his newfound family. While distancing himself through his work, Cloud is attacked by three silver-haired figures in black uniforms who bear a passing resemblance to his bitter rival, Sephiroth. As the antagonistic trio stalks Cloud and brings harm to his loved ones, the former mercenary struggles against his own demons while fighting to protect his family and prevent the will of Sephiroth from returning to the planet.\n\n[Written by MAL Rewrite]","background":"Final Fantasy VII: Advent Children Complete is the director's cut of the 2005 film and was first announced at the 2006 Tokyo Game Show. Two versions of the film were released in Japan on April 16, 2009, with one edition releasing with a demo of the upcoming Final Fantasy game Final Fantasy XIII. It was later released in the US on June 2, 2009 and in the UK on July 27, 2009.","season":null,"year":null,"broadcast":{"day":null,"time":null,"timezone":null,"string":null},"producers":[{"mal_id":58,"type":"anime","name":"Square Enix","url":"https:\/\/myanimelist.net\/anime\/producer\/58\/Square_Enix"}],"licensors":[],"studios":[{"mal_id":1847,"type":"anime","name":"Square Enix Visual Works","url":"https:\/\/myanimelist.net\/anime\/producer\/1847\/Square_Enix_Visual_Works"}],"genres":[{"mal_id":1,"type":"anime","name":"Action","url":"https:\/\/myanimelist.net\/anime\/genre\/1\/Action"},{"mal_id":10,"type":"anime","name":"Fantasy","url":"https:\/\/myanimelist.net\/anime\/genre\/10\/Fantasy"}],"explicit_genres":[],"themes":[{"mal_id":31,"type":"anime","name":"Super Power","url":"https:\/\/myanimelist.net\/anime\/genre\/31\/Super_Power"}],"demographics":[],"relations":[{"relation":"Alternative version","entry":[{"mal_id":317,"type":"anime","name":"Final Fantasy VII: Advent Children","url":"https:\/\/myanimelist.net\/anime\/317\/Final_Fantasy_VII__Advent_Children"}]},{"relation":"Side story","entry":[{"mal_id":6151,"type":"anime","name":"Final Fantasy VII: On the Way to a Smile - Episode: Denzel","url":"https:\/\/myanimelist.net\/anime\/6151\/Final_Fantasy_VII__On_the_Way_to_a_Smile_-_Episode__Denzel"}]}],"theme":{"openings":[],"endings":["\"Safe and Sound\" by Kyosuke Himuro & Gerard Way"]},"external":[{"name":"Official Site","url":"http:\/\/www.square-enix.co.jp\/dvd\/ff7ac\/"},{"name":"AniDB","url":"https:\/\/anidb.net\/perl-bin\/animedb.pl?show=anime&aid=1208"},{"name":"ANN","url":"https:\/\/www.animenewsnetwork.com\/encyclopedia\/anime.php?id=3344"},{"name":"Wikipedia","url":"http:\/\/en.wikipedia.org\/wiki\/Final_Fantasy_VII_Advent_Children#Final_Fantasy_VII_Advent_Children_Complete"}],"streaming":[]}}