{"data":{"mal_id":29787,"url":"https:\/\/myanimelist.net\/anime\/29787\/Gochuumon_wa_Usagi_desu_ka","images":{"jpg":{"image_url":"https:\/\/cdn.myanimelist.net\/images\/anime\/8\/76702.jpg","small_image_url":"https:\/\/cdn.myanimelist.net\/images\/anime\/8\/76702t.jpg","large_image_url":"https:\/\/cdn.myanimelist.net\/images\/anime\/8\/76702l.jpg"},"webp":{"image_url":"https:\/\/cdn.myanimelist.net\/images\/anime\/8\/76702.webp","small_image_url":"https:\/\/cdn.myanimelist.net\/images\/anime\/8\/76702t.webp","large_image_url":"https:\/\/cdn.myanimelist.net\/images\/anime\/8\/76702l.webp"}},"trailer":{"youtube_id":"awfptUKbWEo","url":"https:\/\/www.youtube.com\/watch?v=awfptUKbWEo","embed_url":"https:\/\/www.youtube.com\/embed\/awfptUKbWEo?enablejsapi=1&wmode=opaque&autoplay=1","images":{"image_url":"https:\/\/img.youtube.com\/vi\/awfptUKbWEo\/default.jpg","small_image_url":"https:\/\/img.youtube.com\/vi\/awfptUKbWEo\/sddefault.jpg","medium_image_url":"https:\/\/img.youtube.com\/vi\/awfptUKbWEo\/mqdefault.jpg","large_image_url":"https:\/\/img.youtube.com\/vi\/awfptUKbWEo\/hqdefault.jpg","maximum_image_url":"https:\/\/img.youtube.com\/vi\/awfptUKbWEo\/maxresdefault.jpg"}},"approved":true,"titles":[{"type":"Default","title":"Gochuumon wa Usagi desu ka??"},{"type":"Synonym","title":"Gochuumon wa Usagi desu ka? 2"},{"type":"Synonym","title":"GochiUsa 2"},{"type":"Japanese","title":"\u3054\u6ce8\u6587\u306f\u3046\u3055\u304e\u3067\u3059\u304b??"},{"type":"English","title":"Is the Order a Rabbit??"},{"type":"German","title":"Is the Order a Rabbit?? Staffel 2"},{"type":"Spanish","title":"Is the Order a Rabbit??: Gochuumon wa Usagi Desu ka?? Temporada 2"},{"type":"French","title":"Is the Order a Rabbit?? Saison 2"}],"title":"Gochuumon wa Usagi desu ka??","title_english":"Is the Order a Rabbit??","title_japanese":"\u3054\u6ce8\u6587\u306f\u3046\u3055\u304e\u3067\u3059\u304b??","title_synonyms":["Gochuumon wa Usagi desu ka? 2","GochiUsa 2"],"type":"TV","source":"4-koma manga","episodes":12,"status":"Finished Airing","airing":false,"aired":{"from":"2015-10-10T00:00:00+00:00","to":"2015-12-26T00:00:00+00:00","prop":{"from":{"day":10,"month":10,"year":2015},"to":{"day":26,"month":12,"year":2015}},"string":"Oct 10, 2015 to Dec 26, 2015"},"duration":"23 min per ep","rating":"PG-13 - Teens 13 or older","score":7.77,"scored_by":58689,"rank":1012,"popularity":1665,"members":128958,"favorites":854,"synopsis":"With a new year comes new adventures, especially at the Rabbit House! Since her arrival at the caf\u00e9, Kokoa Hoto has become accustomed to her new life as a waitress even though the Rabbit House isn't the rabbit paradise she initially envisioned it to be. Life is pleasant, and she enjoys spending time both working and playing with her friends and fellow waitresses Chino Kafuu, a cute middle school student with a fuzzy bunny companion named Tippy, and Rize Tedeza, the pig-tailed daughter of a soldier who is readily armed for any scenario.\n\nTogether with Chiya Ujimatsu and Sharo Kirima, who also work at neighboring caf\u00e9s in town, the Rabbit House crew gets involved in all sorts of crazy adventures. Throughout these adventures, the girls encounter troubled novelists, rival cafes, secret treasure, and... alcoholic chocolates?\n\n[Written by MAL Rewrite]","background":null,"season":"fall","year":2015,"broadcast":{"day":"Saturdays","time":"21:30","timezone":"Asia\/Tokyo","string":"Saturdays at 21:30 (JST)"},"producers":[{"mal_id":61,"type":"anime","name":"Frontier Works","url":"https:\/\/myanimelist.net\/anime\/producer\/61\/Frontier_Works"},{"mal_id":238,"type":"anime","name":"AT-X","url":"https:\/\/myanimelist.net\/anime\/producer\/238\/AT-X"},{"mal_id":306,"type":"anime","name":"Magic Capsule","url":"https:\/\/myanimelist.net\/anime\/producer\/306\/Magic_Capsule"},{"mal_id":775,"type":"anime","name":"Bushiroad","url":"https:\/\/myanimelist.net\/anime\/producer\/775\/Bushiroad"},{"mal_id":777,"type":"anime","name":"Showgate","url":"https:\/\/myanimelist.net\/anime\/producer\/777\/Showgate"},{"mal_id":797,"type":"anime","name":"Houbunsha","url":"https:\/\/myanimelist.net\/anime\/producer\/797\/Houbunsha"},{"mal_id":1113,"type":"anime","name":"NBCUniversal Entertainment Japan","url":"https:\/\/myanimelist.net\/anime\/producer\/1113\/NBCUniversal_Entertainment_Japan"},{"mal_id":1331,"type":"anime","name":"i0+","url":"https:\/\/myanimelist.net\/anime\/producer\/1331\/i0_"},{"mal_id":1333,"type":"anime","name":"Hakuhodo DY Music & Pictures","url":"https:\/\/myanimelist.net\/anime\/producer\/1333\/Hakuhodo_DY_Music___Pictures"},{"mal_id":1581,"type":"anime","name":"RAY","url":"https:\/\/myanimelist.net\/anime\/producer\/1581\/RAY"}],"licensors":[{"mal_id":376,"type":"anime","name":"Sentai Filmworks","url":"https:\/\/myanimelist.net\/anime\/producer\/376\/Sentai_Filmworks"}],"studios":[{"mal_id":290,"type":"anime","name":"Kinema Citrus","url":"https:\/\/myanimelist.net\/anime\/producer\/290\/Kinema_Citrus"},{"mal_id":314,"type":"anime","name":"White Fox","url":"https:\/\/myanimelist.net\/anime\/producer\/314\/White_Fox"}],"genres":[{"mal_id":36,"type":"anime","name":"Slice of Life","url":"https:\/\/myanimelist.net\/anime\/genre\/36\/Slice_of_Life"}],"explicit_genres":[],"themes":[{"mal_id":52,"type":"anime","name":"CGDCT","url":"https:\/\/myanimelist.net\/anime\/genre\/52\/CGDCT"},{"mal_id":63,"type":"anime","name":"Iyashikei","url":"https:\/\/myanimelist.net\/anime\/genre\/63\/Iyashikei"},{"mal_id":48,"type":"anime","name":"Workplace","url":"https:\/\/myanimelist.net\/anime\/genre\/48\/Workplace"}],"demographics":[],"relations":[{"relation":"Adaptation","entry":[{"mal_id":49835,"type":"manga","name":"Gochuumon wa Usagi desu ka?","url":"https:\/\/myanimelist.net\/manga\/49835\/Gochuumon_wa_Usagi_desu_ka"}]},{"relation":"Prequel","entry":[{"mal_id":21273,"type":"anime","name":"Gochuumon wa Usagi desu ka?","url":"https:\/\/myanimelist.net\/anime\/21273\/Gochuumon_wa_Usagi_desu_ka"}]},{"relation":"Sequel","entry":[{"mal_id":33280,"type":"anime","name":"Gochuumon wa Usagi desu ka?? Dear My Sister","url":"https:\/\/myanimelist.net\/anime\/33280\/Gochuumon_wa_Usagi_desu_ka_Dear_My_Sister"}]}],"theme":{"openings":["\"no poi! (\u30ce\u30fc\u30dd\u30a4\u30c3\uff01)\" by Petit Rabbit's (Ayane Sakura, Inori Minase, Risa Taneda, Satomi Sato, Maaya Uchida)"],"endings":["1: \"Tokimeki Poporon\u266a (\u3068\u304d\u3081\u304d\u30dd\u30dd\u30ed\u30f3\u266a)\" by Chimame-tai (Inori Minase, Sora Tokui, Rie Murakawa) (eps 1-11)","2: \"Nantonaku Mirai (\u306a\u3093\u3068\u306a\u304f\u30df\u30e9\u30a4)\" by Petit Rabbit's (Ayane Sakura, Inori Minase, Risa Taneda, Satomi Sato, Maaya Uchida)  (eps 12)"]},"external":[{"name":"Official Site","url":"http:\/\/www.gochiusa.com\/"},{"name":"AniDB","url":"https:\/\/anidb.net\/perl-bin\/animedb.pl?show=anime&aid=11049"},{"name":"ANN","url":"https:\/\/www.animenewsnetwork.com\/encyclopedia\/anime.php?id=16737"},{"name":"Wikipedia","url":"https:\/\/en.wikipedia.org\/wiki\/Is_the_Order_a_Rabbit%3F"}],"streaming":[{"name":"HIDIVE","url":"https:\/\/www.hidive.com\/tv\/is-the-order-a-rabbit-season-2"}]}}