{"data":{"mal_id":29829,"url":"https:\/\/myanimelist.net\/anime\/29829\/Tamayura__Sotsugyou_Shashin_Part_2_-_Hibiki","images":{"jpg":{"image_url":"https:\/\/cdn.myanimelist.net\/images\/anime\/12\/76028.jpg","small_image_url":"https:\/\/cdn.myanimelist.net\/images\/anime\/12\/76028t.jpg","large_image_url":"https:\/\/cdn.myanimelist.net\/images\/anime\/12\/76028l.jpg"},"webp":{"image_url":"https:\/\/cdn.myanimelist.net\/images\/anime\/12\/76028.webp","small_image_url":"https:\/\/cdn.myanimelist.net\/images\/anime\/12\/76028t.webp","large_image_url":"https:\/\/cdn.myanimelist.net\/images\/anime\/12\/76028l.webp"}},"trailer":{"youtube_id":"V-kbJCtkHpE","url":"https:\/\/www.youtube.com\/watch?v=V-kbJCtkHpE","embed_url":"https:\/\/www.youtube.com\/embed\/V-kbJCtkHpE?enablejsapi=1&wmode=opaque&autoplay=1","images":{"image_url":"https:\/\/img.youtube.com\/vi\/V-kbJCtkHpE\/default.jpg","small_image_url":"https:\/\/img.youtube.com\/vi\/V-kbJCtkHpE\/sddefault.jpg","medium_image_url":"https:\/\/img.youtube.com\/vi\/V-kbJCtkHpE\/mqdefault.jpg","large_image_url":"https:\/\/img.youtube.com\/vi\/V-kbJCtkHpE\/hqdefault.jpg","maximum_image_url":"https:\/\/img.youtube.com\/vi\/V-kbJCtkHpE\/maxresdefault.jpg"}},"approved":true,"titles":[{"type":"Default","title":"Tamayura: Sotsugyou Shashin Part 2 - Hibiki"},{"type":"Synonym","title":"Tamayura Kanketsu-hen Movie 2"},{"type":"Japanese","title":"\u305f\u307e\u3086\u3089\uff5e\u5352\u696d\u5199\u771f\uff5e \u7b2c2\u90e8 \u97ff-\u3072\u3073\u304d-"}],"title":"Tamayura: Sotsugyou Shashin Part 2 - Hibiki","title_english":null,"title_japanese":"\u305f\u307e\u3086\u3089\uff5e\u5352\u696d\u5199\u771f\uff5e \u7b2c2\u90e8 \u97ff-\u3072\u3073\u304d-","title_synonyms":["Tamayura Kanketsu-hen Movie 2"],"type":"Movie","source":"Original","episodes":1,"status":"Finished Airing","airing":false,"aired":{"from":"2015-08-29T00:00:00+00:00","to":null,"prop":{"from":{"day":29,"month":8,"year":2015},"to":{"day":null,"month":null,"year":null}},"string":"Aug 29, 2015"},"duration":"52 min","rating":"G - All Ages","score":7.77,"scored_by":3363,"rank":1001,"popularity":6151,"members":10163,"favorites":11,"synopsis":"The second movie of a four-part finale of Tamayura.","background":null,"season":null,"year":null,"broadcast":{"day":null,"time":null,"timezone":null,"string":null},"producers":[{"mal_id":109,"type":"anime","name":"Shochiku","url":"https:\/\/myanimelist.net\/anime\/producer\/109\/Shochiku"},{"mal_id":464,"type":"anime","name":"flying DOG","url":"https:\/\/myanimelist.net\/anime\/producer\/464\/flying_DOG"}],"licensors":[],"studios":[{"mal_id":333,"type":"anime","name":"TYO Animations","url":"https:\/\/myanimelist.net\/anime\/producer\/333\/TYO_Animations"}],"genres":[{"mal_id":36,"type":"anime","name":"Slice of Life","url":"https:\/\/myanimelist.net\/anime\/genre\/36\/Slice_of_Life"}],"explicit_genres":[],"themes":[{"mal_id":52,"type":"anime","name":"CGDCT","url":"https:\/\/myanimelist.net\/anime\/genre\/52\/CGDCT"},{"mal_id":63,"type":"anime","name":"Iyashikei","url":"https:\/\/myanimelist.net\/anime\/genre\/63\/Iyashikei"}],"demographics":[],"relations":[{"relation":"Prequel","entry":[{"mal_id":25729,"type":"anime","name":"Tamayura: Sotsugyou Shashin Part 1 - Kizashi","url":"https:\/\/myanimelist.net\/anime\/25729\/Tamayura__Sotsugyou_Shashin_Part_1_-_Kizashi"}]},{"relation":"Sequel","entry":[{"mal_id":29830,"type":"anime","name":"Tamayura: Sotsugyou Shashin Part 3 - Akogare","url":"https:\/\/myanimelist.net\/anime\/29830\/Tamayura__Sotsugyou_Shashin_Part_3_-_Akogare"}]}],"theme":{"openings":[],"endings":["\"Korekara (\u3053\u308c\u304b\u3089)\" by Maaya Sakamoto"]},"external":[{"name":"Official Site","url":"http:\/\/www.tamayura.info\/"},{"name":"AniDB","url":"https:\/\/anidb.net\/perl-bin\/animedb.pl?show=anime&aid=10767"},{"name":"ANN","url":"https:\/\/www.animenewsnetwork.com\/encyclopedia\/anime.php?id=16256"},{"name":"Wikipedia","url":"http:\/\/en.wikipedia.org\/wiki\/Tamayura"}],"streaming":[]}}