{"data":{"mal_id":2994,"url":"https:\/\/myanimelist.net\/anime\/2994\/Death_Note__Rewrite","images":{"jpg":{"image_url":"https:\/\/cdn.myanimelist.net\/images\/anime\/13\/8518.jpg","small_image_url":"https:\/\/cdn.myanimelist.net\/images\/anime\/13\/8518t.jpg","large_image_url":"https:\/\/cdn.myanimelist.net\/images\/anime\/13\/8518l.jpg"},"webp":{"image_url":"https:\/\/cdn.myanimelist.net\/images\/anime\/13\/8518.webp","small_image_url":"https:\/\/cdn.myanimelist.net\/images\/anime\/13\/8518t.webp","large_image_url":"https:\/\/cdn.myanimelist.net\/images\/anime\/13\/8518l.webp"}},"trailer":{"youtube_id":null,"url":null,"embed_url":null,"images":{"image_url":null,"small_image_url":null,"medium_image_url":null,"large_image_url":null,"maximum_image_url":null}},"approved":true,"titles":[{"type":"Default","title":"Death Note: Rewrite"},{"type":"Synonym","title":"Death Note Director's Cut: The Complete Ending Edition Special"},{"type":"Synonym","title":"Death Note Special"},{"type":"Synonym","title":"Genshisuru Kami"},{"type":"Synonym","title":"Visions of a God"},{"type":"Synonym","title":"L o Tsugu Mono"},{"type":"Synonym","title":"L's Successors"},{"type":"Japanese","title":"\u30c7\u30a3\u30ec\u30af\u30bf\u30fc\u30ba\u30ab\u30c3\u30c8\u5b8c\u5168\u6c7a\u7740\u7248 \u301c\u30ea\u30e9\u30a4\u30c8"},{"type":"English","title":"Death Note: Relight"},{"type":"German","title":"Death Note: Relight"},{"type":"Spanish","title":"Death Note Relight: La Visi\u00f3n de un Dios"},{"type":"French","title":"Death Note: Relight"}],"title":"Death Note: Rewrite","title_english":"Death Note: Relight","title_japanese":"\u30c7\u30a3\u30ec\u30af\u30bf\u30fc\u30ba\u30ab\u30c3\u30c8\u5b8c\u5168\u6c7a\u7740\u7248 \u301c\u30ea\u30e9\u30a4\u30c8","title_synonyms":["Death Note Director's Cut: The Complete Ending Edition Special","Death Note Special","Genshisuru Kami","Visions of a God","L o Tsugu Mono","L's Successors"],"type":"Special","source":"Manga","episodes":2,"status":"Finished Airing","airing":false,"aired":{"from":"2007-08-31T00:00:00+00:00","to":"2008-08-22T00:00:00+00:00","prop":{"from":{"day":31,"month":8,"year":2007},"to":{"day":22,"month":8,"year":2008}},"string":"Aug 31, 2007 to Aug 22, 2008"},"duration":"1 hr 52 min per ep","rating":"R - 17+ (violence & profanity)","score":7.71,"scored_by":90933,"rank":1155,"popularity":1142,"members":202205,"favorites":684,"synopsis":"When approached by a fellow death god tempted to visit the human realm, Ryuk recounts his own journey to the other side and the story of Light Yagami\u2014a brilliant young man who impressed him there. \n\nOne day at school, Light stumbles upon Ryuk's lost Death Note and realizes it is not an ordinary notebook. He learns that it has the ability to kill every person whose name is written inside, provided that the user can visualize the victim's face. Having long deplored the decadence of current society, Light believes this sinister weapon offers him an unexpected opportunity: to eradicate all evil and bring about a new ideal world.\n\nFollowing a string of fatal heart attacks, the authorities start to suspect that the alarming number of dead criminals is not coincidental. Determined to uncover the mysterious culprit, they join forces with L, an internationally renowned detective. As the death count escalates, Light and L clash in a breathtaking confrontation of wits and deception\u2014a duel that will decide the future of humanity.\n\n[Written by MAL Rewrite]","background":"Death Note: Rewrite is a recut version of the Death Note anime series, comprising two movies. The first film, titled Death Note: Rewrite Genshi Suru Kami or Death Note: Relight Visions of a God, condenses the events of the series' first half. The second film, titled Death Note: Rewrite 2 L o Tsugu Mono or Death Note: Relight 2 L's Successors, does the same for the series' latter half. In addition to being shorter, the story's setting and timeline have also changed. Some new scenes and dialogue were introduced\u2014especially in the second film\u2014and the first film is now presented as a reminiscence of the death god Ryuk. Death Note: Rewrite Genshi Suru Kami was released on DVD on March 19, 2008 in Japan and on June 23, 2009 in the US. Death Note: Rewrite 2 L o Tsugu Mono followed on November 21, 2008 in Japan and on October 27, 2009 in the US.","season":null,"year":null,"broadcast":{"day":null,"time":null,"timezone":null,"string":null},"producers":[{"mal_id":1365,"type":"anime","name":"Shueisha","url":"https:\/\/myanimelist.net\/anime\/producer\/1365\/Shueisha"}],"licensors":[{"mal_id":119,"type":"anime","name":"VIZ Media","url":"https:\/\/myanimelist.net\/anime\/producer\/119\/VIZ_Media"}],"studios":[{"mal_id":11,"type":"anime","name":"Madhouse","url":"https:\/\/myanimelist.net\/anime\/producer\/11\/Madhouse"}],"genres":[{"mal_id":37,"type":"anime","name":"Supernatural","url":"https:\/\/myanimelist.net\/anime\/genre\/37\/Supernatural"},{"mal_id":41,"type":"anime","name":"Suspense","url":"https:\/\/myanimelist.net\/anime\/genre\/41\/Suspense"}],"explicit_genres":[],"themes":[{"mal_id":40,"type":"anime","name":"Psychological","url":"https:\/\/myanimelist.net\/anime\/genre\/40\/Psychological"}],"demographics":[{"mal_id":27,"type":"anime","name":"Shounen","url":"https:\/\/myanimelist.net\/anime\/genre\/27\/Shounen"}],"relations":[{"relation":"Adaptation","entry":[{"mal_id":21,"type":"manga","name":"Death Note","url":"https:\/\/myanimelist.net\/manga\/21\/Death_Note"}]},{"relation":"Full story","entry":[{"mal_id":1535,"type":"anime","name":"Death Note","url":"https:\/\/myanimelist.net\/anime\/1535\/Death_Note"}]}],"theme":{"openings":[],"endings":["\"Alumina\" by Nightmare"]},"external":[{"name":"Official Site","url":"http:\/\/www.ntv.co.jp\/deathnote\/"},{"name":"AniDB","url":"https:\/\/anidb.net\/perl-bin\/animedb.pl?show=anime&aid=8146"},{"name":"ANN","url":"https:\/\/www.animenewsnetwork.com\/encyclopedia\/anime.php?id=10810"},{"name":"Wikipedia","url":"http:\/\/en.wikipedia.org\/wiki\/Death_Note#Anime"}],"streaming":[]}}