{"data":{"mal_id":3002,"url":"https:\/\/myanimelist.net\/anime\/3002\/Gyakkyou_Burai_Kaiji__Ultimate_Survivor","images":{"jpg":{"image_url":"https:\/\/cdn.myanimelist.net\/images\/anime\/12\/80032.jpg","small_image_url":"https:\/\/cdn.myanimelist.net\/images\/anime\/12\/80032t.jpg","large_image_url":"https:\/\/cdn.myanimelist.net\/images\/anime\/12\/80032l.jpg"},"webp":{"image_url":"https:\/\/cdn.myanimelist.net\/images\/anime\/12\/80032.webp","small_image_url":"https:\/\/cdn.myanimelist.net\/images\/anime\/12\/80032t.webp","large_image_url":"https:\/\/cdn.myanimelist.net\/images\/anime\/12\/80032l.webp"}},"trailer":{"youtube_id":null,"url":null,"embed_url":null,"images":{"image_url":null,"small_image_url":null,"medium_image_url":null,"large_image_url":null,"maximum_image_url":null}},"approved":true,"titles":[{"type":"Default","title":"Gyakkyou Burai Kaiji: Ultimate Survivor"},{"type":"Synonym","title":"Tobaku Mokushiroku Kaiji"},{"type":"Synonym","title":"The Suffering Pariah Kaiji"},{"type":"Japanese","title":"\u9006\u5883\u7121\u983c\u30ab\u30a4\u30b8 Ultimate Survivor"},{"type":"English","title":"Kaiji: Ultimate Survivor"},{"type":"Spanish","title":"Kaiji"}],"title":"Gyakkyou Burai Kaiji: Ultimate Survivor","title_english":"Kaiji: Ultimate Survivor","title_japanese":"\u9006\u5883\u7121\u983c\u30ab\u30a4\u30b8 Ultimate Survivor","title_synonyms":["Tobaku Mokushiroku Kaiji","The Suffering Pariah Kaiji"],"type":"TV","source":"Manga","episodes":26,"status":"Finished Airing","airing":false,"aired":{"from":"2007-10-03T00:00:00+00:00","to":"2008-04-02T00:00:00+00:00","prop":{"from":{"day":3,"month":10,"year":2007},"to":{"day":2,"month":4,"year":2008}},"string":"Oct 3, 2007 to Apr 2, 2008"},"duration":"23 min per ep","rating":"R - 17+ (violence & profanity)","score":8.27,"scored_by":157956,"rank":286,"popularity":657,"members":346286,"favorites":9924,"synopsis":"After one of his coworkers fails to repay a debt, apathetic bum Kaiji Itou is pressured by loan sharks to settle the large sum of cash. Since Kaiji has little money and no future prospects of his own, he is unable to return what his colleague borrowed. Faced with massive financial burdens, Kaiji is given an offer to board the illustrious Espoir\u2014it is said that \"one night aboard the ship, and all of your debts will be paid.\"\n\nWhat seems like a simple night of gambling quickly turns into a game of strategy and betrayal. With the losers of the tournament being subjected to a backbreaking life of indebted servitude, Kaiji must choose his actions\u2014and allies\u2014carefully. However, this is only the beginning of a series of gambles that will wager Kaiji's life, testing the full extent of his wits and will to survive.\n\n[Written by MAL Rewrite]","background":"In a February 2015 poll conducted by Japanese website Goo Ranking, Gyakkyou Burai Kaiji: Ultimate Survivor placed second for \"Best Cerebral Anime.\" The series was released on Blu-ray by Sentai Filmworks on April 20, 2021.","season":"fall","year":2007,"broadcast":{"day":"Wednesdays","time":"00:59","timezone":"Asia\/Tokyo","string":"Wednesdays at 00:59 (JST)"},"producers":[{"mal_id":29,"type":"anime","name":"VAP","url":"https:\/\/myanimelist.net\/anime\/producer\/29\/VAP"},{"mal_id":1003,"type":"anime","name":"Nippon Television Network","url":"https:\/\/myanimelist.net\/anime\/producer\/1003\/Nippon_Television_Network"}],"licensors":[{"mal_id":376,"type":"anime","name":"Sentai Filmworks","url":"https:\/\/myanimelist.net\/anime\/producer\/376\/Sentai_Filmworks"}],"studios":[{"mal_id":11,"type":"anime","name":"Madhouse","url":"https:\/\/myanimelist.net\/anime\/producer\/11\/Madhouse"}],"genres":[{"mal_id":41,"type":"anime","name":"Suspense","url":"https:\/\/myanimelist.net\/anime\/genre\/41\/Suspense"}],"explicit_genres":[],"themes":[{"mal_id":50,"type":"anime","name":"Adult Cast","url":"https:\/\/myanimelist.net\/anime\/genre\/50\/Adult_Cast"},{"mal_id":59,"type":"anime","name":"High Stakes Game","url":"https:\/\/myanimelist.net\/anime\/genre\/59\/High_Stakes_Game"},{"mal_id":40,"type":"anime","name":"Psychological","url":"https:\/\/myanimelist.net\/anime\/genre\/40\/Psychological"},{"mal_id":11,"type":"anime","name":"Strategy Game","url":"https:\/\/myanimelist.net\/anime\/genre\/11\/Strategy_Game"}],"demographics":[{"mal_id":42,"type":"anime","name":"Seinen","url":"https:\/\/myanimelist.net\/anime\/genre\/42\/Seinen"}],"relations":[{"relation":"Adaptation","entry":[{"mal_id":3572,"type":"manga","name":"Tobaku Mokushiroku Kaiji","url":"https:\/\/myanimelist.net\/manga\/3572\/Tobaku_Mokushiroku_Kaiji"}]},{"relation":"Sequel","entry":[{"mal_id":10271,"type":"anime","name":"Gyakkyou Burai Kaiji: Hakairoku-hen","url":"https:\/\/myanimelist.net\/anime\/10271\/Gyakkyou_Burai_Kaiji__Hakairoku-hen"}]},{"relation":"Spin-off","entry":[{"mal_id":37338,"type":"anime","name":"Chuukan Kanriroku Tonegawa","url":"https:\/\/myanimelist.net\/anime\/37338\/Chuukan_Kanriroku_Tonegawa"}]}],"theme":{"openings":["\"Mirai wa Bokura no Te no Naka\" by Kaiji with Redbourn Cherries"],"endings":["\"\"Makeinu-tachi no Requiem (\u8ca0\u3051\u72ac\u9054\u306e\u30ec\u30af\u30a4\u30a8\u30e0)\" by Hakuryuu"]},"external":[{"name":"Official Site","url":"http:\/\/www.ntv.co.jp\/kaiji\/"},{"name":"AniDB","url":"https:\/\/anidb.net\/perl-bin\/animedb.pl?show=anime&aid=5427"},{"name":"ANN","url":"https:\/\/www.animenewsnetwork.com\/encyclopedia\/anime.php?id=8550"},{"name":"Wikipedia","url":"https:\/\/en.wikipedia.org\/wiki\/Kaiji_(manga)#Anime"},{"name":"Wikipedia","url":"https:\/\/ja.wikipedia.org\/wiki\/%E8%B3%AD%E5%8D%9A%E9%BB%99%E7%A4%BA%E9%8C%B2%E3%82%AB%E3%82%A4%E3%82%B8#%E3%83%86%E3%83%AC%E3%83%93%E3%82%A2%E3%83%8B%E3%83%A1"},{"name":"Syoboi","url":"https:\/\/cal.syoboi.jp\/tid\/1254"}],"streaming":[{"name":"Crunchyroll","url":"http:\/\/www.crunchyroll.com\/series-255115"}]}}