{"data":{"mal_id":30276,"url":"https:\/\/myanimelist.net\/anime\/30276\/One_Punch_Man","images":{"jpg":{"image_url":"https:\/\/cdn.myanimelist.net\/images\/anime\/12\/76049.jpg","small_image_url":"https:\/\/cdn.myanimelist.net\/images\/anime\/12\/76049t.jpg","large_image_url":"https:\/\/cdn.myanimelist.net\/images\/anime\/12\/76049l.jpg"},"webp":{"image_url":"https:\/\/cdn.myanimelist.net\/images\/anime\/12\/76049.webp","small_image_url":"https:\/\/cdn.myanimelist.net\/images\/anime\/12\/76049t.webp","large_image_url":"https:\/\/cdn.myanimelist.net\/images\/anime\/12\/76049l.webp"}},"trailer":{"youtube_id":"ExUMiF1L0HA","url":"https:\/\/www.youtube.com\/watch?v=ExUMiF1L0HA","embed_url":"https:\/\/www.youtube.com\/embed\/ExUMiF1L0HA?enablejsapi=1&wmode=opaque&autoplay=1","images":{"image_url":"https:\/\/img.youtube.com\/vi\/ExUMiF1L0HA\/default.jpg","small_image_url":"https:\/\/img.youtube.com\/vi\/ExUMiF1L0HA\/sddefault.jpg","medium_image_url":"https:\/\/img.youtube.com\/vi\/ExUMiF1L0HA\/mqdefault.jpg","large_image_url":"https:\/\/img.youtube.com\/vi\/ExUMiF1L0HA\/hqdefault.jpg","maximum_image_url":"https:\/\/img.youtube.com\/vi\/ExUMiF1L0HA\/maxresdefault.jpg"}},"approved":true,"titles":[{"type":"Default","title":"One Punch Man"},{"type":"Synonym","title":"One Punch-Man"},{"type":"Synonym","title":"One-Punch Man"},{"type":"Synonym","title":"OPM"},{"type":"Japanese","title":"\u30ef\u30f3\u30d1\u30f3\u30de\u30f3"},{"type":"English","title":"One Punch Man"}],"title":"One Punch Man","title_english":"One Punch Man","title_japanese":"\u30ef\u30f3\u30d1\u30f3\u30de\u30f3","title_synonyms":["One Punch-Man","One-Punch Man","OPM"],"type":"TV","source":"Web manga","episodes":12,"status":"Finished Airing","airing":false,"aired":{"from":"2015-10-05T00:00:00+00:00","to":"2015-12-21T00:00:00+00:00","prop":{"from":{"day":5,"month":10,"year":2015},"to":{"day":21,"month":12,"year":2015}},"string":"Oct 5, 2015 to Dec 21, 2015"},"duration":"24 min per ep","rating":"R - 17+ (violence & profanity)","score":8.5,"scored_by":2176187,"rank":128,"popularity":4,"members":3127116,"favorites":63397,"synopsis":"The seemingly unimpressive Saitama has a rather unique hobby: being a hero. In order to pursue his childhood dream, Saitama relentlessly trained for three years, losing all of his hair in the process. Now, Saitama is so powerful, he can defeat any enemy with just one punch. However, having no one capable of matching his strength has led Saitama to an unexpected problem\u2014he is no longer able to enjoy the thrill of battling and has become quite bored.\n\nOne day, Saitama catches the attention of 19-year-old cyborg Genos, who witnesses his power and wishes to become Saitama's disciple. Genos proposes that the two join the Hero Association in order to become certified heroes that will be recognized for their positive contributions to society. Saitama, who is shocked that no one knows who he is, quickly agrees. Meeting new allies and taking on new foes, Saitama embarks on a new journey as a member of the Hero Association to experience the excitement of battle he once felt.\n\n[Written by MAL Rewrite]","background":"Episodes 1 and 2 were previewed at a screening in Saitama city cultural center (small hall) on September 6, 2015. Regular broadcasting began on October 5, 2015. One Punch Man is based on Yusuke Murata's manga remake of ONE's original web comic. The anime adapts the first seven volumes of the manga.","season":"fall","year":2015,"broadcast":{"day":"Mondays","time":"01:05","timezone":"Asia\/Tokyo","string":"Mondays at 01:05 (JST)"},"producers":[{"mal_id":16,"type":"anime","name":"TV Tokyo","url":"https:\/\/myanimelist.net\/anime\/producer\/16\/TV_Tokyo"},{"mal_id":23,"type":"anime","name":"Bandai Visual","url":"https:\/\/myanimelist.net\/anime\/producer\/23\/Bandai_Visual"},{"mal_id":104,"type":"anime","name":"Lantis","url":"https:\/\/myanimelist.net\/anime\/producer\/104\/Lantis"},{"mal_id":142,"type":"anime","name":"Asatsu DK","url":"https:\/\/myanimelist.net\/anime\/producer\/142\/Asatsu_DK"},{"mal_id":1121,"type":"anime","name":"Banpresto","url":"https:\/\/myanimelist.net\/anime\/producer\/1121\/Banpresto"},{"mal_id":1261,"type":"anime","name":"Good Smile Company","url":"https:\/\/myanimelist.net\/anime\/producer\/1261\/Good_Smile_Company"},{"mal_id":1365,"type":"anime","name":"Shueisha","url":"https:\/\/myanimelist.net\/anime\/producer\/1365\/Shueisha"},{"mal_id":1501,"type":"anime","name":"JR East Marketing & Communications","url":"https:\/\/myanimelist.net\/anime\/producer\/1501\/JR_East_Marketing___Communications"}],"licensors":[{"mal_id":119,"type":"anime","name":"VIZ Media","url":"https:\/\/myanimelist.net\/anime\/producer\/119\/VIZ_Media"}],"studios":[{"mal_id":11,"type":"anime","name":"Madhouse","url":"https:\/\/myanimelist.net\/anime\/producer\/11\/Madhouse"}],"genres":[{"mal_id":1,"type":"anime","name":"Action","url":"https:\/\/myanimelist.net\/anime\/genre\/1\/Action"},{"mal_id":4,"type":"anime","name":"Comedy","url":"https:\/\/myanimelist.net\/anime\/genre\/4\/Comedy"}],"explicit_genres":[],"themes":[{"mal_id":50,"type":"anime","name":"Adult Cast","url":"https:\/\/myanimelist.net\/anime\/genre\/50\/Adult_Cast"},{"mal_id":20,"type":"anime","name":"Parody","url":"https:\/\/myanimelist.net\/anime\/genre\/20\/Parody"},{"mal_id":31,"type":"anime","name":"Super Power","url":"https:\/\/myanimelist.net\/anime\/genre\/31\/Super_Power"}],"demographics":[{"mal_id":42,"type":"anime","name":"Seinen","url":"https:\/\/myanimelist.net\/anime\/genre\/42\/Seinen"}],"relations":[{"relation":"Adaptation","entry":[{"mal_id":44347,"type":"manga","name":"One Punch-Man","url":"https:\/\/myanimelist.net\/manga\/44347\/One_Punch-Man"}]},{"relation":"Side story","entry":[{"mal_id":31704,"type":"anime","name":"One Punch Man: Road to Hero","url":"https:\/\/myanimelist.net\/anime\/31704\/One_Punch_Man__Road_to_Hero"},{"mal_id":31772,"type":"anime","name":"One Punch Man Specials","url":"https:\/\/myanimelist.net\/anime\/31772\/One_Punch_Man_Specials"}]},{"relation":"Sequel","entry":[{"mal_id":34134,"type":"anime","name":"One Punch Man 2nd Season","url":"https:\/\/myanimelist.net\/anime\/34134\/One_Punch_Man_2nd_Season"}]},{"relation":"Summary","entry":[{"mal_id":39652,"type":"anime","name":"One Punch Man 2nd Season Commemorative Special","url":"https:\/\/myanimelist.net\/anime\/39652\/One_Punch_Man_2nd_Season_Commemorative_Special"}]},{"relation":"Other","entry":[{"mal_id":49895,"type":"anime","name":"Go! Saitama","url":"https:\/\/myanimelist.net\/anime\/49895\/Go_Saitama"}]}],"theme":{"openings":["\"THE HERO !! ~Okoreru Kobushi ni Hi wo Tsukero~ (THE HERO !! \uff5e\u6012\u308c\u308b\u62f3\u306b\u706b\u3092\u3064\u3051\u308d\uff5e)\" by JAM Project"],"endings":["1: \"Hoshi yori Saki ni Mitsukete Ageru (\u661f\u3088\u308a\u5148\u306b\u898b\u3064\u3051\u3066\u3042\u3052\u308b)\" by Hiroko Moriguchi (eps 1-11)","2: \"Kanashimitachi wo Dakishimete (\u60b2\u3057\u307f\u305f\u3061\u3092\u62b1\u304d\u3057\u3081\u3066)\" by Hiroko Moriguchi (eps 12)"]},"external":[{"name":"Official Site","url":"http:\/\/www.onepunchman-anime.net\/"},{"name":"AniDB","url":"https:\/\/anidb.net\/perl-bin\/animedb.pl?show=anime&aid=11123"},{"name":"ANN","url":"https:\/\/www.animenewsnetwork.com\/encyclopedia\/anime.php?id=16840"},{"name":"Wikipedia","url":"http:\/\/en.wikipedia.org\/wiki\/One-Punch_Man"},{"name":"Wikipedia","url":"https:\/\/ja.wikipedia.org\/wiki\/%E3%83%AF%E3%83%B3%E3%83%91%E3%83%B3%E3%83%9E%E3%83%B3"},{"name":"Syoboi","url":"https:\/\/cal.syoboi.jp\/tid\/3915"}],"streaming":[{"name":"Crunchyroll","url":"http:\/\/www.crunchyroll.com\/series-277822"},{"name":"Funimation","url":"https:\/\/www.funimation.com\/shows\/one-punch-man"},{"name":"Netflix","url":"https:\/\/www.netflix.com\/title\/80117291"}]}}