{"data":{"mal_id":30296,"url":"https:\/\/myanimelist.net\/anime\/30296\/Rakudai_Kishi_no_Cavalry","images":{"jpg":{"image_url":"https:\/\/cdn.myanimelist.net\/images\/anime\/9\/76493.jpg","small_image_url":"https:\/\/cdn.myanimelist.net\/images\/anime\/9\/76493t.jpg","large_image_url":"https:\/\/cdn.myanimelist.net\/images\/anime\/9\/76493l.jpg"},"webp":{"image_url":"https:\/\/cdn.myanimelist.net\/images\/anime\/9\/76493.webp","small_image_url":"https:\/\/cdn.myanimelist.net\/images\/anime\/9\/76493t.webp","large_image_url":"https:\/\/cdn.myanimelist.net\/images\/anime\/9\/76493l.webp"}},"trailer":{"youtube_id":"iCKk6qhBkpc","url":"https:\/\/www.youtube.com\/watch?v=iCKk6qhBkpc","embed_url":"https:\/\/www.youtube.com\/embed\/iCKk6qhBkpc?enablejsapi=1&wmode=opaque&autoplay=1","images":{"image_url":"https:\/\/img.youtube.com\/vi\/iCKk6qhBkpc\/default.jpg","small_image_url":"https:\/\/img.youtube.com\/vi\/iCKk6qhBkpc\/sddefault.jpg","medium_image_url":"https:\/\/img.youtube.com\/vi\/iCKk6qhBkpc\/mqdefault.jpg","large_image_url":"https:\/\/img.youtube.com\/vi\/iCKk6qhBkpc\/hqdefault.jpg","maximum_image_url":"https:\/\/img.youtube.com\/vi\/iCKk6qhBkpc\/maxresdefault.jpg"}},"approved":true,"titles":[{"type":"Default","title":"Rakudai Kishi no Cavalry"},{"type":"Synonym","title":"A Chivalry of the Failed Knight"},{"type":"Synonym","title":"Rakudai Kishi no Eiyuutan"},{"type":"Synonym","title":"A Tale of Worst One"},{"type":"Japanese","title":"\u843d\u7b2c\u9a0e\u58eb\u306e\u82f1\u96c4\u8b5a\u300a\u30ad\u30e3\u30d0\u30eb\u30ea\u30a3\u300b"},{"type":"English","title":"Chivalry of a Failed Knight"},{"type":"German","title":"A Chivalry of a Failed Knight"},{"type":"Spanish","title":"Chivalry of a Failed Knight"},{"type":"French","title":"Chivalry of a Failed Knight"}],"title":"Rakudai Kishi no Cavalry","title_english":"Chivalry of a Failed Knight","title_japanese":"\u843d\u7b2c\u9a0e\u58eb\u306e\u82f1\u96c4\u8b5a\u300a\u30ad\u30e3\u30d0\u30eb\u30ea\u30a3\u300b","title_synonyms":["A Chivalry of the Failed Knight","Rakudai Kishi no Eiyuutan","A Tale of Worst One"],"type":"TV","source":"Light novel","episodes":12,"status":"Finished Airing","airing":false,"aired":{"from":"2015-10-03T00:00:00+00:00","to":"2015-12-19T00:00:00+00:00","prop":{"from":{"day":3,"month":10,"year":2015},"to":{"day":19,"month":12,"year":2015}},"string":"Oct 3, 2015 to Dec 19, 2015"},"duration":"23 min per ep","rating":"R - 17+ (violence & profanity)","score":7.44,"scored_by":545334,"rank":2023,"popularity":162,"members":928391,"favorites":8688,"synopsis":"There exist few humans in this world with the ability to manipulate their souls to form powerful weapons. Dubbed \"Blazers,\" these people study and train at the prestigious Hagun Academy to become Mage-Knights; among the students is so-called failure Ikki Kurogane, the sole F-rated Blazer. However, when the worst student in the academy sees Stella Vermillion, an A-ranked Blazer who also happens to be a princess, naked, she challenges him to a duel with dire stakes\u2014the loser becomes the slave of the winner. There's no possible way that Stella can lose, right?\n\nAs he tries to prove his strength to a world that believes him to be the weakest, Ikki gains new friends, wisdom, and experience.\n\n[Written by MAL Rewrite]","background":"Rakudai Kishi no Cavalry adapts the firsts 3 novels of Riku Misoria's light novel series of the same title.","season":"fall","year":2015,"broadcast":{"day":"Saturdays","time":"23:00","timezone":"Asia\/Tokyo","string":"Saturdays at 23:00 (JST)"},"producers":[{"mal_id":61,"type":"anime","name":"Frontier Works","url":"https:\/\/myanimelist.net\/anime\/producer\/61\/Frontier_Works"},{"mal_id":108,"type":"anime","name":"Media Factory","url":"https:\/\/myanimelist.net\/anime\/producer\/108\/Media_Factory"},{"mal_id":238,"type":"anime","name":"AT-X","url":"https:\/\/myanimelist.net\/anime\/producer\/238\/AT-X"},{"mal_id":464,"type":"anime","name":"flying DOG","url":"https:\/\/myanimelist.net\/anime\/producer\/464\/flying_DOG"},{"mal_id":1333,"type":"anime","name":"Hakuhodo DY Music & Pictures","url":"https:\/\/myanimelist.net\/anime\/producer\/1333\/Hakuhodo_DY_Music___Pictures"},{"mal_id":1449,"type":"anime","name":"Animatic","url":"https:\/\/myanimelist.net\/anime\/producer\/1449\/Animatic"},{"mal_id":2117,"type":"anime","name":"SB Creative","url":"https:\/\/myanimelist.net\/anime\/producer\/2117\/SB_Creative"}],"licensors":[{"mal_id":376,"type":"anime","name":"Sentai Filmworks","url":"https:\/\/myanimelist.net\/anime\/producer\/376\/Sentai_Filmworks"}],"studios":[{"mal_id":300,"type":"anime","name":"SILVER LINK.","url":"https:\/\/myanimelist.net\/anime\/producer\/300\/SILVER_LINK"},{"mal_id":852,"type":"anime","name":"Nexus","url":"https:\/\/myanimelist.net\/anime\/producer\/852\/Nexus"}],"genres":[{"mal_id":1,"type":"anime","name":"Action","url":"https:\/\/myanimelist.net\/anime\/genre\/1\/Action"},{"mal_id":10,"type":"anime","name":"Fantasy","url":"https:\/\/myanimelist.net\/anime\/genre\/10\/Fantasy"},{"mal_id":22,"type":"anime","name":"Romance","url":"https:\/\/myanimelist.net\/anime\/genre\/22\/Romance"},{"mal_id":9,"type":"anime","name":"Ecchi","url":"https:\/\/myanimelist.net\/anime\/genre\/9\/Ecchi"}],"explicit_genres":[],"themes":[{"mal_id":23,"type":"anime","name":"School","url":"https:\/\/myanimelist.net\/anime\/genre\/23\/School"}],"demographics":[],"relations":[{"relation":"Adaptation","entry":[{"mal_id":57201,"type":"manga","name":"Rakudai Kishi no Cavalry","url":"https:\/\/myanimelist.net\/manga\/57201\/Rakudai_Kishi_no_Cavalry"}]}],"theme":{"openings":["\"Identity (\u30a2\u30a4\u30c7\u30f3\u30c6\u30a3\u30c6\u30a3)\" by Mikio Sakai (eps 2-3, 5-11)"],"endings":["1: \"Identity (\u30a2\u30a4\u30c7\u30f3\u30c6\u30a3\u30c6\u30a3)\" by Mikio Sakai (eps 1)","2: \"Haramitsu Renka (\u6ce2\u7f85\u871c\u604b\u83ef)\" by ALI PROJECT (eps 2-11)"]},"external":[{"name":"Official Site","url":"http:\/\/www.ittoshura.com\/"},{"name":"AniDB","url":"https:\/\/anidb.net\/perl-bin\/animedb.pl?show=anime&aid=11126"},{"name":"ANN","url":"https:\/\/www.animenewsnetwork.com\/encyclopedia\/anime.php?id=17062"},{"name":"Wikipedia","url":"http:\/\/en.wikipedia.org\/wiki\/Rakudai_Kishi_no_Cavalry"}],"streaming":[{"name":"Crunchyroll","url":"http:\/\/www.crunchyroll.com\/series-277205"},{"name":"HIDIVE","url":"https:\/\/www.hidive.com\/tv\/chivalry-of-a-failed-knight"},{"name":"Netflix","url":"https:\/\/www.netflix.com\/"}]}}