{"data":{"mal_id":30364,"url":"https:\/\/myanimelist.net\/anime\/30364\/Haikyuu_Movie_2__Shousha_to_Haisha","images":{"jpg":{"image_url":"https:\/\/cdn.myanimelist.net\/images\/anime\/2\/74813.jpg","small_image_url":"https:\/\/cdn.myanimelist.net\/images\/anime\/2\/74813t.jpg","large_image_url":"https:\/\/cdn.myanimelist.net\/images\/anime\/2\/74813l.jpg"},"webp":{"image_url":"https:\/\/cdn.myanimelist.net\/images\/anime\/2\/74813.webp","small_image_url":"https:\/\/cdn.myanimelist.net\/images\/anime\/2\/74813t.webp","large_image_url":"https:\/\/cdn.myanimelist.net\/images\/anime\/2\/74813l.webp"}},"trailer":{"youtube_id":"lIVgCyNF9nc","url":"https:\/\/www.youtube.com\/watch?v=lIVgCyNF9nc","embed_url":"https:\/\/www.youtube.com\/embed\/lIVgCyNF9nc?enablejsapi=1&wmode=opaque&autoplay=1","images":{"image_url":"https:\/\/img.youtube.com\/vi\/lIVgCyNF9nc\/default.jpg","small_image_url":"https:\/\/img.youtube.com\/vi\/lIVgCyNF9nc\/sddefault.jpg","medium_image_url":"https:\/\/img.youtube.com\/vi\/lIVgCyNF9nc\/mqdefault.jpg","large_image_url":"https:\/\/img.youtube.com\/vi\/lIVgCyNF9nc\/hqdefault.jpg","maximum_image_url":"https:\/\/img.youtube.com\/vi\/lIVgCyNF9nc\/maxresdefault.jpg"}},"approved":true,"titles":[{"type":"Default","title":"Haikyuu!! Movie 2: Shousha to Haisha"},{"type":"Synonym","title":"High Kyuu!! Movie 2"},{"type":"Synonym","title":"Haikyuu!! Recap 2"},{"type":"Japanese","title":"\u30cf\u30a4\u30ad\u30e5\u30fc!! \u52dd\u8005\u3068\u6557\u8005"},{"type":"English","title":"Haikyuu!! the Movie: The Winner and the Loser"},{"type":"German","title":"Haikyu!! Film 2: Gewinner Verlierer"}],"title":"Haikyuu!! Movie 2: Shousha to Haisha","title_english":"Haikyuu!! the Movie: The Winner and the Loser","title_japanese":"\u30cf\u30a4\u30ad\u30e5\u30fc!! \u52dd\u8005\u3068\u6557\u8005","title_synonyms":["High Kyuu!! Movie 2","Haikyuu!! Recap 2"],"type":"Movie","source":"Manga","episodes":1,"status":"Finished Airing","airing":false,"aired":{"from":"2015-09-18T00:00:00+00:00","to":null,"prop":{"from":{"day":18,"month":9,"year":2015},"to":{"day":null,"month":null,"year":null}},"string":"Sep 18, 2015"},"duration":"1 hr 28 min","rating":"PG-13 - Teens 13 or older","score":8.05,"scored_by":33597,"rank":540,"popularity":2144,"members":90028,"favorites":93,"synopsis":"The Inter-High has finally arrived for Karasuno High School's volleyball team. Their opponent at the tournament is Date Tech High School\u2014the team that crushed Karasuno the year prior. The loss brings back anxiety and fear for the team's second- and third-years as they were unable to overcome Date's \"read block.\" With the dynamic freshmen duo Shouyou Hinata and Tobio Kageyama on their side, will Karasuno be able to overcome their past and break through the iron wall?\n\nAwaiting Karasuno in the next round is the elite Aoba Jousai High School, led by the cunning captain Tooru Oikawa. Coming from the same middle school as Kageyama, Oikawa is a talented and unpredictable setter with a grudge against his former teammate. It is a battle between genius setters to decide who will continue on in the Inter-High.\n\n[Written by MAL Rewrite]","background":null,"season":null,"year":null,"broadcast":{"day":null,"time":null,"timezone":null,"string":null},"producers":[],"licensors":[],"studios":[{"mal_id":10,"type":"anime","name":"Production I.G","url":"https:\/\/myanimelist.net\/anime\/producer\/10\/Production_IG"}],"genres":[{"mal_id":30,"type":"anime","name":"Sports","url":"https:\/\/myanimelist.net\/anime\/genre\/30\/Sports"}],"explicit_genres":[],"themes":[{"mal_id":23,"type":"anime","name":"School","url":"https:\/\/myanimelist.net\/anime\/genre\/23\/School"},{"mal_id":77,"type":"anime","name":"Team Sports","url":"https:\/\/myanimelist.net\/anime\/genre\/77\/Team_Sports"}],"demographics":[{"mal_id":27,"type":"anime","name":"Shounen","url":"https:\/\/myanimelist.net\/anime\/genre\/27\/Shounen"}],"relations":[{"relation":"Full story","entry":[{"mal_id":20583,"type":"anime","name":"Haikyuu!!","url":"https:\/\/myanimelist.net\/anime\/20583\/Haikyuu"}]},{"relation":"Prequel","entry":[{"mal_id":29755,"type":"anime","name":"Haikyuu!! Movie 1: Owari to Hajimari","url":"https:\/\/myanimelist.net\/anime\/29755\/Haikyuu_Movie_1__Owari_to_Hajimari"}]},{"relation":"Sequel","entry":[{"mal_id":35110,"type":"anime","name":"Haikyuu!! Movie 3: Sainou to Sense","url":"https:\/\/myanimelist.net\/anime\/35110\/Haikyuu_Movie_3__Sainou_to_Sense"}]}],"theme":{"openings":[],"endings":["\"Ah Yeah!!\" by Sukima Switch"]},"external":[{"name":"Official Site","url":"http:\/\/www.j-haikyu.com\/movie\/"},{"name":"AniDB","url":"https:\/\/anidb.net\/perl-bin\/animedb.pl?show=anime&aid=11040"},{"name":"ANN","url":"https:\/\/www.animenewsnetwork.com\/encyclopedia\/anime.php?id=16891"},{"name":"Wikipedia","url":"http:\/\/en.wikipedia.org\/wiki\/Haiky%C5%AB!!"}],"streaming":[{"name":"Netflix","url":"https:\/\/www.netflix.com\/"}]}}