{"data":{"mal_id":30654,"url":"https:\/\/myanimelist.net\/anime\/30654\/Ansatsu_Kyoushitsu_2nd_Season","images":{"jpg":{"image_url":"https:\/\/cdn.myanimelist.net\/images\/anime\/8\/77966.jpg","small_image_url":"https:\/\/cdn.myanimelist.net\/images\/anime\/8\/77966t.jpg","large_image_url":"https:\/\/cdn.myanimelist.net\/images\/anime\/8\/77966l.jpg"},"webp":{"image_url":"https:\/\/cdn.myanimelist.net\/images\/anime\/8\/77966.webp","small_image_url":"https:\/\/cdn.myanimelist.net\/images\/anime\/8\/77966t.webp","large_image_url":"https:\/\/cdn.myanimelist.net\/images\/anime\/8\/77966l.webp"}},"trailer":{"youtube_id":"tZiHgr0kd7E","url":"https:\/\/www.youtube.com\/watch?v=tZiHgr0kd7E","embed_url":"https:\/\/www.youtube.com\/embed\/tZiHgr0kd7E?enablejsapi=1&wmode=opaque&autoplay=1","images":{"image_url":"https:\/\/img.youtube.com\/vi\/tZiHgr0kd7E\/default.jpg","small_image_url":"https:\/\/img.youtube.com\/vi\/tZiHgr0kd7E\/sddefault.jpg","medium_image_url":"https:\/\/img.youtube.com\/vi\/tZiHgr0kd7E\/mqdefault.jpg","large_image_url":"https:\/\/img.youtube.com\/vi\/tZiHgr0kd7E\/hqdefault.jpg","maximum_image_url":"https:\/\/img.youtube.com\/vi\/tZiHgr0kd7E\/maxresdefault.jpg"}},"approved":true,"titles":[{"type":"Default","title":"Ansatsu Kyoushitsu 2nd Season"},{"type":"Synonym","title":"Ansatsu Kyoushitsu Season 2"},{"type":"Synonym","title":"Ansatsu Kyoushitsu Final Season"},{"type":"Japanese","title":"\u6697\u6bba\u6559\u5ba4\u3000\u7b2c\uff12\u671f"},{"type":"English","title":"Assassination Classroom Second Season"},{"type":"German","title":"Assassination Classroom Staffel 2"},{"type":"Spanish","title":"Assassination Classroom Temporada 2"},{"type":"French","title":"Assassination Classroom Saison 2"}],"title":"Ansatsu Kyoushitsu 2nd Season","title_english":"Assassination Classroom Second Season","title_japanese":"\u6697\u6bba\u6559\u5ba4\u3000\u7b2c\uff12\u671f","title_synonyms":["Ansatsu Kyoushitsu Season 2","Ansatsu Kyoushitsu Final Season"],"type":"TV","source":"Manga","episodes":25,"status":"Finished Airing","airing":false,"aired":{"from":"2016-01-08T00:00:00+00:00","to":"2016-07-01T00:00:00+00:00","prop":{"from":{"day":8,"month":1,"year":2016},"to":{"day":1,"month":7,"year":2016}},"string":"Jan 8, 2016 to Jul 1, 2016"},"duration":"23 min per ep","rating":"PG-13 - Teens 13 or older","score":8.49,"scored_by":867381,"rank":132,"popularity":84,"members":1392749,"favorites":17433,"synopsis":"Returning from their summer vacation, the students of Class 3-E at the prestigious Kunugigaoka Middle School find themselves up against unbeatable odds. Faced with the possibility of world annihilation, the students must come up with increasingly elaborate and creative ways to kill their teacher, the cunning yet optimistic and helpful Koro-sensei.\n \nHowever, eliminating Koro-sensei is not the only objective the students need to worry about. Gakuhou Asano, the academy's merciless and cruel principal, seeks to prevent Class 3-E's success by brainwashing his other hard-working pupils into ruthlessly competitive studying machines. Hostility begins to linger in the air as traitors and killers alike attempt to claim the bounty on Koro-sensei's head for themselves.\n \nNagisa Shiota, one of Class 3-E's most skilled assassins, finds himself in the middle of the conflict. While he works to maintain his academic standing and prevent the end of the world, domestic affairs jeopardize his place in Class 3-E. Together with his dedicated classmates, he must now face the threats head-on.\n\n[Written by MAL Rewrite]","background":null,"season":"winter","year":2016,"broadcast":{"day":"Fridays","time":"01:25","timezone":"Asia\/Tokyo","string":"Fridays at 01:25 (JST)"},"producers":[{"mal_id":53,"type":"anime","name":"Dentsu","url":"https:\/\/myanimelist.net\/anime\/producer\/53\/Dentsu"},{"mal_id":101,"type":"anime","name":"Studio Hibari","url":"https:\/\/myanimelist.net\/anime\/producer\/101\/Studio_Hibari"},{"mal_id":169,"type":"anime","name":"Fuji TV","url":"https:\/\/myanimelist.net\/anime\/producer\/169\/Fuji_TV"},{"mal_id":315,"type":"anime","name":"DAX Production","url":"https:\/\/myanimelist.net\/anime\/producer\/315\/DAX_Production"},{"mal_id":1284,"type":"anime","name":"Avex Pictures","url":"https:\/\/myanimelist.net\/anime\/producer\/1284\/Avex_Pictures"},{"mal_id":1365,"type":"anime","name":"Shueisha","url":"https:\/\/myanimelist.net\/anime\/producer\/1365\/Shueisha"},{"mal_id":1412,"type":"anime","name":"Kansai Telecasting","url":"https:\/\/myanimelist.net\/anime\/producer\/1412\/Kansai_Telecasting"}],"licensors":[{"mal_id":102,"type":"anime","name":"Funimation","url":"https:\/\/myanimelist.net\/anime\/producer\/102\/Funimation"}],"studios":[{"mal_id":456,"type":"anime","name":"Lerche","url":"https:\/\/myanimelist.net\/anime\/producer\/456\/Lerche"}],"genres":[{"mal_id":1,"type":"anime","name":"Action","url":"https:\/\/myanimelist.net\/anime\/genre\/1\/Action"},{"mal_id":4,"type":"anime","name":"Comedy","url":"https:\/\/myanimelist.net\/anime\/genre\/4\/Comedy"}],"explicit_genres":[],"themes":[{"mal_id":23,"type":"anime","name":"School","url":"https:\/\/myanimelist.net\/anime\/genre\/23\/School"}],"demographics":[{"mal_id":27,"type":"anime","name":"Shounen","url":"https:\/\/myanimelist.net\/anime\/genre\/27\/Shounen"}],"relations":[{"relation":"Adaptation","entry":[{"mal_id":39883,"type":"manga","name":"Ansatsu Kyoushitsu","url":"https:\/\/myanimelist.net\/manga\/39883\/Ansatsu_Kyoushitsu"}]},{"relation":"Prequel","entry":[{"mal_id":24833,"type":"anime","name":"Ansatsu Kyoushitsu","url":"https:\/\/myanimelist.net\/anime\/24833\/Ansatsu_Kyoushitsu"}]},{"relation":"Side story","entry":[{"mal_id":32863,"type":"anime","name":"Ansatsu Kyoushitsu: Kagaijugyou-hen","url":"https:\/\/myanimelist.net\/anime\/32863\/Ansatsu_Kyoushitsu__Kagaijugyou-hen"}]},{"relation":"Summary","entry":[{"mal_id":33513,"type":"anime","name":"Ansatsu Kyoushitsu: 365-nichi no Jikan","url":"https:\/\/myanimelist.net\/anime\/33513\/Ansatsu_Kyoushitsu__365-nichi_no_Jikan"}]}],"theme":{"openings":["1: \"QUESTION\" by 3-nen E-gumi Utatan (3\u5e74E\u7d44\u3046\u305f\u62c5) [Mai Fuchigami, Aya Suzaki, Nobuhiko Okamoto, Ryota Osaka, Shintaro Asanuma] (eps 1-14)","2: \"Bye Bye Yesterday (\u30d0\u30a4\u30d0\u30a4 YESTERDAY)\" by 3-nen E-gumi Utatan (3\u5e74E\u7d44\u3046\u305f\u62c5) [Mai Fuchigami, Aya Suzaki, Nobuhiko Okamoto, Ryota Osaka, Shintaro Asanuma] (eps 15, 17-23, 25)"],"endings":["1: \"Kaketa Tsuki (\u6b20\u3051\u305f\u6708)\" by Shion Miyawaki (eps 1-14)","2: \"Mata Kimi ni Aeru Hi (\u307e\u305f\u541b\u306b\u4f1a\u3048\u308b\u65e5)\" by Shion Miyawaki (eps 15-25)"]},"external":[{"name":"Official Site","url":"http:\/\/www.ansatsu-anime.com\/"},{"name":"@ansatsu_anime","url":"https:\/\/twitter.com\/ansatsu_anime"},{"name":"AniDB","url":"https:\/\/anidb.net\/perl-bin\/animedb.pl?show=anime&aid=11203"},{"name":"ANN","url":"https:\/\/www.animenewsnetwork.com\/encyclopedia\/anime.php?id=17686"},{"name":"Wikipedia","url":"http:\/\/en.wikipedia.org\/wiki\/Assassination_Classroom"},{"name":"Wikipedia","url":"https:\/\/ja.wikipedia.org\/wiki\/%E6%9A%97%E6%AE%BA%E6%95%99%E5%AE%A4"},{"name":"Syoboi","url":"https:\/\/cal.syoboi.jp\/tid\/4048"}],"streaming":[{"name":"Crunchyroll","url":"http:\/\/www.crunchyroll.com\/series-271211"},{"name":"Netflix","url":"https:\/\/www.netflix.com\/"}]}}