{"data":{"mal_id":30727,"url":"https:\/\/myanimelist.net\/anime\/30727\/Saenai_Heroine_no_Sodatekata_\u266d","images":{"jpg":{"image_url":"https:\/\/cdn.myanimelist.net\/images\/anime\/2\/84797.jpg","small_image_url":"https:\/\/cdn.myanimelist.net\/images\/anime\/2\/84797t.jpg","large_image_url":"https:\/\/cdn.myanimelist.net\/images\/anime\/2\/84797l.jpg"},"webp":{"image_url":"https:\/\/cdn.myanimelist.net\/images\/anime\/2\/84797.webp","small_image_url":"https:\/\/cdn.myanimelist.net\/images\/anime\/2\/84797t.webp","large_image_url":"https:\/\/cdn.myanimelist.net\/images\/anime\/2\/84797l.webp"}},"trailer":{"youtube_id":"JCcvmRduwiE","url":"https:\/\/www.youtube.com\/watch?v=JCcvmRduwiE","embed_url":"https:\/\/www.youtube.com\/embed\/JCcvmRduwiE?enablejsapi=1&wmode=opaque&autoplay=1","images":{"image_url":"https:\/\/img.youtube.com\/vi\/JCcvmRduwiE\/default.jpg","small_image_url":"https:\/\/img.youtube.com\/vi\/JCcvmRduwiE\/sddefault.jpg","medium_image_url":"https:\/\/img.youtube.com\/vi\/JCcvmRduwiE\/mqdefault.jpg","large_image_url":"https:\/\/img.youtube.com\/vi\/JCcvmRduwiE\/hqdefault.jpg","maximum_image_url":"https:\/\/img.youtube.com\/vi\/JCcvmRduwiE\/maxresdefault.jpg"}},"approved":true,"titles":[{"type":"Default","title":"Saenai Heroine no Sodatekata \u266d"},{"type":"Synonym","title":"Saenai Heroine no Sodatekata Flat"},{"type":"Japanese","title":"\u51b4\u3048\u306a\u3044\u5f7c\u5973\u3008\u30d2\u30ed\u30a4\u30f3\u3009\u306e\u80b2\u3066\u304b\u305f\u266d"},{"type":"English","title":"Saekano: How to Raise a Boring Girlfriend .flat"},{"type":"German","title":"Saekano\u266d How to Raise a Boring Girlfriend.flat"},{"type":"French","title":"Saekano\u266d How to Raise a Boring Girlfriend.flat"}],"title":"Saenai Heroine no Sodatekata \u266d","title_english":"Saekano: How to Raise a Boring Girlfriend .flat","title_japanese":"\u51b4\u3048\u306a\u3044\u5f7c\u5973\u3008\u30d2\u30ed\u30a4\u30f3\u3009\u306e\u80b2\u3066\u304b\u305f\u266d","title_synonyms":["Saenai Heroine no Sodatekata Flat"],"type":"TV","source":"Light novel","episodes":11,"status":"Finished Airing","airing":false,"aired":{"from":"2017-04-14T00:00:00+00:00","to":"2017-06-23T00:00:00+00:00","prop":{"from":{"day":14,"month":4,"year":2017},"to":{"day":23,"month":6,"year":2017}},"string":"Apr 14, 2017 to Jun 23, 2017"},"duration":"22 min per ep","rating":"PG-13 - Teens 13 or older","score":7.76,"scored_by":183946,"rank":1031,"popularity":633,"members":359212,"favorites":1693,"synopsis":"After finally completing the first route of his visual novel, Blessing Software's producer Tomoya Aki is optimistic about the future of his team and achieving their goal of creating the best game of the season.\n\nHowever, they still have a long way to go. For one, Megumi Katou still has an incredibly flat personality and is unable to fit the role of Tomoya's ideal heroine. The other members of Blessing Software, Eriri Spencer Sawamura, Utaha Kasumigaoka, and Michiru Hyoudou, often forget she is even there due to her lack of presence and character. \n\nThroughout the development of their game, Blessing Software learns the struggles of working in an industry where deadlines must be met and edits are made constantly, and the hardships of working in a group setting.\n\n[Written by MAL Rewrite]","background":null,"season":"spring","year":2017,"broadcast":{"day":"Fridays","time":"00:55","timezone":"Asia\/Tokyo","string":"Fridays at 00:55 (JST)"},"producers":[{"mal_id":17,"type":"anime","name":"Aniplex","url":"https:\/\/myanimelist.net\/anime\/producer\/17\/Aniplex"},{"mal_id":53,"type":"anime","name":"Dentsu","url":"https:\/\/myanimelist.net\/anime\/producer\/53\/Dentsu"},{"mal_id":169,"type":"anime","name":"Fuji TV","url":"https:\/\/myanimelist.net\/anime\/producer\/169\/Fuji_TV"},{"mal_id":619,"type":"anime","name":"Cospa","url":"https:\/\/myanimelist.net\/anime\/producer\/619\/Cospa"},{"mal_id":1261,"type":"anime","name":"Good Smile Company","url":"https:\/\/myanimelist.net\/anime\/producer\/1261\/Good_Smile_Company"},{"mal_id":1412,"type":"anime","name":"Kansai Telecasting","url":"https:\/\/myanimelist.net\/anime\/producer\/1412\/Kansai_Telecasting"},{"mal_id":1664,"type":"anime","name":"Fujimi Shobo","url":"https:\/\/myanimelist.net\/anime\/producer\/1664\/Fujimi_Shobo"}],"licensors":[],"studios":[{"mal_id":56,"type":"anime","name":"A-1 Pictures","url":"https:\/\/myanimelist.net\/anime\/producer\/56\/A-1_Pictures"}],"genres":[{"mal_id":4,"type":"anime","name":"Comedy","url":"https:\/\/myanimelist.net\/anime\/genre\/4\/Comedy"},{"mal_id":22,"type":"anime","name":"Romance","url":"https:\/\/myanimelist.net\/anime\/genre\/22\/Romance"},{"mal_id":9,"type":"anime","name":"Ecchi","url":"https:\/\/myanimelist.net\/anime\/genre\/9\/Ecchi"}],"explicit_genres":[],"themes":[{"mal_id":35,"type":"anime","name":"Harem","url":"https:\/\/myanimelist.net\/anime\/genre\/35\/Harem"},{"mal_id":69,"type":"anime","name":"Otaku Culture","url":"https:\/\/myanimelist.net\/anime\/genre\/69\/Otaku_Culture"},{"mal_id":23,"type":"anime","name":"School","url":"https:\/\/myanimelist.net\/anime\/genre\/23\/School"}],"demographics":[],"relations":[{"relation":"Adaptation","entry":[{"mal_id":49567,"type":"manga","name":"Saenai Heroine no Sodatekata","url":"https:\/\/myanimelist.net\/manga\/49567\/Saenai_Heroine_no_Sodatekata"}]},{"relation":"Prequel","entry":[{"mal_id":23277,"type":"anime","name":"Saenai Heroine no Sodatekata","url":"https:\/\/myanimelist.net\/anime\/23277\/Saenai_Heroine_no_Sodatekata"},{"mal_id":35338,"type":"anime","name":"Saenai Heroine no Sodatekata \u266d: Koi to Junjou no Service-kai","url":"https:\/\/myanimelist.net\/anime\/35338\/Saenai_Heroine_no_Sodatekata_\u266d__Koi_to_Junjou_no_Service-kai"}]},{"relation":"Sequel","entry":[{"mal_id":36885,"type":"anime","name":"Saenai Heroine no Sodatekata Fine","url":"https:\/\/myanimelist.net\/anime\/36885\/Saenai_Heroine_no_Sodatekata_Fine"}]}],"theme":{"openings":["\"Stella Breeze (\u30b9\u30c6\u30e9\u30d6\u30ea\u30fc\u30ba)\" by Luna Haruna"],"endings":["1: \"Sakura-iro Diary (\u685c\u8272\u30c0\u30a4\u30a2\u30ea\u30fc)\" by Moso Calibration (\u5984\u60f3\u30ad\u30e3\u30ea\u30d6\u30ec\u30fc\u30b7\u30e7\u30f3) (eps 1-10)","2: \"Seishun prologue (\u9752\u6625\u30d7\u30ed\u30ed\u30fc\u30b0)\" by Moso Calibration (\u5984\u60f3\u30ad\u30e3\u30ea\u30d6\u30ec\u30fc\u30b7\u30e7\u30f3 (eps 11)"]},"external":[{"name":"Official Site","url":"http:\/\/www.saenai.tv\/"},{"name":"AniDB","url":"https:\/\/anidb.net\/perl-bin\/animedb.pl?show=anime&aid=11221"},{"name":"ANN","url":"https:\/\/www.animenewsnetwork.com\/encyclopedia\/anime.php?id=18917"},{"name":"Wikipedia","url":"https:\/\/en.wikipedia.org\/wiki\/Saekano:_How_to_Raise_a_Boring_Girlfriend"}],"streaming":[]}}