{"data":{"mal_id":30778,"url":"https:\/\/myanimelist.net\/anime\/30778\/Fairy_Tail_Movie_2__Dragon_Cry","images":{"jpg":{"image_url":"https:\/\/cdn.myanimelist.net\/images\/anime\/13\/85391.jpg","small_image_url":"https:\/\/cdn.myanimelist.net\/images\/anime\/13\/85391t.jpg","large_image_url":"https:\/\/cdn.myanimelist.net\/images\/anime\/13\/85391l.jpg"},"webp":{"image_url":"https:\/\/cdn.myanimelist.net\/images\/anime\/13\/85391.webp","small_image_url":"https:\/\/cdn.myanimelist.net\/images\/anime\/13\/85391t.webp","large_image_url":"https:\/\/cdn.myanimelist.net\/images\/anime\/13\/85391l.webp"}},"trailer":{"youtube_id":"9Yk5cBOTcZ8","url":"https:\/\/www.youtube.com\/watch?v=9Yk5cBOTcZ8","embed_url":"https:\/\/www.youtube.com\/embed\/9Yk5cBOTcZ8?enablejsapi=1&wmode=opaque&autoplay=1","images":{"image_url":"https:\/\/img.youtube.com\/vi\/9Yk5cBOTcZ8\/default.jpg","small_image_url":"https:\/\/img.youtube.com\/vi\/9Yk5cBOTcZ8\/sddefault.jpg","medium_image_url":"https:\/\/img.youtube.com\/vi\/9Yk5cBOTcZ8\/mqdefault.jpg","large_image_url":"https:\/\/img.youtube.com\/vi\/9Yk5cBOTcZ8\/hqdefault.jpg","maximum_image_url":"https:\/\/img.youtube.com\/vi\/9Yk5cBOTcZ8\/maxresdefault.jpg"}},"approved":true,"titles":[{"type":"Default","title":"Fairy Tail Movie 2: Dragon Cry"},{"type":"Synonym","title":"Gekijouban Fairy Tail: Dragon Cry"},{"type":"Japanese","title":"\u5287\u5834\u7248 FAIRY TAIL \u300eDRAGON CRY\u300f"},{"type":"English","title":"Fairy Tail the Movie 2: Dragon Cry"},{"type":"German","title":"Fairy Tale: Dragon Cry Movie 2"},{"type":"Spanish","title":"Fairy Tail: Dragon Cry"},{"type":"French","title":"Fairy Tail Le Film: Dragon Cry"}],"title":"Fairy Tail Movie 2: Dragon Cry","title_english":"Fairy Tail the Movie 2: Dragon Cry","title_japanese":"\u5287\u5834\u7248 FAIRY TAIL \u300eDRAGON CRY\u300f","title_synonyms":["Gekijouban Fairy Tail: Dragon Cry"],"type":"Movie","source":"Manga","episodes":1,"status":"Finished Airing","airing":false,"aired":{"from":"2017-05-06T00:00:00+00:00","to":null,"prop":{"from":{"day":6,"month":5,"year":2017},"to":{"day":null,"month":null,"year":null}},"string":"May 6, 2017"},"duration":"1 hr 24 min","rating":"PG-13 - Teens 13 or older","score":7.55,"scored_by":96001,"rank":1626,"popularity":1224,"members":187014,"favorites":735,"synopsis":"Dragon Cry is a magical artifact of deadly power, formed into a staff by the fury and despair of dragons long gone. Now, this power has been stolen from the hands of the Fiore kingdom by the nefarious traitor Zash Caine, who flees with it to the small island nation of Stella. Frightened that the power has fallen into the wrong hands, the King of Fiore hastily sends Fairy Tail to retrieve the staff. But this task proves frightening as a shadowy secret lies in the heart of the kingdom of Stella. Dragon Cry follows their story as they muster up all their strength to recover the stolen staff and save both kingdoms.\n \n[Written by MAL Rewrite]","background":null,"season":null,"year":null,"broadcast":{"day":null,"time":null,"timezone":null,"string":null},"producers":[],"licensors":[{"mal_id":102,"type":"anime","name":"Funimation","url":"https:\/\/myanimelist.net\/anime\/producer\/102\/Funimation"}],"studios":[{"mal_id":56,"type":"anime","name":"A-1 Pictures","url":"https:\/\/myanimelist.net\/anime\/producer\/56\/A-1_Pictures"}],"genres":[{"mal_id":1,"type":"anime","name":"Action","url":"https:\/\/myanimelist.net\/anime\/genre\/1\/Action"},{"mal_id":2,"type":"anime","name":"Adventure","url":"https:\/\/myanimelist.net\/anime\/genre\/2\/Adventure"},{"mal_id":10,"type":"anime","name":"Fantasy","url":"https:\/\/myanimelist.net\/anime\/genre\/10\/Fantasy"}],"explicit_genres":[],"themes":[],"demographics":[{"mal_id":27,"type":"anime","name":"Shounen","url":"https:\/\/myanimelist.net\/anime\/genre\/27\/Shounen"}],"relations":[{"relation":"Other","entry":[{"mal_id":6702,"type":"anime","name":"Fairy Tail","url":"https:\/\/myanimelist.net\/anime\/6702\/Fairy_Tail"},{"mal_id":12049,"type":"anime","name":"Fairy Tail Movie 1: Houou no Miko","url":"https:\/\/myanimelist.net\/anime\/12049\/Fairy_Tail_Movie_1__Houou_no_Miko"},{"mal_id":22043,"type":"anime","name":"Fairy Tail (2014)","url":"https:\/\/myanimelist.net\/anime\/22043\/Fairy_Tail_2014"}]}],"theme":{"openings":[],"endings":["\"WHAT YOU ARE\" by POLKA DOTS (Himika Akaneya & Yuki Takao)"]},"external":[{"name":"Official Site","url":"http:\/\/gaga.ne.jp\/FT.DC\/"},{"name":"AniDB","url":"https:\/\/anidb.net\/perl-bin\/animedb.pl?show=anime&aid=11247"},{"name":"ANN","url":"https:\/\/www.animenewsnetwork.com\/encyclopedia\/anime.php?id=19338"},{"name":"Wikipedia","url":"https:\/\/en.wikipedia.org\/wiki\/Fairy_Tail:_Dragon_Cry"}],"streaming":[{"name":"Crunchyroll","url":"http:\/\/www.crunchyroll.com\/series-282042"},{"name":"Netflix","url":"https:\/\/www.netflix.com\/"}]}}