{"data":{"mal_id":30952,"url":"https:\/\/myanimelist.net\/anime\/30952\/New_Initial_D_Movie__Legend_3_-_Mugen","images":{"jpg":{"image_url":"https:\/\/cdn.myanimelist.net\/images\/anime\/9\/76759.jpg","small_image_url":"https:\/\/cdn.myanimelist.net\/images\/anime\/9\/76759t.jpg","large_image_url":"https:\/\/cdn.myanimelist.net\/images\/anime\/9\/76759l.jpg"},"webp":{"image_url":"https:\/\/cdn.myanimelist.net\/images\/anime\/9\/76759.webp","small_image_url":"https:\/\/cdn.myanimelist.net\/images\/anime\/9\/76759t.webp","large_image_url":"https:\/\/cdn.myanimelist.net\/images\/anime\/9\/76759l.webp"}},"trailer":{"youtube_id":"yHHG8sACeSE","url":"https:\/\/www.youtube.com\/watch?v=yHHG8sACeSE","embed_url":"https:\/\/www.youtube.com\/embed\/yHHG8sACeSE?enablejsapi=1&wmode=opaque&autoplay=1","images":{"image_url":"https:\/\/img.youtube.com\/vi\/yHHG8sACeSE\/default.jpg","small_image_url":"https:\/\/img.youtube.com\/vi\/yHHG8sACeSE\/sddefault.jpg","medium_image_url":"https:\/\/img.youtube.com\/vi\/yHHG8sACeSE\/mqdefault.jpg","large_image_url":"https:\/\/img.youtube.com\/vi\/yHHG8sACeSE\/hqdefault.jpg","maximum_image_url":"https:\/\/img.youtube.com\/vi\/yHHG8sACeSE\/maxresdefault.jpg"}},"approved":true,"titles":[{"type":"Default","title":"New Initial D Movie: Legend 3 - Mugen"},{"type":"Synonym","title":"Shin Gekijouban Initial D: Legend 3 - Mugen"},{"type":"Japanese","title":"\u65b0\u5287\u5834\u7248\u3000\u982d\u6587\u5b57\uff3b\u30a4\u30cb\u30b7\u30e3\u30eb\uff3dD Legend3 -\u5922\u73fe-"},{"type":"English","title":"Initial D Legend 3: Dream"}],"title":"New Initial D Movie: Legend 3 - Mugen","title_english":"Initial D Legend 3: Dream","title_japanese":"\u65b0\u5287\u5834\u7248\u3000\u982d\u6587\u5b57\uff3b\u30a4\u30cb\u30b7\u30e3\u30eb\uff3dD Legend3 -\u5922\u73fe-","title_synonyms":["Shin Gekijouban Initial D: Legend 3 - Mugen"],"type":"Movie","source":"Manga","episodes":1,"status":"Finished Airing","airing":false,"aired":{"from":"2016-02-06T00:00:00+00:00","to":null,"prop":{"from":{"day":6,"month":2,"year":2016},"to":{"day":null,"month":null,"year":null}},"string":"Feb 6, 2016"},"duration":"1 hr","rating":"PG-13 - Teens 13 or older","score":7.86,"scored_by":12430,"rank":839,"popularity":4133,"members":26841,"favorites":58,"synopsis":"After spending his summer racing against some of the best racers in Gunma, Takumi Fujiwara receives a formal challenge from the leader of the Akagi Red Suns, Ryousuke Takahashi. Despite his initial reluctance to get into the hobby, Takumi cannot help but feel excited to go up against the former \"White Comet of Akagi.\" In preparation for the battle, Ryousuke downgrades his car, putting his pride and racing career at stake. \n\nWith the title of the fastest racer in all of Gunma on the line, will Takumi and his panda-colored Toyota AE86 be able to defeat Ryousuke's Mazda RX-7 FC? \n\n[Written by MAL Rewrite]","background":"New Initial D Movie: Legend 3 - Mugen was released on Blu-ray and DVD by Sentai Filmworks on June 12, 2018.","season":null,"year":null,"broadcast":{"day":null,"time":null,"timezone":null,"string":null},"producers":[{"mal_id":109,"type":"anime","name":"Shochiku","url":"https:\/\/myanimelist.net\/anime\/producer\/109\/Shochiku"},{"mal_id":159,"type":"anime","name":"Kodansha","url":"https:\/\/myanimelist.net\/anime\/producer\/159\/Kodansha"},{"mal_id":539,"type":"anime","name":"Ultra Super Pictures","url":"https:\/\/myanimelist.net\/anime\/producer\/539\/Ultra_Super_Pictures"},{"mal_id":1284,"type":"anime","name":"Avex Pictures","url":"https:\/\/myanimelist.net\/anime\/producer\/1284\/Avex_Pictures"}],"licensors":[{"mal_id":376,"type":"anime","name":"Sentai Filmworks","url":"https:\/\/myanimelist.net\/anime\/producer\/376\/Sentai_Filmworks"}],"studios":[{"mal_id":537,"type":"anime","name":"SANZIGEN","url":"https:\/\/myanimelist.net\/anime\/producer\/537\/SANZIGEN"},{"mal_id":839,"type":"anime","name":"LIDENFILMS","url":"https:\/\/myanimelist.net\/anime\/producer\/839\/LIDENFILMS"}],"genres":[],"explicit_genres":[],"themes":[{"mal_id":3,"type":"anime","name":"Racing","url":"https:\/\/myanimelist.net\/anime\/genre\/3\/Racing"}],"demographics":[{"mal_id":42,"type":"anime","name":"Seinen","url":"https:\/\/myanimelist.net\/anime\/genre\/42\/Seinen"}],"relations":[{"relation":"Adaptation","entry":[{"mal_id":375,"type":"manga","name":"Initial D","url":"https:\/\/myanimelist.net\/manga\/375\/Initial_D"}]},{"relation":"Prequel","entry":[{"mal_id":28881,"type":"anime","name":"New Initial D Movie: Legend 2 - Tousou","url":"https:\/\/myanimelist.net\/anime\/28881\/New_Initial_D_Movie__Legend_2_-_Tousou"}]},{"relation":"Summary","entry":[{"mal_id":50846,"type":"anime","name":"New Initial D Movie: Battle Digest","url":"https:\/\/myanimelist.net\/anime\/50846\/New_Initial_D_Movie__Battle_Digest"}]}],"theme":{"openings":[],"endings":["\"Chase for Dream\" by Tatsuyuki Kobayashi"]},"external":[{"name":"Official Site","url":"http:\/\/www.initiald-movie.com\/"},{"name":"AniDB","url":"https:\/\/anidb.net\/perl-bin\/animedb.pl?show=anime&aid=9987"},{"name":"ANN","url":"https:\/\/www.animenewsnetwork.com\/encyclopedia\/anime.php?id=17511"},{"name":"Wikipedia","url":"http:\/\/en.wikipedia.org\/wiki\/Initial_D"}],"streaming":[{"name":"HIDIVE","url":"https:\/\/www.hidive.com\/movies\/initial-d-legend-3-dream"},{"name":"Shahid","url":"https:\/\/shahid.mbc.net\/en\/movies\/Initial-D-Legend-3\/movie-908951"}]}}