{"data":{"mal_id":31051,"url":"https:\/\/myanimelist.net\/anime\/31051\/Kuroko_no_Basket__Saikou_no_Present_desu","images":{"jpg":{"image_url":"https:\/\/cdn.myanimelist.net\/images\/anime\/13\/77323.jpg","small_image_url":"https:\/\/cdn.myanimelist.net\/images\/anime\/13\/77323t.jpg","large_image_url":"https:\/\/cdn.myanimelist.net\/images\/anime\/13\/77323l.jpg"},"webp":{"image_url":"https:\/\/cdn.myanimelist.net\/images\/anime\/13\/77323.webp","small_image_url":"https:\/\/cdn.myanimelist.net\/images\/anime\/13\/77323t.webp","large_image_url":"https:\/\/cdn.myanimelist.net\/images\/anime\/13\/77323l.webp"}},"trailer":{"youtube_id":"h9WOHL4N0e4","url":"https:\/\/www.youtube.com\/watch?v=h9WOHL4N0e4","embed_url":"https:\/\/www.youtube.com\/embed\/h9WOHL4N0e4?enablejsapi=1&wmode=opaque&autoplay=1","images":{"image_url":"https:\/\/img.youtube.com\/vi\/h9WOHL4N0e4\/default.jpg","small_image_url":"https:\/\/img.youtube.com\/vi\/h9WOHL4N0e4\/sddefault.jpg","medium_image_url":"https:\/\/img.youtube.com\/vi\/h9WOHL4N0e4\/mqdefault.jpg","large_image_url":"https:\/\/img.youtube.com\/vi\/h9WOHL4N0e4\/hqdefault.jpg","maximum_image_url":"https:\/\/img.youtube.com\/vi\/h9WOHL4N0e4\/maxresdefault.jpg"}},"approved":true,"titles":[{"type":"Default","title":"Kuroko no Basket: Saikou no Present desu"},{"type":"Synonym","title":"Kuroko no Basket Episode 75.5"},{"type":"Japanese","title":"\u9ed2\u5b50\u306e\u30d0\u30b9\u30b1\u301c\u6700\u9ad8\u306e\u30d7\u30ec\u30bc\u30f3\u30c8\u3067\u3059\u301c"},{"type":"English","title":"Kuroko\u2019s Basketball: It is the Best Present"},{"type":"Spanish","title":"Kuroko no Basket: Temporada 3. Episodio 26:El Mejor Regalo"}],"title":"Kuroko no Basket: Saikou no Present desu","title_english":"Kuroko\u2019s Basketball: It is the Best Present","title_japanese":"\u9ed2\u5b50\u306e\u30d0\u30b9\u30b1\u301c\u6700\u9ad8\u306e\u30d7\u30ec\u30bc\u30f3\u30c8\u3067\u3059\u301c","title_synonyms":["Kuroko no Basket Episode 75.5"],"type":"Special","source":"Manga","episodes":1,"status":"Finished Airing","airing":false,"aired":{"from":"2015-12-24T00:00:00+00:00","to":null,"prop":{"from":{"day":24,"month":12,"year":2015},"to":{"day":null,"month":null,"year":null}},"string":"Dec 24, 2015"},"duration":"23 min","rating":"PG-13 - Teens 13 or older","score":8.1,"scored_by":55095,"rank":485,"popularity":1943,"members":104466,"favorites":206,"synopsis":"It is Tetsuya Kuroko's birthday. In celebration, Satsuki Momoi has invited the other members of the Generation of Miracles to play basketball together and rekindle the memories from their nostalgic middle school days. Meanwhile, Taiga Kagami and his fellow teammates of Seirin High are doing their best to prepare for Kuroko's birthday party.\n\nSometimes, the best gift one can receive is not a material one but, rather, the feeling of having fun with everyone!\n\n[Written by MAL Rewrite]","background":null,"season":null,"year":null,"broadcast":{"day":null,"time":null,"timezone":null,"string":null},"producers":[{"mal_id":23,"type":"anime","name":"Bandai Visual","url":"https:\/\/myanimelist.net\/anime\/producer\/23\/Bandai_Visual"},{"mal_id":139,"type":"anime","name":"Nihon Ad Systems","url":"https:\/\/myanimelist.net\/anime\/producer\/139\/Nihon_Ad_Systems"}],"licensors":[],"studios":[{"mal_id":10,"type":"anime","name":"Production I.G","url":"https:\/\/myanimelist.net\/anime\/producer\/10\/Production_IG"}],"genres":[{"mal_id":30,"type":"anime","name":"Sports","url":"https:\/\/myanimelist.net\/anime\/genre\/30\/Sports"}],"explicit_genres":[],"themes":[{"mal_id":23,"type":"anime","name":"School","url":"https:\/\/myanimelist.net\/anime\/genre\/23\/School"},{"mal_id":77,"type":"anime","name":"Team Sports","url":"https:\/\/myanimelist.net\/anime\/genre\/77\/Team_Sports"}],"demographics":[{"mal_id":27,"type":"anime","name":"Shounen","url":"https:\/\/myanimelist.net\/anime\/genre\/27\/Shounen"}],"relations":[{"relation":"Parent story","entry":[{"mal_id":24415,"type":"anime","name":"Kuroko no Basket 3rd Season","url":"https:\/\/myanimelist.net\/anime\/24415\/Kuroko_no_Basket_3rd_Season"}]}],"theme":{"openings":[],"endings":["\"Lantana\" by OLDCODEX"]},"external":[{"name":"AniDB","url":"https:\/\/anidb.net\/perl-bin\/animedb.pl?show=anime&aid=10662"}],"streaming":[]}}