{"data":{"mal_id":31227,"url":"https:\/\/myanimelist.net\/anime\/31227\/Kindaichi_Shounen_no_Jikenbo_Returns_2nd_Season","images":{"jpg":{"image_url":"https:\/\/cdn.myanimelist.net\/images\/anime\/9\/75726.jpg","small_image_url":"https:\/\/cdn.myanimelist.net\/images\/anime\/9\/75726t.jpg","large_image_url":"https:\/\/cdn.myanimelist.net\/images\/anime\/9\/75726l.jpg"},"webp":{"image_url":"https:\/\/cdn.myanimelist.net\/images\/anime\/9\/75726.webp","small_image_url":"https:\/\/cdn.myanimelist.net\/images\/anime\/9\/75726t.webp","large_image_url":"https:\/\/cdn.myanimelist.net\/images\/anime\/9\/75726l.webp"}},"trailer":{"youtube_id":"pCUF5QRdY-U","url":"https:\/\/www.youtube.com\/watch?v=pCUF5QRdY-U","embed_url":"https:\/\/www.youtube.com\/embed\/pCUF5QRdY-U?enablejsapi=1&wmode=opaque&autoplay=1","images":{"image_url":"https:\/\/img.youtube.com\/vi\/pCUF5QRdY-U\/default.jpg","small_image_url":"https:\/\/img.youtube.com\/vi\/pCUF5QRdY-U\/sddefault.jpg","medium_image_url":"https:\/\/img.youtube.com\/vi\/pCUF5QRdY-U\/mqdefault.jpg","large_image_url":"https:\/\/img.youtube.com\/vi\/pCUF5QRdY-U\/hqdefault.jpg","maximum_image_url":"https:\/\/img.youtube.com\/vi\/pCUF5QRdY-U\/maxresdefault.jpg"}},"approved":true,"titles":[{"type":"Default","title":"Kindaichi Shounen no Jikenbo Returns 2nd Season"},{"type":"Synonym","title":"Kindaichi Shounen no Jikenbo R 2"},{"type":"Synonym","title":"Kindaichi Case Files Returns"},{"type":"Synonym","title":"Kindaichi Case Files R 2"},{"type":"Synonym","title":"The File of Young Kindaichi Returns 2nd Season"},{"type":"Japanese","title":"\u91d1\u7530\u4e00\u5c11\u5e74\u306e\u4e8b\u4ef6\u7c3fR\u3010\u30ea\u30bf\u30fc\u30f3\u30ba\u3011"},{"type":"German","title":"The File of Young Kindaichi Returns Staffel 2"},{"type":"Spanish","title":"Kindaichi Shounen no Jikenbo Returns Temporada 2"},{"type":"French","title":"The File of Young Kindaichi Returns Saison 2"}],"title":"Kindaichi Shounen no Jikenbo Returns 2nd Season","title_english":null,"title_japanese":"\u91d1\u7530\u4e00\u5c11\u5e74\u306e\u4e8b\u4ef6\u7c3fR\u3010\u30ea\u30bf\u30fc\u30f3\u30ba\u3011","title_synonyms":["Kindaichi Shounen no Jikenbo R 2","Kindaichi Case Files Returns","Kindaichi Case Files R 2","The File of Young Kindaichi Returns 2nd Season"],"type":"TV","source":"Manga","episodes":22,"status":"Finished Airing","airing":false,"aired":{"from":"2015-10-03T00:00:00+00:00","to":"2016-03-26T00:00:00+00:00","prop":{"from":{"day":3,"month":10,"year":2015},"to":{"day":26,"month":3,"year":2016}},"string":"Oct 3, 2015 to Mar 26, 2016"},"duration":"24 min per ep","rating":"R - 17+ (violence & profanity)","score":7.65,"scored_by":4618,"rank":1300,"popularity":5884,"members":11347,"favorites":29,"synopsis":"Hajime Kindaichi once again becomes embroiled in solving baffling cases and deciphering puzzling crimes that would confound the most seasoned of detectives. Whether it's a gruesome murder and shady circumstances surrounding the Japanese board game Go; a perplexing and macabre case involving a mysterious character, \"Rosenkreutz,\" and blue roses; or blood curdling crimes associated with an urban legend at a winter ski resort \u2013 Hajime is out to crack them all!\n\n(Source: YTV)","background":null,"season":"fall","year":2015,"broadcast":{"day":"Saturdays","time":"17:30","timezone":"Asia\/Tokyo","string":"Saturdays at 17:30 (JST)"},"producers":[{"mal_id":76,"type":"anime","name":"Yomiuri Telecasting","url":"https:\/\/myanimelist.net\/anime\/producer\/76\/Yomiuri_Telecasting"}],"licensors":[],"studios":[{"mal_id":18,"type":"anime","name":"Toei Animation","url":"https:\/\/myanimelist.net\/anime\/producer\/18\/Toei_Animation"}],"genres":[{"mal_id":7,"type":"anime","name":"Mystery","url":"https:\/\/myanimelist.net\/anime\/genre\/7\/Mystery"}],"explicit_genres":[],"themes":[],"demographics":[{"mal_id":27,"type":"anime","name":"Shounen","url":"https:\/\/myanimelist.net\/anime\/genre\/27\/Shounen"}],"relations":[{"relation":"Adaptation","entry":[{"mal_id":17111,"type":"manga","name":"Kindaichi Shounen no Jikenbo - Short File Series","url":"https:\/\/myanimelist.net\/manga\/17111\/Kindaichi_Shounen_no_Jikenbo_-_Short_File_Series"},{"mal_id":17149,"type":"manga","name":"Kindaichi Shounen no Jikenbo: Case Series","url":"https:\/\/myanimelist.net\/manga\/17149\/Kindaichi_Shounen_no_Jikenbo__Case_Series"},{"mal_id":21307,"type":"manga","name":"Kindaichi Shounen no Jikenbo - Shin Series","url":"https:\/\/myanimelist.net\/manga\/21307\/Kindaichi_Shounen_no_Jikenbo_-_Shin_Series"},{"mal_id":69503,"type":"manga","name":"Kindaichi Shounen no Jikenbo Returns","url":"https:\/\/myanimelist.net\/manga\/69503\/Kindaichi_Shounen_no_Jikenbo_Returns"},{"mal_id":90585,"type":"manga","name":"Kindaichi Shounen no Jikenbo: 20-shuunen Kinen Series","url":"https:\/\/myanimelist.net\/manga\/90585\/Kindaichi_Shounen_no_Jikenbo__20-shuunen_Kinen_Series"}]},{"relation":"Prequel","entry":[{"mal_id":22817,"type":"anime","name":"Kindaichi Shounen no Jikenbo Returns","url":"https:\/\/myanimelist.net\/anime\/22817\/Kindaichi_Shounen_no_Jikenbo_Returns"}]},{"relation":"Side story","entry":[{"mal_id":32376,"type":"anime","name":"Kindaichi Shounen no Jikenbo Returns 2nd Season: Akechi Keibu no Jikenbo","url":"https:\/\/myanimelist.net\/anime\/32376\/Kindaichi_Shounen_no_Jikenbo_Returns_2nd_Season__Akechi_Keibu_no_Jikenbo"}]}],"theme":{"openings":["1: \"Yonjuushi (\u56db\u9283\u58eb)\" by NEWS (eps 1-13)","2: \"Tragedy\" by KAT-TUN (eps 14-22)"],"endings":["1: \"Hitomi no Oku no Milky Way (\u77b3\u306e\u5965\u306e\u9280\u6cb3\uff08\u30df\u30eb\u30ad\u30fc\u30a6\u30a7\u30a4\uff09)\" by Flower (eps 1-12)","2: \"Ketsui no Tsubasa (\u6c7a\u610f\u306e\u7ffc)\" by Rin Akatsuki (\u6681\u6708\u51db) (eps 13-22)"]},"external":[{"name":"Official Site","url":"http:\/\/www.toei-anim.co.jp\/tv\/kindaichi_r\/"},{"name":"AniDB","url":"https:\/\/anidb.net\/perl-bin\/animedb.pl?show=anime&aid=11367"},{"name":"ANN","url":"https:\/\/www.animenewsnetwork.com\/encyclopedia\/anime.php?id=17530"},{"name":"Wikipedia","url":"http:\/\/en.wikipedia.org\/wiki\/Kindaichi_Case_Files"}],"streaming":[]}}