{"data":{"mal_id":31389,"url":"https:\/\/myanimelist.net\/anime\/31389\/Fate_stay_night__Unlimited_Blade_Works_2nd_Season_-_Sunny_Day","images":{"jpg":{"image_url":"https:\/\/cdn.myanimelist.net\/images\/anime\/4\/75684.jpg","small_image_url":"https:\/\/cdn.myanimelist.net\/images\/anime\/4\/75684t.jpg","large_image_url":"https:\/\/cdn.myanimelist.net\/images\/anime\/4\/75684l.jpg"},"webp":{"image_url":"https:\/\/cdn.myanimelist.net\/images\/anime\/4\/75684.webp","small_image_url":"https:\/\/cdn.myanimelist.net\/images\/anime\/4\/75684t.webp","large_image_url":"https:\/\/cdn.myanimelist.net\/images\/anime\/4\/75684l.webp"}},"trailer":{"youtube_id":null,"url":null,"embed_url":null,"images":{"image_url":null,"small_image_url":null,"medium_image_url":null,"large_image_url":null,"maximum_image_url":null}},"approved":true,"titles":[{"type":"Default","title":"Fate\/stay night: Unlimited Blade Works 2nd Season - Sunny Day"},{"type":"Japanese","title":"Fate\/stay night [Unlimited Blade Works] \u65b0\u4f5c\u6620\u50cf\u300csunny day\u300d"},{"type":"English","title":"Fate\/stay night [Unlimited Blade Works] Season 2: Sunny Day"}],"title":"Fate\/stay night: Unlimited Blade Works 2nd Season - Sunny Day","title_english":"Fate\/stay night [Unlimited Blade Works] Season 2: Sunny Day","title_japanese":"Fate\/stay night [Unlimited Blade Works] \u65b0\u4f5c\u6620\u50cf\u300csunny day\u300d","title_synonyms":[],"type":"Special","source":"Visual novel","episodes":1,"status":"Finished Airing","airing":false,"aired":{"from":"2015-10-07T00:00:00+00:00","to":null,"prop":{"from":{"day":7,"month":10,"year":2015},"to":{"day":null,"month":null,"year":null}},"string":"Oct 7, 2015"},"duration":"9 min","rating":"PG-13 - Teens 13 or older","score":7.46,"scored_by":63841,"rank":1942,"popularity":1866,"members":111007,"favorites":220,"synopsis":"As the Fifth Holy Grail War reaches its conclusion, Saber repeats her final duty from the previous war in order to end the vicious cycle once and for all. With the decisive blow draining her remaining mana reserves, Saber's body begins to dissipate. She utters a tearful farewell\u2014but Rin Toosaka reaches out to her at the last moment. \n\nThe future has been changed, and a new beginning awaits.\n\n[Written by MAL Rewrite]","background":null,"season":null,"year":null,"broadcast":{"day":null,"time":null,"timezone":null,"string":null},"producers":[],"licensors":[{"mal_id":493,"type":"anime","name":"Aniplex of America","url":"https:\/\/myanimelist.net\/anime\/producer\/493\/Aniplex_of_America"}],"studios":[{"mal_id":43,"type":"anime","name":"ufotable","url":"https:\/\/myanimelist.net\/anime\/producer\/43\/ufotable"}],"genres":[{"mal_id":1,"type":"anime","name":"Action","url":"https:\/\/myanimelist.net\/anime\/genre\/1\/Action"},{"mal_id":10,"type":"anime","name":"Fantasy","url":"https:\/\/myanimelist.net\/anime\/genre\/10\/Fantasy"},{"mal_id":37,"type":"anime","name":"Supernatural","url":"https:\/\/myanimelist.net\/anime\/genre\/37\/Supernatural"}],"explicit_genres":[],"themes":[],"demographics":[],"relations":[{"relation":"Alternative version","entry":[{"mal_id":28701,"type":"anime","name":"Fate\/stay night: Unlimited Blade Works 2nd Season","url":"https:\/\/myanimelist.net\/anime\/28701\/Fate_stay_night__Unlimited_Blade_Works_2nd_Season"}]}],"theme":{"openings":[],"endings":["\"Madder Red Town 2012 (\u831c\u8272\u306e\u8857 2012)\" by KATE (Keita Haga)"]},"external":[{"name":"Official Site","url":"http:\/\/www.fate-sn.com\/bdbox\/"},{"name":"AniDB","url":"https:\/\/anidb.net\/perl-bin\/animedb.pl?show=anime&aid=10760"},{"name":"Wikipedia","url":"http:\/\/en.wikipedia.org\/wiki\/Fate\/stay_night#Anime"}],"streaming":[]}}