{"data":{"mal_id":31433,"url":"https:\/\/myanimelist.net\/anime\/31433\/Ginga_Eiyuu_Densetsu__Die_Neue_These_-_Kaikou","images":{"jpg":{"image_url":"https:\/\/cdn.myanimelist.net\/images\/anime\/1104\/91793.jpg","small_image_url":"https:\/\/cdn.myanimelist.net\/images\/anime\/1104\/91793t.jpg","large_image_url":"https:\/\/cdn.myanimelist.net\/images\/anime\/1104\/91793l.jpg"},"webp":{"image_url":"https:\/\/cdn.myanimelist.net\/images\/anime\/1104\/91793.webp","small_image_url":"https:\/\/cdn.myanimelist.net\/images\/anime\/1104\/91793t.webp","large_image_url":"https:\/\/cdn.myanimelist.net\/images\/anime\/1104\/91793l.webp"}},"trailer":{"youtube_id":"iSB_CX_fTwM","url":"https:\/\/www.youtube.com\/watch?v=iSB_CX_fTwM","embed_url":"https:\/\/www.youtube.com\/embed\/iSB_CX_fTwM?enablejsapi=1&wmode=opaque&autoplay=1","images":{"image_url":"https:\/\/img.youtube.com\/vi\/iSB_CX_fTwM\/default.jpg","small_image_url":"https:\/\/img.youtube.com\/vi\/iSB_CX_fTwM\/sddefault.jpg","medium_image_url":"https:\/\/img.youtube.com\/vi\/iSB_CX_fTwM\/mqdefault.jpg","large_image_url":"https:\/\/img.youtube.com\/vi\/iSB_CX_fTwM\/hqdefault.jpg","maximum_image_url":"https:\/\/img.youtube.com\/vi\/iSB_CX_fTwM\/maxresdefault.jpg"}},"approved":true,"titles":[{"type":"Default","title":"Ginga Eiyuu Densetsu: Die Neue These - Kaikou"},{"type":"Synonym","title":"The Legend of the Galactic Heroes: The New Thesis - Encounter"},{"type":"Synonym","title":"LotGH"},{"type":"Japanese","title":"\u9280\u6cb3\u82f1\u96c4\u4f1d\u8aac Die Neue These \u9082\u9005"},{"type":"English","title":"Legend of the Galactic Heroes: Die Neue These"},{"type":"German","title":"Legend of the Galactic Heroes: Die Neue These"},{"type":"Spanish","title":"La Leyenda de los H\u00e9roes de la Galaxia: La Nueva T\u00e9sis"},{"type":"French","title":"Les H\u00e9ros de la Galaxie: Die Neue These"}],"title":"Ginga Eiyuu Densetsu: Die Neue These - Kaikou","title_english":"Legend of the Galactic Heroes: Die Neue These","title_japanese":"\u9280\u6cb3\u82f1\u96c4\u4f1d\u8aac Die Neue These \u9082\u9005","title_synonyms":["The Legend of the Galactic Heroes: The New Thesis - Encounter","LotGH"],"type":"TV","source":"Novel","episodes":12,"status":"Finished Airing","airing":false,"aired":{"from":"2018-04-03T00:00:00+00:00","to":"2018-06-26T00:00:00+00:00","prop":{"from":{"day":3,"month":4,"year":2018},"to":{"day":26,"month":6,"year":2018}},"string":"Apr 3, 2018 to Jun 26, 2018"},"duration":"25 min per ep","rating":"R - 17+ (violence & profanity)","score":7.77,"scored_by":33914,"rank":1011,"popularity":2242,"members":83394,"favorites":566,"synopsis":"For over a century and a half, two interstellar states have wrested for control of the Milky Way. The Galactic Empire, an absolute monarchy ruled by Kaiser Friedrich IV and an entrenched nobility, seeks to suppress the rebels daring to oppose the inviolable crown. The Free Planets Alliance, a representative democracy led by a corrupt High Council, degenerates as its elected leaders\u2060 use war and conflict as a way to win popular support.\n\nBut this long-standing stalemate between the Empire and the Alliance ends with the rise of two opposing military geniuses. Reinhard von Lohengramm, a minor noble and High Admiral of the Empire through his strategic brilliance and his sister's position as the favored concubine of the Kaiser, dreams of conquering the galaxy and uniting mankind under his iron fist. Meanwhile, Yang Wen-li of the Alliance, an avid historian and reluctant commodore hailed as the Hero of El Facil, uses his tactical prowess to navigate around his leaders' incompetence\u2014and to carve the path to lasting peace. As the war rages on, Reinhard and Yang each strive for their ideals and to secure their place among the stars as the leaders of a new era of galactic heroes.\n\n[Written by MAL Rewrite]","background":null,"season":"spring","year":2018,"broadcast":{"day":"Tuesdays","time":"21:00","timezone":"Asia\/Tokyo","string":"Tuesdays at 21:00 (JST)"},"producers":[{"mal_id":109,"type":"anime","name":"Shochiku","url":"https:\/\/myanimelist.net\/anime\/producer\/109\/Shochiku"}],"licensors":[{"mal_id":102,"type":"anime","name":"Funimation","url":"https:\/\/myanimelist.net\/anime\/producer\/102\/Funimation"}],"studios":[{"mal_id":10,"type":"anime","name":"Production I.G","url":"https:\/\/myanimelist.net\/anime\/producer\/10\/Production_IG"}],"genres":[{"mal_id":8,"type":"anime","name":"Drama","url":"https:\/\/myanimelist.net\/anime\/genre\/8\/Drama"},{"mal_id":24,"type":"anime","name":"Sci-Fi","url":"https:\/\/myanimelist.net\/anime\/genre\/24\/Sci-Fi"}],"explicit_genres":[],"themes":[{"mal_id":50,"type":"anime","name":"Adult Cast","url":"https:\/\/myanimelist.net\/anime\/genre\/50\/Adult_Cast"},{"mal_id":38,"type":"anime","name":"Military","url":"https:\/\/myanimelist.net\/anime\/genre\/38\/Military"},{"mal_id":29,"type":"anime","name":"Space","url":"https:\/\/myanimelist.net\/anime\/genre\/29\/Space"}],"demographics":[],"relations":[{"relation":"Adaptation","entry":[{"mal_id":6978,"type":"manga","name":"Ginga Eiyuu Densetsu","url":"https:\/\/myanimelist.net\/manga\/6978\/Ginga_Eiyuu_Densetsu"}]},{"relation":"Alternative version","entry":[{"mal_id":820,"type":"anime","name":"Ginga Eiyuu Densetsu","url":"https:\/\/myanimelist.net\/anime\/820\/Ginga_Eiyuu_Densetsu"}]},{"relation":"Sequel","entry":[{"mal_id":36369,"type":"anime","name":"Ginga Eiyuu Densetsu: Die Neue These - Seiran 1","url":"https:\/\/myanimelist.net\/anime\/36369\/Ginga_Eiyuu_Densetsu__Die_Neue_These_-_Seiran_1"}]}],"theme":{"openings":["1: \"Binary Star\" by SawanoHiroyuki[nZk]:Uru","2: \"CRY\" by SawanoHiroyuki[nZk]:mizuki"],"endings":["\"WISH\" by ELISA"]},"external":[{"name":"Official Site","url":"http:\/\/www.gineiden-anime.com\/"},{"name":"AniDB","url":"https:\/\/anidb.net\/perl-bin\/animedb.pl?show=anime&aid=11495"},{"name":"ANN","url":"https:\/\/www.animenewsnetwork.com\/encyclopedia\/anime.php?id=20144"},{"name":"Wikipedia","url":"https:\/\/en.wikipedia.org\/wiki\/Legend_of_the_Galactic_Heroes"}],"streaming":[{"name":"Crunchyroll","url":"http:\/\/www.crunchyroll.com\/series-276011"},{"name":"Funimation","url":"https:\/\/www.funimation.com\/shows\/legend-of-the-galactic-heroes-die-neue-these"},{"name":"Netflix","url":"https:\/\/www.netflix.com\/"}]}}