{"data":{"mal_id":31758,"url":"https:\/\/myanimelist.net\/anime\/31758\/Kizumonogatari_III__Reiketsu-hen","images":{"jpg":{"image_url":"https:\/\/cdn.myanimelist.net\/images\/anime\/1084\/112813.jpg","small_image_url":"https:\/\/cdn.myanimelist.net\/images\/anime\/1084\/112813t.jpg","large_image_url":"https:\/\/cdn.myanimelist.net\/images\/anime\/1084\/112813l.jpg"},"webp":{"image_url":"https:\/\/cdn.myanimelist.net\/images\/anime\/1084\/112813.webp","small_image_url":"https:\/\/cdn.myanimelist.net\/images\/anime\/1084\/112813t.webp","large_image_url":"https:\/\/cdn.myanimelist.net\/images\/anime\/1084\/112813l.webp"}},"trailer":{"youtube_id":"4nTLr6Uf9Ug","url":"https:\/\/www.youtube.com\/watch?v=4nTLr6Uf9Ug","embed_url":"https:\/\/www.youtube.com\/embed\/4nTLr6Uf9Ug?enablejsapi=1&wmode=opaque&autoplay=1","images":{"image_url":"https:\/\/img.youtube.com\/vi\/4nTLr6Uf9Ug\/default.jpg","small_image_url":"https:\/\/img.youtube.com\/vi\/4nTLr6Uf9Ug\/sddefault.jpg","medium_image_url":"https:\/\/img.youtube.com\/vi\/4nTLr6Uf9Ug\/mqdefault.jpg","large_image_url":"https:\/\/img.youtube.com\/vi\/4nTLr6Uf9Ug\/hqdefault.jpg","maximum_image_url":"https:\/\/img.youtube.com\/vi\/4nTLr6Uf9Ug\/maxresdefault.jpg"}},"approved":true,"titles":[{"type":"Default","title":"Kizumonogatari III: Reiketsu-hen"},{"type":"Synonym","title":"Koyomi Vamp"},{"type":"Japanese","title":"\u50b7\u7269\u8a9e\u3008\u2162\u51b7\u8840\u7bc7\u3009"},{"type":"English","title":"Kizumonogatari Part 3: Cold-Blooded"},{"type":"German","title":"Kizumonogatari III: Reiketsuhen"},{"type":"French","title":"Kizumonogatari Partie 3: Sang Glacial"}],"title":"Kizumonogatari III: Reiketsu-hen","title_english":"Kizumonogatari Part 3: Cold-Blooded","title_japanese":"\u50b7\u7269\u8a9e\u3008\u2162\u51b7\u8840\u7bc7\u3009","title_synonyms":["Koyomi Vamp"],"type":"Movie","source":"Light novel","episodes":1,"status":"Finished Airing","airing":false,"aired":{"from":"2017-01-06T00:00:00+00:00","to":null,"prop":{"from":{"day":6,"month":1,"year":2017},"to":{"day":null,"month":null,"year":null}},"string":"Jan 6, 2017"},"duration":"1 hr 23 min","rating":"R - 17+ (violence & profanity)","score":8.79,"scored_by":261257,"rank":35,"popularity":481,"members":449457,"favorites":7341,"synopsis":"After helping revive the legendary vampire Kiss-shot Acerola-orion Heart-under-blade, Koyomi Araragi has become a vampire himself and her servant. Kiss-shot is certain she can turn him back into a human, but only once regaining her full power. \n\nAraragi has hunted down the three vampire hunters that defeated Kiss-shot and retrieved her limbs to return her to full strength. However, now that Araragi has almost accomplished what he\u2019s been fighting for this whole time, he has to consider if this is what he really wants. Once he revives this powerful immortal vampire, there is no telling what she might do, and there would be no way of stopping her.\n\nBut there is more to the story that Araragi doesn\u2019t understand. If a newborn vampire like him could defeat the hunters, how did they overpower Kiss-shot? Can he trust her to turn him back to a human? And how is that even possible in the first place?\n\nAraragi is at his limit but he must come to a decision, and it may not be possible to resolve this situation without doing something he\u2019ll regret\u2026\n\n[Written by MAL Rewrite]","background":"The Kizumonogatari movie trilogy adapts the third volume of NisiOisiN's Monogatari Series: First Season.","season":null,"year":null,"broadcast":{"day":null,"time":null,"timezone":null,"string":null},"producers":[{"mal_id":17,"type":"anime","name":"Aniplex","url":"https:\/\/myanimelist.net\/anime\/producer\/17\/Aniplex"},{"mal_id":159,"type":"anime","name":"Kodansha","url":"https:\/\/myanimelist.net\/anime\/producer\/159\/Kodansha"}],"licensors":[{"mal_id":493,"type":"anime","name":"Aniplex of America","url":"https:\/\/myanimelist.net\/anime\/producer\/493\/Aniplex_of_America"}],"studios":[{"mal_id":44,"type":"anime","name":"Shaft","url":"https:\/\/myanimelist.net\/anime\/producer\/44\/Shaft"}],"genres":[{"mal_id":1,"type":"anime","name":"Action","url":"https:\/\/myanimelist.net\/anime\/genre\/1\/Action"},{"mal_id":7,"type":"anime","name":"Mystery","url":"https:\/\/myanimelist.net\/anime\/genre\/7\/Mystery"},{"mal_id":37,"type":"anime","name":"Supernatural","url":"https:\/\/myanimelist.net\/anime\/genre\/37\/Supernatural"}],"explicit_genres":[],"themes":[{"mal_id":32,"type":"anime","name":"Vampire","url":"https:\/\/myanimelist.net\/anime\/genre\/32\/Vampire"}],"demographics":[],"relations":[{"relation":"Adaptation","entry":[{"mal_id":14893,"type":"manga","name":"Monogatari Series: First Season","url":"https:\/\/myanimelist.net\/manga\/14893\/Monogatari_Series__First_Season"}]},{"relation":"Sequel","entry":[{"mal_id":15689,"type":"anime","name":"Nekomonogatari: Kuro","url":"https:\/\/myanimelist.net\/anime\/15689\/Nekomonogatari__Kuro"}]},{"relation":"Prequel","entry":[{"mal_id":31757,"type":"anime","name":"Kizumonogatari II: Nekketsu-hen","url":"https:\/\/myanimelist.net\/anime\/31757\/Kizumonogatari_II__Nekketsu-hen"}]},{"relation":"Summary","entry":[{"mal_id":56609,"type":"anime","name":"Kizumonogatari: Koyomi Vamp","url":"https:\/\/myanimelist.net\/anime\/56609\/Kizumonogatari__Koyomi_Vamp"}]}],"theme":{"openings":[],"endings":["\"\u00e9toile et toi [\u00e9dition le blanc]\" by Cl\u00e9mentine & Ainhoa"]},"external":[{"name":"Official Site","url":"http:\/\/www.kizumonogatari-movie.com\/"},{"name":"AniDB","url":"https:\/\/anidb.net\/perl-bin\/animedb.pl?show=anime&aid=8357"},{"name":"ANN","url":"https:\/\/www.animenewsnetwork.com\/encyclopedia\/anime.php?id=18896"},{"name":"Wikipedia","url":"https:\/\/en.wikipedia.org\/wiki\/Kizumonogatari"},{"name":"Wikipedia","url":"https:\/\/ja.wikipedia.org\/wiki\/%E5%82%B7%E7%89%A9%E8%AA%9E"},{"name":"Syoboi","url":"https:\/\/cal.syoboi.jp\/tid\/4407"}],"streaming":[]}}