{"data":{"mal_id":31783,"url":"https:\/\/myanimelist.net\/anime\/31783\/Yowamushi_Pedal__New_Generation","images":{"jpg":{"image_url":"https:\/\/cdn.myanimelist.net\/images\/anime\/4\/83782.jpg","small_image_url":"https:\/\/cdn.myanimelist.net\/images\/anime\/4\/83782t.jpg","large_image_url":"https:\/\/cdn.myanimelist.net\/images\/anime\/4\/83782l.jpg"},"webp":{"image_url":"https:\/\/cdn.myanimelist.net\/images\/anime\/4\/83782.webp","small_image_url":"https:\/\/cdn.myanimelist.net\/images\/anime\/4\/83782t.webp","large_image_url":"https:\/\/cdn.myanimelist.net\/images\/anime\/4\/83782l.webp"}},"trailer":{"youtube_id":"CzDfdy5UzEw","url":"https:\/\/www.youtube.com\/watch?v=CzDfdy5UzEw","embed_url":"https:\/\/www.youtube.com\/embed\/CzDfdy5UzEw?enablejsapi=1&wmode=opaque&autoplay=1","images":{"image_url":"https:\/\/img.youtube.com\/vi\/CzDfdy5UzEw\/default.jpg","small_image_url":"https:\/\/img.youtube.com\/vi\/CzDfdy5UzEw\/sddefault.jpg","medium_image_url":"https:\/\/img.youtube.com\/vi\/CzDfdy5UzEw\/mqdefault.jpg","large_image_url":"https:\/\/img.youtube.com\/vi\/CzDfdy5UzEw\/hqdefault.jpg","maximum_image_url":"https:\/\/img.youtube.com\/vi\/CzDfdy5UzEw\/maxresdefault.jpg"}},"approved":true,"titles":[{"type":"Default","title":"Yowamushi Pedal: New Generation"},{"type":"Synonym","title":"Yowamushi Pedal 3rd Season"},{"type":"Synonym","title":"Yowapeda 3rd Season"},{"type":"Japanese","title":"\u5f31\u866b\u30da\u30c0\u30eb NEW GENERATION"},{"type":"German","title":"Yowamushi Pedal New Generation"},{"type":"French","title":"Yowamushi Pedal New Generation"}],"title":"Yowamushi Pedal: New Generation","title_english":null,"title_japanese":"\u5f31\u866b\u30da\u30c0\u30eb NEW GENERATION","title_synonyms":["Yowamushi Pedal 3rd Season","Yowapeda 3rd Season"],"type":"TV","source":"Manga","episodes":25,"status":"Finished Airing","airing":false,"aired":{"from":"2017-01-10T00:00:00+00:00","to":"2017-06-27T00:00:00+00:00","prop":{"from":{"day":10,"month":1,"year":2017},"to":{"day":27,"month":6,"year":2017}},"string":"Jan 10, 2017 to Jun 27, 2017"},"duration":"23 min per ep","rating":"PG-13 - Teens 13 or older","score":7.64,"scored_by":37969,"rank":1323,"popularity":2311,"members":79242,"favorites":121,"synopsis":"Third season of the Yowamushi Pedal series.\n\nWith the team's combined strength, the Sohoku High bicycle racing club beat reigning champions Hakone Academy at the Interhigh national race and achieved an impressive overall victory. Now that their hot summer has ended and third-years Kinjou, Makishima, and Tadokoro have retired from the team, first-year participants in the Interhigh Onoda Sakamichi, Imaizumi Shunsuke, and Naruko Shoukichi, along with their new captain second-year Teshima Junta and vice-captain Aoyagi Hajime begin preparing as a \"new team\" for their second consecutive championship at the next Interhigh. In order to retake their throne, their rivals Hakone Academy have also incorporated new members and begun training as a new team. Kyoto Fushimi High is lead by the monstrous racer Midousuji Akira. The nation's top schools are all honing their skills to reach the top of the Interhigh.\n\n(Source: Crunchyroll)","background":null,"season":"winter","year":2017,"broadcast":{"day":"Tuesdays","time":"01:35","timezone":"Asia\/Tokyo","string":"Tuesdays at 01:35 (JST)"},"producers":[{"mal_id":16,"type":"anime","name":"TV Tokyo","url":"https:\/\/myanimelist.net\/anime\/producer\/16\/TV_Tokyo"},{"mal_id":62,"type":"anime","name":"Shogakukan-Shueisha Productions","url":"https:\/\/myanimelist.net\/anime\/producer\/62\/Shogakukan-Shueisha_Productions"},{"mal_id":1143,"type":"anime","name":"TOHO animation","url":"https:\/\/myanimelist.net\/anime\/producer\/1143\/TOHO_animation"},{"mal_id":1373,"type":"anime","name":"Akita Shoten","url":"https:\/\/myanimelist.net\/anime\/producer\/1373\/Akita_Shoten"}],"licensors":[{"mal_id":467,"type":"anime","name":"Discotek Media","url":"https:\/\/myanimelist.net\/anime\/producer\/467\/Discotek_Media"}],"studios":[{"mal_id":73,"type":"anime","name":"TMS Entertainment","url":"https:\/\/myanimelist.net\/anime\/producer\/73\/TMS_Entertainment"}],"genres":[{"mal_id":30,"type":"anime","name":"Sports","url":"https:\/\/myanimelist.net\/anime\/genre\/30\/Sports"}],"explicit_genres":[],"themes":[{"mal_id":3,"type":"anime","name":"Racing","url":"https:\/\/myanimelist.net\/anime\/genre\/3\/Racing"}],"demographics":[{"mal_id":27,"type":"anime","name":"Shounen","url":"https:\/\/myanimelist.net\/anime\/genre\/27\/Shounen"}],"relations":[{"relation":"Adaptation","entry":[{"mal_id":23627,"type":"manga","name":"Yowamushi Pedal","url":"https:\/\/myanimelist.net\/manga\/23627\/Yowamushi_Pedal"}]},{"relation":"Prequel","entry":[{"mal_id":24277,"type":"anime","name":"Yowamushi Pedal: Grande Road","url":"https:\/\/myanimelist.net\/anime\/24277\/Yowamushi_Pedal__Grande_Road"},{"mal_id":30413,"type":"anime","name":"Yowamushi Pedal Movie","url":"https:\/\/myanimelist.net\/anime\/30413\/Yowamushi_Pedal_Movie"}]},{"relation":"Sequel","entry":[{"mal_id":35789,"type":"anime","name":"Yowamushi Pedal: Glory Line","url":"https:\/\/myanimelist.net\/anime\/35789\/Yowamushi_Pedal__Glory_Line"}]},{"relation":"Summary","entry":[{"mal_id":35880,"type":"anime","name":"Yowamushi Pedal: Re:Generation","url":"https:\/\/myanimelist.net\/anime\/35880\/Yowamushi_Pedal__Re_Generation"}]}],"theme":{"openings":["1: \"Cadence (\u30b1\u30a4\u30c7\u30f3\u30b9)\" by Takaaki Natsushiro (\u590f\u4ee3\u5b5d\u660e) (eps 1-12)","2: \"Transit (\u30c8\u30e9\u30f3\u30b8\u30c3\u30c8)\" by Takaaki Natsushiro (\u590f\u4ee3\u5b5d\u660e) (eps 13-)"],"endings":["1: \"Now or Never (\u30ca\u30a6\u30aa\u30a2\u30cd\u30d0\u30fc)\" by YouthK Saeki (\u4f50\u4f2f\u30e6\u30a6\u30b9\u30b1) (eps 1-12)","2: \"Takai Tokoro (\u30bf\u30ab\u30a4\u30c8\u30b3\u30ed)\" by YouthK Saeki (\u4f50\u4f2f\u30e6\u30a6\u30b9\u30b1) (eps 13-)"]},"external":[{"name":"Official Site","url":"http:\/\/www.yowapeda.com\/"},{"name":"AniDB","url":"https:\/\/anidb.net\/perl-bin\/animedb.pl?show=anime&aid=11689"},{"name":"ANN","url":"https:\/\/www.animenewsnetwork.com\/encyclopedia\/anime.php?id=17705"}],"streaming":[{"name":"Crunchyroll","url":"http:\/\/www.crunchyroll.com\/series-272193"}]}}