{"data":{"mal_id":31931,"url":"https:\/\/myanimelist.net\/anime\/31931\/Full_Metal_Panic_Invisible_Victory","images":{"jpg":{"image_url":"https:\/\/cdn.myanimelist.net\/images\/anime\/1033\/92011.jpg","small_image_url":"https:\/\/cdn.myanimelist.net\/images\/anime\/1033\/92011t.jpg","large_image_url":"https:\/\/cdn.myanimelist.net\/images\/anime\/1033\/92011l.jpg"},"webp":{"image_url":"https:\/\/cdn.myanimelist.net\/images\/anime\/1033\/92011.webp","small_image_url":"https:\/\/cdn.myanimelist.net\/images\/anime\/1033\/92011t.webp","large_image_url":"https:\/\/cdn.myanimelist.net\/images\/anime\/1033\/92011l.webp"}},"trailer":{"youtube_id":"IoY2RXjESV0","url":"https:\/\/www.youtube.com\/watch?v=IoY2RXjESV0","embed_url":"https:\/\/www.youtube.com\/embed\/IoY2RXjESV0?enablejsapi=1&wmode=opaque&autoplay=1","images":{"image_url":"https:\/\/img.youtube.com\/vi\/IoY2RXjESV0\/default.jpg","small_image_url":"https:\/\/img.youtube.com\/vi\/IoY2RXjESV0\/sddefault.jpg","medium_image_url":"https:\/\/img.youtube.com\/vi\/IoY2RXjESV0\/mqdefault.jpg","large_image_url":"https:\/\/img.youtube.com\/vi\/IoY2RXjESV0\/hqdefault.jpg","maximum_image_url":"https:\/\/img.youtube.com\/vi\/IoY2RXjESV0\/maxresdefault.jpg"}},"approved":true,"titles":[{"type":"Default","title":"Full Metal Panic! Invisible Victory"},{"type":"Synonym","title":"Full Metal Panic! IV"},{"type":"Japanese","title":"\u30d5\u30eb\u30e1\u30bf\u30eb\u30fb\u30d1\u30cb\u30c3\u30af\uff01Invisible Victory"},{"type":"English","title":"Full Metal Panic! Invisible Victory"}],"title":"Full Metal Panic! Invisible Victory","title_english":"Full Metal Panic! Invisible Victory","title_japanese":"\u30d5\u30eb\u30e1\u30bf\u30eb\u30fb\u30d1\u30cb\u30c3\u30af\uff01Invisible Victory","title_synonyms":["Full Metal Panic! IV"],"type":"TV","source":"Light novel","episodes":12,"status":"Finished Airing","airing":false,"aired":{"from":"2018-04-13T00:00:00+00:00","to":"2018-07-18T00:00:00+00:00","prop":{"from":{"day":13,"month":4,"year":2018},"to":{"day":18,"month":7,"year":2018}},"string":"Apr 13, 2018 to Jul 18, 2018"},"duration":"24 min per ep","rating":"R - 17+ (violence & profanity)","score":7.58,"scored_by":37285,"rank":1506,"popularity":2045,"members":96808,"favorites":275,"synopsis":"The boisterous student Kaname Chidori and soldier Sousuke Sagara are enjoying a blissful high school life. However, their peaceful days are disrupted by the threatening terrorist organization Amalgam. Leonard Testarossa, a member of the organization who possesses \"Whispered,\" seeks to procure Kaname and her knowledge. \n\nKaname and Sousuke's battle against Amalgam starts right in their own neighborhood, which eventually takes them on a hunt around the world. From the exotic lands of Laos to the barren Mexican coast, Sousuke must gather intelligence to bring down Amalgam. Meanwhile, Kaname's abilities grow, but so does her frustration as her resolve withers. Caught up in an intense game of hide and seek, as well as strategic plots, the pair try to connect and push beyond their own limits. \n\n[Written by MAL Rewrite]","background":null,"season":"spring","year":2018,"broadcast":{"day":"Fridays","time":"20:30","timezone":"Asia\/Tokyo","string":"Fridays at 20:30 (JST)"},"producers":[{"mal_id":113,"type":"anime","name":"Kadokawa Shoten","url":"https:\/\/myanimelist.net\/anime\/producer\/113\/Kadokawa_Shoten"},{"mal_id":238,"type":"anime","name":"AT-X","url":"https:\/\/myanimelist.net\/anime\/producer\/238\/AT-X"},{"mal_id":460,"type":"anime","name":"KlockWorx","url":"https:\/\/myanimelist.net\/anime\/producer\/460\/KlockWorx"},{"mal_id":647,"type":"anime","name":"Memory-Tech","url":"https:\/\/myanimelist.net\/anime\/producer\/647\/Memory-Tech"},{"mal_id":1211,"type":"anime","name":"Tokyo MX","url":"https:\/\/myanimelist.net\/anime\/producer\/1211\/Tokyo_MX"},{"mal_id":1233,"type":"anime","name":"Bandai Namco Entertainment","url":"https:\/\/myanimelist.net\/anime\/producer\/1233\/Bandai_Namco_Entertainment"},{"mal_id":1563,"type":"anime","name":"Hakuhodo","url":"https:\/\/myanimelist.net\/anime\/producer\/1563\/Hakuhodo"},{"mal_id":1840,"type":"anime","name":"Bandai Namco Arts","url":"https:\/\/myanimelist.net\/anime\/producer\/1840\/Bandai_Namco_Arts"}],"licensors":[{"mal_id":102,"type":"anime","name":"Funimation","url":"https:\/\/myanimelist.net\/anime\/producer\/102\/Funimation"}],"studios":[{"mal_id":27,"type":"anime","name":"Xebec","url":"https:\/\/myanimelist.net\/anime\/producer\/27\/Xebec"}],"genres":[{"mal_id":1,"type":"anime","name":"Action","url":"https:\/\/myanimelist.net\/anime\/genre\/1\/Action"}],"explicit_genres":[],"themes":[{"mal_id":18,"type":"anime","name":"Mecha","url":"https:\/\/myanimelist.net\/anime\/genre\/18\/Mecha"},{"mal_id":38,"type":"anime","name":"Military","url":"https:\/\/myanimelist.net\/anime\/genre\/38\/Military"}],"demographics":[],"relations":[{"relation":"Adaptation","entry":[{"mal_id":10892,"type":"manga","name":"Full Metal Panic!","url":"https:\/\/myanimelist.net\/manga\/10892\/Full_Metal_Panic"}]},{"relation":"Prequel","entry":[{"mal_id":73,"type":"anime","name":"Full Metal Panic! The Second Raid","url":"https:\/\/myanimelist.net\/anime\/73\/Full_Metal_Panic_The_Second_Raid"}]},{"relation":"Summary","entry":[{"mal_id":38149,"type":"anime","name":"Full Metal Panic! Invisible Victory Intermission","url":"https:\/\/myanimelist.net\/anime\/38149\/Full_Metal_Panic_Invisible_Victory_Intermission"}]}],"theme":{"openings":["1: \"Even...if\" by Tamaru Yamada (eps 2-3)","2: \"Even...if (English Ver.)\" by Tamaru Yamada (eps 5-7, 9-12)"],"endings":["1: \"yes\" by Tamaru Yamada (eps 2-4)","2: \"yes (English Ver.)\" by Tamaru Yamada (eps 6-7, 9-11)","3: \"Remained dream\" by Minori Chihara (eps 8)","4: \"Tomorrow\" by Mikuni Shimokawa (eps 12)"]},"external":[{"name":"Official Site","url":"http:\/\/fullmeta-iv.com\/"},{"name":"AniDB","url":"https:\/\/anidb.net\/perl-bin\/animedb.pl?show=anime&aid=11731"},{"name":"ANN","url":"https:\/\/www.animenewsnetwork.com\/encyclopedia\/anime.php?id=18796"},{"name":"Wikipedia","url":"https:\/\/en.wikipedia.org\/wiki\/Full_Metal_Panic!"}],"streaming":[{"name":"Crunchyroll","url":"http:\/\/www.crunchyroll.com\/series-276171"}]}}