{"data":{"mal_id":31973,"url":"https:\/\/myanimelist.net\/anime\/31973\/Kidou_Senshi_Gundam_Thunderbolt","images":{"jpg":{"image_url":"https:\/\/cdn.myanimelist.net\/images\/anime\/3\/77176.jpg","small_image_url":"https:\/\/cdn.myanimelist.net\/images\/anime\/3\/77176t.jpg","large_image_url":"https:\/\/cdn.myanimelist.net\/images\/anime\/3\/77176l.jpg"},"webp":{"image_url":"https:\/\/cdn.myanimelist.net\/images\/anime\/3\/77176.webp","small_image_url":"https:\/\/cdn.myanimelist.net\/images\/anime\/3\/77176t.webp","large_image_url":"https:\/\/cdn.myanimelist.net\/images\/anime\/3\/77176l.webp"}},"trailer":{"youtube_id":"G50M8inwZdA","url":"https:\/\/www.youtube.com\/watch?v=G50M8inwZdA","embed_url":"https:\/\/www.youtube.com\/embed\/G50M8inwZdA?enablejsapi=1&wmode=opaque&autoplay=1","images":{"image_url":"https:\/\/img.youtube.com\/vi\/G50M8inwZdA\/default.jpg","small_image_url":"https:\/\/img.youtube.com\/vi\/G50M8inwZdA\/sddefault.jpg","medium_image_url":"https:\/\/img.youtube.com\/vi\/G50M8inwZdA\/mqdefault.jpg","large_image_url":"https:\/\/img.youtube.com\/vi\/G50M8inwZdA\/hqdefault.jpg","maximum_image_url":"https:\/\/img.youtube.com\/vi\/G50M8inwZdA\/maxresdefault.jpg"}},"approved":true,"titles":[{"type":"Default","title":"Kidou Senshi Gundam Thunderbolt"},{"type":"Japanese","title":"\u6a5f\u52d5\u6226\u58eb\u30ac\u30f3\u30c0\u30e0 \u30b5\u30f3\u30c0\u30fc\u30dc\u30eb\u30c8"},{"type":"English","title":"Mobile Suit Gundam Thunderbolt"},{"type":"French","title":"Mobile Suit Gundam Thunderbolt: December Sky"}],"title":"Kidou Senshi Gundam Thunderbolt","title_english":"Mobile Suit Gundam Thunderbolt","title_japanese":"\u6a5f\u52d5\u6226\u58eb\u30ac\u30f3\u30c0\u30e0 \u30b5\u30f3\u30c0\u30fc\u30dc\u30eb\u30c8","title_synonyms":[],"type":"ONA","source":"Manga","episodes":4,"status":"Finished Airing","airing":false,"aired":{"from":"2015-12-25T00:00:00+00:00","to":"2016-04-22T00:00:00+00:00","prop":{"from":{"day":25,"month":12,"year":2015},"to":{"day":22,"month":4,"year":2016}},"string":"Dec 25, 2015 to Apr 22, 2016"},"duration":"18 min per ep","rating":"R - 17+ (violence & profanity)","score":7.94,"scored_by":27269,"rank":684,"popularity":2866,"members":54675,"favorites":392,"synopsis":"In Universal Century 0079, forces of the Earth Federation and Principality of Zeon engage in a battle within the Thunderbolt Sector during the One Year War. This section of space\u2014known for its constant strikes of electricity\u2014proves to be a deadly battlefield, as Federation pilot Io Fleming leads a charge against Zeon's ace Daryl Lorenz and his squad of snipers. With the fighters on both sides proving to be formidable soldiers, neither side is willing to back down, fighting strategically amongst the remnants of colonies.\n\nBut when Io gets a hold of a prototype Gundam, Daryl will have to make a sacrifice in order to obtain enough power to crush his enemy and ensure that Zeon is victorious, or watch as his comrades are slaughtered by a single man.\n\n[Written by MAL Rewrite]","background":null,"season":null,"year":null,"broadcast":{"day":null,"time":null,"timezone":null,"string":null},"producers":[],"licensors":[],"studios":[{"mal_id":14,"type":"anime","name":"Sunrise","url":"https:\/\/myanimelist.net\/anime\/producer\/14\/Sunrise"}],"genres":[{"mal_id":1,"type":"anime","name":"Action","url":"https:\/\/myanimelist.net\/anime\/genre\/1\/Action"},{"mal_id":8,"type":"anime","name":"Drama","url":"https:\/\/myanimelist.net\/anime\/genre\/8\/Drama"},{"mal_id":24,"type":"anime","name":"Sci-Fi","url":"https:\/\/myanimelist.net\/anime\/genre\/24\/Sci-Fi"}],"explicit_genres":[],"themes":[{"mal_id":18,"type":"anime","name":"Mecha","url":"https:\/\/myanimelist.net\/anime\/genre\/18\/Mecha"},{"mal_id":38,"type":"anime","name":"Military","url":"https:\/\/myanimelist.net\/anime\/genre\/38\/Military"},{"mal_id":29,"type":"anime","name":"Space","url":"https:\/\/myanimelist.net\/anime\/genre\/29\/Space"}],"demographics":[],"relations":[{"relation":"Adaptation","entry":[{"mal_id":37683,"type":"manga","name":"Kidou Senshi Gundam Thunderbolt","url":"https:\/\/myanimelist.net\/manga\/37683\/Kidou_Senshi_Gundam_Thunderbolt"}]},{"relation":"Parent story","entry":[{"mal_id":80,"type":"anime","name":"Kidou Senshi Gundam","url":"https:\/\/myanimelist.net\/anime\/80\/Kidou_Senshi_Gundam"}]},{"relation":"Alternative version","entry":[{"mal_id":33221,"type":"anime","name":"Kidou Senshi Gundam Thunderbolt: December Sky","url":"https:\/\/myanimelist.net\/anime\/33221\/Kidou_Senshi_Gundam_Thunderbolt__December_Sky"}]},{"relation":"Sequel","entry":[{"mal_id":34391,"type":"anime","name":"Kidou Senshi Gundam Thunderbolt 2nd Season","url":"https:\/\/myanimelist.net\/anime\/34391\/Kidou_Senshi_Gundam_Thunderbolt_2nd_Season"}]}],"theme":{"openings":[],"endings":["1: \"Shiroi Heya: White Day in the Blue (\u767d\u3044\u90e8\u5c4b~White day in the blue~)\" by Geila Zilkha (eps 1)","2: \"Onnanoko ni Modoru Toki: The Dreaming Girl in Me (\u5973\u306e\u5b50\u306b\u623b\u308b\u3068\u304d~The dreaming girl in me~)\" by Sakamoto Yoshie (eps 2)","3: \"Anata no Oaite: I'm Your Baby (\u3042\u306a\u305f\u306e\u304a\u76f8\u624b~I'm your baby~)\" by Ichikawa Ai (eps 3)","4: \"Thunderbolt Main Theme-you (\u30b5\u30f3\u30c0\u30fc\u30dc\u30eb\u30c8\u30fb\u30e1\u30a4\u30f3\u30c6\u30fc\u30de\u7528)\" by Kikuchi Naruyoshi (eps 4)"]},"external":[{"name":"Official Site","url":"http:\/\/www.gundam-tb.net\/"},{"name":"AniDB","url":"https:\/\/anidb.net\/perl-bin\/animedb.pl?show=anime&aid=11740"},{"name":"ANN","url":"https:\/\/www.animenewsnetwork.com\/encyclopedia\/anime.php?id=17825"},{"name":"Wikipedia","url":"http:\/\/en.wikipedia.org\/wiki\/Mobile_Suit_Gundam_Thunderbolt"}],"streaming":[]}}