{"data":{"mal_id":32026,"url":"https:\/\/myanimelist.net\/anime\/32026\/Osomatsu-san_Special","images":{"jpg":{"image_url":"https:\/\/cdn.myanimelist.net\/images\/anime\/11\/77727.jpg","small_image_url":"https:\/\/cdn.myanimelist.net\/images\/anime\/11\/77727t.jpg","large_image_url":"https:\/\/cdn.myanimelist.net\/images\/anime\/11\/77727l.jpg"},"webp":{"image_url":"https:\/\/cdn.myanimelist.net\/images\/anime\/11\/77727.webp","small_image_url":"https:\/\/cdn.myanimelist.net\/images\/anime\/11\/77727t.webp","large_image_url":"https:\/\/cdn.myanimelist.net\/images\/anime\/11\/77727l.webp"}},"trailer":{"youtube_id":null,"url":null,"embed_url":null,"images":{"image_url":null,"small_image_url":null,"medium_image_url":null,"large_image_url":null,"maximum_image_url":null}},"approved":true,"titles":[{"type":"Default","title":"Osomatsu-san Special"},{"type":"Synonym","title":"Osomatsu-san Episode 3.5"},{"type":"Synonym","title":"Mr. Osomatsu Special"},{"type":"Japanese","title":"\u304a\u305d\u677e\u3055\u3093"},{"type":"English","title":"Mr. Osomatsu Episode 3.5: Virgin Heroes"}],"title":"Osomatsu-san Special","title_english":"Mr. Osomatsu Episode 3.5: Virgin Heroes","title_japanese":"\u304a\u305d\u677e\u3055\u3093","title_synonyms":["Osomatsu-san Episode 3.5","Mr. Osomatsu Special"],"type":"Special","source":"Manga","episodes":1,"status":"Finished Airing","airing":false,"aired":{"from":"2016-01-29T00:00:00+00:00","to":null,"prop":{"from":{"day":29,"month":1,"year":2016},"to":{"day":null,"month":null,"year":null}},"string":"Jan 29, 2016"},"duration":"21 min","rating":"PG-13 - Teens 13 or older","score":7.39,"scored_by":5812,"rank":2216,"popularity":5810,"members":11678,"favorites":5,"synopsis":"The 1st BD &amp; DVD volume of Osomatsu-san will have a new episode, replacing episode 1 of the original series which was removed due to the fact that it contained multiple parodies. It has been pulled entirely from streaming sites and the Japanese Blu-Ray release. This replacement episode is sometimes numbered \"episode 3.5\" as listed on the home-media release, as it's chronologically placed after episode 3 (originally TV episode 4).","background":null,"season":null,"year":null,"broadcast":{"day":null,"time":null,"timezone":null,"string":null},"producers":[{"mal_id":1284,"type":"anime","name":"Avex Pictures","url":"https:\/\/myanimelist.net\/anime\/producer\/1284\/Avex_Pictures"}],"licensors":[],"studios":[{"mal_id":1,"type":"anime","name":"Pierrot","url":"https:\/\/myanimelist.net\/anime\/producer\/1\/Pierrot"}],"genres":[{"mal_id":4,"type":"anime","name":"Comedy","url":"https:\/\/myanimelist.net\/anime\/genre\/4\/Comedy"}],"explicit_genres":[],"themes":[{"mal_id":57,"type":"anime","name":"Gag Humor","url":"https:\/\/myanimelist.net\/anime\/genre\/57\/Gag_Humor"},{"mal_id":20,"type":"anime","name":"Parody","url":"https:\/\/myanimelist.net\/anime\/genre\/20\/Parody"}],"demographics":[],"relations":[{"relation":"Parent story","entry":[{"mal_id":31174,"type":"anime","name":"Osomatsu-san","url":"https:\/\/myanimelist.net\/anime\/31174\/Osomatsu-san"}]}],"theme":{"openings":["\"Hanamaru Pippi wa Yoiko dake (\u306f\u306a\u307e\u308b\u3074\u3063\u3074\u306f\u3088\u3044\u3053\u3060\u3051)\" by AOP"],"endings":["\"SIX SAME FACES ~Konya wa Saikou!!!!!!~ (SIX SAME FACES \uff5e\u4eca\u591c\u306f\u6700\u9ad8!!!!!!\uff5e)\" by VOICE by Iyami feat. Osomatsu x Karamatsu x Choromatsu x Ichimatsu x Juushimatsu x Todomatsu","(Kenichi Suzumura, Takahiro Sakurai, Yuuichi Nakamura, Hiroshi Kamiya, Jun Fukuyama, Daisuke Ono, Miyu Irino)"]},"external":[{"name":"Official Site","url":"http:\/\/osomatsusan.com\/"}],"streaming":[]}}