{"data":{"mal_id":32071,"url":"https:\/\/myanimelist.net\/anime\/32071\/Gantz_O","images":{"jpg":{"image_url":"https:\/\/cdn.myanimelist.net\/images\/anime\/7\/81255.jpg","small_image_url":"https:\/\/cdn.myanimelist.net\/images\/anime\/7\/81255t.jpg","large_image_url":"https:\/\/cdn.myanimelist.net\/images\/anime\/7\/81255l.jpg"},"webp":{"image_url":"https:\/\/cdn.myanimelist.net\/images\/anime\/7\/81255.webp","small_image_url":"https:\/\/cdn.myanimelist.net\/images\/anime\/7\/81255t.webp","large_image_url":"https:\/\/cdn.myanimelist.net\/images\/anime\/7\/81255l.webp"}},"trailer":{"youtube_id":"1KDw481sojY","url":"https:\/\/www.youtube.com\/watch?v=1KDw481sojY","embed_url":"https:\/\/www.youtube.com\/embed\/1KDw481sojY?enablejsapi=1&wmode=opaque&autoplay=1","images":{"image_url":"https:\/\/img.youtube.com\/vi\/1KDw481sojY\/default.jpg","small_image_url":"https:\/\/img.youtube.com\/vi\/1KDw481sojY\/sddefault.jpg","medium_image_url":"https:\/\/img.youtube.com\/vi\/1KDw481sojY\/mqdefault.jpg","large_image_url":"https:\/\/img.youtube.com\/vi\/1KDw481sojY\/hqdefault.jpg","maximum_image_url":"https:\/\/img.youtube.com\/vi\/1KDw481sojY\/maxresdefault.jpg"}},"approved":true,"titles":[{"type":"Default","title":"Gantz:O"},{"type":"Synonym","title":"Gantz Movie"},{"type":"Japanese","title":"GANTZ:O"}],"title":"Gantz:O","title_english":null,"title_japanese":"GANTZ:O","title_synonyms":["Gantz Movie"],"type":"Movie","source":"Manga","episodes":1,"status":"Finished Airing","airing":false,"aired":{"from":"2016-10-14T00:00:00+00:00","to":null,"prop":{"from":{"day":14,"month":10,"year":2016},"to":{"day":null,"month":null,"year":null}},"string":"Oct 14, 2016"},"duration":"1 hr 35 min","rating":"R+ - Mild Nudity","score":7.41,"scored_by":59427,"rank":2130,"popularity":2030,"members":97825,"favorites":342,"synopsis":"Death does not have to be the end; one can live again, but only through beating the game posed by the black ball called Gantz.\n \nOn his way home to celebrate his younger brother's birthday, brave and kind-hearted student named Masaru Katou is stabbed to death. He awakes in a small room with a cityscape view in the heart of Tokyo\u2014and he is not alone. To his surprise, it is not the afterlife, but the waiting room for a high stakes game with their lives on the line. Before he has the chance to process the situation, Masaru is handed a gun and teleported into the center of Osaka to carry out one simple task: eliminate any alien on sight.\n \nAccompanied by the aged Yoshikazu Suzuki, the stunning idol Reika Shimohira, and the cold but experienced Jouichirou Nishi, Masaru must overcome his fears in order to survive the game and return home to his waiting brother.\n \n[Written by MAL Rewrite]","background":null,"season":null,"year":null,"broadcast":{"day":null,"time":null,"timezone":null,"string":null},"producers":[{"mal_id":53,"type":"anime","name":"Dentsu","url":"https:\/\/myanimelist.net\/anime\/producer\/53\/Dentsu"},{"mal_id":245,"type":"anime","name":"TOHO","url":"https:\/\/myanimelist.net\/anime\/producer\/245\/TOHO"},{"mal_id":1309,"type":"anime","name":"Lawson HMV Entertainment","url":"https:\/\/myanimelist.net\/anime\/producer\/1309\/Lawson_HMV_Entertainment"},{"mal_id":1344,"type":"anime","name":"King Records","url":"https:\/\/myanimelist.net\/anime\/producer\/1344\/King_Records"},{"mal_id":1358,"type":"anime","name":"Fields","url":"https:\/\/myanimelist.net\/anime\/producer\/1358\/Fields"},{"mal_id":1411,"type":"anime","name":"Kyoraku Industrial Holdings","url":"https:\/\/myanimelist.net\/anime\/producer\/1411\/Kyoraku_Industrial_Holdings"},{"mal_id":1517,"type":"anime","name":"Jinnan Studio","url":"https:\/\/myanimelist.net\/anime\/producer\/1517\/Jinnan_Studio"}],"licensors":[],"studios":[{"mal_id":486,"type":"anime","name":"Digital Frontier","url":"https:\/\/myanimelist.net\/anime\/producer\/486\/Digital_Frontier"}],"genres":[{"mal_id":1,"type":"anime","name":"Action","url":"https:\/\/myanimelist.net\/anime\/genre\/1\/Action"},{"mal_id":8,"type":"anime","name":"Drama","url":"https:\/\/myanimelist.net\/anime\/genre\/8\/Drama"},{"mal_id":14,"type":"anime","name":"Horror","url":"https:\/\/myanimelist.net\/anime\/genre\/14\/Horror"},{"mal_id":24,"type":"anime","name":"Sci-Fi","url":"https:\/\/myanimelist.net\/anime\/genre\/24\/Sci-Fi"}],"explicit_genres":[],"themes":[{"mal_id":58,"type":"anime","name":"Gore","url":"https:\/\/myanimelist.net\/anime\/genre\/58\/Gore"},{"mal_id":59,"type":"anime","name":"High Stakes Game","url":"https:\/\/myanimelist.net\/anime\/genre\/59\/High_Stakes_Game"},{"mal_id":40,"type":"anime","name":"Psychological","url":"https:\/\/myanimelist.net\/anime\/genre\/40\/Psychological"},{"mal_id":76,"type":"anime","name":"Survival","url":"https:\/\/myanimelist.net\/anime\/genre\/76\/Survival"}],"demographics":[{"mal_id":42,"type":"anime","name":"Seinen","url":"https:\/\/myanimelist.net\/anime\/genre\/42\/Seinen"}],"relations":[{"relation":"Adaptation","entry":[{"mal_id":564,"type":"manga","name":"Gantz","url":"https:\/\/myanimelist.net\/manga\/564\/Gantz"}]},{"relation":"Other","entry":[{"mal_id":384,"type":"anime","name":"Gantz","url":"https:\/\/myanimelist.net\/anime\/384\/Gantz"},{"mal_id":395,"type":"anime","name":"Gantz 2nd Stage","url":"https:\/\/myanimelist.net\/anime\/395\/Gantz_2nd_Stage"}]}],"theme":{"openings":[],"endings":["\"Ningen Video (\u4eba\u9593\u30d3\u30c7\u30aa)\" by The Dresscodes (\u30c9\u30ec\u30b9\u30b3\u30fc\u30ba)"]},"external":[{"name":"Official Site","url":"http:\/\/gantzo.jp\/"},{"name":"AniDB","url":"https:\/\/anidb.net\/perl-bin\/animedb.pl?show=anime&aid=11778"},{"name":"ANN","url":"https:\/\/www.animenewsnetwork.com\/encyclopedia\/anime.php?id=18277"},{"name":"Wikipedia","url":"https:\/\/ja.wikipedia.org\/wiki\/GANTZ"}],"streaming":[{"name":"Netflix","url":"https:\/\/www.netflix.com\/"}]}}