{"data":{"mal_id":322,"url":"https:\/\/myanimelist.net\/anime\/322\/Paradise_Kiss","images":{"jpg":{"image_url":"https:\/\/cdn.myanimelist.net\/images\/anime\/7\/80636.jpg","small_image_url":"https:\/\/cdn.myanimelist.net\/images\/anime\/7\/80636t.jpg","large_image_url":"https:\/\/cdn.myanimelist.net\/images\/anime\/7\/80636l.jpg"},"webp":{"image_url":"https:\/\/cdn.myanimelist.net\/images\/anime\/7\/80636.webp","small_image_url":"https:\/\/cdn.myanimelist.net\/images\/anime\/7\/80636t.webp","large_image_url":"https:\/\/cdn.myanimelist.net\/images\/anime\/7\/80636l.webp"}},"trailer":{"youtube_id":"btG48UGYVLM","url":"https:\/\/www.youtube.com\/watch?v=btG48UGYVLM","embed_url":"https:\/\/www.youtube.com\/embed\/btG48UGYVLM?enablejsapi=1&wmode=opaque&autoplay=1","images":{"image_url":"https:\/\/img.youtube.com\/vi\/btG48UGYVLM\/default.jpg","small_image_url":"https:\/\/img.youtube.com\/vi\/btG48UGYVLM\/sddefault.jpg","medium_image_url":"https:\/\/img.youtube.com\/vi\/btG48UGYVLM\/mqdefault.jpg","large_image_url":"https:\/\/img.youtube.com\/vi\/btG48UGYVLM\/hqdefault.jpg","maximum_image_url":"https:\/\/img.youtube.com\/vi\/btG48UGYVLM\/maxresdefault.jpg"}},"approved":true,"titles":[{"type":"Default","title":"Paradise Kiss"},{"type":"Synonym","title":"ParaKiss"},{"type":"Japanese","title":"Paradise kiss"},{"type":"English","title":"Paradise Kiss"}],"title":"Paradise Kiss","title_english":"Paradise Kiss","title_japanese":"Paradise kiss","title_synonyms":["ParaKiss"],"type":"TV","source":"Manga","episodes":12,"status":"Finished Airing","airing":false,"aired":{"from":"2005-10-14T00:00:00+00:00","to":"2005-12-30T00:00:00+00:00","prop":{"from":{"day":14,"month":10,"year":2005},"to":{"day":30,"month":12,"year":2005}},"string":"Oct 14, 2005 to Dec 30, 2005"},"duration":"24 min per ep","rating":"R - 17+ (violence & profanity)","score":7.86,"scored_by":95635,"rank":843,"popularity":1053,"members":219881,"favorites":4305,"synopsis":"On her way home from school, Yukari Hayasaka is approached by a weird-looking guy who starts looking at her body intently. He's got blond spiky hair, a spiked choker, and multiple piercings on his ears and face. She wants nothing to do with him, and runs away, only to bump into a very tall and beautiful purple-haired woman with a flower pattern around her eye. Yukari faints from shock and wakes up later in a strange place called the Atelier. It turns out that these strangers are fashion designers who attend the most famous art school around, Yazawa Art Academy, and their group wants Yukari to model for their brand in Yazawa Academy's upcoming show.\n\nYukari turns down their offer and escapes the Atelier, but unknowingly leaves her school ID behind. George Koizumi, the head designer, later sees it and immediately knows she would be the perfect model for them and will not stop until he gets what he wants\u2014and he wants her. Yukari had never considered something as frivolous as modeling before, but could life among these eccentric designers actually prove to be fun? Or will Yukari lose herself in this world of art and passion?\n\n[Written by MAL Rewrite]","background":"Paradise Kiss aired on Fuji Television's noitaminA block.","season":"fall","year":2005,"broadcast":{"day":"Fridays","time":"00:35","timezone":"Asia\/Tokyo","string":"Fridays at 00:35 (JST)"},"producers":[{"mal_id":17,"type":"anime","name":"Aniplex","url":"https:\/\/myanimelist.net\/anime\/producer\/17\/Aniplex"},{"mal_id":53,"type":"anime","name":"Dentsu","url":"https:\/\/myanimelist.net\/anime\/producer\/53\/Dentsu"},{"mal_id":169,"type":"anime","name":"Fuji TV","url":"https:\/\/myanimelist.net\/anime\/producer\/169\/Fuji_TV"},{"mal_id":1765,"type":"anime","name":"Shodensha","url":"https:\/\/myanimelist.net\/anime\/producer\/1765\/Shodensha"}],"licensors":[{"mal_id":1459,"type":"anime","name":"Geneon Entertainment USA","url":"https:\/\/myanimelist.net\/anime\/producer\/1459\/Geneon_Entertainment_USA"}],"studios":[{"mal_id":11,"type":"anime","name":"Madhouse","url":"https:\/\/myanimelist.net\/anime\/producer\/11\/Madhouse"}],"genres":[{"mal_id":8,"type":"anime","name":"Drama","url":"https:\/\/myanimelist.net\/anime\/genre\/8\/Drama"},{"mal_id":22,"type":"anime","name":"Romance","url":"https:\/\/myanimelist.net\/anime\/genre\/22\/Romance"}],"explicit_genres":[],"themes":[{"mal_id":23,"type":"anime","name":"School","url":"https:\/\/myanimelist.net\/anime\/genre\/23\/School"},{"mal_id":80,"type":"anime","name":"Visual Arts","url":"https:\/\/myanimelist.net\/anime\/genre\/80\/Visual_Arts"}],"demographics":[{"mal_id":43,"type":"anime","name":"Josei","url":"https:\/\/myanimelist.net\/anime\/genre\/43\/Josei"}],"relations":[{"relation":"Adaptation","entry":[{"mal_id":29,"type":"manga","name":"Paradise Kiss","url":"https:\/\/myanimelist.net\/manga\/29\/Paradise_Kiss"}]},{"relation":"Prequel","entry":[{"mal_id":852,"type":"anime","name":"Gokinjo Monogatari","url":"https:\/\/myanimelist.net\/anime\/852\/Gokinjo_Monogatari"}]}],"theme":{"openings":["\"\u2665Lonely in Gorgeous\u2665\" by Tommy february6"],"endings":["\"Do You Want To\" by Franz Ferdinand"]},"external":[{"name":"Official Site","url":"http:\/\/web.archive.org\/web\/20080101232957\/parakiss.tv\/_pkiss\/"},{"name":"AniDB","url":"https:\/\/anidb.net\/perl-bin\/animedb.pl?show=anime&aid=3145"},{"name":"ANN","url":"https:\/\/www.animenewsnetwork.com\/encyclopedia\/anime.php?id=5081"},{"name":"Wikipedia","url":"http:\/\/en.wikipedia.org\/wiki\/Paradise_Kiss"},{"name":"Syoboi","url":"https:\/\/cal.syoboi.jp\/tid\/635"}],"streaming":[]}}