{"data":{"mal_id":3225,"url":"https:\/\/myanimelist.net\/anime\/3225\/Minami-ke_Okawari","images":{"jpg":{"image_url":"https:\/\/cdn.myanimelist.net\/images\/anime\/10\/73556.jpg","small_image_url":"https:\/\/cdn.myanimelist.net\/images\/anime\/10\/73556t.jpg","large_image_url":"https:\/\/cdn.myanimelist.net\/images\/anime\/10\/73556l.jpg"},"webp":{"image_url":"https:\/\/cdn.myanimelist.net\/images\/anime\/10\/73556.webp","small_image_url":"https:\/\/cdn.myanimelist.net\/images\/anime\/10\/73556t.webp","large_image_url":"https:\/\/cdn.myanimelist.net\/images\/anime\/10\/73556l.webp"}},"trailer":{"youtube_id":"3tb6Z-kQep0","url":"https:\/\/www.youtube.com\/watch?v=3tb6Z-kQep0","embed_url":"https:\/\/www.youtube.com\/embed\/3tb6Z-kQep0?enablejsapi=1&wmode=opaque&autoplay=1","images":{"image_url":"https:\/\/img.youtube.com\/vi\/3tb6Z-kQep0\/default.jpg","small_image_url":"https:\/\/img.youtube.com\/vi\/3tb6Z-kQep0\/sddefault.jpg","medium_image_url":"https:\/\/img.youtube.com\/vi\/3tb6Z-kQep0\/mqdefault.jpg","large_image_url":"https:\/\/img.youtube.com\/vi\/3tb6Z-kQep0\/hqdefault.jpg","maximum_image_url":"https:\/\/img.youtube.com\/vi\/3tb6Z-kQep0\/maxresdefault.jpg"}},"approved":true,"titles":[{"type":"Default","title":"Minami-ke Okawari"},{"type":"Synonym","title":"Minamike: Okawari"},{"type":"Japanese","title":"\u307f\u306a\u307f\u3051\uff5e\u304a\u304b\u308f\u308a\uff5e"}],"title":"Minami-ke Okawari","title_english":null,"title_japanese":"\u307f\u306a\u307f\u3051\uff5e\u304a\u304b\u308f\u308a\uff5e","title_synonyms":["Minamike: Okawari"],"type":"TV","source":"Manga","episodes":13,"status":"Finished Airing","airing":false,"aired":{"from":"2008-01-07T00:00:00+00:00","to":"2008-03-31T00:00:00+00:00","prop":{"from":{"day":7,"month":1,"year":2008},"to":{"day":31,"month":3,"year":2008}},"string":"Jan 7, 2008 to Mar 31, 2008"},"duration":"24 min per ep","rating":"PG-13 - Teens 13 or older","score":7.33,"scored_by":40013,"rank":2484,"popularity":2460,"members":71874,"favorites":49,"synopsis":"The second season of Minami-Ke. It picks up where the first season left off, and just like the first season, it's about the daily lives of the three Minami sisters, Haruka, Kana and Chiaki, and their school friends.","background":null,"season":"winter","year":2008,"broadcast":{"day":null,"time":null,"timezone":null,"string":"Unknown"},"producers":[{"mal_id":92,"type":"anime","name":"Starchild Records","url":"https:\/\/myanimelist.net\/anime\/producer\/92\/Starchild_Records"},{"mal_id":306,"type":"anime","name":"Magic Capsule","url":"https:\/\/myanimelist.net\/anime\/producer\/306\/Magic_Capsule"},{"mal_id":717,"type":"anime","name":"TV Tokyo Music","url":"https:\/\/myanimelist.net\/anime\/producer\/717\/TV_Tokyo_Music"}],"licensors":[],"studios":[{"mal_id":163,"type":"anime","name":"asread.","url":"https:\/\/myanimelist.net\/anime\/producer\/163\/asread"}],"genres":[{"mal_id":4,"type":"anime","name":"Comedy","url":"https:\/\/myanimelist.net\/anime\/genre\/4\/Comedy"},{"mal_id":36,"type":"anime","name":"Slice of Life","url":"https:\/\/myanimelist.net\/anime\/genre\/36\/Slice_of_Life"}],"explicit_genres":[],"themes":[{"mal_id":52,"type":"anime","name":"CGDCT","url":"https:\/\/myanimelist.net\/anime\/genre\/52\/CGDCT"},{"mal_id":23,"type":"anime","name":"School","url":"https:\/\/myanimelist.net\/anime\/genre\/23\/School"}],"demographics":[{"mal_id":42,"type":"anime","name":"Seinen","url":"https:\/\/myanimelist.net\/anime\/genre\/42\/Seinen"}],"relations":[{"relation":"Adaptation","entry":[{"mal_id":2629,"type":"manga","name":"Minami-ke","url":"https:\/\/myanimelist.net\/manga\/2629\/Minami-ke"}]},{"relation":"Prequel","entry":[{"mal_id":2963,"type":"anime","name":"Minami-ke","url":"https:\/\/myanimelist.net\/anime\/2963\/Minami-ke"}]},{"relation":"Sequel","entry":[{"mal_id":5162,"type":"anime","name":"Minami-ke Okaeri","url":"https:\/\/myanimelist.net\/anime\/5162\/Minami-ke_Okaeri"}]}],"theme":{"openings":["\"Kokoro no Tsubasa (\u30b3\u30b3\u30ed\u30ce\u30c4\u30d0\u30b5)\" by Rina Satou, Marina Inoue & Minori Chihara"],"endings":["\"Sono Koe ga Kiki Takute (\u305d\u306e\u58f0\u304c\u805e\u304d\u305f\u304f\u3066)\" by Rina Satou, Marina Inoue & Minori Chihara"]},"external":[{"name":"Official Site","url":"http:\/\/www.starchild.co.jp\/special\/minami-ke\/2\/index.html"},{"name":"AniDB","url":"https:\/\/anidb.net\/perl-bin\/animedb.pl?show=anime&aid=5510"},{"name":"ANN","url":"https:\/\/www.animenewsnetwork.com\/encyclopedia\/anime.php?id=8809"}],"streaming":[]}}