{"data":{"mal_id":32547,"url":"https:\/\/myanimelist.net\/anime\/32547\/Non_Non_Biyori_Repeat__Hotaru_ga_Tanoshinda","images":{"jpg":{"image_url":"https:\/\/cdn.myanimelist.net\/images\/anime\/13\/78136.jpg","small_image_url":"https:\/\/cdn.myanimelist.net\/images\/anime\/13\/78136t.jpg","large_image_url":"https:\/\/cdn.myanimelist.net\/images\/anime\/13\/78136l.jpg"},"webp":{"image_url":"https:\/\/cdn.myanimelist.net\/images\/anime\/13\/78136.webp","small_image_url":"https:\/\/cdn.myanimelist.net\/images\/anime\/13\/78136t.webp","large_image_url":"https:\/\/cdn.myanimelist.net\/images\/anime\/13\/78136l.webp"}},"trailer":{"youtube_id":null,"url":null,"embed_url":null,"images":{"image_url":null,"small_image_url":null,"medium_image_url":null,"large_image_url":null,"maximum_image_url":null}},"approved":true,"titles":[{"type":"Default","title":"Non Non Biyori Repeat: Hotaru ga Tanoshinda"},{"type":"Synonym","title":"Non Non Biyori Repeat OVA"},{"type":"Japanese","title":"\u306e\u3093\u306e\u3093\u3073\u3088\u308a \u308a\u3074\u30fc\u3068 \u86cd\u304c\u697d\u3057\u3093\u3060"},{"type":"English","title":"Non Non Biyori Repeat: Hotaru Had Fun"}],"title":"Non Non Biyori Repeat: Hotaru ga Tanoshinda","title_english":"Non Non Biyori Repeat: Hotaru Had Fun","title_japanese":"\u306e\u3093\u306e\u3093\u3073\u3088\u308a \u308a\u3074\u30fc\u3068 \u86cd\u304c\u697d\u3057\u3093\u3060","title_synonyms":["Non Non Biyori Repeat OVA"],"type":"OVA","source":"Manga","episodes":1,"status":"Finished Airing","airing":false,"aired":{"from":"2016-09-23T00:00:00+00:00","to":null,"prop":{"from":{"day":23,"month":9,"year":2016},"to":{"day":null,"month":null,"year":null}},"string":"Sep 23, 2016"},"duration":"24 min","rating":"PG-13 - Teens 13 or older","score":7.86,"scored_by":24512,"rank":840,"popularity":3052,"members":48658,"favorites":35,"synopsis":"Life in rural Asahigaoka moves at its own pace. Devoid of the pleasures and worries of a bustling metropolis, this small village might seem painfully dull at first glance. However, despite living this far from her hometown of Tokyo, Hotaru Ichijou manages to find a group of friends whom she can spend quality time with. No matter whether it is winter, spring, summer, or fall, they make full use of everything the nature around them has to offer.\n\n[Written by MAL Rewrite]","background":null,"season":null,"year":null,"broadcast":{"day":null,"time":null,"timezone":null,"string":null},"producers":[],"licensors":[],"studios":[{"mal_id":300,"type":"anime","name":"SILVER LINK.","url":"https:\/\/myanimelist.net\/anime\/producer\/300\/SILVER_LINK"}],"genres":[{"mal_id":36,"type":"anime","name":"Slice of Life","url":"https:\/\/myanimelist.net\/anime\/genre\/36\/Slice_of_Life"}],"explicit_genres":[],"themes":[{"mal_id":52,"type":"anime","name":"CGDCT","url":"https:\/\/myanimelist.net\/anime\/genre\/52\/CGDCT"},{"mal_id":63,"type":"anime","name":"Iyashikei","url":"https:\/\/myanimelist.net\/anime\/genre\/63\/Iyashikei"},{"mal_id":23,"type":"anime","name":"School","url":"https:\/\/myanimelist.net\/anime\/genre\/23\/School"}],"demographics":[{"mal_id":42,"type":"anime","name":"Seinen","url":"https:\/\/myanimelist.net\/anime\/genre\/42\/Seinen"}],"relations":[{"relation":"Other","entry":[{"mal_id":21667,"type":"anime","name":"Non Non Biyori: Okinawa e Ikukoto ni Natta","url":"https:\/\/myanimelist.net\/anime\/21667\/Non_Non_Biyori__Okinawa_e_Ikukoto_ni_Natta"}]},{"relation":"Parent story","entry":[{"mal_id":23623,"type":"anime","name":"Non Non Biyori Repeat","url":"https:\/\/myanimelist.net\/anime\/23623\/Non_Non_Biyori_Repeat"}]}],"theme":{"openings":["\"Kodama Kotodama (\u3053\u3060\u307e\u3053\u3068\u3060\u307e)\" by nano.RIPE"],"endings":["\"Okaeri (\u304a\u304b\u3048\u308a)\" by Renge Miyauchi (Kotori Koiwai), Hotaru Ichijou (Rie Murakawa), Natsumi Koshigaya (Ayane Sakura), Komari Koshigaya (Kana Asumi)"]},"external":[{"name":"Official Site","url":"http:\/\/www.nonnontv.com\/news\/#post-3267"},{"name":"AniDB","url":"https:\/\/anidb.net\/perl-bin\/animedb.pl?show=anime&aid=12689"},{"name":"Wikipedia","url":"http:\/\/en.wikipedia.org\/wiki\/Non_Non_Biyori"}],"streaming":[]}}