{"data":{"mal_id":32843,"url":"https:\/\/myanimelist.net\/anime\/32843\/Senki_Zesshou_Symphogear_XV","images":{"jpg":{"image_url":"https:\/\/cdn.myanimelist.net\/images\/anime\/1899\/101966.jpg","small_image_url":"https:\/\/cdn.myanimelist.net\/images\/anime\/1899\/101966t.jpg","large_image_url":"https:\/\/cdn.myanimelist.net\/images\/anime\/1899\/101966l.jpg"},"webp":{"image_url":"https:\/\/cdn.myanimelist.net\/images\/anime\/1899\/101966.webp","small_image_url":"https:\/\/cdn.myanimelist.net\/images\/anime\/1899\/101966t.webp","large_image_url":"https:\/\/cdn.myanimelist.net\/images\/anime\/1899\/101966l.webp"}},"trailer":{"youtube_id":"Gl3vAScd2sk","url":"https:\/\/www.youtube.com\/watch?v=Gl3vAScd2sk","embed_url":"https:\/\/www.youtube.com\/embed\/Gl3vAScd2sk?enablejsapi=1&wmode=opaque&autoplay=1","images":{"image_url":"https:\/\/img.youtube.com\/vi\/Gl3vAScd2sk\/default.jpg","small_image_url":"https:\/\/img.youtube.com\/vi\/Gl3vAScd2sk\/sddefault.jpg","medium_image_url":"https:\/\/img.youtube.com\/vi\/Gl3vAScd2sk\/mqdefault.jpg","large_image_url":"https:\/\/img.youtube.com\/vi\/Gl3vAScd2sk\/hqdefault.jpg","maximum_image_url":"https:\/\/img.youtube.com\/vi\/Gl3vAScd2sk\/maxresdefault.jpg"}},"approved":true,"titles":[{"type":"Default","title":"Senki Zesshou Symphogear XV"},{"type":"Japanese","title":"\u6226\u59eb\u7d76\u5531\u30b7\u30f3\u30d5\u30a9\u30ae\u30a2XV"},{"type":"English","title":"Symphogear XV"},{"type":"German","title":"Symphogear XV"},{"type":"Spanish","title":"Symphogear XV"},{"type":"French","title":"Symphogear XV"}],"title":"Senki Zesshou Symphogear XV","title_english":"Symphogear XV","title_japanese":"\u6226\u59eb\u7d76\u5531\u30b7\u30f3\u30d5\u30a9\u30ae\u30a2XV","title_synonyms":[],"type":"TV","source":"Original","episodes":13,"status":"Finished Airing","airing":false,"aired":{"from":"2019-07-07T00:00:00+00:00","to":"2019-09-29T00:00:00+00:00","prop":{"from":{"day":7,"month":7,"year":2019},"to":{"day":29,"month":9,"year":2019}},"string":"Jul 7, 2019 to Sep 29, 2019"},"duration":"23 min per ep","rating":"PG-13 - Teens 13 or older","score":8.19,"scored_by":13447,"rank":367,"popularity":3485,"members":38160,"favorites":871,"synopsis":"Humanity is finally confronted with the threat of the Custodians\u2014the ancient, sentient species held responsible for cursing humanity to speak different languages thousands of years ago. The Symphogear wielders\u2014Hibiki Tachibana, Tsubasa Kazanari, Chris Yukine, Maria Cadenzavna Eve, Kirika Akatsuki, and Shirabe Tsukuyomi\u2014are sent to the Antarctic in order to retrieve an ancient relic. After securing it and rescuing the scientific staff present there from a Coffin, the automated defense mechanism protecting it, the relic is given to American researchers due to international agreements.\n\nThe criminal organization Noble Red, a remnant of the previously fought Bavarian Illuminati, starts targeting the relic. Will the Symphogear wielders and their supporting organization S.O.N.G. be able to foil the plans of the organizations conspiring against them?\n\n[Written by MAL Rewrite]","background":null,"season":"summer","year":2019,"broadcast":{"day":"Sundays","time":"01:00","timezone":"Asia\/Tokyo","string":"Sundays at 01:00 (JST)"},"producers":[{"mal_id":647,"type":"anime","name":"Memory-Tech","url":"https:\/\/myanimelist.net\/anime\/producer\/647\/Memory-Tech"},{"mal_id":775,"type":"anime","name":"Bushiroad","url":"https:\/\/myanimelist.net\/anime\/producer\/775\/Bushiroad"},{"mal_id":963,"type":"anime","name":"MAGES.","url":"https:\/\/myanimelist.net\/anime\/producer\/963\/MAGES"},{"mal_id":1344,"type":"anime","name":"King Records","url":"https:\/\/myanimelist.net\/anime\/producer\/1344\/King_Records"},{"mal_id":1679,"type":"anime","name":"Kinyosha","url":"https:\/\/myanimelist.net\/anime\/producer\/1679\/Kinyosha"}],"licensors":[{"mal_id":467,"type":"anime","name":"Discotek Media","url":"https:\/\/myanimelist.net\/anime\/producer\/467\/Discotek_Media"}],"studios":[{"mal_id":41,"type":"anime","name":"Satelight","url":"https:\/\/myanimelist.net\/anime\/producer\/41\/Satelight"}],"genres":[{"mal_id":1,"type":"anime","name":"Action","url":"https:\/\/myanimelist.net\/anime\/genre\/1\/Action"},{"mal_id":24,"type":"anime","name":"Sci-Fi","url":"https:\/\/myanimelist.net\/anime\/genre\/24\/Sci-Fi"}],"explicit_genres":[],"themes":[{"mal_id":60,"type":"anime","name":"Idols (Female)","url":"https:\/\/myanimelist.net\/anime\/genre\/60\/Idols_Female"},{"mal_id":19,"type":"anime","name":"Music","url":"https:\/\/myanimelist.net\/anime\/genre\/19\/Music"}],"demographics":[],"relations":[{"relation":"Prequel","entry":[{"mal_id":32836,"type":"anime","name":"Senki Zesshou Symphogear AXZ","url":"https:\/\/myanimelist.net\/anime\/32836\/Senki_Zesshou_Symphogear_AXZ"}]},{"relation":"Side story","entry":[{"mal_id":40659,"type":"anime","name":"Senki Zesshou Symphogear XV: Senki Zesshou Shinai Symphogear","url":"https:\/\/myanimelist.net\/anime\/40659\/Senki_Zesshou_Symphogear_XV__Senki_Zesshou_Shinai_Symphogear"}]}],"theme":{"openings":["\"METANOIA\" by Nana Mizuki"],"endings":["1: \"FINAL COMMANDER\" by Nana Mizuki (eps 1)","2: \"Lasting Song\" by Ayahi Takagaki (eps 2-6, 8-11)","3: \"Sforzando no Zankyou (\u30b9\u30d5\u30a9\u30eb\u30c4\u30a1\u30f3\u30c9\u306e\u6b8b\u97ff)\" by Inroi Minase (eps 7)","4: \"METANOIA\" by Nana Mizuki (eps 12)","5: \"Ashita e no Fl\u00fcgel (\u672a\u6765\u3078\u306e\u30d5\u30ea\u30e5\u30fc\u30b2\u30eb)\" by Aoi Yuuki, Nana Mizuki, Ayahi Takagaki, Yoko Hikasa, Ai Kayano, Yoshino Nanjou, and Yuka Iguchi (eps 13)"]},"external":[{"name":"Official Site","url":"http:\/\/www.symphogear-xv.com\/"},{"name":"@SYMPHOGEAR","url":"https:\/\/twitter.com\/SYMPHOGEAR"},{"name":"AniDB","url":"https:\/\/anidb.net\/perl-bin\/animedb.pl?show=anime&aid=11959"},{"name":"ANN","url":"https:\/\/www.animenewsnetwork.com\/encyclopedia\/anime.php?id=22019"},{"name":"Wikipedia","url":"http:\/\/en.wikipedia.org\/wiki\/Symphogear"},{"name":"Wikipedia","url":"https:\/\/ja.wikipedia.org\/wiki\/%E6%88%A6%E5%A7%AB%E7%B5%B6%E5%94%B1%E3%82%B7%E3%83%B3%E3%83%95%E3%82%A9%E3%82%AE%E3%82%A2"},{"name":"Syoboi","url":"https:\/\/cal.syoboi.jp\/tid\/5344"},{"name":"Bangumi","url":"https:\/\/bangumi.tv\/subject\/170689"}],"streaming":[{"name":"Crunchyroll","url":"http:\/\/www.crunchyroll.com\/series-267101"}]}}