{"data":{"mal_id":32871,"url":"https:\/\/myanimelist.net\/anime\/32871\/Kuroko_no_Basket_Movie_3__Winter_Cup_-_Tobira_no_Mukou","images":{"jpg":{"image_url":"https:\/\/cdn.myanimelist.net\/images\/anime\/7\/80729.jpg","small_image_url":"https:\/\/cdn.myanimelist.net\/images\/anime\/7\/80729t.jpg","large_image_url":"https:\/\/cdn.myanimelist.net\/images\/anime\/7\/80729l.jpg"},"webp":{"image_url":"https:\/\/cdn.myanimelist.net\/images\/anime\/7\/80729.webp","small_image_url":"https:\/\/cdn.myanimelist.net\/images\/anime\/7\/80729t.webp","large_image_url":"https:\/\/cdn.myanimelist.net\/images\/anime\/7\/80729l.webp"}},"trailer":{"youtube_id":"sO_40NQ4Kus","url":"https:\/\/www.youtube.com\/watch?v=sO_40NQ4Kus","embed_url":"https:\/\/www.youtube.com\/embed\/sO_40NQ4Kus?enablejsapi=1&wmode=opaque&autoplay=1","images":{"image_url":"https:\/\/img.youtube.com\/vi\/sO_40NQ4Kus\/default.jpg","small_image_url":"https:\/\/img.youtube.com\/vi\/sO_40NQ4Kus\/sddefault.jpg","medium_image_url":"https:\/\/img.youtube.com\/vi\/sO_40NQ4Kus\/mqdefault.jpg","large_image_url":"https:\/\/img.youtube.com\/vi\/sO_40NQ4Kus\/hqdefault.jpg","maximum_image_url":"https:\/\/img.youtube.com\/vi\/sO_40NQ4Kus\/maxresdefault.jpg"}},"approved":true,"titles":[{"type":"Default","title":"Kuroko no Basket Movie 3: Winter Cup - Tobira no Mukou"},{"type":"Synonym","title":"Kuroko's Basketball Movie 3: Winter Cup Highlights - Crossing the Door"},{"type":"Japanese","title":"\u5287\u5834\u7248\u300c\u9ed2\u5b50\u306e\u30d0\u30b9\u30b1\u300d\u30a6\u30a4\u30f3\u30bf\u30fc\u30ab\u30c3\u30d7\u7dcf\u96c6\u7de8\uff5e\u6249\u306e\u5411\u3053\u3046\uff5e"},{"type":"English","title":"Winter Cup Highlights Episode 3 \u2013 Winter Cup Highlights -Crossing the Door-"},{"type":"French","title":"Kuroko's Basket Film 3 - Winter Cup Highlights Partie 3 : Franchir le Pas"}],"title":"Kuroko no Basket Movie 3: Winter Cup - Tobira no Mukou","title_english":"Winter Cup Highlights Episode 3 \u2013 Winter Cup Highlights -Crossing the Door-","title_japanese":"\u5287\u5834\u7248\u300c\u9ed2\u5b50\u306e\u30d0\u30b9\u30b1\u300d\u30a6\u30a4\u30f3\u30bf\u30fc\u30ab\u30c3\u30d7\u7dcf\u96c6\u7de8\uff5e\u6249\u306e\u5411\u3053\u3046\uff5e","title_synonyms":["Kuroko's Basketball Movie 3: Winter Cup Highlights - Crossing the Door"],"type":"Movie","source":"Manga","episodes":1,"status":"Finished Airing","airing":false,"aired":{"from":"2016-12-03T00:00:00+00:00","to":null,"prop":{"from":{"day":3,"month":12,"year":2016},"to":{"day":null,"month":null,"year":null}},"string":"Dec 3, 2016"},"duration":"1 hr 28 min","rating":"PG-13 - Teens 13 or older","score":7.81,"scored_by":15338,"rank":934,"popularity":3358,"members":40966,"favorites":36,"synopsis":"The Winter Cup finals have arrived, and the Seirin High School basketball team braces itself for the game against its indomitable opponent, Rakuzan High School. With the former Generation of Miracles leader Seijuurou Akashi as their captain, Rakuzan has established itself as the unyielding emperor of the court. Akashi's innate ability, known as the Emperor Eye, allows him to predict his enemies' next move and meticulously dismantle each play, further cementing his absolute authority over the court. Seirin's \"light and shadow\" duo, Taiga Kagami and Tetsuya Kuroko, now find themselves given the ultimate test of teamwork in which they must play with the strongest synergy possible to break through Akashi's omniscience. \n\n[Written by MAL Rewrite]","background":null,"season":null,"year":null,"broadcast":{"day":null,"time":null,"timezone":null,"string":null},"producers":[],"licensors":[],"studios":[{"mal_id":10,"type":"anime","name":"Production I.G","url":"https:\/\/myanimelist.net\/anime\/producer\/10\/Production_IG"}],"genres":[{"mal_id":4,"type":"anime","name":"Comedy","url":"https:\/\/myanimelist.net\/anime\/genre\/4\/Comedy"},{"mal_id":30,"type":"anime","name":"Sports","url":"https:\/\/myanimelist.net\/anime\/genre\/30\/Sports"}],"explicit_genres":[],"themes":[{"mal_id":77,"type":"anime","name":"Team Sports","url":"https:\/\/myanimelist.net\/anime\/genre\/77\/Team_Sports"}],"demographics":[{"mal_id":27,"type":"anime","name":"Shounen","url":"https:\/\/myanimelist.net\/anime\/genre\/27\/Shounen"}],"relations":[{"relation":"Full story","entry":[{"mal_id":24415,"type":"anime","name":"Kuroko no Basket 3rd Season","url":"https:\/\/myanimelist.net\/anime\/24415\/Kuroko_no_Basket_3rd_Season"}]},{"relation":"Sequel","entry":[{"mal_id":31658,"type":"anime","name":"Kuroko no Basket Movie 4: Last Game","url":"https:\/\/myanimelist.net\/anime\/31658\/Kuroko_no_Basket_Movie_4__Last_Game"}]},{"relation":"Prequel","entry":[{"mal_id":32870,"type":"anime","name":"Kuroko no Basket Movie 2: Winter Cup - Namida no Saki e","url":"https:\/\/myanimelist.net\/anime\/32870\/Kuroko_no_Basket_Movie_2__Winter_Cup_-_Namida_no_Saki_e"}]}],"theme":{"openings":[],"endings":["\"Scribble, and Beyond\" by OLDCODEX"]},"external":[{"name":"Official Site","url":"http:\/\/movie.kurobas.com\/3\/"},{"name":"AniDB","url":"https:\/\/anidb.net\/perl-bin\/animedb.pl?show=anime&aid=11615"}],"streaming":[]}}