{"data":{"mal_id":32935,"url":"https:\/\/myanimelist.net\/anime\/32935\/Haikyuu_Karasuno_Koukou_vs_Shiratorizawa_Gakuen_Koukou","images":{"jpg":{"image_url":"https:\/\/cdn.myanimelist.net\/images\/anime\/7\/81992.jpg","small_image_url":"https:\/\/cdn.myanimelist.net\/images\/anime\/7\/81992t.jpg","large_image_url":"https:\/\/cdn.myanimelist.net\/images\/anime\/7\/81992l.jpg"},"webp":{"image_url":"https:\/\/cdn.myanimelist.net\/images\/anime\/7\/81992.webp","small_image_url":"https:\/\/cdn.myanimelist.net\/images\/anime\/7\/81992t.webp","large_image_url":"https:\/\/cdn.myanimelist.net\/images\/anime\/7\/81992l.webp"}},"trailer":{"youtube_id":null,"url":null,"embed_url":null,"images":{"image_url":null,"small_image_url":null,"medium_image_url":null,"large_image_url":null,"maximum_image_url":null}},"approved":true,"titles":[{"type":"Default","title":"Haikyuu!! Karasuno Koukou vs. Shiratorizawa Gakuen Koukou"},{"type":"Synonym","title":"Haikyuu!! Third Season"},{"type":"Synonym","title":"Haikyuu!! Karasuno High VS Shiratorizawa Academy"},{"type":"Japanese","title":"\u30cf\u30a4\u30ad\u30e5\u30fc!! \u70cf\u91ce\u9ad8\u6821 VS \u767d\u9ce5\u6ca2\u5b66\u5712\u9ad8\u6821"},{"type":"English","title":"Haikyu!! 3rd Season"},{"type":"German","title":"Haikyuu!!Staffel 3 Karasuno vs. Shiratorizawa"},{"type":"Spanish","title":"Haikyu!! Los Ases del V\u00f3ley Temporada 3"},{"type":"French","title":"Haikyuu!! Saison 3"}],"title":"Haikyuu!! Karasuno Koukou vs. Shiratorizawa Gakuen Koukou","title_english":"Haikyu!! 3rd Season","title_japanese":"\u30cf\u30a4\u30ad\u30e5\u30fc!! \u70cf\u91ce\u9ad8\u6821 VS \u767d\u9ce5\u6ca2\u5b66\u5712\u9ad8\u6821","title_synonyms":["Haikyuu!! Third Season","Haikyuu!! Karasuno High VS Shiratorizawa Academy"],"type":"TV","source":"Manga","episodes":10,"status":"Finished Airing","airing":false,"aired":{"from":"2016-10-08T00:00:00+00:00","to":"2016-12-10T00:00:00+00:00","prop":{"from":{"day":8,"month":10,"year":2016},"to":{"day":10,"month":12,"year":2016}},"string":"Oct 8, 2016 to Dec 10, 2016"},"duration":"24 min per ep","rating":"PG-13 - Teens 13 or older","score":8.78,"scored_by":775078,"rank":39,"popularity":118,"members":1167919,"favorites":15312,"synopsis":"After the victory against Aoba Jousai High, Karasuno High School, once called \u201ca fallen powerhouse, a crow that can\u2019t fly,\u201d has finally reached the climax of the heated Spring tournament. Now, to advance to nationals, the Karasuno team has to defeat the powerhouse Shiratorizawa Academy. Karasuno\u2019s greatest hurdle is their adversary\u2019s ace, Wakatoshi Ushijima, the number one player in the Miyagi Prefecture, and one of the country\u2019s top three aces.\n\nOnly the strongest team will make it to the national tournament. Since this match is the third-year players\u2019 last chance to qualify for nationals, Karasuno has to use everything they learned during the training camp and prior matches to attain victory. Filled with restlessness and excitement, both teams are determined to come out on top in the third season of Haikyuu!!.\n\n[Written by MAL Rewrite]","background":null,"season":"fall","year":2016,"broadcast":{"day":"Saturdays","time":"01:55","timezone":"Asia\/Tokyo","string":"Saturdays at 01:55 (JST)"},"producers":[{"mal_id":53,"type":"anime","name":"Dentsu","url":"https:\/\/myanimelist.net\/anime\/producer\/53\/Dentsu"},{"mal_id":143,"type":"anime","name":"Mainichi Broadcasting System","url":"https:\/\/myanimelist.net\/anime\/producer\/143\/Mainichi_Broadcasting_System"},{"mal_id":166,"type":"anime","name":"Movic","url":"https:\/\/myanimelist.net\/anime\/producer\/166\/Movic"},{"mal_id":757,"type":"anime","name":"Sony Music Entertainment","url":"https:\/\/myanimelist.net\/anime\/producer\/757\/Sony_Music_Entertainment"},{"mal_id":1143,"type":"anime","name":"TOHO animation","url":"https:\/\/myanimelist.net\/anime\/producer\/1143\/TOHO_animation"},{"mal_id":1365,"type":"anime","name":"Shueisha","url":"https:\/\/myanimelist.net\/anime\/producer\/1365\/Shueisha"}],"licensors":[{"mal_id":376,"type":"anime","name":"Sentai Filmworks","url":"https:\/\/myanimelist.net\/anime\/producer\/376\/Sentai_Filmworks"}],"studios":[{"mal_id":10,"type":"anime","name":"Production I.G","url":"https:\/\/myanimelist.net\/anime\/producer\/10\/Production_IG"}],"genres":[{"mal_id":30,"type":"anime","name":"Sports","url":"https:\/\/myanimelist.net\/anime\/genre\/30\/Sports"}],"explicit_genres":[],"themes":[{"mal_id":23,"type":"anime","name":"School","url":"https:\/\/myanimelist.net\/anime\/genre\/23\/School"},{"mal_id":77,"type":"anime","name":"Team Sports","url":"https:\/\/myanimelist.net\/anime\/genre\/77\/Team_Sports"}],"demographics":[{"mal_id":27,"type":"anime","name":"Shounen","url":"https:\/\/myanimelist.net\/anime\/genre\/27\/Shounen"}],"relations":[{"relation":"Adaptation","entry":[{"mal_id":35243,"type":"manga","name":"Haikyuu!!","url":"https:\/\/myanimelist.net\/manga\/35243\/Haikyuu"}]},{"relation":"Prequel","entry":[{"mal_id":28891,"type":"anime","name":"Haikyuu!! Second Season","url":"https:\/\/myanimelist.net\/anime\/28891\/Haikyuu_Second_Season"}]},{"relation":"Summary","entry":[{"mal_id":35111,"type":"anime","name":"Haikyuu!! Movie 4: Concept no Tatakai","url":"https:\/\/myanimelist.net\/anime\/35111\/Haikyuu_Movie_4__Concept_no_Tatakai"},{"mal_id":35321,"type":"anime","name":"Haikyuu!! Tokushuu! Haru-kou Volley ni Kaketa Seishun","url":"https:\/\/myanimelist.net\/anime\/35321\/Haikyuu_Tokushuu_Haru-kou_Volley_ni_Kaketa_Seishun"}]},{"relation":"Sequel","entry":[{"mal_id":40262,"type":"anime","name":"Haikyuu!! Riku vs. Kuu","url":"https:\/\/myanimelist.net\/anime\/40262\/Haikyuu_Riku_vs_Kuu"}]}],"theme":{"openings":["\"Hikari Are (\u30d2\u30ab\u30ea\u30a2\u30ec)\" by BURNOUT SYNDROMES"],"endings":["\"Mashi Mashi (\u30de\u30b7\u30fb\u30de\u30b7)\" by NICO Touches the Walls"]},"external":[{"name":"Official Site","url":"http:\/\/www.j-haikyu.com\/anime\/"},{"name":"AniDB","url":"https:\/\/anidb.net\/perl-bin\/animedb.pl?show=anime&aid=11991"},{"name":"ANN","url":"https:\/\/www.animenewsnetwork.com\/encyclopedia\/anime.php?id=18459"},{"name":"Wikipedia","url":"https:\/\/en.wikipedia.org\/wiki\/Haikyu!!_(season_3)"},{"name":"Wikipedia","url":"https:\/\/ja.wikipedia.org\/wiki\/%E3%83%8F%E3%82%A4%E3%82%AD%E3%83%A5%E3%83%BC%21%21"},{"name":"Syoboi","url":"https:\/\/cal.syoboi.jp\/tid\/4315"}],"streaming":[{"name":"Crunchyroll","url":"http:\/\/www.crunchyroll.com\/series-260265"},{"name":"HIDIVE","url":"https:\/\/www.hidive.com\/tv\/haikyu-3rd-season"}]}}