{"data":{"mal_id":32998,"url":"https:\/\/myanimelist.net\/anime\/32998\/91_Days","images":{"jpg":{"image_url":"https:\/\/cdn.myanimelist.net\/images\/anime\/13\/80515.jpg","small_image_url":"https:\/\/cdn.myanimelist.net\/images\/anime\/13\/80515t.jpg","large_image_url":"https:\/\/cdn.myanimelist.net\/images\/anime\/13\/80515l.jpg"},"webp":{"image_url":"https:\/\/cdn.myanimelist.net\/images\/anime\/13\/80515.webp","small_image_url":"https:\/\/cdn.myanimelist.net\/images\/anime\/13\/80515t.webp","large_image_url":"https:\/\/cdn.myanimelist.net\/images\/anime\/13\/80515l.webp"}},"trailer":{"youtube_id":"-NLxTEFb2pk","url":"https:\/\/www.youtube.com\/watch?v=-NLxTEFb2pk","embed_url":"https:\/\/www.youtube.com\/embed\/-NLxTEFb2pk?enablejsapi=1&wmode=opaque&autoplay=1","images":{"image_url":"https:\/\/img.youtube.com\/vi\/-NLxTEFb2pk\/default.jpg","small_image_url":"https:\/\/img.youtube.com\/vi\/-NLxTEFb2pk\/sddefault.jpg","medium_image_url":"https:\/\/img.youtube.com\/vi\/-NLxTEFb2pk\/mqdefault.jpg","large_image_url":"https:\/\/img.youtube.com\/vi\/-NLxTEFb2pk\/hqdefault.jpg","maximum_image_url":"https:\/\/img.youtube.com\/vi\/-NLxTEFb2pk\/maxresdefault.jpg"}},"approved":true,"titles":[{"type":"Default","title":"91 Days"},{"type":"Japanese","title":"91Days"},{"type":"English","title":"91 Days"}],"title":"91 Days","title_english":"91 Days","title_japanese":"91Days","title_synonyms":[],"type":"TV","source":"Original","episodes":12,"status":"Finished Airing","airing":false,"aired":{"from":"2016-07-09T00:00:00+00:00","to":"2016-10-01T00:00:00+00:00","prop":{"from":{"day":9,"month":7,"year":2016},"to":{"day":1,"month":10,"year":2016}},"string":"Jul 9, 2016 to Oct 1, 2016"},"duration":"24 min per ep","rating":"R - 17+ (violence & profanity)","score":7.83,"scored_by":322176,"rank":888,"popularity":273,"members":705261,"favorites":7943,"synopsis":"As a child living in the town of Lawless, Angelo Lagusa has witnessed a tragedy: his parents and younger brother have been mercilessly slaughtered by the Vanetti mafia family. Losing everything he holds dear, he leaves both his name and hometown behind, adopting the new identity of Avilio Bruno.\n\nSeven years later, Avilio finally has his chance for revenge when he receives a mysterious letter prompting him to return to Lawless. Obliging, he soon encounters the Vanetti don's son, Nero, and seeks to befriend him using the skills he has quietly honed for years.\n\nSet during the Prohibition era, 91 Days tells the story of Avilio's dark, bloodstained path to vengeance, as he slowly ends each of the men involved in the killing of his family.\n\n[Written by MAL Rewrite]","background":null,"season":"summer","year":2016,"broadcast":{"day":"Saturdays","time":"01:55","timezone":"Asia\/Tokyo","string":"Saturdays at 01:55 (JST)"},"producers":[{"mal_id":109,"type":"anime","name":"Shochiku","url":"https:\/\/myanimelist.net\/anime\/producer\/109\/Shochiku"},{"mal_id":143,"type":"anime","name":"Mainichi Broadcasting System","url":"https:\/\/myanimelist.net\/anime\/producer\/143\/Mainichi_Broadcasting_System"},{"mal_id":1626,"type":"anime","name":"Shochiku Music Publishing","url":"https:\/\/myanimelist.net\/anime\/producer\/1626\/Shochiku_Music_Publishing"}],"licensors":[{"mal_id":102,"type":"anime","name":"Funimation","url":"https:\/\/myanimelist.net\/anime\/producer\/102\/Funimation"},{"mal_id":1468,"type":"anime","name":"Crunchyroll","url":"https:\/\/myanimelist.net\/anime\/producer\/1468\/Crunchyroll"}],"studios":[{"mal_id":1119,"type":"anime","name":"Shuka","url":"https:\/\/myanimelist.net\/anime\/producer\/1119\/Shuka"}],"genres":[{"mal_id":1,"type":"anime","name":"Action","url":"https:\/\/myanimelist.net\/anime\/genre\/1\/Action"},{"mal_id":8,"type":"anime","name":"Drama","url":"https:\/\/myanimelist.net\/anime\/genre\/8\/Drama"}],"explicit_genres":[],"themes":[{"mal_id":13,"type":"anime","name":"Historical","url":"https:\/\/myanimelist.net\/anime\/genre\/13\/Historical"},{"mal_id":68,"type":"anime","name":"Organized Crime","url":"https:\/\/myanimelist.net\/anime\/genre\/68\/Organized_Crime"}],"demographics":[],"relations":[{"relation":"Summary","entry":[{"mal_id":33964,"type":"anime","name":"91 Days: Mijikai Rousoku","url":"https:\/\/myanimelist.net\/anime\/33964\/91_Days__Mijikai_Rousoku"}]},{"relation":"Sequel","entry":[{"mal_id":34777,"type":"anime","name":"91 Days: Toki no Asase\/Subete no Kinou\/Ashita, Mata Ashita","url":"https:\/\/myanimelist.net\/anime\/34777\/91_Days__Toki_no_Asase_Subete_no_Kinou_Ashita_Mata_Ashita"}]},{"relation":"Spin-off","entry":[{"mal_id":36756,"type":"anime","name":"91 Daze","url":"https:\/\/myanimelist.net\/anime\/36756\/91_Daze"}]}],"theme":{"openings":["\"Signal\" by TK from Ling Tosite Sigure"],"endings":["\"Rain or Shine\" by ELISA"]},"external":[{"name":"Official Site","url":"http:\/\/www.91days.family\/"},{"name":"AniDB","url":"https:\/\/anidb.net\/perl-bin\/animedb.pl?show=anime&aid=12014"},{"name":"ANN","url":"https:\/\/www.animenewsnetwork.com\/encyclopedia\/anime.php?id=18169"},{"name":"Wikipedia","url":"https:\/\/en.wikipedia.org\/wiki\/91_Days"}],"streaming":[{"name":"Crunchyroll","url":"http:\/\/www.crunchyroll.com\/series-270679"}]}}