{"data":{"mal_id":3317,"url":"https:\/\/myanimelist.net\/anime\/3317\/Uchuusen_Sagittarius","images":{"jpg":{"image_url":"https:\/\/cdn.myanimelist.net\/images\/anime\/2\/45430.jpg","small_image_url":"https:\/\/cdn.myanimelist.net\/images\/anime\/2\/45430t.jpg","large_image_url":"https:\/\/cdn.myanimelist.net\/images\/anime\/2\/45430l.jpg"},"webp":{"image_url":"https:\/\/cdn.myanimelist.net\/images\/anime\/2\/45430.webp","small_image_url":"https:\/\/cdn.myanimelist.net\/images\/anime\/2\/45430t.webp","large_image_url":"https:\/\/cdn.myanimelist.net\/images\/anime\/2\/45430l.webp"}},"trailer":{"youtube_id":null,"url":null,"embed_url":null,"images":{"image_url":null,"small_image_url":null,"medium_image_url":null,"large_image_url":null,"maximum_image_url":null}},"approved":true,"titles":[{"type":"Default","title":"Uchuusen Sagittarius"},{"type":"Synonym","title":"Spaceship Sagittarius"},{"type":"Synonym","title":"The Space Sagittarius"},{"type":"Japanese","title":"\u5b87\u5b99\u8239\u30b5\u30b8\u30bf\u30ea\u30a6\u30b9"}],"title":"Uchuusen Sagittarius","title_english":null,"title_japanese":"\u5b87\u5b99\u8239\u30b5\u30b8\u30bf\u30ea\u30a6\u30b9","title_synonyms":["Spaceship Sagittarius","The Space Sagittarius"],"type":"TV","source":"Picture book","episodes":77,"status":"Finished Airing","airing":false,"aired":{"from":"1986-01-10T00:00:00+00:00","to":"1987-10-03T00:00:00+00:00","prop":{"from":{"day":10,"month":1,"year":1986},"to":{"day":3,"month":10,"year":1987}},"string":"Jan 10, 1986 to Oct 3, 1987"},"duration":"24 min per ep","rating":"PG - Children","score":7.46,"scored_by":565,"rank":1923,"popularity":11401,"members":1679,"favorites":18,"synopsis":"Working for a multi-purpose space agency, Toppy and Rana make friends with Giraffe, a scientist, and go through various adventures in space. The three encounter danger at times, but their friendship always saves them just in the nick of time.\n\n(Source: Official site)","background":null,"season":"winter","year":1986,"broadcast":{"day":"Fridays","time":"19:30","timezone":"Asia\/Tokyo","string":"Fridays at 19:30 (JST)"},"producers":[],"licensors":[],"studios":[{"mal_id":22,"type":"anime","name":"Nippon Animation","url":"https:\/\/myanimelist.net\/anime\/producer\/22\/Nippon_Animation"}],"genres":[{"mal_id":2,"type":"anime","name":"Adventure","url":"https:\/\/myanimelist.net\/anime\/genre\/2\/Adventure"},{"mal_id":24,"type":"anime","name":"Sci-Fi","url":"https:\/\/myanimelist.net\/anime\/genre\/24\/Sci-Fi"}],"explicit_genres":[],"themes":[],"demographics":[],"relations":[{"relation":"Alternative version","entry":[{"mal_id":26447,"type":"anime","name":"Uchuusen Sagittarius Pilot","url":"https:\/\/myanimelist.net\/anime\/26447\/Uchuusen_Sagittarius_Pilot"}]}],"theme":{"openings":["\"Stardust Voice (\u30b9\u30bf\u30fc\u30c0\u30b9\u30c8\u30dc\u30fc\u30a4\u30ba)\" by Hironobu Kageyama"],"endings":["\"Yume Kounen (\u5922\u5149\u5e74)\" by Hironobu Kageyama"]},"external":[{"name":"Official Site","url":"http:\/\/www.nippon-animation.co.jp\/work\/1495\/"},{"name":"AniDB","url":"https:\/\/anidb.net\/perl-bin\/animedb.pl?show=anime&aid=1833"},{"name":"ANN","url":"https:\/\/www.animenewsnetwork.com\/encyclopedia\/anime.php?id=1721"},{"name":"Wikipedia","url":"http:\/\/en.wikipedia.org\/wiki\/Uch%C5%ABsen_Sagittarius"}],"streaming":[]}}