{"data":{"mal_id":33183,"url":"https:\/\/myanimelist.net\/anime\/33183\/Mahoutsukai_Precure_Movie__Kiseki_no_Henshin_Cure_Mofurun","images":{"jpg":{"image_url":"https:\/\/cdn.myanimelist.net\/images\/anime\/4\/84453.jpg","small_image_url":"https:\/\/cdn.myanimelist.net\/images\/anime\/4\/84453t.jpg","large_image_url":"https:\/\/cdn.myanimelist.net\/images\/anime\/4\/84453l.jpg"},"webp":{"image_url":"https:\/\/cdn.myanimelist.net\/images\/anime\/4\/84453.webp","small_image_url":"https:\/\/cdn.myanimelist.net\/images\/anime\/4\/84453t.webp","large_image_url":"https:\/\/cdn.myanimelist.net\/images\/anime\/4\/84453l.webp"}},"trailer":{"youtube_id":"jlveZZd-K7g","url":"https:\/\/www.youtube.com\/watch?v=jlveZZd-K7g","embed_url":"https:\/\/www.youtube.com\/embed\/jlveZZd-K7g?enablejsapi=1&wmode=opaque&autoplay=1","images":{"image_url":"https:\/\/img.youtube.com\/vi\/jlveZZd-K7g\/default.jpg","small_image_url":"https:\/\/img.youtube.com\/vi\/jlveZZd-K7g\/sddefault.jpg","medium_image_url":"https:\/\/img.youtube.com\/vi\/jlveZZd-K7g\/mqdefault.jpg","large_image_url":"https:\/\/img.youtube.com\/vi\/jlveZZd-K7g\/hqdefault.jpg","maximum_image_url":"https:\/\/img.youtube.com\/vi\/jlveZZd-K7g\/maxresdefault.jpg"}},"approved":true,"titles":[{"type":"Default","title":"Mahoutsukai Precure! Movie: Kiseki no Henshin! Cure Mofurun!"},{"type":"Synonym","title":"Maho Girls PreCure! the Movie: The Miraculous Transformation! Cure Mofurun!"},{"type":"Japanese","title":"\u6620\u753b\u9b54\u6cd5\u3064\u304b\u3044\u30d7\u30ea\u30ad\u30e5\u30a2\uff01\u5947\u8de1\u306e\u5909\u8eab\uff01\u30ad\u30e5\u30a2\u30e2\u30d5\u30eb\u30f3\uff01"}],"title":"Mahoutsukai Precure! Movie: Kiseki no Henshin! Cure Mofurun!","title_english":null,"title_japanese":"\u6620\u753b\u9b54\u6cd5\u3064\u304b\u3044\u30d7\u30ea\u30ad\u30e5\u30a2\uff01\u5947\u8de1\u306e\u5909\u8eab\uff01\u30ad\u30e5\u30a2\u30e2\u30d5\u30eb\u30f3\uff01","title_synonyms":["Maho Girls PreCure! the Movie: The Miraculous Transformation! Cure Mofurun!"],"type":"Movie","source":"Original","episodes":1,"status":"Finished Airing","airing":false,"aired":{"from":"2016-10-29T00:00:00+00:00","to":null,"prop":{"from":{"day":29,"month":10,"year":2016},"to":{"day":null,"month":null,"year":null}},"string":"Oct 29, 2016"},"duration":"1 hr 4 min","rating":"G - All Ages","score":7.44,"scored_by":1406,"rank":2017,"popularity":9099,"members":3667,"favorites":3,"synopsis":"Toei Animation has announced that a movie for Mahoutsukai! Precure will premiere in October 2016.","background":null,"season":null,"year":null,"broadcast":{"day":null,"time":null,"timezone":null,"string":null},"producers":[{"mal_id":1500,"type":"anime","name":"ABC Animation","url":"https:\/\/myanimelist.net\/anime\/producer\/1500\/ABC_Animation"},{"mal_id":1653,"type":"anime","name":"Kinoshita Group Holdings","url":"https:\/\/myanimelist.net\/anime\/producer\/1653\/Kinoshita_Group_Holdings"}],"licensors":[],"studios":[{"mal_id":18,"type":"anime","name":"Toei Animation","url":"https:\/\/myanimelist.net\/anime\/producer\/18\/Toei_Animation"}],"genres":[{"mal_id":1,"type":"anime","name":"Action","url":"https:\/\/myanimelist.net\/anime\/genre\/1\/Action"},{"mal_id":10,"type":"anime","name":"Fantasy","url":"https:\/\/myanimelist.net\/anime\/genre\/10\/Fantasy"},{"mal_id":36,"type":"anime","name":"Slice of Life","url":"https:\/\/myanimelist.net\/anime\/genre\/36\/Slice_of_Life"}],"explicit_genres":[],"themes":[{"mal_id":66,"type":"anime","name":"Mahou Shoujo","url":"https:\/\/myanimelist.net\/anime\/genre\/66\/Mahou_Shoujo"},{"mal_id":23,"type":"anime","name":"School","url":"https:\/\/myanimelist.net\/anime\/genre\/23\/School"}],"demographics":[],"relations":[{"relation":"Parent story","entry":[{"mal_id":31884,"type":"anime","name":"Mahoutsukai Precure!","url":"https:\/\/myanimelist.net\/anime\/31884\/Mahoutsukai_Precure"}]},{"relation":"Other","entry":[{"mal_id":33669,"type":"anime","name":"Cure Miracle to Mofurun no Mahou Lesson","url":"https:\/\/myanimelist.net\/anime\/33669\/Cure_Miracle_to_Mofurun_no_Mahou_Lesson"}]}],"theme":{"openings":["\"Dokkin\u2662Mahoutsukai Precure! (Dokkin\u2662\u9b54\u6cd5\u3064\u304b\u3044\u30d7\u30ea\u30ad\u30e5\u30a2\uff01)\" by Rie Kitagawa"],"endings":["\"Mahou Ala Domo! (\u9b54\u6cd5\u30a2\u30e9\u30fb\u30c9\u30fc\u30e2\uff01)\" by Cure Miracle (Rie Takahashi) & Cure Magical (Yui Horie) & Cure Felice (Saori Hayami)"]},"external":[{"name":"Official Site","url":"http:\/\/www.precure-movie.com\/"},{"name":"AniDB","url":"https:\/\/anidb.net\/perl-bin\/animedb.pl?show=anime&aid=12269"},{"name":"ANN","url":"https:\/\/www.animenewsnetwork.com\/encyclopedia\/anime.php?id=18589"}],"streaming":[]}}