{"data":{"mal_id":33191,"url":"https:\/\/myanimelist.net\/anime\/33191\/Kishibe_Rohan_wa_Ugokanai","images":{"jpg":{"image_url":"https:\/\/cdn.myanimelist.net\/images\/anime\/1716\/103072.jpg","small_image_url":"https:\/\/cdn.myanimelist.net\/images\/anime\/1716\/103072t.jpg","large_image_url":"https:\/\/cdn.myanimelist.net\/images\/anime\/1716\/103072l.jpg"},"webp":{"image_url":"https:\/\/cdn.myanimelist.net\/images\/anime\/1716\/103072.webp","small_image_url":"https:\/\/cdn.myanimelist.net\/images\/anime\/1716\/103072t.webp","large_image_url":"https:\/\/cdn.myanimelist.net\/images\/anime\/1716\/103072l.webp"}},"trailer":{"youtube_id":"YjbwPpXWbfM","url":"https:\/\/www.youtube.com\/watch?v=YjbwPpXWbfM","embed_url":"https:\/\/www.youtube.com\/embed\/YjbwPpXWbfM?enablejsapi=1&wmode=opaque&autoplay=1","images":{"image_url":"https:\/\/img.youtube.com\/vi\/YjbwPpXWbfM\/default.jpg","small_image_url":"https:\/\/img.youtube.com\/vi\/YjbwPpXWbfM\/sddefault.jpg","medium_image_url":"https:\/\/img.youtube.com\/vi\/YjbwPpXWbfM\/mqdefault.jpg","large_image_url":"https:\/\/img.youtube.com\/vi\/YjbwPpXWbfM\/hqdefault.jpg","maximum_image_url":"https:\/\/img.youtube.com\/vi\/YjbwPpXWbfM\/maxresdefault.jpg"}},"approved":true,"titles":[{"type":"Default","title":"Kishibe Rohan wa Ugokanai"},{"type":"Synonym","title":"Rohan Kishibe Does Not Move"},{"type":"Japanese","title":"\u5cb8\u8fba\u9732\u4f34\u306f\u52d5\u304b\u306a\u3044"},{"type":"English","title":"Thus Spoke Kishibe Rohan"}],"title":"Kishibe Rohan wa Ugokanai","title_english":"Thus Spoke Kishibe Rohan","title_japanese":"\u5cb8\u8fba\u9732\u4f34\u306f\u52d5\u304b\u306a\u3044","title_synonyms":["Rohan Kishibe Does Not Move"],"type":"OVA","source":"Manga","episodes":4,"status":"Finished Airing","airing":false,"aired":{"from":"2017-09-20T00:00:00+00:00","to":"2020-03-25T00:00:00+00:00","prop":{"from":{"day":20,"month":9,"year":2017},"to":{"day":25,"month":3,"year":2020}},"string":"Sep 20, 2017 to Mar 25, 2020"},"duration":"23 min per ep","rating":"R - 17+ (violence & profanity)","score":7.62,"scored_by":92079,"rank":1386,"popularity":1512,"members":145260,"favorites":406,"synopsis":"Kishibe Rohan wa Ugokanai adapts a handful of one-shots based on the manga series JoJo no Kimyou na Bouken, and follows the bizarre adventures that Rohan Kishibe goes through as he searches for inspiration for his manga.\n\nFugou Mura\n\nRohan accompanies manga editor Kyouka Izumi to a secretive village where she plans on buying a house. Izumi informs Rohan that inhabitants of the village suddenly become rich at the age of 25 after purchasing their homes. Being 25 years old herself, Izumi has high hopes for moving into the village and invites Rohan to gather ideas for his manga. As they enter one of the houses for an interview with the seller, they are greeted by a servant named Ikkyuu, who puts them through a test of etiquette with deadly consequences.\n\nMutsukabezaka\n\nRohan meets with his editor, Minoru Kagamari, to discuss both his manga and the six mountains that the manga author recently bought. He explains that he purchased the mountains in order to search for a legendary spirit known as the Mutsukabezaka. To give his search context, he tells the tale of Naoko Osato, a wealthy heiress who murdered her boyfriend and became cursed by the spirit.\n\nZangenshitsu\n\nRohan decides to vacation in Venice after putting his manga on hiatus. While there, he explores the interior of a church and examines the structure of its confessional. After stepping into the priest's compartment, Rohan hears a man enter the confessional and begin to confess his sins. The man recounts his confrontation with a starving beggar and the haunting events that followed.\n\nThe Run\n\nYouma Hashimoto is a young male model who has quickly risen to success. As his popularity grows, so does his obsession with his appearance and body. One day, he meets Rohan at the gym, and the two quickly form a rivalry which pushes Youma to intensify his training. Soon. Youma's fixation on his physique takes a dark turn as his training takes precedence over his life, and he challenges Rohan to a fatal competition on the treadmills.\n\n[Written by MAL Rewrite]","background":"Kishibe Rohan wa Ugokanai: Fugou Mura's first episode is an OVA that was distributed to customers who bought all 13 Blu-ray\/DVD volumes of the anime JoJo no Kimyou na Bouken: Diamond wa Kudakenai. The 2nd episode was bundled with the limited edition 2nd volume of the manga. The 3rd and 4th episode were released via a roadshow in only six cities starting on December 8, 2019. All four episodes were then bundled on March 25, 2020 for home-media release.","season":null,"year":null,"broadcast":{"day":null,"time":null,"timezone":null,"string":null},"producers":[{"mal_id":415,"type":"anime","name":"Warner Bros. Japan","url":"https:\/\/myanimelist.net\/anime\/producer\/415\/Warner_Bros_Japan"},{"mal_id":1365,"type":"anime","name":"Shueisha","url":"https:\/\/myanimelist.net\/anime\/producer\/1365\/Shueisha"}],"licensors":[{"mal_id":119,"type":"anime","name":"VIZ Media","url":"https:\/\/myanimelist.net\/anime\/producer\/119\/VIZ_Media"}],"studios":[{"mal_id":287,"type":"anime","name":"David Production","url":"https:\/\/myanimelist.net\/anime\/producer\/287\/David_Production"}],"genres":[{"mal_id":1,"type":"anime","name":"Action","url":"https:\/\/myanimelist.net\/anime\/genre\/1\/Action"},{"mal_id":7,"type":"anime","name":"Mystery","url":"https:\/\/myanimelist.net\/anime\/genre\/7\/Mystery"},{"mal_id":37,"type":"anime","name":"Supernatural","url":"https:\/\/myanimelist.net\/anime\/genre\/37\/Supernatural"}],"explicit_genres":[],"themes":[],"demographics":[{"mal_id":27,"type":"anime","name":"Shounen","url":"https:\/\/myanimelist.net\/anime\/genre\/27\/Shounen"}],"relations":[{"relation":"Adaptation","entry":[{"mal_id":61959,"type":"manga","name":"Kishibe Rohan wa Ugokanai","url":"https:\/\/myanimelist.net\/manga\/61959\/Kishibe_Rohan_wa_Ugokanai"}]},{"relation":"Parent story","entry":[{"mal_id":31933,"type":"anime","name":"JoJo no Kimyou na Bouken Part 4: Diamond wa Kudakenai","url":"https:\/\/myanimelist.net\/anime\/31933\/JoJo_no_Kimyou_na_Bouken_Part_4__Diamond_wa_Kudakenai"}]}],"theme":{"openings":["\"Theme of Kishibe Rohan wa Ugokanai (\u5cb8\u8fba\u9732\u4f34\u306f\u52d5\u304b\u306a\u3044\u306e\u30c6\u30fc\u30de)\" by Yugo Kanno"],"endings":["\"FINDING THE TRUTH\" by Coda"]},"external":[{"name":"Official Site","url":"http:\/\/jojo-animation.com\/ova\/rohan\/"},{"name":"AniDB","url":"https:\/\/anidb.net\/perl-bin\/animedb.pl?show=anime&aid=13812"},{"name":"ANN","url":"https:\/\/www.animenewsnetwork.com\/encyclopedia\/anime.php?id=19775"},{"name":"Wikipedia","url":"https:\/\/ja.wikipedia.org\/wiki\/%E5%B2%B8%E8%BE%BA%E9%9C%B2%E4%BC%B4%E3%81%AF%E5%8B%95%E3%81%8B%E3%81%AA%E3%81%84"}],"streaming":[{"name":"Netflix","url":"https:\/\/www.netflix.com\/"}]}}