{"data":{"mal_id":33190,"url":"https:\/\/myanimelist.net\/anime\/33190\/Planetarian__Hoshi_no_Hito","images":{"jpg":{"image_url":"https:\/\/cdn.myanimelist.net\/images\/anime\/10\/79771.jpg","small_image_url":"https:\/\/cdn.myanimelist.net\/images\/anime\/10\/79771t.jpg","large_image_url":"https:\/\/cdn.myanimelist.net\/images\/anime\/10\/79771l.jpg"},"webp":{"image_url":"https:\/\/cdn.myanimelist.net\/images\/anime\/10\/79771.webp","small_image_url":"https:\/\/cdn.myanimelist.net\/images\/anime\/10\/79771t.webp","large_image_url":"https:\/\/cdn.myanimelist.net\/images\/anime\/10\/79771l.webp"}},"trailer":{"youtube_id":"I2u_ZOS00uI","url":"https:\/\/www.youtube.com\/watch?v=I2u_ZOS00uI","embed_url":"https:\/\/www.youtube.com\/embed\/I2u_ZOS00uI?enablejsapi=1&wmode=opaque&autoplay=1","images":{"image_url":"https:\/\/img.youtube.com\/vi\/I2u_ZOS00uI\/default.jpg","small_image_url":"https:\/\/img.youtube.com\/vi\/I2u_ZOS00uI\/sddefault.jpg","medium_image_url":"https:\/\/img.youtube.com\/vi\/I2u_ZOS00uI\/mqdefault.jpg","large_image_url":"https:\/\/img.youtube.com\/vi\/I2u_ZOS00uI\/hqdefault.jpg","maximum_image_url":"https:\/\/img.youtube.com\/vi\/I2u_ZOS00uI\/maxresdefault.jpg"}},"approved":true,"titles":[{"type":"Default","title":"Planetarian: Hoshi no Hito"},{"type":"Japanese","title":"planetarian\uff5e\u661f\u306e\u4eba\uff5e"},{"type":"English","title":"Planetarian: Storyteller of the Stars"}],"title":"Planetarian: Hoshi no Hito","title_english":"Planetarian: Storyteller of the Stars","title_japanese":"planetarian\uff5e\u661f\u306e\u4eba\uff5e","title_synonyms":[],"type":"Movie","source":"Visual novel","episodes":1,"status":"Finished Airing","airing":false,"aired":{"from":"2016-09-03T00:00:00+00:00","to":null,"prop":{"from":{"day":3,"month":9,"year":2016},"to":{"day":null,"month":null,"year":null}},"string":"Sep 3, 2016"},"duration":"1 hr 57 min","rating":"PG-13 - Teens 13 or older","score":7.83,"scored_by":15395,"rank":901,"popularity":3081,"members":47745,"favorites":217,"synopsis":"An adaptation of the visual-novel by Key, Planetarian: Hoshi no Hito combines the story of the original work with an expansion that extends the narrative with content from the Hoshi no Hito light-novel sequel. \n\nIn the future after much of the world has been devastated by nuclear and biological warfare, a young scavenger or \"Junker\" exploring a quarantined and abandoned city comes across a service robot still faithfully awaiting customers in the rooftop planetarium of a department store. Against his pragmatic instincts he helps the robot repair the planetarium's projector: a decision which will change both their fates.\n\n(Source: ANN)","background":null,"season":null,"year":null,"broadcast":{"day":null,"time":null,"timezone":null,"string":null},"producers":[{"mal_id":203,"type":"anime","name":"Visual Arts","url":"https:\/\/myanimelist.net\/anime\/producer\/203\/Visual_Arts"}],"licensors":[{"mal_id":102,"type":"anime","name":"Funimation","url":"https:\/\/myanimelist.net\/anime\/producer\/102\/Funimation"}],"studios":[{"mal_id":287,"type":"anime","name":"David Production","url":"https:\/\/myanimelist.net\/anime\/producer\/287\/David_Production"}],"genres":[{"mal_id":8,"type":"anime","name":"Drama","url":"https:\/\/myanimelist.net\/anime\/genre\/8\/Drama"},{"mal_id":24,"type":"anime","name":"Sci-Fi","url":"https:\/\/myanimelist.net\/anime\/genre\/24\/Sci-Fi"}],"explicit_genres":[],"themes":[],"demographics":[],"relations":[{"relation":"Adaptation","entry":[{"mal_id":20963,"type":"manga","name":"Planetarian: Chiisana Hoshi no Yume","url":"https:\/\/myanimelist.net\/manga\/20963\/Planetarian__Chiisana_Hoshi_no_Yume"}]},{"relation":"Prequel","entry":[{"mal_id":33091,"type":"anime","name":"Planetarian: Chiisana Hoshi no Yume","url":"https:\/\/myanimelist.net\/anime\/33091\/Planetarian__Chiisana_Hoshi_no_Yume"}]}],"theme":{"openings":[],"endings":["\"Hoshi no Fune (\u661f\u306e\u821f)\" by Lia"]},"external":[{"name":"Official Site","url":"http:\/\/planetarian-project.com\/"},{"name":"AniDB","url":"https:\/\/anidb.net\/perl-bin\/animedb.pl?show=anime&aid=12058"},{"name":"ANN","url":"https:\/\/www.animenewsnetwork.com\/encyclopedia\/anime.php?id=18282"},{"name":"Wikipedia","url":"https:\/\/en.wikipedia.org\/wiki\/Planetarian:_The_Reverie_of_a_Little_Planet"}],"streaming":[{"name":"Crunchyroll","url":"http:\/\/www.crunchyroll.com\/series-283246"}]}}