{"data":{"mal_id":33221,"url":"https:\/\/myanimelist.net\/anime\/33221\/Kidou_Senshi_Gundam_Thunderbolt__December_Sky","images":{"jpg":{"image_url":"https:\/\/cdn.myanimelist.net\/images\/anime\/2\/79823.jpg","small_image_url":"https:\/\/cdn.myanimelist.net\/images\/anime\/2\/79823t.jpg","large_image_url":"https:\/\/cdn.myanimelist.net\/images\/anime\/2\/79823l.jpg"},"webp":{"image_url":"https:\/\/cdn.myanimelist.net\/images\/anime\/2\/79823.webp","small_image_url":"https:\/\/cdn.myanimelist.net\/images\/anime\/2\/79823t.webp","large_image_url":"https:\/\/cdn.myanimelist.net\/images\/anime\/2\/79823l.webp"}},"trailer":{"youtube_id":null,"url":null,"embed_url":null,"images":{"image_url":null,"small_image_url":null,"medium_image_url":null,"large_image_url":null,"maximum_image_url":null}},"approved":true,"titles":[{"type":"Default","title":"Kidou Senshi Gundam Thunderbolt: December Sky"},{"type":"Japanese","title":"\u6a5f\u52d5\u6226\u58eb\u30ac\u30f3\u30c0\u30e0 \u30b5\u30f3\u30c0\u30fc\u30dc\u30eb\u30c8 DECEMBER SKY"},{"type":"English","title":"Mobile Suit Gundam Thunderbolt: December Sky"}],"title":"Kidou Senshi Gundam Thunderbolt: December Sky","title_english":"Mobile Suit Gundam Thunderbolt: December Sky","title_japanese":"\u6a5f\u52d5\u6226\u58eb\u30ac\u30f3\u30c0\u30e0 \u30b5\u30f3\u30c0\u30fc\u30dc\u30eb\u30c8 DECEMBER SKY","title_synonyms":[],"type":"Movie","source":"Manga","episodes":1,"status":"Finished Airing","airing":false,"aired":{"from":"2016-06-25T00:00:00+00:00","to":null,"prop":{"from":{"day":25,"month":6,"year":2016},"to":{"day":null,"month":null,"year":null}},"string":"Jun 25, 2016"},"duration":"1 hr 9 min","rating":"R - 17+ (violence & profanity)","score":7.94,"scored_by":12569,"rank":685,"popularity":4430,"members":23058,"favorites":179,"synopsis":"Federation troops and Zeon forces carry out a fierce battle in the Thunderbolt Sector in what was once Side 4 \"Moore.\" The Thunderbolt Sector is a shoal zone composed of the debris of destroyed space colonies, named for the electrical discharges from the metal debris. MS pilot Io Flemming is among the Federation soldiers who are dispatched to the area, where Zeon sniper Daryl Lorenz awaits them on the battlefield.\n\n(Source: Gundam Wikia)","background":"Mobile Suit Gundam Thunderbolt: December Sky was the first anime to ever be released on 4K UHD (Ultra High Definition) Blu-ray. The 4K UHD Blu-ray was released by Bandai Visual in Japan on December 22, 2016.","season":null,"year":null,"broadcast":{"day":null,"time":null,"timezone":null,"string":null},"producers":[],"licensors":[{"mal_id":595,"type":"anime","name":"NYAV Post","url":"https:\/\/myanimelist.net\/anime\/producer\/595\/NYAV_Post"}],"studios":[{"mal_id":14,"type":"anime","name":"Sunrise","url":"https:\/\/myanimelist.net\/anime\/producer\/14\/Sunrise"}],"genres":[{"mal_id":1,"type":"anime","name":"Action","url":"https:\/\/myanimelist.net\/anime\/genre\/1\/Action"},{"mal_id":8,"type":"anime","name":"Drama","url":"https:\/\/myanimelist.net\/anime\/genre\/8\/Drama"},{"mal_id":24,"type":"anime","name":"Sci-Fi","url":"https:\/\/myanimelist.net\/anime\/genre\/24\/Sci-Fi"}],"explicit_genres":[],"themes":[{"mal_id":18,"type":"anime","name":"Mecha","url":"https:\/\/myanimelist.net\/anime\/genre\/18\/Mecha"},{"mal_id":38,"type":"anime","name":"Military","url":"https:\/\/myanimelist.net\/anime\/genre\/38\/Military"},{"mal_id":29,"type":"anime","name":"Space","url":"https:\/\/myanimelist.net\/anime\/genre\/29\/Space"}],"demographics":[],"relations":[{"relation":"Adaptation","entry":[{"mal_id":37683,"type":"manga","name":"Kidou Senshi Gundam Thunderbolt","url":"https:\/\/myanimelist.net\/manga\/37683\/Kidou_Senshi_Gundam_Thunderbolt"}]},{"relation":"Alternative version","entry":[{"mal_id":31973,"type":"anime","name":"Kidou Senshi Gundam Thunderbolt","url":"https:\/\/myanimelist.net\/anime\/31973\/Kidou_Senshi_Gundam_Thunderbolt"}]},{"relation":"Sequel","entry":[{"mal_id":35949,"type":"anime","name":"Kidou Senshi Gundam Thunderbolt: Bandit Flower","url":"https:\/\/myanimelist.net\/anime\/35949\/Kidou_Senshi_Gundam_Thunderbolt__Bandit_Flower"}]}],"theme":{"openings":[],"endings":[]},"external":[{"name":"Official Site","url":"http:\/\/gundam-tb.net\/index.html"},{"name":"AniDB","url":"https:\/\/anidb.net\/perl-bin\/animedb.pl?show=anime&aid=12098"},{"name":"ANN","url":"https:\/\/www.animenewsnetwork.com\/encyclopedia\/anime.php?id=18494"},{"name":"Wikipedia","url":"https:\/\/en.wikipedia.org\/wiki\/Mobile_Suit_Gundam_Thunderbolt#Movie"}],"streaming":[]}}