{"data":{"mal_id":33241,"url":"https:\/\/myanimelist.net\/anime\/33241\/Honobono_Log","images":{"jpg":{"image_url":"https:\/\/cdn.myanimelist.net\/images\/anime\/1307\/121781.jpg","small_image_url":"https:\/\/cdn.myanimelist.net\/images\/anime\/1307\/121781t.jpg","large_image_url":"https:\/\/cdn.myanimelist.net\/images\/anime\/1307\/121781l.jpg"},"webp":{"image_url":"https:\/\/cdn.myanimelist.net\/images\/anime\/1307\/121781.webp","small_image_url":"https:\/\/cdn.myanimelist.net\/images\/anime\/1307\/121781t.webp","large_image_url":"https:\/\/cdn.myanimelist.net\/images\/anime\/1307\/121781l.webp"}},"trailer":{"youtube_id":null,"url":null,"embed_url":null,"images":{"image_url":null,"small_image_url":null,"medium_image_url":null,"large_image_url":null,"maximum_image_url":null}},"approved":true,"titles":[{"type":"Default","title":"Honobono Log"},{"type":"Japanese","title":"\u307b\u306e\u307c\u306e\u30ed\u30b0"}],"title":"Honobono Log","title_english":null,"title_japanese":"\u307b\u306e\u307c\u306e\u30ed\u30b0","title_synonyms":[],"type":"TV","source":"Picture book","episodes":10,"status":"Finished Airing","airing":false,"aired":{"from":"2016-06-07T00:00:00+00:00","to":"2016-06-18T00:00:00+00:00","prop":{"from":{"day":7,"month":6,"year":2016},"to":{"day":18,"month":6,"year":2016}},"string":"Jun 7, 2016 to Jun 18, 2016"},"duration":"2 min per ep","rating":"G - All Ages","score":7.33,"scored_by":33492,"rank":2472,"popularity":2355,"members":77313,"favorites":336,"synopsis":"Some of us are fortunate enough to have a partner to confide in on our bad days. In even the most devastating times, we can depend on our comrades for support. Others are incredibly lucky to have a special someone that they can just randomly embrace. No matter the situation, there always tends to be a close ally to help us get by.\n\nHonobono Log showcases the best and worst of couples and families, enticing romantic-comedy lovers with various relatable situations.\n\n[Written by MAL Rewrite]","background":"The animated shorts are an adaptation of Naka Fukamachi's illustrated book, which was published in 2014.","season":"spring","year":2016,"broadcast":{"day":null,"time":null,"timezone":null,"string":"Not scheduled once per week"},"producers":[{"mal_id":111,"type":"anime","name":"NHK","url":"https:\/\/myanimelist.net\/anime\/producer\/111\/NHK"}],"licensors":[],"studios":[{"mal_id":866,"type":"anime","name":"Fanworks","url":"https:\/\/myanimelist.net\/anime\/producer\/866\/Fanworks"}],"genres":[{"mal_id":22,"type":"anime","name":"Romance","url":"https:\/\/myanimelist.net\/anime\/genre\/22\/Romance"},{"mal_id":36,"type":"anime","name":"Slice of Life","url":"https:\/\/myanimelist.net\/anime\/genre\/36\/Slice_of_Life"}],"explicit_genres":[],"themes":[{"mal_id":63,"type":"anime","name":"Iyashikei","url":"https:\/\/myanimelist.net\/anime\/genre\/63\/Iyashikei"}],"demographics":[],"relations":[],"theme":{"openings":["\"morning\" by Ame no Parade"],"endings":["\"morning\" by Ame no Parade"]},"external":[{"name":"Official Site","url":"http:\/\/www6.nhk.or.jp\/anime\/program\/detail.html?i=honobono"},{"name":"AniDB","url":"https:\/\/anidb.net\/perl-bin\/animedb.pl?show=anime&aid=12102"},{"name":"ANN","url":"https:\/\/www.animenewsnetwork.com\/encyclopedia\/anime.php?id=18428"}],"streaming":[]}}