{"data":{"mal_id":33253,"url":"https:\/\/myanimelist.net\/anime\/33253\/Ajin_Part_2","images":{"jpg":{"image_url":"https:\/\/cdn.myanimelist.net\/images\/anime\/12\/81858.jpg","small_image_url":"https:\/\/cdn.myanimelist.net\/images\/anime\/12\/81858t.jpg","large_image_url":"https:\/\/cdn.myanimelist.net\/images\/anime\/12\/81858l.jpg"},"webp":{"image_url":"https:\/\/cdn.myanimelist.net\/images\/anime\/12\/81858.webp","small_image_url":"https:\/\/cdn.myanimelist.net\/images\/anime\/12\/81858t.webp","large_image_url":"https:\/\/cdn.myanimelist.net\/images\/anime\/12\/81858l.webp"}},"trailer":{"youtube_id":"sQAYvPNFZZI","url":"https:\/\/www.youtube.com\/watch?v=sQAYvPNFZZI","embed_url":"https:\/\/www.youtube.com\/embed\/sQAYvPNFZZI?enablejsapi=1&wmode=opaque&autoplay=1","images":{"image_url":"https:\/\/img.youtube.com\/vi\/sQAYvPNFZZI\/default.jpg","small_image_url":"https:\/\/img.youtube.com\/vi\/sQAYvPNFZZI\/sddefault.jpg","medium_image_url":"https:\/\/img.youtube.com\/vi\/sQAYvPNFZZI\/mqdefault.jpg","large_image_url":"https:\/\/img.youtube.com\/vi\/sQAYvPNFZZI\/hqdefault.jpg","maximum_image_url":"https:\/\/img.youtube.com\/vi\/sQAYvPNFZZI\/maxresdefault.jpg"}},"approved":true,"titles":[{"type":"Default","title":"Ajin Part 2"},{"type":"Synonym","title":"Ajin 2nd Season,"},{"type":"Japanese","title":"\u4e9c\u4eba \u7b2c2\u30af\u30fc\u30eb"},{"type":"English","title":"Ajin: Demi-Human 2nd Season"},{"type":"German","title":"Ajin Demi-Human Staffel 2"},{"type":"Spanish","title":"Ajin: Semihumano Temporada 2"},{"type":"French","title":"Ajin: Demi-Human Saison 2"}],"title":"Ajin Part 2","title_english":"Ajin: Demi-Human 2nd Season","title_japanese":"\u4e9c\u4eba \u7b2c2\u30af\u30fc\u30eb","title_synonyms":["Ajin 2nd Season,"],"type":"TV","source":"Manga","episodes":13,"status":"Finished Airing","airing":false,"aired":{"from":"2016-10-08T00:00:00+00:00","to":"2016-12-24T00:00:00+00:00","prop":{"from":{"day":8,"month":10,"year":2016},"to":{"day":24,"month":12,"year":2016}},"string":"Oct 8, 2016 to Dec 24, 2016"},"duration":"24 min per ep","rating":"R - 17+ (violence & profanity)","score":7.58,"scored_by":168640,"rank":1497,"popularity":801,"members":291008,"favorites":512,"synopsis":"After escaping certain death, Kei Nagai and his new companion Kou Nakano plot revenge on Satou, their fellow Ajin who is hellbent on world domination. As Satou embarks on a string of public executions, the human race rushes to come up with a solution to stop the immortal villain.\n\nKei discovers unlikely allies in the form of two former adversaries: high-ranking government official Yuu Tosaki, whose extensive research on Ajin gives him a tactical advantage in the fight against Satou, and Tosaki's Ajin assistant Izumi Shimomura. As his faction continues to gather allies, Kei races against time to put a stop to Satou's crusade before it brings about an end to civilization as he knows it.\n\n[Written by MAL Rewrite]","background":null,"season":"fall","year":2016,"broadcast":{"day":"Saturdays","time":"02:25","timezone":"Asia\/Tokyo","string":"Saturdays at 02:25 (JST)"},"producers":[{"mal_id":1143,"type":"anime","name":"TOHO animation","url":"https:\/\/myanimelist.net\/anime\/producer\/1143\/TOHO_animation"},{"mal_id":1344,"type":"anime","name":"King Records","url":"https:\/\/myanimelist.net\/anime\/producer\/1344\/King_Records"}],"licensors":[{"mal_id":376,"type":"anime","name":"Sentai Filmworks","url":"https:\/\/myanimelist.net\/anime\/producer\/376\/Sentai_Filmworks"}],"studios":[{"mal_id":1023,"type":"anime","name":"Polygon Pictures","url":"https:\/\/myanimelist.net\/anime\/producer\/1023\/Polygon_Pictures"}],"genres":[{"mal_id":1,"type":"anime","name":"Action","url":"https:\/\/myanimelist.net\/anime\/genre\/1\/Action"},{"mal_id":14,"type":"anime","name":"Horror","url":"https:\/\/myanimelist.net\/anime\/genre\/14\/Horror"},{"mal_id":7,"type":"anime","name":"Mystery","url":"https:\/\/myanimelist.net\/anime\/genre\/7\/Mystery"},{"mal_id":37,"type":"anime","name":"Supernatural","url":"https:\/\/myanimelist.net\/anime\/genre\/37\/Supernatural"}],"explicit_genres":[],"themes":[{"mal_id":58,"type":"anime","name":"Gore","url":"https:\/\/myanimelist.net\/anime\/genre\/58\/Gore"}],"demographics":[{"mal_id":42,"type":"anime","name":"Seinen","url":"https:\/\/myanimelist.net\/anime\/genre\/42\/Seinen"}],"relations":[{"relation":"Adaptation","entry":[{"mal_id":49865,"type":"manga","name":"Ajin","url":"https:\/\/myanimelist.net\/manga\/49865\/Ajin"}]},{"relation":"Alternative version","entry":[{"mal_id":30869,"type":"anime","name":"Ajin Part 2: Shoutotsu","url":"https:\/\/myanimelist.net\/anime\/30869\/Ajin_Part_2__Shoutotsu"},{"mal_id":30870,"type":"anime","name":"Ajin Part 3: Shougeki","url":"https:\/\/myanimelist.net\/anime\/30870\/Ajin_Part_3__Shougeki"}]},{"relation":"Prequel","entry":[{"mal_id":31580,"type":"anime","name":"Ajin","url":"https:\/\/myanimelist.net\/anime\/31580\/Ajin"}]},{"relation":"Side story","entry":[{"mal_id":32015,"type":"anime","name":"Ajin OVA","url":"https:\/\/myanimelist.net\/anime\/32015\/Ajin_OVA"},{"mal_id":36625,"type":"anime","name":"Ajin Part 2 OVA","url":"https:\/\/myanimelist.net\/anime\/36625\/Ajin_Part_2_OVA"}]}],"theme":{"openings":["1: \"Boku wa Boku de Atte (\u50d5\u306f\u50d5\u3067\u3042\u3063\u3066)\" by angela x fripSide","2: \"The end of escape\" by fripSide x angela"],"endings":["\"Koutei no Sumi ni Futari, Kaze ga Fuite Ima Nara Ieru ka na (\u6821\u5ead\u306e\u9685\u306b\u4e8c\u4eba\u3001\u98a8\u304c\u5439\u3044\u3066\u4eca\u306a\u3089\u8a00\u3048\u308b\u304b\u306a)\" by CreepHyp"]},"external":[{"name":"Official Site","url":"http:\/\/www.ajin.net\/tv2nd\/"},{"name":"AniDB","url":"https:\/\/anidb.net\/perl-bin\/animedb.pl?show=anime&aid=12111"},{"name":"ANN","url":"https:\/\/www.animenewsnetwork.com\/encyclopedia\/anime.php?id=18466"},{"name":"Wikipedia","url":"https:\/\/en.wikipedia.org\/wiki\/Ajin:_Demi-Human"}],"streaming":[{"name":"Netflix","url":"https:\/\/www.netflix.com\/"}]}}