{"data":{"mal_id":33338,"url":"https:\/\/myanimelist.net\/anime\/33338\/One_Piece__Heart_of_Gold","images":{"jpg":{"image_url":"https:\/\/cdn.myanimelist.net\/images\/anime\/1673\/120160.jpg","small_image_url":"https:\/\/cdn.myanimelist.net\/images\/anime\/1673\/120160t.jpg","large_image_url":"https:\/\/cdn.myanimelist.net\/images\/anime\/1673\/120160l.jpg"},"webp":{"image_url":"https:\/\/cdn.myanimelist.net\/images\/anime\/1673\/120160.webp","small_image_url":"https:\/\/cdn.myanimelist.net\/images\/anime\/1673\/120160t.webp","large_image_url":"https:\/\/cdn.myanimelist.net\/images\/anime\/1673\/120160l.webp"}},"trailer":{"youtube_id":null,"url":null,"embed_url":null,"images":{"image_url":null,"small_image_url":null,"medium_image_url":null,"large_image_url":null,"maximum_image_url":null}},"approved":true,"titles":[{"type":"Default","title":"One Piece: Heart of Gold"},{"type":"Japanese","title":"\u30ef\u30f3\u30d4\u30fc\u30b9 \uff5e\u30cf\u30fc\u30c8\u30aa\u30d6 \u30b4\u30fc\u30eb\u30c9\uff5e"},{"type":"English","title":"One Piece: Heart of Gold"}],"title":"One Piece: Heart of Gold","title_english":"One Piece: Heart of Gold","title_japanese":"\u30ef\u30f3\u30d4\u30fc\u30b9 \uff5e\u30cf\u30fc\u30c8\u30aa\u30d6 \u30b4\u30fc\u30eb\u30c9\uff5e","title_synonyms":[],"type":"Special","source":"Manga","episodes":1,"status":"Finished Airing","airing":false,"aired":{"from":"2016-07-16T00:00:00+00:00","to":null,"prop":{"from":{"day":16,"month":7,"year":2016},"to":{"day":null,"month":null,"year":null}},"string":"Jul 16, 2016"},"duration":"1 hr 44 min","rating":"PG-13 - Teens 13 or older","score":7.5,"scored_by":39473,"rank":1799,"popularity":2426,"members":73185,"favorites":49,"synopsis":"A girl named Olga is pursued by both the World Government and a man named Mad Treasure, as she is the only one who knows the location of the Pure Gold, a substance that can buy the entire world. Olga ends up sailing with the Straw Hat Pirates, and they journey to find the Pure Gold on the lost island of Alchemi, which is located inside the stomach of a large angler fish named Bonbori.\n\n(Source: IMDb)","background":null,"season":null,"year":null,"broadcast":{"day":null,"time":null,"timezone":null,"string":null},"producers":[],"licensors":[{"mal_id":102,"type":"anime","name":"Funimation","url":"https:\/\/myanimelist.net\/anime\/producer\/102\/Funimation"}],"studios":[{"mal_id":18,"type":"anime","name":"Toei Animation","url":"https:\/\/myanimelist.net\/anime\/producer\/18\/Toei_Animation"}],"genres":[{"mal_id":1,"type":"anime","name":"Action","url":"https:\/\/myanimelist.net\/anime\/genre\/1\/Action"},{"mal_id":2,"type":"anime","name":"Adventure","url":"https:\/\/myanimelist.net\/anime\/genre\/2\/Adventure"},{"mal_id":4,"type":"anime","name":"Comedy","url":"https:\/\/myanimelist.net\/anime\/genre\/4\/Comedy"},{"mal_id":8,"type":"anime","name":"Drama","url":"https:\/\/myanimelist.net\/anime\/genre\/8\/Drama"},{"mal_id":10,"type":"anime","name":"Fantasy","url":"https:\/\/myanimelist.net\/anime\/genre\/10\/Fantasy"}],"explicit_genres":[],"themes":[],"demographics":[{"mal_id":27,"type":"anime","name":"Shounen","url":"https:\/\/myanimelist.net\/anime\/genre\/27\/Shounen"}],"relations":[{"relation":"Parent story","entry":[{"mal_id":21,"type":"anime","name":"One Piece","url":"https:\/\/myanimelist.net\/anime\/21\/One_Piece"}]},{"relation":"Sequel","entry":[{"mal_id":31490,"type":"anime","name":"One Piece Film: Gold","url":"https:\/\/myanimelist.net\/anime\/31490\/One_Piece_Film__Gold"}]}],"theme":{"openings":[],"endings":["\"Destiny\" by Maki Ootsuki"]},"external":[{"name":"Official Site","url":"https:\/\/one-piece.com\/news\/detail\/20160523_3793\/"},{"name":"ANN","url":"https:\/\/www.animenewsnetwork.com\/encyclopedia\/anime.php?id=18559"}],"streaming":[{"name":"Crunchyroll","url":"http:\/\/www.crunchyroll.com\/series-257631"}]}}