{"data":{"mal_id":33354,"url":"https:\/\/myanimelist.net\/anime\/33354\/Cardcaptor_Sakura__Clear_Card-hen","images":{"jpg":{"image_url":"https:\/\/cdn.myanimelist.net\/images\/anime\/1467\/90338.jpg","small_image_url":"https:\/\/cdn.myanimelist.net\/images\/anime\/1467\/90338t.jpg","large_image_url":"https:\/\/cdn.myanimelist.net\/images\/anime\/1467\/90338l.jpg"},"webp":{"image_url":"https:\/\/cdn.myanimelist.net\/images\/anime\/1467\/90338.webp","small_image_url":"https:\/\/cdn.myanimelist.net\/images\/anime\/1467\/90338t.webp","large_image_url":"https:\/\/cdn.myanimelist.net\/images\/anime\/1467\/90338l.webp"}},"trailer":{"youtube_id":"HjdLsqei_aE","url":"https:\/\/www.youtube.com\/watch?v=HjdLsqei_aE","embed_url":"https:\/\/www.youtube.com\/embed\/HjdLsqei_aE?enablejsapi=1&wmode=opaque&autoplay=1","images":{"image_url":"https:\/\/img.youtube.com\/vi\/HjdLsqei_aE\/default.jpg","small_image_url":"https:\/\/img.youtube.com\/vi\/HjdLsqei_aE\/sddefault.jpg","medium_image_url":"https:\/\/img.youtube.com\/vi\/HjdLsqei_aE\/mqdefault.jpg","large_image_url":"https:\/\/img.youtube.com\/vi\/HjdLsqei_aE\/hqdefault.jpg","maximum_image_url":"https:\/\/img.youtube.com\/vi\/HjdLsqei_aE\/maxresdefault.jpg"}},"approved":true,"titles":[{"type":"Default","title":"Cardcaptor Sakura: Clear Card-hen"},{"type":"Synonym","title":"Cardcaptor Sakura: Clear Card-hen"},{"type":"Japanese","title":"\u30ab\u30fc\u30c9\u30ad\u30e3\u30d7\u30bf\u30fc\u3055\u304f\u3089 \u30af\u30ea\u30a2\u30ab\u30fc\u30c9\u7de8"},{"type":"English","title":"Cardcaptor Sakura: Clear Card"},{"type":"German","title":"Cardcaptor Sakura Clear Card"},{"type":"Spanish","title":"Cardcaptor Sakura Clear Card"},{"type":"French","title":"Cardcaptor Sakura: Clear Card"}],"title":"Cardcaptor Sakura: Clear Card-hen","title_english":"Cardcaptor Sakura: Clear Card","title_japanese":"\u30ab\u30fc\u30c9\u30ad\u30e3\u30d7\u30bf\u30fc\u3055\u304f\u3089 \u30af\u30ea\u30a2\u30ab\u30fc\u30c9\u7de8","title_synonyms":["Cardcaptor Sakura: Clear Card-hen"],"type":"TV","source":"Manga","episodes":22,"status":"Finished Airing","airing":false,"aired":{"from":"2018-01-07T00:00:00+00:00","to":"2018-06-10T00:00:00+00:00","prop":{"from":{"day":7,"month":1,"year":2018},"to":{"day":10,"month":6,"year":2018}},"string":"Jan 7, 2018 to Jun 10, 2018"},"duration":"25 min per ep","rating":"PG - Children","score":7.66,"scored_by":44766,"rank":1271,"popularity":1762,"members":119571,"favorites":656,"synopsis":"With all of the Clow Cards recaptured and changed into her own Sakura Cards, Sakura Kinomoto now enters her first year at Tomoeda Middle School. After her initial day of classes, Sakura reunites with her love Shaoran Li, who informs her that he is permanently moving back to Tomoeda. Much to her surprise, it even turns out that Shaoran will attend the same school and it seems as if Sakura's life is heading in all the right directions.\n\nHowever, when Sakura goes to sleep, she encounters in her dream a mysterious cloaked figure and finds herself surrounded by transparent cards. Waking up in fear, Sakura is shocked to see her dream has come true, with the Sakura Cards having turned clear. Continued dreamlike encounters with the unknown enemy and her gaining a new magical key sets the stage for Cardcaptor Sakura's latest adventure!\n\n[Written by MAL Rewrite]","background":null,"season":"winter","year":2018,"broadcast":{"day":"Sundays","time":"07:30","timezone":"Asia\/Tokyo","string":"Sundays at 07:30 (JST)"},"producers":[{"mal_id":111,"type":"anime","name":"NHK","url":"https:\/\/myanimelist.net\/anime\/producer\/111\/NHK"},{"mal_id":159,"type":"anime","name":"Kodansha","url":"https:\/\/myanimelist.net\/anime\/producer\/159\/Kodansha"},{"mal_id":1797,"type":"anime","name":"NHK Enterprises","url":"https:\/\/myanimelist.net\/anime\/producer\/1797\/NHK_Enterprises"}],"licensors":[{"mal_id":102,"type":"anime","name":"Funimation","url":"https:\/\/myanimelist.net\/anime\/producer\/102\/Funimation"}],"studios":[{"mal_id":11,"type":"anime","name":"Madhouse","url":"https:\/\/myanimelist.net\/anime\/producer\/11\/Madhouse"}],"genres":[{"mal_id":2,"type":"anime","name":"Adventure","url":"https:\/\/myanimelist.net\/anime\/genre\/2\/Adventure"},{"mal_id":4,"type":"anime","name":"Comedy","url":"https:\/\/myanimelist.net\/anime\/genre\/4\/Comedy"},{"mal_id":10,"type":"anime","name":"Fantasy","url":"https:\/\/myanimelist.net\/anime\/genre\/10\/Fantasy"},{"mal_id":22,"type":"anime","name":"Romance","url":"https:\/\/myanimelist.net\/anime\/genre\/22\/Romance"}],"explicit_genres":[],"themes":[{"mal_id":66,"type":"anime","name":"Mahou Shoujo","url":"https:\/\/myanimelist.net\/anime\/genre\/66\/Mahou_Shoujo"}],"demographics":[{"mal_id":25,"type":"anime","name":"Shoujo","url":"https:\/\/myanimelist.net\/anime\/genre\/25\/Shoujo"}],"relations":[{"relation":"Adaptation","entry":[{"mal_id":98374,"type":"manga","name":"Cardcaptor Sakura: Clear Card-hen","url":"https:\/\/myanimelist.net\/manga\/98374\/Cardcaptor_Sakura__Clear_Card-hen"}]},{"relation":"Prequel","entry":[{"mal_id":372,"type":"anime","name":"Cardcaptor Sakura Movie 2: Fuuin Sareta Card","url":"https:\/\/myanimelist.net\/anime\/372\/Cardcaptor_Sakura_Movie_2__Fuuin_Sareta_Card"},{"mal_id":35320,"type":"anime","name":"Cardcaptor Sakura: Clear Card-hen Prologue - Sakura to Futatsu no Kuma","url":"https:\/\/myanimelist.net\/anime\/35320\/Cardcaptor_Sakura__Clear_Card-hen_Prologue_-_Sakura_to_Futatsu_no_Kuma"}]},{"relation":"Summary","entry":[{"mal_id":37595,"type":"anime","name":"Cardcaptor Sakura: Clear Card-hen Recap","url":"https:\/\/myanimelist.net\/anime\/37595\/Cardcaptor_Sakura__Clear_Card-hen_Recap"}]},{"relation":"Sequel","entry":[{"mal_id":54916,"type":"anime","name":"Cardcaptor Sakura: Clear Card-hen (Zoku-hen)","url":"https:\/\/myanimelist.net\/anime\/54916\/Cardcaptor_Sakura__Clear_Card-hen_Zoku-hen"}]}],"theme":{"openings":["1: \"CLEAR\" by Maaya Sakamoto (eps 1-12)","2: \"Rocket Beat (\u30ed\u30b1\u30c3\u30c8\u30d3\u30fc\u30c8)\" by Kiyono Yasuno (eps 13-22)"],"endings":["1: \"Jewelry\" by Saori Hayami","2: \"Rewind (\u30ea\u30ef\u30a4\u30f3\u30c9)\" by Minori Suzuki"]},"external":[{"name":"Official Site","url":"http:\/\/www.nhk.or.jp\/anime\/ccsakura\/"},{"name":"AniDB","url":"https:\/\/anidb.net\/perl-bin\/animedb.pl?show=anime&aid=12140"},{"name":"ANN","url":"https:\/\/www.animenewsnetwork.com\/encyclopedia\/anime.php?id=19487"},{"name":"Wikipedia","url":"https:\/\/en.wikipedia.org\/wiki\/Cardcaptor_Sakura:_Clear_Card#Anime"}],"streaming":[{"name":"Crunchyroll","url":"http:\/\/www.crunchyroll.com\/series-275169"},{"name":"Funimation","url":"https:\/\/www.funimation.com\/shows\/cardcaptor-sakura-clear-card"},{"name":"Netflix","url":"https:\/\/www.netflix.com\/"}]}}