{"data":{"mal_id":33350,"url":"https:\/\/myanimelist.net\/anime\/33350\/Zhen_Hun_Jie","images":{"jpg":{"image_url":"https:\/\/cdn.myanimelist.net\/images\/anime\/4\/81969.jpg","small_image_url":"https:\/\/cdn.myanimelist.net\/images\/anime\/4\/81969t.jpg","large_image_url":"https:\/\/cdn.myanimelist.net\/images\/anime\/4\/81969l.jpg"},"webp":{"image_url":"https:\/\/cdn.myanimelist.net\/images\/anime\/4\/81969.webp","small_image_url":"https:\/\/cdn.myanimelist.net\/images\/anime\/4\/81969t.webp","large_image_url":"https:\/\/cdn.myanimelist.net\/images\/anime\/4\/81969l.webp"}},"trailer":{"youtube_id":null,"url":null,"embed_url":null,"images":{"image_url":null,"small_image_url":null,"medium_image_url":null,"large_image_url":null,"maximum_image_url":null}},"approved":true,"titles":[{"type":"Default","title":"Zhen Hun Jie"},{"type":"Synonym","title":"Requiem Street"},{"type":"Japanese","title":"\u9547\u9b42\u8857"},{"type":"English","title":"Rakshasa Street"}],"title":"Zhen Hun Jie","title_english":"Rakshasa Street","title_japanese":"\u9547\u9b42\u8857","title_synonyms":["Requiem Street"],"type":"ONA","source":"Manga","episodes":24,"status":"Finished Airing","airing":false,"aired":{"from":"2016-04-28T00:00:00+00:00","to":"2016-10-20T00:00:00+00:00","prop":{"from":{"day":28,"month":4,"year":2016},"to":{"day":20,"month":10,"year":2016}},"string":"Apr 28, 2016 to Oct 20, 2016"},"duration":"14 min per ep","rating":"PG-13 - Teens 13 or older","score":7.49,"scored_by":7254,"rank":1826,"popularity":3113,"members":46776,"favorites":213,"synopsis":"Based on the Chinese manhua. Requiem Street, where evil spirits are attracted to in order to destroy them. A place where spirits and humans co-exist, not all humans can enter Requiem Street. Only those rare-soul users with guardian spirits can enter. Xia Ling was just a normal university intern, but a meeting by chance changes her ordinary life... In this world full of evil spirits, can you cooperate with your guardian spirit in order to survive? \n\n(Source: MU)","background":null,"season":null,"year":null,"broadcast":{"day":null,"time":null,"timezone":null,"string":null},"producers":[{"mal_id":1431,"type":"anime","name":"Yaoqi","url":"https:\/\/myanimelist.net\/anime\/producer\/1431\/Yaoqi"}],"licensors":[],"studios":[{"mal_id":1268,"type":"anime","name":"L\u00b2Studio","url":"https:\/\/myanimelist.net\/anime\/producer\/1268\/L%C2%B2Studio"}],"genres":[{"mal_id":1,"type":"anime","name":"Action","url":"https:\/\/myanimelist.net\/anime\/genre\/1\/Action"},{"mal_id":37,"type":"anime","name":"Supernatural","url":"https:\/\/myanimelist.net\/anime\/genre\/37\/Supernatural"}],"explicit_genres":[],"themes":[],"demographics":[],"relations":[{"relation":"Adaptation","entry":[{"mal_id":25588,"type":"manga","name":"Rakshasa Street","url":"https:\/\/myanimelist.net\/manga\/25588\/Rakshasa_Street"}]},{"relation":"Sequel","entry":[{"mal_id":40733,"type":"anime","name":"Zhen Hun Jie: Bei Luo Shi Men Pian Part 1","url":"https:\/\/myanimelist.net\/anime\/40733\/Zhen_Hun_Jie__Bei_Luo_Shi_Men_Pian_Part_1"}]},{"relation":"Character","entry":[{"mal_id":44101,"type":"anime","name":"You Yao Qi Xia Ri Guanggao Pian","url":"https:\/\/myanimelist.net\/anime\/44101\/You_Yao_Qi_Xia_Ri_Guanggao_Pian"}]}],"theme":{"openings":["\"I Don't Want to Go Back\" by NZBZ (eps 1-24)"],"endings":["1: \"Bu Yuan Hui Tou (\u4e0d\u613f\u56de\u5934)\" by NZBZ (\u5357\u5f81\u5317\u6218) (eps 1, 3, 5, 7)","2: \"Deng Dai (\u7b49\u5f85)\" by Isabelle (\u9ec4\u9f84) (eps 2, 4, 6)"]},"external":[{"name":"Wikipedia","url":"https:\/\/zh.wikipedia.org\/wiki\/%E9%95%87%E9%AD%82%E8%A1%97#.E5.8A.A8.E7.94.BB"}],"streaming":[]}}