{"data":{"mal_id":33378,"url":"https:\/\/myanimelist.net\/anime\/33378\/Haikara-san_ga_Tooru_Movie_1__Benio_Hana_no_17-sai","images":{"jpg":{"image_url":"https:\/\/cdn.myanimelist.net\/images\/anime\/1061\/93069.jpg","small_image_url":"https:\/\/cdn.myanimelist.net\/images\/anime\/1061\/93069t.jpg","large_image_url":"https:\/\/cdn.myanimelist.net\/images\/anime\/1061\/93069l.jpg"},"webp":{"image_url":"https:\/\/cdn.myanimelist.net\/images\/anime\/1061\/93069.webp","small_image_url":"https:\/\/cdn.myanimelist.net\/images\/anime\/1061\/93069t.webp","large_image_url":"https:\/\/cdn.myanimelist.net\/images\/anime\/1061\/93069l.webp"}},"trailer":{"youtube_id":"IuSjXWGXLYQ","url":"https:\/\/www.youtube.com\/watch?v=IuSjXWGXLYQ","embed_url":"https:\/\/www.youtube.com\/embed\/IuSjXWGXLYQ?enablejsapi=1&wmode=opaque&autoplay=1","images":{"image_url":"https:\/\/img.youtube.com\/vi\/IuSjXWGXLYQ\/default.jpg","small_image_url":"https:\/\/img.youtube.com\/vi\/IuSjXWGXLYQ\/sddefault.jpg","medium_image_url":"https:\/\/img.youtube.com\/vi\/IuSjXWGXLYQ\/mqdefault.jpg","large_image_url":"https:\/\/img.youtube.com\/vi\/IuSjXWGXLYQ\/hqdefault.jpg","maximum_image_url":"https:\/\/img.youtube.com\/vi\/IuSjXWGXLYQ\/maxresdefault.jpg"}},"approved":true,"titles":[{"type":"Default","title":"Haikara-san ga Tooru Movie 1: Benio, Hana no 17-sai"},{"type":"Synonym","title":"Gekijouban Haikara-san ga Tooru Zenpen"},{"type":"Synonym","title":"Smart-san"},{"type":"Synonym","title":"Mademoiselle Anne"},{"type":"Synonym","title":"There Goes the Modern Girl"},{"type":"Synonym","title":"Here Comes a Dandy"},{"type":"Japanese","title":"\u5287\u5834\u7248 \u306f\u3044\u304b\u3089\u3055\u3093\u304c\u901a\u308b \u524d\u7de8 \uff5e\u7d05\u7dd2\u3001\u82b1\u306e17\u6b73\uff5e"},{"type":"English","title":"Haikara-san: Here Comes Miss Modern"}],"title":"Haikara-san ga Tooru Movie 1: Benio, Hana no 17-sai","title_english":"Haikara-san: Here Comes Miss Modern","title_japanese":"\u5287\u5834\u7248 \u306f\u3044\u304b\u3089\u3055\u3093\u304c\u901a\u308b \u524d\u7de8 \uff5e\u7d05\u7dd2\u3001\u82b1\u306e17\u6b73\uff5e","title_synonyms":["Gekijouban Haikara-san ga Tooru Zenpen","Smart-san","Mademoiselle Anne","There Goes the Modern Girl","Here Comes a Dandy"],"type":"Movie","source":"Manga","episodes":1,"status":"Finished Airing","airing":false,"aired":{"from":"2017-11-11T00:00:00+00:00","to":null,"prop":{"from":{"day":11,"month":11,"year":2017},"to":{"day":null,"month":null,"year":null}},"string":"Nov 11, 2017"},"duration":"1 hr 37 min","rating":"PG-13 - Teens 13 or older","score":7.49,"scored_by":8110,"rank":1839,"popularity":4123,"members":26908,"favorites":95,"synopsis":"The story follows Benio \"Haikara-san\" Hanamura, who lost her mother when she was very young and has been raised by her father, a high-ranking official in the Japanese army. As a result, she has grown into a tomboy\u2014contrary to traditional Japanese notions of femininity, she studies kendo, drinks sake, dresses in often outlandish-looking Western fashions instead of the traditional kimono, and is not as interested in housework as she is in literature. She also rejects the idea of arranged marriages and believes in a woman's right to a career and to marry for love.\n\n(Source: ANN)","background":null,"season":null,"year":null,"broadcast":{"day":null,"time":null,"timezone":null,"string":null},"producers":[{"mal_id":159,"type":"anime","name":"Kodansha","url":"https:\/\/myanimelist.net\/anime\/producer\/159\/Kodansha"},{"mal_id":415,"type":"anime","name":"Warner Bros. Japan","url":"https:\/\/myanimelist.net\/anime\/producer\/415\/Warner_Bros_Japan"},{"mal_id":460,"type":"anime","name":"KlockWorx","url":"https:\/\/myanimelist.net\/anime\/producer\/460\/KlockWorx"},{"mal_id":1211,"type":"anime","name":"Tokyo MX","url":"https:\/\/myanimelist.net\/anime\/producer\/1211\/Tokyo_MX"},{"mal_id":1318,"type":"anime","name":"Asahi Shimbun","url":"https:\/\/myanimelist.net\/anime\/producer\/1318\/Asahi_Shimbun"}],"licensors":[{"mal_id":531,"type":"anime","name":"Eleven Arts","url":"https:\/\/myanimelist.net\/anime\/producer\/531\/Eleven_Arts"}],"studios":[{"mal_id":22,"type":"anime","name":"Nippon Animation","url":"https:\/\/myanimelist.net\/anime\/producer\/22\/Nippon_Animation"}],"genres":[{"mal_id":4,"type":"anime","name":"Comedy","url":"https:\/\/myanimelist.net\/anime\/genre\/4\/Comedy"},{"mal_id":22,"type":"anime","name":"Romance","url":"https:\/\/myanimelist.net\/anime\/genre\/22\/Romance"}],"explicit_genres":[],"themes":[{"mal_id":13,"type":"anime","name":"Historical","url":"https:\/\/myanimelist.net\/anime\/genre\/13\/Historical"}],"demographics":[{"mal_id":25,"type":"anime","name":"Shoujo","url":"https:\/\/myanimelist.net\/anime\/genre\/25\/Shoujo"}],"relations":[{"relation":"Adaptation","entry":[{"mal_id":1567,"type":"manga","name":"Haikara-san ga Tooru","url":"https:\/\/myanimelist.net\/manga\/1567\/Haikara-san_ga_Tooru"}]},{"relation":"Alternative version","entry":[{"mal_id":3335,"type":"anime","name":"Haikara-san ga Tooru","url":"https:\/\/myanimelist.net\/anime\/3335\/Haikara-san_ga_Tooru"}]},{"relation":"Sequel","entry":[{"mal_id":35228,"type":"anime","name":"Haikara-san ga Tooru Movie 2: Hana no Tokyo Dai Roman","url":"https:\/\/myanimelist.net\/anime\/35228\/Haikara-san_ga_Tooru_Movie_2__Hana_no_Tokyo_Dai_Roman"}]}],"theme":{"openings":[],"endings":["\"Yume no Hate made (\u5922\u306e\u679c\u3066\u307e\u3067)\" by Saori Hayami"]},"external":[{"name":"Official Site","url":"http:\/\/haikarasan.net\/"},{"name":"AniDB","url":"https:\/\/anidb.net\/perl-bin\/animedb.pl?show=anime&aid=12149"},{"name":"ANN","url":"https:\/\/www.animenewsnetwork.com\/encyclopedia\/anime.php?id=18851"},{"name":"Wikipedia","url":"https:\/\/en.wikipedia.org\/wiki\/Haikara-san_ga_T%C5%8Dru"}],"streaming":[]}}