{"data":{"mal_id":33490,"url":"https:\/\/myanimelist.net\/anime\/33490\/Kaitou_Joker_4th_Season","images":{"jpg":{"image_url":"https:\/\/cdn.myanimelist.net\/images\/anime\/13\/80551.jpg","small_image_url":"https:\/\/cdn.myanimelist.net\/images\/anime\/13\/80551t.jpg","large_image_url":"https:\/\/cdn.myanimelist.net\/images\/anime\/13\/80551l.jpg"},"webp":{"image_url":"https:\/\/cdn.myanimelist.net\/images\/anime\/13\/80551.webp","small_image_url":"https:\/\/cdn.myanimelist.net\/images\/anime\/13\/80551t.webp","large_image_url":"https:\/\/cdn.myanimelist.net\/images\/anime\/13\/80551l.webp"}},"trailer":{"youtube_id":"C0gCX45MzA4","url":"https:\/\/www.youtube.com\/watch?v=C0gCX45MzA4","embed_url":"https:\/\/www.youtube.com\/embed\/C0gCX45MzA4?enablejsapi=1&wmode=opaque&autoplay=1","images":{"image_url":"https:\/\/img.youtube.com\/vi\/C0gCX45MzA4\/default.jpg","small_image_url":"https:\/\/img.youtube.com\/vi\/C0gCX45MzA4\/sddefault.jpg","medium_image_url":"https:\/\/img.youtube.com\/vi\/C0gCX45MzA4\/mqdefault.jpg","large_image_url":"https:\/\/img.youtube.com\/vi\/C0gCX45MzA4\/hqdefault.jpg","maximum_image_url":"https:\/\/img.youtube.com\/vi\/C0gCX45MzA4\/maxresdefault.jpg"}},"approved":true,"titles":[{"type":"Default","title":"Kaitou Joker 4th Season"},{"type":"Synonym","title":"Mysterious Joker 4"},{"type":"Japanese","title":"\u602a\u76d7\u30b8\u30e7\u30fc\u30ab\u30fc \u30b7\u30fc\u30ba\u30f3"},{"type":"English","title":"JOKER 4th Season"}],"title":"Kaitou Joker 4th Season","title_english":"JOKER 4th Season","title_japanese":"\u602a\u76d7\u30b8\u30e7\u30fc\u30ab\u30fc \u30b7\u30fc\u30ba\u30f3","title_synonyms":["Mysterious Joker 4"],"type":"TV","source":"Manga","episodes":13,"status":"Finished Airing","airing":false,"aired":{"from":"2016-10-03T00:00:00+00:00","to":"2016-12-26T00:00:00+00:00","prop":{"from":{"day":3,"month":10,"year":2016},"to":{"day":26,"month":12,"year":2016}},"string":"Oct 3, 2016 to Dec 26, 2016"},"duration":"24 min per ep","rating":"PG - Children","score":7.33,"scored_by":1848,"rank":2473,"popularity":8591,"members":4403,"favorites":26,"synopsis":"Fourth season in the Kaitou Joker anime series.\n\nThe thief Mysterious Joker doesn't just steal things. An audacious and elusive miracle-maker, he travels the world searching for treasure with his partner and cook Hachi. As they circle the globe, they must avoid traps set by the police and compete in various competitions to reach their final goal, the Timeslip Treasure.\n\n(Source: ANN)","background":null,"season":"fall","year":2016,"broadcast":{"day":"Mondays","time":"19:00","timezone":"Asia\/Tokyo","string":"Mondays at 19:00 (JST)"},"producers":[{"mal_id":62,"type":"anime","name":"Shogakukan-Shueisha Productions","url":"https:\/\/myanimelist.net\/anime\/producer\/62\/Shogakukan-Shueisha_Productions"},{"mal_id":136,"type":"anime","name":"Vega Entertainment","url":"https:\/\/myanimelist.net\/anime\/producer\/136\/Vega_Entertainment"},{"mal_id":142,"type":"anime","name":"Asatsu DK","url":"https:\/\/myanimelist.net\/anime\/producer\/142\/Asatsu_DK"},{"mal_id":158,"type":"anime","name":"Kids Station","url":"https:\/\/myanimelist.net\/anime\/producer\/158\/Kids_Station"},{"mal_id":164,"type":"anime","name":"d-rights","url":"https:\/\/myanimelist.net\/anime\/producer\/164\/d-rights"},{"mal_id":1211,"type":"anime","name":"Tokyo MX","url":"https:\/\/myanimelist.net\/anime\/producer\/1211\/Tokyo_MX"}],"licensors":[],"studios":[{"mal_id":247,"type":"anime","name":"Shin-Ei Animation","url":"https:\/\/myanimelist.net\/anime\/producer\/247\/Shin-Ei_Animation"}],"genres":[{"mal_id":2,"type":"anime","name":"Adventure","url":"https:\/\/myanimelist.net\/anime\/genre\/2\/Adventure"},{"mal_id":4,"type":"anime","name":"Comedy","url":"https:\/\/myanimelist.net\/anime\/genre\/4\/Comedy"},{"mal_id":7,"type":"anime","name":"Mystery","url":"https:\/\/myanimelist.net\/anime\/genre\/7\/Mystery"}],"explicit_genres":[],"themes":[],"demographics":[{"mal_id":15,"type":"anime","name":"Kids","url":"https:\/\/myanimelist.net\/anime\/genre\/15\/Kids"}],"relations":[{"relation":"Adaptation","entry":[{"mal_id":74267,"type":"manga","name":"Kaitou Joker","url":"https:\/\/myanimelist.net\/manga\/74267\/Kaitou_Joker"}]},{"relation":"Prequel","entry":[{"mal_id":31670,"type":"anime","name":"Kaitou Joker 3rd Season","url":"https:\/\/myanimelist.net\/anime\/31670\/Kaitou_Joker_3rd_Season"}]}],"theme":{"openings":["\"Kaitou Miracle Shounen Boy 2 (\u602a\u76d7\u30df\u30e9\u30af\u30eb\u5c11\u5e74\u30dc\u30fc\u30a42)\" by Arukara (\u30a2\u30eb\u30ab\u30e9)"],"endings":["\"Kagayaku Yoru e Youkoso! (\u8f1d\u304f\u591c\u3078\u3088\u3046\u3053\u305d\uff01)\" by Fuki Commune"]},"external":[{"name":"Official Site","url":"http:\/\/s.mxtv.jp\/joker\/"},{"name":"AniDB","url":"https:\/\/anidb.net\/perl-bin\/animedb.pl?show=anime&aid=12237"},{"name":"ANN","url":"https:\/\/www.animenewsnetwork.com\/encyclopedia\/anime.php?id=18716"},{"name":"Wikipedia","url":"https:\/\/en.wikipedia.org\/wiki\/Mysterious_Joker"}],"streaming":[]}}