{"data":{"mal_id":33506,"url":"https:\/\/myanimelist.net\/anime\/33506\/Ao_no_Exorcist__Kyoto_Fujouou-hen","images":{"jpg":{"image_url":"https:\/\/cdn.myanimelist.net\/images\/anime\/5\/85201.jpg","small_image_url":"https:\/\/cdn.myanimelist.net\/images\/anime\/5\/85201t.jpg","large_image_url":"https:\/\/cdn.myanimelist.net\/images\/anime\/5\/85201l.jpg"},"webp":{"image_url":"https:\/\/cdn.myanimelist.net\/images\/anime\/5\/85201.webp","small_image_url":"https:\/\/cdn.myanimelist.net\/images\/anime\/5\/85201t.webp","large_image_url":"https:\/\/cdn.myanimelist.net\/images\/anime\/5\/85201l.webp"}},"trailer":{"youtube_id":"IV6BY5w9b9o","url":"https:\/\/www.youtube.com\/watch?v=IV6BY5w9b9o","embed_url":"https:\/\/www.youtube.com\/embed\/IV6BY5w9b9o?enablejsapi=1&wmode=opaque&autoplay=1","images":{"image_url":"https:\/\/img.youtube.com\/vi\/IV6BY5w9b9o\/default.jpg","small_image_url":"https:\/\/img.youtube.com\/vi\/IV6BY5w9b9o\/sddefault.jpg","medium_image_url":"https:\/\/img.youtube.com\/vi\/IV6BY5w9b9o\/mqdefault.jpg","large_image_url":"https:\/\/img.youtube.com\/vi\/IV6BY5w9b9o\/hqdefault.jpg","maximum_image_url":"https:\/\/img.youtube.com\/vi\/IV6BY5w9b9o\/maxresdefault.jpg"}},"approved":true,"titles":[{"type":"Default","title":"Ao no Exorcist: Kyoto Fujouou-hen"},{"type":"Synonym","title":"Blue Exorcist: Kyoto Impure King Arc"},{"type":"Japanese","title":"\u9752\u306e\u7953\u9b54\u5e2b \u4eac\u90fd\u4e0d\u6d44\u738b\u7bc7"},{"type":"English","title":"Blue Exorcist: Kyoto Saga"},{"type":"German","title":"Blue Exorcist: Kyoto Saga"},{"type":"Spanish","title":"Blue Exorcist: Kyoto Saga"},{"type":"French","title":"Blue Exorcist: Kyoto Saga"}],"title":"Ao no Exorcist: Kyoto Fujouou-hen","title_english":"Blue Exorcist: Kyoto Saga","title_japanese":"\u9752\u306e\u7953\u9b54\u5e2b \u4eac\u90fd\u4e0d\u6d44\u738b\u7bc7","title_synonyms":["Blue Exorcist: Kyoto Impure King Arc"],"type":"TV","source":"Manga","episodes":12,"status":"Finished Airing","airing":false,"aired":{"from":"2017-01-07T00:00:00+00:00","to":"2017-03-25T00:00:00+00:00","prop":{"from":{"day":7,"month":1,"year":2017},"to":{"day":25,"month":3,"year":2017}},"string":"Jan 7, 2017 to Mar 25, 2017"},"duration":"24 min per ep","rating":"PG-13 - Teens 13 or older","score":7.35,"scored_by":401283,"rank":2370,"popularity":249,"members":741439,"favorites":1585,"synopsis":"The ExWire of True Cross Academy are beset with shock and fear in the aftermath of discovering that one of their own classmates, Rin Okumura, is the son of Satan. But for the moment, they have more pressing concerns than that of Rin's parentage: the left eye of the Impure King, a powerful demon, has been stolen from the academy's Deep Keep. After an attempt is made to steal the right eye in Kyoto as well, Rin and the other ExWires are sent to investigate the mystery behind the Impure King and the ultimate goal of the thief.\n\nWhile this mission has them cooperating for the time being, Rin has never felt more distant from his fellow exorcists. In his attempt to reconcile with them, he undergoes specialized training to control his dark power. However, when the right eye is stolen not long after their arrival, the unthinkable threat of a traitor amongst them leaves them in need of all the power they can get.\n\n[Written by MAL Rewrite]","background":"The adaptation starts at volume 5 and ends at volume 9, chapter 34 of the manga.","season":"winter","year":2017,"broadcast":{"day":"Saturdays","time":"01:55","timezone":"Asia\/Tokyo","string":"Saturdays at 01:55 (JST)"},"producers":[{"mal_id":17,"type":"anime","name":"Aniplex","url":"https:\/\/myanimelist.net\/anime\/producer\/17\/Aniplex"},{"mal_id":53,"type":"anime","name":"Dentsu","url":"https:\/\/myanimelist.net\/anime\/producer\/53\/Dentsu"},{"mal_id":143,"type":"anime","name":"Mainichi Broadcasting System","url":"https:\/\/myanimelist.net\/anime\/producer\/143\/Mainichi_Broadcasting_System"},{"mal_id":166,"type":"anime","name":"Movic","url":"https:\/\/myanimelist.net\/anime\/producer\/166\/Movic"},{"mal_id":1365,"type":"anime","name":"Shueisha","url":"https:\/\/myanimelist.net\/anime\/producer\/1365\/Shueisha"}],"licensors":[{"mal_id":493,"type":"anime","name":"Aniplex of America","url":"https:\/\/myanimelist.net\/anime\/producer\/493\/Aniplex_of_America"}],"studios":[{"mal_id":56,"type":"anime","name":"A-1 Pictures","url":"https:\/\/myanimelist.net\/anime\/producer\/56\/A-1_Pictures"}],"genres":[{"mal_id":1,"type":"anime","name":"Action","url":"https:\/\/myanimelist.net\/anime\/genre\/1\/Action"},{"mal_id":10,"type":"anime","name":"Fantasy","url":"https:\/\/myanimelist.net\/anime\/genre\/10\/Fantasy"}],"explicit_genres":[],"themes":[{"mal_id":6,"type":"anime","name":"Mythology","url":"https:\/\/myanimelist.net\/anime\/genre\/6\/Mythology"},{"mal_id":23,"type":"anime","name":"School","url":"https:\/\/myanimelist.net\/anime\/genre\/23\/School"}],"demographics":[{"mal_id":27,"type":"anime","name":"Shounen","url":"https:\/\/myanimelist.net\/anime\/genre\/27\/Shounen"}],"relations":[{"relation":"Adaptation","entry":[{"mal_id":13492,"type":"manga","name":"Ao no Exorcist","url":"https:\/\/myanimelist.net\/manga\/13492\/Ao_no_Exorcist"}]},{"relation":"Prequel","entry":[{"mal_id":9919,"type":"anime","name":"Ao no Exorcist","url":"https:\/\/myanimelist.net\/anime\/9919\/Ao_no_Exorcist"}]},{"relation":"Side story","entry":[{"mal_id":34465,"type":"anime","name":"Ao no Exorcist: Kyoto Fujouou-hen OVA","url":"https:\/\/myanimelist.net\/anime\/34465\/Ao_no_Exorcist__Kyoto_Fujouou-hen_OVA"}]},{"relation":"Sequel","entry":[{"mal_id":53889,"type":"anime","name":"Ao no Exorcist: Shimane Illuminati-hen","url":"https:\/\/myanimelist.net\/anime\/53889\/Ao_no_Exorcist__Shimane_Illuminati-hen"}]}],"theme":{"openings":["\"Itteki no Eikyou (\u4e00\u6ef4\u306e\u5f71\u97ff)\" by UVERworld (eps 2-12)"],"endings":["1: \"Itteki no Eikyou (\u4e00\u6ef4\u306e\u5f71\u97ff)\" by UVERworld (eps 1)","2: \"Kono Te de (\u30b3\u30ce\u624b\u30c7)\" by Rin Akatsuki (eps 2-10,12)"]},"external":[{"name":"Official Site","url":"https:\/\/www.ao-ex.com\/tv2017\/"},{"name":"AniDB","url":"https:\/\/anidb.net\/perl-bin\/animedb.pl?show=anime&aid=12240"},{"name":"ANN","url":"https:\/\/www.animenewsnetwork.com\/encyclopedia\/anime.php?id=18528"},{"name":"Wikipedia","url":"https:\/\/en.wikipedia.org\/wiki\/Blue_Exorcist#Anime"}],"streaming":[{"name":"Crunchyroll","url":"http:\/\/www.crunchyroll.com\/series-226293"}]}}