{"data":{"mal_id":33513,"url":"https:\/\/myanimelist.net\/anime\/33513\/Ansatsu_Kyoushitsu__365-nichi_no_Jikan","images":{"jpg":{"image_url":"https:\/\/cdn.myanimelist.net\/images\/anime\/4\/84834.jpg","small_image_url":"https:\/\/cdn.myanimelist.net\/images\/anime\/4\/84834t.jpg","large_image_url":"https:\/\/cdn.myanimelist.net\/images\/anime\/4\/84834l.jpg"},"webp":{"image_url":"https:\/\/cdn.myanimelist.net\/images\/anime\/4\/84834.webp","small_image_url":"https:\/\/cdn.myanimelist.net\/images\/anime\/4\/84834t.webp","large_image_url":"https:\/\/cdn.myanimelist.net\/images\/anime\/4\/84834l.webp"}},"trailer":{"youtube_id":"_5phupyioqQ","url":"https:\/\/www.youtube.com\/watch?v=_5phupyioqQ","embed_url":"https:\/\/www.youtube.com\/embed\/_5phupyioqQ?enablejsapi=1&wmode=opaque&autoplay=1","images":{"image_url":"https:\/\/img.youtube.com\/vi\/_5phupyioqQ\/default.jpg","small_image_url":"https:\/\/img.youtube.com\/vi\/_5phupyioqQ\/sddefault.jpg","medium_image_url":"https:\/\/img.youtube.com\/vi\/_5phupyioqQ\/mqdefault.jpg","large_image_url":"https:\/\/img.youtube.com\/vi\/_5phupyioqQ\/hqdefault.jpg","maximum_image_url":"https:\/\/img.youtube.com\/vi\/_5phupyioqQ\/maxresdefault.jpg"}},"approved":true,"titles":[{"type":"Default","title":"Ansatsu Kyoushitsu: 365-nichi no Jikan"},{"type":"Japanese","title":"\u5287\u5834\u7248 \u6697\u6bba\u6559\u5ba4 365\u65e5\u306e\u6642\u9593"},{"type":"English","title":"Assassination Classroom The Movie: 365 Days' Time"},{"type":"German","title":"Assassination Classroom 365 Days"},{"type":"French","title":"Assassination Classroom Le Film : J-365"}],"title":"Ansatsu Kyoushitsu: 365-nichi no Jikan","title_english":"Assassination Classroom The Movie: 365 Days' Time","title_japanese":"\u5287\u5834\u7248 \u6697\u6bba\u6559\u5ba4 365\u65e5\u306e\u6642\u9593","title_synonyms":[],"type":"Movie","source":"Manga","episodes":1,"status":"Finished Airing","airing":false,"aired":{"from":"2016-11-19T00:00:00+00:00","to":null,"prop":{"from":{"day":19,"month":11,"year":2016},"to":{"day":null,"month":null,"year":null}},"string":"Nov 19, 2016"},"duration":"1 hr 32 min","rating":"PG-13 - Teens 13 or older","score":7.35,"scored_by":49510,"rank":2370,"popularity":1789,"members":117430,"favorites":186,"synopsis":"A year can change a person's life forever. The 365 days Class 3-E of Kunugigaoka Junior High spent with their eccentric teacher, Koro-sensei, certainly did. Carrying the memories of that year close to their hearts, alumni Nagisa Shiota and Karma Akabane return to their former classroom to recall the events of that momentous time of their lives.\n\nNagisa and Karma are reminded by the familiar rooms, desks, chalkboard, and the class album of the events that shaped them into \"assassins\" and prepared them for the real world. That is the legacy of their octopus-like teacher\u2014who had introduced himself by threatening to destroy the world if they didn't kill him by the end of the school year\u2014and the time spent in the bizarre yet exceptional \"Assassination Classroom.\"\n\n[Written by MAL Rewrite]","background":null,"season":null,"year":null,"broadcast":{"day":null,"time":null,"timezone":null,"string":null},"producers":[],"licensors":[{"mal_id":102,"type":"anime","name":"Funimation","url":"https:\/\/myanimelist.net\/anime\/producer\/102\/Funimation"}],"studios":[{"mal_id":456,"type":"anime","name":"Lerche","url":"https:\/\/myanimelist.net\/anime\/producer\/456\/Lerche"}],"genres":[{"mal_id":1,"type":"anime","name":"Action","url":"https:\/\/myanimelist.net\/anime\/genre\/1\/Action"},{"mal_id":4,"type":"anime","name":"Comedy","url":"https:\/\/myanimelist.net\/anime\/genre\/4\/Comedy"}],"explicit_genres":[],"themes":[{"mal_id":23,"type":"anime","name":"School","url":"https:\/\/myanimelist.net\/anime\/genre\/23\/School"}],"demographics":[{"mal_id":27,"type":"anime","name":"Shounen","url":"https:\/\/myanimelist.net\/anime\/genre\/27\/Shounen"}],"relations":[{"relation":"Adaptation","entry":[{"mal_id":39883,"type":"manga","name":"Ansatsu Kyoushitsu","url":"https:\/\/myanimelist.net\/manga\/39883\/Ansatsu_Kyoushitsu"}]},{"relation":"Full story","entry":[{"mal_id":24833,"type":"anime","name":"Ansatsu Kyoushitsu","url":"https:\/\/myanimelist.net\/anime\/24833\/Ansatsu_Kyoushitsu"},{"mal_id":30654,"type":"anime","name":"Ansatsu Kyoushitsu 2nd Season","url":"https:\/\/myanimelist.net\/anime\/30654\/Ansatsu_Kyoushitsu_2nd_Season"}]}],"theme":{"openings":[],"endings":["\"Shigyou no Bell (\u59cb\u696d\u306e\u30d9\u30eb)\" by Shion Miyawaki"]},"external":[{"name":"Official Site","url":"http:\/\/www.ansatsu-anime.com\/365days\/"},{"name":"AniDB","url":"https:\/\/anidb.net\/perl-bin\/animedb.pl?show=anime&aid=12245"},{"name":"ANN","url":"https:\/\/www.animenewsnetwork.com\/encyclopedia\/anime.php?id=18752"},{"name":"Wikipedia","url":"https:\/\/en.wikipedia.org\/wiki\/Assassination_Classroom"}],"streaming":[{"name":"Netflix","url":"https:\/\/www.netflix.com\/"}]}}