{"data":{"mal_id":3358,"url":"https:\/\/myanimelist.net\/anime\/3358\/Kure-nai","images":{"jpg":{"image_url":"https:\/\/cdn.myanimelist.net\/images\/anime\/2\/8482.jpg","small_image_url":"https:\/\/cdn.myanimelist.net\/images\/anime\/2\/8482t.jpg","large_image_url":"https:\/\/cdn.myanimelist.net\/images\/anime\/2\/8482l.jpg"},"webp":{"image_url":"https:\/\/cdn.myanimelist.net\/images\/anime\/2\/8482.webp","small_image_url":"https:\/\/cdn.myanimelist.net\/images\/anime\/2\/8482t.webp","large_image_url":"https:\/\/cdn.myanimelist.net\/images\/anime\/2\/8482l.webp"}},"trailer":{"youtube_id":null,"url":null,"embed_url":null,"images":{"image_url":null,"small_image_url":null,"medium_image_url":null,"large_image_url":null,"maximum_image_url":null}},"approved":true,"titles":[{"type":"Default","title":"Kure-nai"},{"type":"Synonym","title":"Crimson"},{"type":"Japanese","title":"\u7d05"},{"type":"English","title":"Kurenai"}],"title":"Kure-nai","title_english":"Kurenai","title_japanese":"\u7d05","title_synonyms":["Crimson"],"type":"TV","source":"Light novel","episodes":12,"status":"Finished Airing","airing":false,"aired":{"from":"2008-04-04T00:00:00+00:00","to":"2008-06-20T00:00:00+00:00","prop":{"from":{"day":4,"month":4,"year":2008},"to":{"day":20,"month":6,"year":2008}},"string":"Apr 4, 2008 to Jun 20, 2008"},"duration":"25 min per ep","rating":"PG-13 - Teens 13 or older","score":7.33,"scored_by":37053,"rank":2477,"popularity":2156,"members":89311,"favorites":222,"synopsis":"Shinkurou Kurenai is a 16-year-old student by day and a dispute mediator by night. Though kind-hearted and patient, due to his tragic past, he has trained for years to live on. Now, despite his unimposing appearance, he is a strong martial artist, who also possesses a strange power.\n\nWhile taking various jobs for his employer, Benika Juuzawa, one assignment leads Shinkurou to live with Murasaki Kuhouin as her bodyguard. Murasaki is the seven-year-old daughter of a plutocratic family, who escaped her home under peculiar circumstances with Benika's help. Commoner life, in her eyes, seems bizarre. However, by interacting with her neighbors, she grows more accustomed to the daily routine, and rids herself of her snobbish behavior, gradually growing attached to Shinkurou.\n\nThough many details of the job remain unclear, Shinkurou still strives to protect the young lady. But to make things more complicated, he also lacks a crucial fact\u2014what is the real threat against Murasaki?\n\n[Written by MAL Rewrite]","background":null,"season":"spring","year":2008,"broadcast":{"day":"Fridays","time":"02:00","timezone":"Asia\/Tokyo","string":"Fridays at 02:00 (JST)"},"producers":[{"mal_id":127,"type":"anime","name":"Yomiko Advertising","url":"https:\/\/myanimelist.net\/anime\/producer\/127\/Yomiko_Advertising"},{"mal_id":144,"type":"anime","name":"Pony Canyon","url":"https:\/\/myanimelist.net\/anime\/producer\/144\/Pony_Canyon"},{"mal_id":213,"type":"anime","name":"Half H.P Studio","url":"https:\/\/myanimelist.net\/anime\/producer\/213\/Half_HP_Studio"},{"mal_id":1365,"type":"anime","name":"Shueisha","url":"https:\/\/myanimelist.net\/anime\/producer\/1365\/Shueisha"}],"licensors":[{"mal_id":376,"type":"anime","name":"Sentai Filmworks","url":"https:\/\/myanimelist.net\/anime\/producer\/376\/Sentai_Filmworks"}],"studios":[{"mal_id":112,"type":"anime","name":"Brain's Base","url":"https:\/\/myanimelist.net\/anime\/producer\/112\/Brains_Base"}],"genres":[{"mal_id":4,"type":"anime","name":"Comedy","url":"https:\/\/myanimelist.net\/anime\/genre\/4\/Comedy"},{"mal_id":8,"type":"anime","name":"Drama","url":"https:\/\/myanimelist.net\/anime\/genre\/8\/Drama"}],"explicit_genres":[],"themes":[{"mal_id":53,"type":"anime","name":"Childcare","url":"https:\/\/myanimelist.net\/anime\/genre\/53\/Childcare"}],"demographics":[],"relations":[{"relation":"Adaptation","entry":[{"mal_id":3415,"type":"manga","name":"Kure-nai","url":"https:\/\/myanimelist.net\/manga\/3415\/Kure-nai"},{"mal_id":17824,"type":"manga","name":"Kure-nai","url":"https:\/\/myanimelist.net\/manga\/17824\/Kure-nai"}]},{"relation":"Alternative setting","entry":[{"mal_id":8078,"type":"anime","name":"Kure-nai OVA","url":"https:\/\/myanimelist.net\/anime\/8078\/Kure-nai_OVA"}]}],"theme":{"openings":["\"Love Jump\" by Minami Kuribayashi"],"endings":["1: \"crossing days\" by Ryoko Shintani (eps 1-7, 9-11)","2: \"Tenohira no Taiyou\" by Ryoko Shintani (eps 8)"]},"external":[{"name":"Official Site","url":"http:\/\/www.samidareso.com\/"},{"name":"AniDB","url":"https:\/\/anidb.net\/perl-bin\/animedb.pl?show=anime&aid=5535"},{"name":"ANN","url":"https:\/\/www.animenewsnetwork.com\/encyclopedia\/anime.php?id=8518"},{"name":"Wikipedia","url":"http:\/\/en.wikipedia.org\/wiki\/Kure-nai"}],"streaming":[{"name":"HIDIVE","url":"https:\/\/www.hidive.com\/tv\/kurenai"}]}}