{"data":{"mal_id":338,"url":"https:\/\/myanimelist.net\/anime\/338\/Versailles_no_Bara","images":{"jpg":{"image_url":"https:\/\/cdn.myanimelist.net\/images\/anime\/9\/57043.jpg","small_image_url":"https:\/\/cdn.myanimelist.net\/images\/anime\/9\/57043t.jpg","large_image_url":"https:\/\/cdn.myanimelist.net\/images\/anime\/9\/57043l.jpg"},"webp":{"image_url":"https:\/\/cdn.myanimelist.net\/images\/anime\/9\/57043.webp","small_image_url":"https:\/\/cdn.myanimelist.net\/images\/anime\/9\/57043t.webp","large_image_url":"https:\/\/cdn.myanimelist.net\/images\/anime\/9\/57043l.webp"}},"trailer":{"youtube_id":"XMRtUOOHT_o","url":"https:\/\/www.youtube.com\/watch?v=XMRtUOOHT_o","embed_url":"https:\/\/www.youtube.com\/embed\/XMRtUOOHT_o?enablejsapi=1&wmode=opaque&autoplay=1","images":{"image_url":"https:\/\/img.youtube.com\/vi\/XMRtUOOHT_o\/default.jpg","small_image_url":"https:\/\/img.youtube.com\/vi\/XMRtUOOHT_o\/sddefault.jpg","medium_image_url":"https:\/\/img.youtube.com\/vi\/XMRtUOOHT_o\/mqdefault.jpg","large_image_url":"https:\/\/img.youtube.com\/vi\/XMRtUOOHT_o\/hqdefault.jpg","maximum_image_url":"https:\/\/img.youtube.com\/vi\/XMRtUOOHT_o\/maxresdefault.jpg"}},"approved":true,"titles":[{"type":"Default","title":"Versailles no Bara"},{"type":"Synonym","title":"Berusaiyu no Bara"},{"type":"Japanese","title":"\u30d9\u30eb\u30b5\u30a4\u30e6\u306e\u3070\u3089"},{"type":"English","title":"The Rose of Versailles"},{"type":"German","title":"Die Rose von Versailles"},{"type":"French","title":"Lady Oscar"}],"title":"Versailles no Bara","title_english":"The Rose of Versailles","title_japanese":"\u30d9\u30eb\u30b5\u30a4\u30e6\u306e\u3070\u3089","title_synonyms":["Berusaiyu no Bara"],"type":"TV","source":"Manga","episodes":40,"status":"Finished Airing","airing":false,"aired":{"from":"1979-10-10T00:00:00+00:00","to":"1980-09-03T00:00:00+00:00","prop":{"from":{"day":10,"month":10,"year":1979},"to":{"day":3,"month":9,"year":1980}},"string":"Oct 10, 1979 to Sep 3, 1980"},"duration":"24 min per ep","rating":"PG-13 - Teens 13 or older","score":8.33,"scored_by":28813,"rank":230,"popularity":2069,"members":94790,"favorites":2934,"synopsis":"In a time of class stratification and rising tensions amongst the impoverished population, the Austrian Empire sends Princess Marie Antoinette to France to be wed to Crown Prince Louis XVI. The political marriage is arranged to strengthen the alliance between both countries, but the future queen is deeply unsatisfied with her fate being decided for her. Upon arrival in the country, Marie Antoinette is acquainted with Oscar Fan\u00e7ois de Jarjayes\u2014Commander of the Royal Guard.\n\nDue to her father's desire for a son, Oscar is raised as a boy with an expectation to inherit his title as The Commander. Though she is revered by both men and women alike, Oscar cannot help but desire to live life as a woman instead of masquerading as a man. As Oscar reluctantly serves the young, spoiled queen, the growing resentment and suffering of the poor become harder for her to ignore\u2014especially when Marie Antoinette frivolously spends her wealth.\n\n[Written by MAL Rewrite]","background":null,"season":"fall","year":1979,"broadcast":{"day":"Wednesdays","time":"19:00","timezone":"Asia\/Tokyo","string":"Wednesdays at 19:00 (JST)"},"producers":[{"mal_id":1003,"type":"anime","name":"Nippon Television Network","url":"https:\/\/myanimelist.net\/anime\/producer\/1003\/Nippon_Television_Network"}],"licensors":[{"mal_id":217,"type":"anime","name":"Nozomi Entertainment","url":"https:\/\/myanimelist.net\/anime\/producer\/217\/Nozomi_Entertainment"},{"mal_id":467,"type":"anime","name":"Discotek Media","url":"https:\/\/myanimelist.net\/anime\/producer\/467\/Discotek_Media"}],"studios":[{"mal_id":65,"type":"anime","name":"Tokyo Movie Shinsha","url":"https:\/\/myanimelist.net\/anime\/producer\/65\/Tokyo_Movie_Shinsha"}],"genres":[{"mal_id":8,"type":"anime","name":"Drama","url":"https:\/\/myanimelist.net\/anime\/genre\/8\/Drama"},{"mal_id":22,"type":"anime","name":"Romance","url":"https:\/\/myanimelist.net\/anime\/genre\/22\/Romance"}],"explicit_genres":[],"themes":[{"mal_id":13,"type":"anime","name":"Historical","url":"https:\/\/myanimelist.net\/anime\/genre\/13\/Historical"},{"mal_id":38,"type":"anime","name":"Military","url":"https:\/\/myanimelist.net\/anime\/genre\/38\/Military"}],"demographics":[{"mal_id":25,"type":"anime","name":"Shoujo","url":"https:\/\/myanimelist.net\/anime\/genre\/25\/Shoujo"}],"relations":[{"relation":"Adaptation","entry":[{"mal_id":660,"type":"manga","name":"Versailles no Bara","url":"https:\/\/myanimelist.net\/manga\/660\/Versailles_no_Bara"}]},{"relation":"Summary","entry":[{"mal_id":3868,"type":"anime","name":"Versailles no Bara: Seimei Aru Kagiri Aishite","url":"https:\/\/myanimelist.net\/anime\/3868\/Versailles_no_Bara__Seimei_Aru_Kagiri_Aishite"},{"mal_id":7861,"type":"anime","name":"Versailles no Bara to Onna-tachi","url":"https:\/\/myanimelist.net\/anime\/7861\/Versailles_no_Bara_to_Onna-tachi"}]},{"relation":"Alternative version","entry":[{"mal_id":5415,"type":"anime","name":"La Rose de Versailles","url":"https:\/\/myanimelist.net\/anime\/5415\/La_Rose_de_Versailles"},{"mal_id":52967,"type":"anime","name":"Versailles no Bara (Movie)","url":"https:\/\/myanimelist.net\/anime\/52967\/Versailles_no_Bara_Movie"},{"mal_id":54893,"type":"anime","name":"Versailles no Bara: Moetsukita Bara no Shouzou","url":"https:\/\/myanimelist.net\/anime\/54893\/Versailles_no_Bara__Moetsukita_Bara_no_Shouzou"}]}],"theme":{"openings":["\"Bara wa Utsukushiku Chiru\" by Hiroko Suzuki"],"endings":["\"Ai no Hikari to Kage\" by Hiroko Suzuki"]},"external":[{"name":"AniDB","url":"https:\/\/anidb.net\/perl-bin\/animedb.pl?show=anime&aid=181"},{"name":"ANN","url":"https:\/\/www.animenewsnetwork.com\/encyclopedia\/anime.php?id=451"},{"name":"Wikipedia","url":"http:\/\/en.wikipedia.org\/wiki\/The_Rose_of_Versailles"},{"name":"Wikipedia","url":"https:\/\/ja.wikipedia.org\/wiki\/%E3%83%99%E3%83%AB%E3%82%B5%E3%82%A4%E3%83%A6%E3%81%AE%E3%81%B0%E3%82%89#%E3%83%86%E3%83%AC%E3%83%93%E3%82%A2%E3%83%8B%E3%83%A1"},{"name":"Syoboi","url":"https:\/\/cal.syoboi.jp\/tid\/1059"}],"streaming":[]}}