{"data":{"mal_id":33845,"url":"https:\/\/myanimelist.net\/anime\/33845\/Free_Movie_1__Timeless_Medley_-_Kizuna","images":{"jpg":{"image_url":"https:\/\/cdn.myanimelist.net\/images\/anime\/5\/87930.jpg","small_image_url":"https:\/\/cdn.myanimelist.net\/images\/anime\/5\/87930t.jpg","large_image_url":"https:\/\/cdn.myanimelist.net\/images\/anime\/5\/87930l.jpg"},"webp":{"image_url":"https:\/\/cdn.myanimelist.net\/images\/anime\/5\/87930.webp","small_image_url":"https:\/\/cdn.myanimelist.net\/images\/anime\/5\/87930t.webp","large_image_url":"https:\/\/cdn.myanimelist.net\/images\/anime\/5\/87930l.webp"}},"trailer":{"youtube_id":"RJL8pNrk3hI","url":"https:\/\/www.youtube.com\/watch?v=RJL8pNrk3hI","embed_url":"https:\/\/www.youtube.com\/embed\/RJL8pNrk3hI?enablejsapi=1&wmode=opaque&autoplay=1","images":{"image_url":"https:\/\/img.youtube.com\/vi\/RJL8pNrk3hI\/default.jpg","small_image_url":"https:\/\/img.youtube.com\/vi\/RJL8pNrk3hI\/sddefault.jpg","medium_image_url":"https:\/\/img.youtube.com\/vi\/RJL8pNrk3hI\/mqdefault.jpg","large_image_url":"https:\/\/img.youtube.com\/vi\/RJL8pNrk3hI\/hqdefault.jpg","maximum_image_url":"https:\/\/img.youtube.com\/vi\/RJL8pNrk3hI\/maxresdefault.jpg"}},"approved":true,"titles":[{"type":"Default","title":"Free! Movie 1: Timeless Medley - Kizuna"},{"type":"Japanese","title":"\u5287\u5834\u7248 Free!-Timeless Medley- \u7d46"},{"type":"English","title":"Free! The Movie -Timeless Medley- the Bond"},{"type":"German","title":"Free! Timeless Medley: The Bond 1"},{"type":"Spanish","title":"Free! Timeless Medley: Kizuna"}],"title":"Free! Movie 1: Timeless Medley - Kizuna","title_english":"Free! The Movie -Timeless Medley- the Bond","title_japanese":"\u5287\u5834\u7248 Free!-Timeless Medley- \u7d46","title_synonyms":[],"type":"Movie","source":"Original","episodes":1,"status":"Finished Airing","airing":false,"aired":{"from":"2017-04-22T00:00:00+00:00","to":null,"prop":{"from":{"day":22,"month":4,"year":2017},"to":{"day":null,"month":null,"year":null}},"string":"Apr 22, 2017"},"duration":"1 hr 34 min","rating":"PG-13 - Teens 13 or older","score":7.59,"scored_by":14362,"rank":1464,"popularity":3056,"members":48569,"favorites":72,"synopsis":"Haruka Nanase has reconciled with his rival Rin Matsuoka, and they have re-established their friendship, determined to race each other again. Now Haruka, along with Makoto Tachibana, Rei Ryuugazaki, and Nagisa Hazuki, prepare for their upcoming tournaments, determined to compete wholeheartedly and achieve victory as a team. At Samezuka Academy, Rin resolves to do the same.\n\nFurther, the seniors near graduation, and Rin has decided his future plans. However, Haruka and Makoto remain uncertain, and they begin to feel the pressure of having to choose their own paths.\n\n[Written by MAL Rewrite]","background":null,"season":null,"year":null,"broadcast":{"day":null,"time":null,"timezone":null,"string":null},"producers":[],"licensors":[{"mal_id":102,"type":"anime","name":"Funimation","url":"https:\/\/myanimelist.net\/anime\/producer\/102\/Funimation"}],"studios":[{"mal_id":2,"type":"anime","name":"Kyoto Animation","url":"https:\/\/myanimelist.net\/anime\/producer\/2\/Kyoto_Animation"},{"mal_id":929,"type":"anime","name":"Animation Do","url":"https:\/\/myanimelist.net\/anime\/producer\/929\/Animation_Do"}],"genres":[{"mal_id":30,"type":"anime","name":"Sports","url":"https:\/\/myanimelist.net\/anime\/genre\/30\/Sports"}],"explicit_genres":[],"themes":[{"mal_id":23,"type":"anime","name":"School","url":"https:\/\/myanimelist.net\/anime\/genre\/23\/School"}],"demographics":[],"relations":[{"relation":"Other","entry":[{"mal_id":22265,"type":"anime","name":"Free! Eternal Summer","url":"https:\/\/myanimelist.net\/anime\/22265\/Free_Eternal_Summer"},{"mal_id":37858,"type":"anime","name":"Free! Movie 1: Timeless Medley - Kizuna - Character Butai Aisatsu","url":"https:\/\/myanimelist.net\/anime\/37858\/Free_Movie_1__Timeless_Medley_-_Kizuna_-_Character_Butai_Aisatsu"}]},{"relation":"Sequel","entry":[{"mal_id":35191,"type":"anime","name":"Free! Movie 2: Timeless Medley - Yakusoku","url":"https:\/\/myanimelist.net\/anime\/35191\/Free_Movie_2__Timeless_Medley_-_Yakusoku"}]}],"theme":{"openings":["\"RISING FREE\" by STYLE FIVE (Nobunaga Shimazaki, Tatsuhisa Suzuki, Mamoru Miyano, Tsubasa Yonaga, Daisuke Hirakawa)"],"endings":["\"EVER BLUE\" by STYLE FIVE (Nobunaga Shimazaki, Tatsuhisa Suzuki, Mamoru Miyano, Tsubasa Yonaga, Daisuke Hirakawa)"]},"external":[{"name":"Official Site","url":"http:\/\/tm.iwatobi-sc.com\/"},{"name":"AniDB","url":"https:\/\/anidb.net\/perl-bin\/animedb.pl?show=anime&aid=12332"},{"name":"ANN","url":"https:\/\/www.animenewsnetwork.com\/encyclopedia\/anime.php?id=19351"}],"streaming":[{"name":"Netflix","url":"https:\/\/www.netflix.com\/"}]}}