{"data":{"mal_id":339,"url":"https:\/\/myanimelist.net\/anime\/339\/Serial_Experiments_Lain","images":{"jpg":{"image_url":"https:\/\/cdn.myanimelist.net\/images\/anime\/1718\/91550.jpg","small_image_url":"https:\/\/cdn.myanimelist.net\/images\/anime\/1718\/91550t.jpg","large_image_url":"https:\/\/cdn.myanimelist.net\/images\/anime\/1718\/91550l.jpg"},"webp":{"image_url":"https:\/\/cdn.myanimelist.net\/images\/anime\/1718\/91550.webp","small_image_url":"https:\/\/cdn.myanimelist.net\/images\/anime\/1718\/91550t.webp","large_image_url":"https:\/\/cdn.myanimelist.net\/images\/anime\/1718\/91550l.webp"}},"trailer":{"youtube_id":"t5y4nQ5Y1V8","url":"https:\/\/www.youtube.com\/watch?v=t5y4nQ5Y1V8","embed_url":"https:\/\/www.youtube.com\/embed\/t5y4nQ5Y1V8?enablejsapi=1&wmode=opaque&autoplay=1","images":{"image_url":"https:\/\/img.youtube.com\/vi\/t5y4nQ5Y1V8\/default.jpg","small_image_url":"https:\/\/img.youtube.com\/vi\/t5y4nQ5Y1V8\/sddefault.jpg","medium_image_url":"https:\/\/img.youtube.com\/vi\/t5y4nQ5Y1V8\/mqdefault.jpg","large_image_url":"https:\/\/img.youtube.com\/vi\/t5y4nQ5Y1V8\/hqdefault.jpg","maximum_image_url":"https:\/\/img.youtube.com\/vi\/t5y4nQ5Y1V8\/maxresdefault.jpg"}},"approved":true,"titles":[{"type":"Default","title":"Serial Experiments Lain"},{"type":"Japanese","title":"\u30b7\u30ea\u30a2\u30eb\u30a8\u30af\u30b9\u30da\u30ea\u30e1\u30f3\u30c4\u30ec\u30a4\u30f3"},{"type":"English","title":"Serial Experiments Lain"}],"title":"Serial Experiments Lain","title_english":"Serial Experiments Lain","title_japanese":"\u30b7\u30ea\u30a2\u30eb\u30a8\u30af\u30b9\u30da\u30ea\u30e1\u30f3\u30c4\u30ec\u30a4\u30f3","title_synonyms":[],"type":"TV","source":"Original","episodes":13,"status":"Finished Airing","airing":false,"aired":{"from":"1998-07-06T00:00:00+00:00","to":"1998-09-28T00:00:00+00:00","prop":{"from":{"day":6,"month":7,"year":1998},"to":{"day":28,"month":9,"year":1998}},"string":"Jul 6, 1998 to Sep 28, 1998"},"duration":"23 min per ep","rating":"R - 17+ (violence & profanity)","score":8.09,"scored_by":290692,"rank":489,"popularity":246,"members":745991,"favorites":27107,"synopsis":"Lain Iwakura, an awkward and introverted fourteen-year-old, is one of the many girls from her school to receive a disturbing email from her classmate Chisa Yomoda\u2014the very same Chisa who recently committed suicide. Lain has neither the desire nor the experience to handle even basic technology; yet, when the technophobe opens the email, it leads her straight into the Wired, a virtual world of communication networks similar to what we know as the internet. Lain's life is turned upside down as she begins to encounter cryptic mysteries one after another. Strange men called the Men in Black begin to appear wherever she goes, asking her questions and somehow knowing more about her than even she herself knows. With the boundaries between reality and cyberspace rapidly blurring, Lain is plunged into more surreal and bizarre events where identity, consciousness, and perception are concepts that take on new meanings.\n\nWritten by Chiaki J. Konaka, whose other works include Texhnolyze, Serial Experiments Lain is a psychological avant-garde mystery series that follows Lain as she makes crucial choices that will affect both the real world and the Wired. In closing one world and opening another, only Lain will realize the significance of their presence.\n\n[Written by MAL Rewrite]","background":"Serial Experiments Lain won the Excellence Prize in the 1998 Japan Media Arts Festival. It has been subject to commentary in the literary and academic worlds such as the Asian Horror Encyclopedia and The Problem of Existence in Japanese Animation by the American Philosophical Society.","season":"summer","year":1998,"broadcast":{"day":"Tuesdays","time":"01:15","timezone":"Asia\/Tokyo","string":"Tuesdays at 01:15 (JST)"},"producers":[{"mal_id":79,"type":"anime","name":"Genco","url":"https:\/\/myanimelist.net\/anime\/producer\/79\/Genco"},{"mal_id":204,"type":"anime","name":"Pioneer LDC","url":"https:\/\/myanimelist.net\/anime\/producer\/204\/Pioneer_LDC"}],"licensors":[{"mal_id":102,"type":"anime","name":"Funimation","url":"https:\/\/myanimelist.net\/anime\/producer\/102\/Funimation"}],"studios":[{"mal_id":110,"type":"anime","name":"Triangle Staff","url":"https:\/\/myanimelist.net\/anime\/producer\/110\/Triangle_Staff"}],"genres":[{"mal_id":5,"type":"anime","name":"Avant Garde","url":"https:\/\/myanimelist.net\/anime\/genre\/5\/Avant_Garde"},{"mal_id":46,"type":"anime","name":"Award Winning","url":"https:\/\/myanimelist.net\/anime\/genre\/46\/Award_Winning"},{"mal_id":8,"type":"anime","name":"Drama","url":"https:\/\/myanimelist.net\/anime\/genre\/8\/Drama"},{"mal_id":7,"type":"anime","name":"Mystery","url":"https:\/\/myanimelist.net\/anime\/genre\/7\/Mystery"},{"mal_id":24,"type":"anime","name":"Sci-Fi","url":"https:\/\/myanimelist.net\/anime\/genre\/24\/Sci-Fi"},{"mal_id":37,"type":"anime","name":"Supernatural","url":"https:\/\/myanimelist.net\/anime\/genre\/37\/Supernatural"},{"mal_id":41,"type":"anime","name":"Suspense","url":"https:\/\/myanimelist.net\/anime\/genre\/41\/Suspense"}],"explicit_genres":[],"themes":[{"mal_id":40,"type":"anime","name":"Psychological","url":"https:\/\/myanimelist.net\/anime\/genre\/40\/Psychological"}],"demographics":[],"relations":[{"relation":"Adaptation","entry":[{"mal_id":5461,"type":"manga","name":"Serial Experiments Lain: The Nightmare of Fabrication","url":"https:\/\/myanimelist.net\/manga\/5461\/Serial_Experiments_Lain__The_Nightmare_of_Fabrication"}]}],"theme":{"openings":["\"Duvet\" by BOA"],"endings":["\"Tooi Sakebi (\u9060\u3044\u53eb\u3073)\" by Reichi Nakaido"]},"external":[{"name":"Official Site","url":"http:\/\/www.b-ch.com\/ttl\/index.php?ttl_c=164"},{"name":"AniDB","url":"https:\/\/anidb.net\/perl-bin\/animedb.pl?show=anime&aid=99"},{"name":"ANN","url":"https:\/\/www.animenewsnetwork.com\/encyclopedia\/anime.php?id=166"},{"name":"Wikipedia","url":"http:\/\/en.wikipedia.org\/wiki\/Serial_Experiments_Lain"}],"streaming":[{"name":"Crunchyroll","url":"http:\/\/www.crunchyroll.com\/series-273309"},{"name":"Funimation","url":"https:\/\/www.funimation.com\/shows\/serial-experiments-lain"}]}}