{"data":{"mal_id":33970,"url":"https:\/\/myanimelist.net\/anime\/33970\/Girls___Panzer__Saishuushou_Part_1","images":{"jpg":{"image_url":"https:\/\/cdn.myanimelist.net\/images\/anime\/1859\/91463.jpg","small_image_url":"https:\/\/cdn.myanimelist.net\/images\/anime\/1859\/91463t.jpg","large_image_url":"https:\/\/cdn.myanimelist.net\/images\/anime\/1859\/91463l.jpg"},"webp":{"image_url":"https:\/\/cdn.myanimelist.net\/images\/anime\/1859\/91463.webp","small_image_url":"https:\/\/cdn.myanimelist.net\/images\/anime\/1859\/91463t.webp","large_image_url":"https:\/\/cdn.myanimelist.net\/images\/anime\/1859\/91463l.webp"}},"trailer":{"youtube_id":"NvVj2uBjqVU","url":"https:\/\/www.youtube.com\/watch?v=NvVj2uBjqVU","embed_url":"https:\/\/www.youtube.com\/embed\/NvVj2uBjqVU?enablejsapi=1&wmode=opaque&autoplay=1","images":{"image_url":"https:\/\/img.youtube.com\/vi\/NvVj2uBjqVU\/default.jpg","small_image_url":"https:\/\/img.youtube.com\/vi\/NvVj2uBjqVU\/sddefault.jpg","medium_image_url":"https:\/\/img.youtube.com\/vi\/NvVj2uBjqVU\/mqdefault.jpg","large_image_url":"https:\/\/img.youtube.com\/vi\/NvVj2uBjqVU\/hqdefault.jpg","maximum_image_url":"https:\/\/img.youtube.com\/vi\/NvVj2uBjqVU\/maxresdefault.jpg"}},"approved":true,"titles":[{"type":"Default","title":"Girls & Panzer: Saishuushou Part 1"},{"type":"Japanese","title":"\u300e\u30ac\u30fc\u30eb\u30ba\uff06\u30d1\u30f3\u30c4\u30a1\u30fc \u6700\u7d42\u7ae0\u300f\u7b2c1\u8a71"},{"type":"English","title":"Girls und Panzer das Finale \u2013 Part 1"}],"title":"Girls & Panzer: Saishuushou Part 1","title_english":"Girls und Panzer das Finale \u2013 Part 1","title_japanese":"\u300e\u30ac\u30fc\u30eb\u30ba\uff06\u30d1\u30f3\u30c4\u30a1\u30fc \u6700\u7d42\u7ae0\u300f\u7b2c1\u8a71","title_synonyms":[],"type":"Movie","source":"Original","episodes":1,"status":"Finished Airing","airing":false,"aired":{"from":"2017-12-09T00:00:00+00:00","to":null,"prop":{"from":{"day":9,"month":12,"year":2017},"to":{"day":null,"month":null,"year":null}},"string":"Dec 9, 2017"},"duration":"48 min","rating":"PG-13 - Teens 13 or older","score":7.95,"scored_by":22036,"rank":675,"popularity":3100,"members":47170,"favorites":134,"synopsis":"Rumor has it that Momo Kawashima, former student council member at Ooarai Girls Academy, is bound to repeat a year. Having failed her university entry exams, she is far from spending another year at Ooarai, but her plight is unenviable nevertheless.\n\nThe only way for her to gain admission into a university is to be granted an athletic scholarship. With the Winter Continuous Track Cup rapidly approaching, Momo becomes the commander of Ooarai's tankery team, so as to demonstrate her sport skills and wipe away the stain on her honor.\n\nTheir first opponent\u2014French-themed BC Freedom High School\u2014is split into two factions that are constantly at odds with each other. Despite this seemingly fortuitous match against a disorganized rival, Ooarai might soon find itself taking one step too far.\n\n[Written by MAL Rewrite]","background":null,"season":null,"year":null,"broadcast":{"day":null,"time":null,"timezone":null,"string":null},"producers":[{"mal_id":23,"type":"anime","name":"Bandai Visual","url":"https:\/\/myanimelist.net\/anime\/producer\/23\/Bandai_Visual"},{"mal_id":104,"type":"anime","name":"Lantis","url":"https:\/\/myanimelist.net\/anime\/producer\/104\/Lantis"},{"mal_id":166,"type":"anime","name":"Movic","url":"https:\/\/myanimelist.net\/anime\/producer\/166\/Movic"},{"mal_id":1287,"type":"anime","name":"Q-Tec","url":"https:\/\/myanimelist.net\/anime\/producer\/1287\/Q-Tec"},{"mal_id":1333,"type":"anime","name":"Hakuhodo DY Music & Pictures","url":"https:\/\/myanimelist.net\/anime\/producer\/1333\/Hakuhodo_DY_Music___Pictures"}],"licensors":[{"mal_id":376,"type":"anime","name":"Sentai Filmworks","url":"https:\/\/myanimelist.net\/anime\/producer\/376\/Sentai_Filmworks"}],"studios":[{"mal_id":60,"type":"anime","name":"Actas","url":"https:\/\/myanimelist.net\/anime\/producer\/60\/Actas"}],"genres":[],"explicit_genres":[],"themes":[{"mal_id":52,"type":"anime","name":"CGDCT","url":"https:\/\/myanimelist.net\/anime\/genre\/52\/CGDCT"},{"mal_id":38,"type":"anime","name":"Military","url":"https:\/\/myanimelist.net\/anime\/genre\/38\/Military"},{"mal_id":23,"type":"anime","name":"School","url":"https:\/\/myanimelist.net\/anime\/genre\/23\/School"}],"demographics":[],"relations":[{"relation":"Prequel","entry":[{"mal_id":32740,"type":"anime","name":"Girls & Panzer Movie Specials","url":"https:\/\/myanimelist.net\/anime\/32740\/Girls___Panzer_Movie_Specials"}]},{"relation":"Sequel","entry":[{"mal_id":38081,"type":"anime","name":"Girls & Panzer: Saishuushou Part 2","url":"https:\/\/myanimelist.net\/anime\/38081\/Girls___Panzer__Saishuushou_Part_2"}]},{"relation":"Other","entry":[{"mal_id":39429,"type":"anime","name":"Girls & Panzer: Saishuushou Part 1 - Fushou Akiyama Yukari no Sensha Kouza","url":"https:\/\/myanimelist.net\/anime\/39429\/Girls___Panzer__Saishuushou_Part_1_-_Fushou_Akiyama_Yukari_no_Sensha_Kouza"}]}],"theme":{"openings":["\"Grand symphony\" by Sayaka Sasaki"],"endings":["\"Enter Enter MISSION! Saishuushou ver. (Enter Enter MISSION\uff01\u6700\u7d42\u7ae0ver.)\" by Ankou Team (\u3042\u3093\u3053\u3046\u30c1\u30fc\u30e0)","\"[Miho Nishizumi (Mai Fuchigami), Saori Takebe (Ai Kayano), Hana Isuzu (Mami Ozaki), Yukari Akiyama (Ikumi Nakagami), and Mako Reizei (Yuka Iguchi)]\""]},"external":[{"name":"Official Site","url":"http:\/\/www.girls-und-panzer.jp\/"},{"name":"AniDB","url":"https:\/\/anidb.net\/perl-bin\/animedb.pl?show=anime&aid=12361"},{"name":"ANN","url":"https:\/\/www.animenewsnetwork.com\/encyclopedia\/anime.php?id=19354"},{"name":"Wikipedia","url":"https:\/\/en.wikipedia.org\/wiki\/Girls_und_Panzer"}],"streaming":[]}}