{"data":{"mal_id":34096,"url":"https:\/\/myanimelist.net\/anime\/34096\/Gintama","images":{"jpg":{"image_url":"https:\/\/cdn.myanimelist.net\/images\/anime\/3\/83528.jpg","small_image_url":"https:\/\/cdn.myanimelist.net\/images\/anime\/3\/83528t.jpg","large_image_url":"https:\/\/cdn.myanimelist.net\/images\/anime\/3\/83528l.jpg"},"webp":{"image_url":"https:\/\/cdn.myanimelist.net\/images\/anime\/3\/83528.webp","small_image_url":"https:\/\/cdn.myanimelist.net\/images\/anime\/3\/83528t.webp","large_image_url":"https:\/\/cdn.myanimelist.net\/images\/anime\/3\/83528l.webp"}},"trailer":{"youtube_id":"LOdAAEJiebM","url":"https:\/\/www.youtube.com\/watch?v=LOdAAEJiebM","embed_url":"https:\/\/www.youtube.com\/embed\/LOdAAEJiebM?enablejsapi=1&wmode=opaque&autoplay=1","images":{"image_url":"https:\/\/img.youtube.com\/vi\/LOdAAEJiebM\/default.jpg","small_image_url":"https:\/\/img.youtube.com\/vi\/LOdAAEJiebM\/sddefault.jpg","medium_image_url":"https:\/\/img.youtube.com\/vi\/LOdAAEJiebM\/mqdefault.jpg","large_image_url":"https:\/\/img.youtube.com\/vi\/LOdAAEJiebM\/hqdefault.jpg","maximum_image_url":"https:\/\/img.youtube.com\/vi\/LOdAAEJiebM\/maxresdefault.jpg"}},"approved":true,"titles":[{"type":"Default","title":"Gintama."},{"type":"Synonym","title":"Gintama (2017)"},{"type":"Japanese","title":"\u9280\u9b42\u3002"},{"type":"English","title":"Gintama Season 5"}],"title":"Gintama.","title_english":"Gintama Season 5","title_japanese":"\u9280\u9b42\u3002","title_synonyms":["Gintama (2017)"],"type":"TV","source":"Manga","episodes":12,"status":"Finished Airing","airing":false,"aired":{"from":"2017-01-09T00:00:00+00:00","to":"2017-03-27T00:00:00+00:00","prop":{"from":{"day":9,"month":1,"year":2017},"to":{"day":27,"month":3,"year":2017}},"string":"Jan 9, 2017 to Mar 27, 2017"},"duration":"24 min per ep","rating":"PG-13 - Teens 13 or older","score":8.98,"scored_by":141872,"rank":15,"popularity":754,"members":305516,"favorites":2690,"synopsis":"After joining the resistance against the bakufu, Gintoki and the gang are in hiding, along with Katsura and his Joui rebels. The Yorozuya is soon approached by Nobume Imai and two members of the Kiheitai, who explain that the Harusame pirates have turned against 7th Division Captain Kamui and their former ally Takasugi. The Kiheitai present Gintoki with a job: find Takasugi, who has been missing since his ship was ambushed in a Harusame raid. Nobume also makes a stunning revelation regarding the Tendoushuu, a secret organization pulling the strings of numerous factions, and their leader Utsuro, the shadowy figure with an uncanny resemblance to Gintoki's former teacher.\n\nHitching a ride on Sakamoto's space ship, the Yorozuya and Katsura set out for Rakuyou, Kagura's home planet, where the various factions have gathered and tensions are brewing. Long-held grudges, political infighting, and the Tendoushuu's sinister overarching plan finally culminate into a massive, decisive battle on Rakuyou.\n\n[Written by MAL Rewrite]","background":null,"season":"winter","year":2017,"broadcast":{"day":"Mondays","time":"01:35","timezone":"Asia\/Tokyo","string":"Mondays at 01:35 (JST)"},"producers":[{"mal_id":16,"type":"anime","name":"TV Tokyo","url":"https:\/\/myanimelist.net\/anime\/producer\/16\/TV_Tokyo"},{"mal_id":17,"type":"anime","name":"Aniplex","url":"https:\/\/myanimelist.net\/anime\/producer\/17\/Aniplex"},{"mal_id":53,"type":"anime","name":"Dentsu","url":"https:\/\/myanimelist.net\/anime\/producer\/53\/Dentsu"},{"mal_id":1365,"type":"anime","name":"Shueisha","url":"https:\/\/myanimelist.net\/anime\/producer\/1365\/Shueisha"}],"licensors":[],"studios":[{"mal_id":1258,"type":"anime","name":"Bandai Namco Pictures","url":"https:\/\/myanimelist.net\/anime\/producer\/1258\/Bandai_Namco_Pictures"}],"genres":[{"mal_id":1,"type":"anime","name":"Action","url":"https:\/\/myanimelist.net\/anime\/genre\/1\/Action"},{"mal_id":4,"type":"anime","name":"Comedy","url":"https:\/\/myanimelist.net\/anime\/genre\/4\/Comedy"},{"mal_id":24,"type":"anime","name":"Sci-Fi","url":"https:\/\/myanimelist.net\/anime\/genre\/24\/Sci-Fi"}],"explicit_genres":[],"themes":[{"mal_id":57,"type":"anime","name":"Gag Humor","url":"https:\/\/myanimelist.net\/anime\/genre\/57\/Gag_Humor"},{"mal_id":13,"type":"anime","name":"Historical","url":"https:\/\/myanimelist.net\/anime\/genre\/13\/Historical"},{"mal_id":20,"type":"anime","name":"Parody","url":"https:\/\/myanimelist.net\/anime\/genre\/20\/Parody"},{"mal_id":21,"type":"anime","name":"Samurai","url":"https:\/\/myanimelist.net\/anime\/genre\/21\/Samurai"}],"demographics":[{"mal_id":27,"type":"anime","name":"Shounen","url":"https:\/\/myanimelist.net\/anime\/genre\/27\/Shounen"}],"relations":[{"relation":"Adaptation","entry":[{"mal_id":44,"type":"manga","name":"Gintama","url":"https:\/\/myanimelist.net\/manga\/44\/Gintama"}]},{"relation":"Prequel","entry":[{"mal_id":28977,"type":"anime","name":"Gintama\u00b0","url":"https:\/\/myanimelist.net\/anime\/28977\/Gintama\u00b0"}]},{"relation":"Sequel","entry":[{"mal_id":35843,"type":"anime","name":"Gintama.: Porori-hen","url":"https:\/\/myanimelist.net\/anime\/35843\/Gintama__Porori-hen"}]}],"theme":{"openings":["\"Kyou mo Sakura Mau Akatsuki ni (\u4eca\u65e5\u3082\u30b5\u30af\u30e9\u821e\u3046\u6681\u306b)\" by CHiCO with HoneyWorks","1: \"Kagerou (\u30ab\u30b2\u30ed\u30a6)\" by \u042feaL (eps 1-11)","2: \"SILVER\" by RIZE (eps 12)"],"endings":["\"We Gotta Fight\" by XY","1: \"SILVER\" by RIZE (eps 1-11)","2: \"Kagerou (\u30ab\u30b2\u30ed\u30a6)\" by \u042feaL (eps 12)"]},"external":[{"name":"Official Site","url":"http:\/\/www.tv-tokyo.co.jp\/anime\/gintama\/index2.html"},{"name":"AniDB","url":"https:\/\/anidb.net\/perl-bin\/animedb.pl?show=anime&aid=12419"},{"name":"ANN","url":"https:\/\/www.animenewsnetwork.com\/encyclopedia\/anime.php?id=18901"},{"name":"Wikipedia","url":"https:\/\/en.wikipedia.org\/wiki\/Gin_Tama"},{"name":"Wikipedia","url":"https:\/\/jp.wikipedia.org\/wiki\/%E9%8A%80%E9%AD%82_%28%E3%82%A2%E3%83%8B%E3%83%A1%29"},{"name":"Syoboi","url":"https:\/\/cal.syoboi.jp\/tid\/4437"}],"streaming":[{"name":"Crunchyroll","url":"http:\/\/www.crunchyroll.com\/series-47620"}]}}