{"data":{"mal_id":34414,"url":"https:\/\/myanimelist.net\/anime\/34414\/Nanbaka_2","images":{"jpg":{"image_url":"https:\/\/cdn.myanimelist.net\/images\/anime\/1294\/127370.jpg","small_image_url":"https:\/\/cdn.myanimelist.net\/images\/anime\/1294\/127370t.jpg","large_image_url":"https:\/\/cdn.myanimelist.net\/images\/anime\/1294\/127370l.jpg"},"webp":{"image_url":"https:\/\/cdn.myanimelist.net\/images\/anime\/1294\/127370.webp","small_image_url":"https:\/\/cdn.myanimelist.net\/images\/anime\/1294\/127370t.webp","large_image_url":"https:\/\/cdn.myanimelist.net\/images\/anime\/1294\/127370l.webp"}},"trailer":{"youtube_id":"sN_pg69cLAI","url":"https:\/\/www.youtube.com\/watch?v=sN_pg69cLAI","embed_url":"https:\/\/www.youtube.com\/embed\/sN_pg69cLAI?enablejsapi=1&wmode=opaque&autoplay=1","images":{"image_url":"https:\/\/img.youtube.com\/vi\/sN_pg69cLAI\/default.jpg","small_image_url":"https:\/\/img.youtube.com\/vi\/sN_pg69cLAI\/sddefault.jpg","medium_image_url":"https:\/\/img.youtube.com\/vi\/sN_pg69cLAI\/mqdefault.jpg","large_image_url":"https:\/\/img.youtube.com\/vi\/sN_pg69cLAI\/hqdefault.jpg","maximum_image_url":"https:\/\/img.youtube.com\/vi\/sN_pg69cLAI\/maxresdefault.jpg"}},"approved":true,"titles":[{"type":"Default","title":"Nanbaka 2"},{"type":"Japanese","title":"\u30ca\u30f3\u30d0\u30ab 2\u671f"},{"type":"English","title":"Nanbaka Season 2"},{"type":"German","title":"Nanbaka Staffel 2"},{"type":"Spanish","title":"Nanbaka Temporada 2"},{"type":"French","title":"Nanbaka Saison 2"}],"title":"Nanbaka 2","title_english":"Nanbaka Season 2","title_japanese":"\u30ca\u30f3\u30d0\u30ab 2\u671f","title_synonyms":[],"type":"ONA","source":"Web manga","episodes":12,"status":"Finished Airing","airing":false,"aired":{"from":"2017-01-04T00:00:00+00:00","to":"2017-03-22T00:00:00+00:00","prop":{"from":{"day":4,"month":1,"year":2017},"to":{"day":22,"month":3,"year":2017}},"string":"Jan 4, 2017 to Mar 22, 2017"},"duration":"23 min per ep","rating":"PG-13 - Teens 13 or older","score":7.49,"scored_by":64390,"rank":1811,"popularity":1648,"members":130328,"favorites":371,"synopsis":"The second part of Nanbaka. The prisoners and their guards continue their comfortable lives at Nanba Prison. However, from the shadows emerges a new threat: Enki Gokuu, a person from Samon's past, who has mysterious goals of his own.","background":null,"season":null,"year":null,"broadcast":{"day":null,"time":null,"timezone":null,"string":null},"producers":[{"mal_id":139,"type":"anime","name":"Nihon Ad Systems","url":"https:\/\/myanimelist.net\/anime\/producer\/139\/Nihon_Ad_Systems"},{"mal_id":315,"type":"anime","name":"DAX Production","url":"https:\/\/myanimelist.net\/anime\/producer\/315\/DAX_Production"},{"mal_id":737,"type":"anime","name":"Sony Music Communications","url":"https:\/\/myanimelist.net\/anime\/producer\/737\/Sony_Music_Communications"},{"mal_id":1468,"type":"anime","name":"Crunchyroll","url":"https:\/\/myanimelist.net\/anime\/producer\/1468\/Crunchyroll"},{"mal_id":1481,"type":"anime","name":"comico","url":"https:\/\/myanimelist.net\/anime\/producer\/1481\/comico"},{"mal_id":1493,"type":"anime","name":"Tokuma Japan Communications","url":"https:\/\/myanimelist.net\/anime\/producer\/1493\/Tokuma_Japan_Communications"},{"mal_id":1555,"type":"anime","name":"Nelke Planning","url":"https:\/\/myanimelist.net\/anime\/producer\/1555\/Nelke_Planning"}],"licensors":[{"mal_id":102,"type":"anime","name":"Funimation","url":"https:\/\/myanimelist.net\/anime\/producer\/102\/Funimation"}],"studios":[{"mal_id":41,"type":"anime","name":"Satelight","url":"https:\/\/myanimelist.net\/anime\/producer\/41\/Satelight"}],"genres":[{"mal_id":1,"type":"anime","name":"Action","url":"https:\/\/myanimelist.net\/anime\/genre\/1\/Action"},{"mal_id":4,"type":"anime","name":"Comedy","url":"https:\/\/myanimelist.net\/anime\/genre\/4\/Comedy"},{"mal_id":8,"type":"anime","name":"Drama","url":"https:\/\/myanimelist.net\/anime\/genre\/8\/Drama"}],"explicit_genres":[],"themes":[],"demographics":[],"relations":[{"relation":"Adaptation","entry":[{"mal_id":93398,"type":"manga","name":"Nanbaka","url":"https:\/\/myanimelist.net\/manga\/93398\/Nanbaka"}]},{"relation":"Prequel","entry":[{"mal_id":30016,"type":"anime","name":"Nanbaka","url":"https:\/\/myanimelist.net\/anime\/30016\/Nanbaka"}]},{"relation":"Other","entry":[{"mal_id":34533,"type":"anime","name":"Nanbaka: Shusseki Bangou no Tsuita Baka-tachi!","url":"https:\/\/myanimelist.net\/anime\/34533\/Nanbaka__Shusseki_Bangou_no_Tsuita_Baka-tachi"}]}],"theme":{"openings":["\"Rin! Rin! Hi! Hi!\" by Hashiguchikanaderiya (\u30cf\u30b7\u30b0\u30c1\u30ab\u30ca\u30c7\u30ea\u30e4)"],"endings":["\"Nanbaka Datsugoku Riron\u266a! (\u30ca\u30f3\u30d0\u30ab\u8131\u7344\u7406\u8ad6\u266a\uff01)\" by Juugo (Yuto Uemura), Uno (Tetsuya Kakihara), Rock (Ire Shiozaki), Nico (Daiki Kobayashi), Hajime Sugoroku (Tomokazu Seki)"]},"external":[{"name":"Official Site","url":"http:\/\/nanbaka.tv\/"},{"name":"AniDB","url":"https:\/\/anidb.net\/perl-bin\/animedb.pl?show=anime&aid=12558"},{"name":"ANN","url":"https:\/\/www.animenewsnetwork.com\/encyclopedia\/anime.php?id=18956"},{"name":"Wikipedia","url":"https:\/\/en.wikipedia.org\/wiki\/Nanbaka"}],"streaming":[{"name":"Crunchyroll","url":"http:\/\/www.crunchyroll.com\/series-271461"}]}}