{"data":{"mal_id":34480,"url":"https:\/\/myanimelist.net\/anime\/34480\/Shokugeki_no_Souma__Ni_no_Sara_OVA","images":{"jpg":{"image_url":"https:\/\/cdn.myanimelist.net\/images\/anime\/1032\/96640.jpg","small_image_url":"https:\/\/cdn.myanimelist.net\/images\/anime\/1032\/96640t.jpg","large_image_url":"https:\/\/cdn.myanimelist.net\/images\/anime\/1032\/96640l.jpg"},"webp":{"image_url":"https:\/\/cdn.myanimelist.net\/images\/anime\/1032\/96640.webp","small_image_url":"https:\/\/cdn.myanimelist.net\/images\/anime\/1032\/96640t.webp","large_image_url":"https:\/\/cdn.myanimelist.net\/images\/anime\/1032\/96640l.webp"}},"trailer":{"youtube_id":"Asx0p5uCn4U","url":"https:\/\/www.youtube.com\/watch?v=Asx0p5uCn4U","embed_url":"https:\/\/www.youtube.com\/embed\/Asx0p5uCn4U?enablejsapi=1&wmode=opaque&autoplay=1","images":{"image_url":"https:\/\/img.youtube.com\/vi\/Asx0p5uCn4U\/default.jpg","small_image_url":"https:\/\/img.youtube.com\/vi\/Asx0p5uCn4U\/sddefault.jpg","medium_image_url":"https:\/\/img.youtube.com\/vi\/Asx0p5uCn4U\/mqdefault.jpg","large_image_url":"https:\/\/img.youtube.com\/vi\/Asx0p5uCn4U\/hqdefault.jpg","maximum_image_url":"https:\/\/img.youtube.com\/vi\/Asx0p5uCn4U\/maxresdefault.jpg"}},"approved":true,"titles":[{"type":"Default","title":"Shokugeki no Souma: Ni no Sara OVA"},{"type":"Synonym","title":"Shokugeki no Souma: Ni no Sara - Jump Festa 2016 Special"},{"type":"Synonym","title":"Shokugeki no Soma: Ni no Sara OVA"},{"type":"Synonym","title":"Food Wars! The Second Plate OVA"},{"type":"Synonym","title":"Shokugeki no Souma 2nd Season OVA"},{"type":"Japanese","title":"\u98df\u621f\u306e\u30bd\u30fc\u30de \u5f0d\u30ce\u76bf"}],"title":"Shokugeki no Souma: Ni no Sara OVA","title_english":null,"title_japanese":"\u98df\u621f\u306e\u30bd\u30fc\u30de \u5f0d\u30ce\u76bf","title_synonyms":["Shokugeki no Souma: Ni no Sara - Jump Festa 2016 Special","Shokugeki no Soma: Ni no Sara OVA","Food Wars! The Second Plate OVA","Shokugeki no Souma 2nd Season OVA"],"type":"OVA","source":"Manga","episodes":2,"status":"Finished Airing","airing":false,"aired":{"from":"2017-05-01T00:00:00+00:00","to":"2017-07-04T00:00:00+00:00","prop":{"from":{"day":1,"month":5,"year":2017},"to":{"day":4,"month":7,"year":2017}},"string":"May 1, 2017 to Jul 4, 2017"},"duration":"25 min per ep","rating":"PG-13 - Teens 13 or older","score":7.46,"scored_by":81110,"rank":1915,"popularity":1402,"members":160176,"favorites":106,"synopsis":"Having completed their Stagiaire assignments, the residents of Polar Star Dormitory and their friends visit a hot springs inn. Though they planned on relaxing, these young chefs step up to the plate when the inn's entire kitchen staff suffer accidents. Unbeknownst to them, they will not be cooking for any ordinary patrons.\n\nSometime after this trip, Souma Yukihira's desire for worthy opponents is stoked when he, Megumi Tadokoro, and the other Autumn Election quarter-finalists are invited to the annual Autumn Leaves Viewing event. The eight Tootsuki freshmen have a special opportunity to enjoy tea with the Elite Ten Council\u2014including the Tenth Seat Erina Nakiri, who participates alongside her first-year classmates. Though it is framed as a friendly introduction between nine promising underclassmen and nine prestigious upperclassmen, Director Senzaemon Nakiri sees this meeting for what it is: a first encounter between the current reigning elite and their eventual usurpers. \n\n[Written by MAL Rewrite]","background":null,"season":null,"year":null,"broadcast":{"day":null,"time":null,"timezone":null,"string":null},"producers":[{"mal_id":415,"type":"anime","name":"Warner Bros. Japan","url":"https:\/\/myanimelist.net\/anime\/producer\/415\/Warner_Bros_Japan"},{"mal_id":1365,"type":"anime","name":"Shueisha","url":"https:\/\/myanimelist.net\/anime\/producer\/1365\/Shueisha"}],"licensors":[],"studios":[{"mal_id":7,"type":"anime","name":"J.C.Staff","url":"https:\/\/myanimelist.net\/anime\/producer\/7\/JCStaff"}],"genres":[{"mal_id":47,"type":"anime","name":"Gourmet","url":"https:\/\/myanimelist.net\/anime\/genre\/47\/Gourmet"},{"mal_id":9,"type":"anime","name":"Ecchi","url":"https:\/\/myanimelist.net\/anime\/genre\/9\/Ecchi"}],"explicit_genres":[],"themes":[{"mal_id":23,"type":"anime","name":"School","url":"https:\/\/myanimelist.net\/anime\/genre\/23\/School"}],"demographics":[{"mal_id":27,"type":"anime","name":"Shounen","url":"https:\/\/myanimelist.net\/anime\/genre\/27\/Shounen"}],"relations":[{"relation":"Prequel","entry":[{"mal_id":32282,"type":"anime","name":"Shokugeki no Souma: Ni no Sara","url":"https:\/\/myanimelist.net\/anime\/32282\/Shokugeki_no_Souma__Ni_no_Sara"}]},{"relation":"Sequel","entry":[{"mal_id":35788,"type":"anime","name":"Shokugeki no Souma: San no Sara","url":"https:\/\/myanimelist.net\/anime\/35788\/Shokugeki_no_Souma__San_no_Sara"}]}],"theme":{"openings":["\"ROUGH DIAMONDS\" by SCREEN mode"],"endings":["\"Snow Drop (\u30b9\u30ce\u30fc\u30c9\u30ed\u30c3\u30d7)\" by nano.RIPE"]},"external":[{"name":"Official Site","url":"http:\/\/shokugekinosoma.com\/"},{"name":"AniDB","url":"https:\/\/anidb.net\/perl-bin\/animedb.pl?show=anime&aid=11664"},{"name":"ANN","url":"https:\/\/www.animenewsnetwork.com\/encyclopedia\/anime.php?id=18937"},{"name":"Wikipedia","url":"https:\/\/en.wikipedia.org\/wiki\/Food_Wars!:_Shokugeki_no_Soma"}],"streaming":[]}}