{"data":{"mal_id":34494,"url":"https:\/\/myanimelist.net\/anime\/34494\/Sakura_Quest","images":{"jpg":{"image_url":"https:\/\/cdn.myanimelist.net\/images\/anime\/6\/85222.jpg","small_image_url":"https:\/\/cdn.myanimelist.net\/images\/anime\/6\/85222t.jpg","large_image_url":"https:\/\/cdn.myanimelist.net\/images\/anime\/6\/85222l.jpg"},"webp":{"image_url":"https:\/\/cdn.myanimelist.net\/images\/anime\/6\/85222.webp","small_image_url":"https:\/\/cdn.myanimelist.net\/images\/anime\/6\/85222t.webp","large_image_url":"https:\/\/cdn.myanimelist.net\/images\/anime\/6\/85222l.webp"}},"trailer":{"youtube_id":"KYGzOTL5sOs","url":"https:\/\/www.youtube.com\/watch?v=KYGzOTL5sOs","embed_url":"https:\/\/www.youtube.com\/embed\/KYGzOTL5sOs?enablejsapi=1&wmode=opaque&autoplay=1","images":{"image_url":"https:\/\/img.youtube.com\/vi\/KYGzOTL5sOs\/default.jpg","small_image_url":"https:\/\/img.youtube.com\/vi\/KYGzOTL5sOs\/sddefault.jpg","medium_image_url":"https:\/\/img.youtube.com\/vi\/KYGzOTL5sOs\/mqdefault.jpg","large_image_url":"https:\/\/img.youtube.com\/vi\/KYGzOTL5sOs\/hqdefault.jpg","maximum_image_url":"https:\/\/img.youtube.com\/vi\/KYGzOTL5sOs\/maxresdefault.jpg"}},"approved":true,"titles":[{"type":"Default","title":"Sakura Quest"},{"type":"Japanese","title":"\u30b5\u30af\u30e9\u30af\u30a8\u30b9\u30c8"},{"type":"English","title":"Sakura Quest"}],"title":"Sakura Quest","title_english":"Sakura Quest","title_japanese":"\u30b5\u30af\u30e9\u30af\u30a8\u30b9\u30c8","title_synonyms":[],"type":"TV","source":"Original","episodes":25,"status":"Finished Airing","airing":false,"aired":{"from":"2017-04-06T00:00:00+00:00","to":"2017-09-21T00:00:00+00:00","prop":{"from":{"day":6,"month":4,"year":2017},"to":{"day":21,"month":9,"year":2017}},"string":"Apr 6, 2017 to Sep 21, 2017"},"duration":"23 min per ep","rating":"PG-13 - Teens 13 or older","score":7.39,"scored_by":46515,"rank":2220,"popularity":1498,"members":146985,"favorites":508,"synopsis":"Tired of her rural home, recent college graduate Yoshino Koharu is desperate to lead a more exciting life in Tokyo. After a fruitless job hunt, she finally receives a part-time offer as queen of the bizarre \"Kingdom of Chupakabura,\" a rundown mini-attraction in the small agricultural town of Manoyama. However, Yoshino discovers upon her arrival in Manoyama that she was mistaken for a celebrity and the job offer was a mistake. Left with no other options, Yoshino reluctantly agrees to take on the role and aid the Board of Tourism in their efforts to revitalize Manoyama. Determined to bring excitement to the dying town with the help of local residents, the queen enacts a series of projects to highlight the beauty and charm of Manoyama's culture.\n\nSakura Quest delves into the story of a tight-knit community that is struggling to balance change while also maintaining the rich traditions and bonds which define their identity.\n\n[Written by MAL Rewrite]","background":null,"season":"spring","year":2017,"broadcast":{"day":"Thursdays","time":"00:00","timezone":"Asia\/Tokyo","string":"Thursdays at 00:00 (JST)"},"producers":[{"mal_id":238,"type":"anime","name":"AT-X","url":"https:\/\/myanimelist.net\/anime\/producer\/238\/AT-X"},{"mal_id":797,"type":"anime","name":"Houbunsha","url":"https:\/\/myanimelist.net\/anime\/producer\/797\/Houbunsha"},{"mal_id":1143,"type":"anime","name":"TOHO animation","url":"https:\/\/myanimelist.net\/anime\/producer\/1143\/TOHO_animation"},{"mal_id":1416,"type":"anime","name":"BS11","url":"https:\/\/myanimelist.net\/anime\/producer\/1416\/BS11"},{"mal_id":1500,"type":"anime","name":"ABC Animation","url":"https:\/\/myanimelist.net\/anime\/producer\/1500\/ABC_Animation"},{"mal_id":1516,"type":"anime","name":"Sony PCL","url":"https:\/\/myanimelist.net\/anime\/producer\/1516\/Sony_PCL"}],"licensors":[{"mal_id":102,"type":"anime","name":"Funimation","url":"https:\/\/myanimelist.net\/anime\/producer\/102\/Funimation"}],"studios":[{"mal_id":132,"type":"anime","name":"P.A. Works","url":"https:\/\/myanimelist.net\/anime\/producer\/132\/PA_Works"}],"genres":[{"mal_id":4,"type":"anime","name":"Comedy","url":"https:\/\/myanimelist.net\/anime\/genre\/4\/Comedy"},{"mal_id":36,"type":"anime","name":"Slice of Life","url":"https:\/\/myanimelist.net\/anime\/genre\/36\/Slice_of_Life"}],"explicit_genres":[],"themes":[{"mal_id":50,"type":"anime","name":"Adult Cast","url":"https:\/\/myanimelist.net\/anime\/genre\/50\/Adult_Cast"},{"mal_id":48,"type":"anime","name":"Workplace","url":"https:\/\/myanimelist.net\/anime\/genre\/48\/Workplace"}],"demographics":[],"relations":[{"relation":"Adaptation","entry":[{"mal_id":104273,"type":"manga","name":"Sakura Quest","url":"https:\/\/myanimelist.net\/manga\/104273\/Sakura_Quest"}]}],"theme":{"openings":["1: \"Morning Glory\" by (K)NoW_NAME (eps 1-13)","2: \"Lupinus\" by (K)NoW_NAME (eps 14-25)"],"endings":["1: \"Freesia\" by (K)NoW_NAME (eps 1-13)","2: \"Baby's Breath\" by (K)NoW_NAME (eps 14-25)"]},"external":[{"name":"Official Site","url":"http:\/\/sakura-quest.com"},{"name":"AniDB","url":"https:\/\/anidb.net\/perl-bin\/animedb.pl?show=anime&aid=12602"},{"name":"ANN","url":"https:\/\/www.animenewsnetwork.com\/encyclopedia\/anime.php?id=18916"},{"name":"Wikipedia","url":"https:\/\/ja.wikipedia.org\/wiki\/%E3%82%B5%E3%82%AF%E3%83%A9%E3%82%AF%E3%82%A8%E3%82%B9%E3%83%88"}],"streaming":[{"name":"Crunchyroll","url":"http:\/\/www.crunchyroll.com\/series-272909"},{"name":"Funimation","url":"https:\/\/www.funimation.com\/shows\/sakura-quest"}]}}