{"data":{"mal_id":34514,"url":"https:\/\/myanimelist.net\/anime\/34514\/Pokemon_Generations","images":{"jpg":{"image_url":"https:\/\/cdn.myanimelist.net\/images\/anime\/11\/83210.jpg","small_image_url":"https:\/\/cdn.myanimelist.net\/images\/anime\/11\/83210t.jpg","large_image_url":"https:\/\/cdn.myanimelist.net\/images\/anime\/11\/83210l.jpg"},"webp":{"image_url":"https:\/\/cdn.myanimelist.net\/images\/anime\/11\/83210.webp","small_image_url":"https:\/\/cdn.myanimelist.net\/images\/anime\/11\/83210t.webp","large_image_url":"https:\/\/cdn.myanimelist.net\/images\/anime\/11\/83210l.webp"}},"trailer":{"youtube_id":"wMzwcIG8vgk","url":"https:\/\/www.youtube.com\/watch?v=wMzwcIG8vgk","embed_url":"https:\/\/www.youtube.com\/embed\/wMzwcIG8vgk?enablejsapi=1&wmode=opaque&autoplay=1","images":{"image_url":"https:\/\/img.youtube.com\/vi\/wMzwcIG8vgk\/default.jpg","small_image_url":"https:\/\/img.youtube.com\/vi\/wMzwcIG8vgk\/sddefault.jpg","medium_image_url":"https:\/\/img.youtube.com\/vi\/wMzwcIG8vgk\/mqdefault.jpg","large_image_url":"https:\/\/img.youtube.com\/vi\/wMzwcIG8vgk\/hqdefault.jpg","maximum_image_url":"https:\/\/img.youtube.com\/vi\/wMzwcIG8vgk\/maxresdefault.jpg"}},"approved":true,"titles":[{"type":"Default","title":"Pokemon Generations"},{"type":"Synonym","title":"Pocket Monsters Generations"},{"type":"Japanese","title":"\u30dd\u30b1\u30e2\u30f3\u30b8\u30a7\u30cd\u30ec\u30fc\u30b7\u30e7\u30f3\u30ba"},{"type":"English","title":"Pok\u00e9mon Generations"},{"type":"Spanish","title":"Pok\u00e9mon Generaciones"}],"title":"Pokemon Generations","title_english":"Pok\u00e9mon Generations","title_japanese":"\u30dd\u30b1\u30e2\u30f3\u30b8\u30a7\u30cd\u30ec\u30fc\u30b7\u30e7\u30f3\u30ba","title_synonyms":["Pocket Monsters Generations"],"type":"ONA","source":"Game","episodes":18,"status":"Finished Airing","airing":false,"aired":{"from":"2016-12-09T00:00:00+00:00","to":"2017-02-02T00:00:00+00:00","prop":{"from":{"day":9,"month":12,"year":2016},"to":{"day":2,"month":2,"year":2017}},"string":"Dec 9, 2016 to Feb 2, 2017"},"duration":"4 min per ep","rating":"PG - Children","score":7.46,"scored_by":34236,"rank":1911,"popularity":2804,"members":57307,"favorites":86,"synopsis":"Pok\u00e9mon Generations revisits each generation of the Pok\u00e9mon video game series to shed new light on some timeless moments. From the earliest days in the Kanto region to the splendor of the Kalos region, go behind the scenes and witness Pok\u00e9mon history with new eyes!\n\n(Source: Official site)","background":null,"season":null,"year":null,"broadcast":{"day":null,"time":null,"timezone":null,"string":null},"producers":[],"licensors":[{"mal_id":499,"type":"anime","name":"The Pokemon Company International","url":"https:\/\/myanimelist.net\/anime\/producer\/499\/The_Pokemon_Company_International"}],"studios":[{"mal_id":28,"type":"anime","name":"OLM","url":"https:\/\/myanimelist.net\/anime\/producer\/28\/OLM"}],"genres":[{"mal_id":1,"type":"anime","name":"Action","url":"https:\/\/myanimelist.net\/anime\/genre\/1\/Action"},{"mal_id":2,"type":"anime","name":"Adventure","url":"https:\/\/myanimelist.net\/anime\/genre\/2\/Adventure"},{"mal_id":10,"type":"anime","name":"Fantasy","url":"https:\/\/myanimelist.net\/anime\/genre\/10\/Fantasy"}],"explicit_genres":[],"themes":[{"mal_id":11,"type":"anime","name":"Strategy Game","url":"https:\/\/myanimelist.net\/anime\/genre\/11\/Strategy_Game"}],"demographics":[{"mal_id":15,"type":"anime","name":"Kids","url":"https:\/\/myanimelist.net\/anime\/genre\/15\/Kids"}],"relations":[{"relation":"Other","entry":[{"mal_id":527,"type":"anime","name":"Pokemon","url":"https:\/\/myanimelist.net\/anime\/527\/Pokemon"}]}],"theme":{"openings":[],"endings":[]},"external":[{"name":"AniDB","url":"https:\/\/anidb.net\/perl-bin\/animedb.pl?show=anime&aid=12409"},{"name":"ANN","url":"https:\/\/www.animenewsnetwork.com\/encyclopedia\/anime.php?id=18902"},{"name":"Wikipedia","url":"https:\/\/ja.wikipedia.org\/wiki\/%E3%83%9D%E3%82%B1%E3%83%A2%E3%83%B3%E3%82%B8%E3%82%A7%E3%83%8D%E3%83%AC%E3%83%BC%E3%82%B7%E3%83%A7%E3%83%B3%E3%82%BA"}],"streaming":[]}}