{"data":{"mal_id":34537,"url":"https:\/\/myanimelist.net\/anime\/34537\/Yoru_wa_Mijikashi_Arukeyo_Otome","images":{"jpg":{"image_url":"https:\/\/cdn.myanimelist.net\/images\/anime\/2\/86940.jpg","small_image_url":"https:\/\/cdn.myanimelist.net\/images\/anime\/2\/86940t.jpg","large_image_url":"https:\/\/cdn.myanimelist.net\/images\/anime\/2\/86940l.jpg"},"webp":{"image_url":"https:\/\/cdn.myanimelist.net\/images\/anime\/2\/86940.webp","small_image_url":"https:\/\/cdn.myanimelist.net\/images\/anime\/2\/86940t.webp","large_image_url":"https:\/\/cdn.myanimelist.net\/images\/anime\/2\/86940l.webp"}},"trailer":{"youtube_id":"tmeU9GFJW3I","url":"https:\/\/www.youtube.com\/watch?v=tmeU9GFJW3I","embed_url":"https:\/\/www.youtube.com\/embed\/tmeU9GFJW3I?enablejsapi=1&wmode=opaque&autoplay=1","images":{"image_url":"https:\/\/img.youtube.com\/vi\/tmeU9GFJW3I\/default.jpg","small_image_url":"https:\/\/img.youtube.com\/vi\/tmeU9GFJW3I\/sddefault.jpg","medium_image_url":"https:\/\/img.youtube.com\/vi\/tmeU9GFJW3I\/mqdefault.jpg","large_image_url":"https:\/\/img.youtube.com\/vi\/tmeU9GFJW3I\/hqdefault.jpg","maximum_image_url":"https:\/\/img.youtube.com\/vi\/tmeU9GFJW3I\/maxresdefault.jpg"}},"approved":true,"titles":[{"type":"Default","title":"Yoru wa Mijikashi Arukeyo Otome"},{"type":"Synonym","title":"The Night Is Short"},{"type":"Synonym","title":"Walk on Girl"},{"type":"Japanese","title":"\u591c\u306f\u77ed\u3057\u6b69\u3051\u3088\u4e59\u5973"},{"type":"English","title":"The Night is Short, Walk on Girl"},{"type":"German","title":"Night is Short, Walk On Girl"},{"type":"French","title":"Night is Short, Walk on Girl"}],"title":"Yoru wa Mijikashi Arukeyo Otome","title_english":"The Night is Short, Walk on Girl","title_japanese":"\u591c\u306f\u77ed\u3057\u6b69\u3051\u3088\u4e59\u5973","title_synonyms":["The Night Is Short","Walk on Girl"],"type":"Movie","source":"Novel","episodes":1,"status":"Finished Airing","airing":false,"aired":{"from":"2017-04-07T00:00:00+00:00","to":null,"prop":{"from":{"day":7,"month":4,"year":2017},"to":{"day":null,"month":null,"year":null}},"string":"Apr 7, 2017"},"duration":"1 hr 32 min","rating":"R+ - Mild Nudity","score":8.18,"scored_by":49752,"rank":376,"popularity":1728,"members":122311,"favorites":1675,"synopsis":"On a mysterious night that seems to last for a year, an ordinary college student continues to chase one of his underclassmen, a girl with black hair\u2014the girl of his dreams. Up until now, he has been relying on a simple plan, which is to calculatingly bump into her every day while making it seem like a meaningful coincidence. However, his efforts remain futile as their relationship is not progressing at all.\n\nMeanwhile, the black-haired girl believes that everything is connected by fate and endeavors to experience as many new things as possible, leaving it all for destiny to decide. While strolling along the lively streets of Kyoto, she discovers that the very beginning of her fateful journey\u2014a book she had as a child\u2014is currently being sold in a second-hand bookstore. Upon knowing this, the college student eyes another opportunity to run into her \"by chance\": this time, he hopes to get the book before she does and finally grasp the thread of fate that could connect their hearts.\n\n[Written by MAL Rewrite]","background":null,"season":null,"year":null,"broadcast":{"day":null,"time":null,"timezone":null,"string":null},"producers":[{"mal_id":169,"type":"anime","name":"Fuji TV","url":"https:\/\/myanimelist.net\/anime\/producer\/169\/Fuji_TV"},{"mal_id":245,"type":"anime","name":"TOHO","url":"https:\/\/myanimelist.net\/anime\/producer\/245\/TOHO"},{"mal_id":843,"type":"anime","name":"BS Fuji","url":"https:\/\/myanimelist.net\/anime\/producer\/843\/BS_Fuji"},{"mal_id":1696,"type":"anime","name":"Kadokawa","url":"https:\/\/myanimelist.net\/anime\/producer\/1696\/Kadokawa"}],"licensors":[{"mal_id":783,"type":"anime","name":"GKIDS","url":"https:\/\/myanimelist.net\/anime\/producer\/783\/GKIDS"}],"studios":[{"mal_id":1591,"type":"anime","name":"Science SARU","url":"https:\/\/myanimelist.net\/anime\/producer\/1591\/Science_SARU"}],"genres":[{"mal_id":4,"type":"anime","name":"Comedy","url":"https:\/\/myanimelist.net\/anime\/genre\/4\/Comedy"},{"mal_id":22,"type":"anime","name":"Romance","url":"https:\/\/myanimelist.net\/anime\/genre\/22\/Romance"}],"explicit_genres":[],"themes":[],"demographics":[],"relations":[{"relation":"Adaptation","entry":[{"mal_id":122104,"type":"manga","name":"Yoru wa Mijikashi Aruke yo Otome","url":"https:\/\/myanimelist.net\/manga\/122104\/Yoru_wa_Mijikashi_Aruke_yo_Otome"}]},{"relation":"Character","entry":[{"mal_id":7785,"type":"anime","name":"Yojouhan Shinwa Taikei","url":"https:\/\/myanimelist.net\/anime\/7785\/Yojouhan_Shinwa_Taikei"}]}],"theme":{"openings":[],"endings":["\"Kouya wo Aruke (\u8352\u91ce\u3092\u6b69\u3051)\" by ASIAN KUNG-FU GENERATION"]},"external":[{"name":"Official Site","url":"http:\/\/www.kurokaminootome.com\/"},{"name":"Official Site","url":"https:\/\/gkids.com\/films\/night-is-short-walk-on-girl\/"},{"name":"AniDB","url":"https:\/\/anidb.net\/perl-bin\/animedb.pl?show=anime&aid=12647"},{"name":"ANN","url":"https:\/\/www.animenewsnetwork.com\/encyclopedia\/anime.php?id=18915"},{"name":"Wikipedia","url":"https:\/\/en.wikipedia.org\/wiki\/Night_Is_Short,_Walk_On_Girl"},{"name":"Wikipedia","url":"https:\/\/ja.wikipedia.org\/wiki\/%E5%A4%9C%E3%81%AF%E7%9F%AD%E3%81%97%E6%AD%A9%E3%81%91%E3%82%88%E4%B9%99%E5%A5%B3"},{"name":"Syoboi","url":"https:\/\/cal.syoboi.jp\/tid\/5282"},{"name":"Bangumi","url":"https:\/\/bangumi.tv\/subject\/202240"}],"streaming":[{"name":"Crunchyroll","url":"http:\/\/www.crunchyroll.com\/series-281242"},{"name":"Netflix","url":"https:\/\/www.netflix.com\/"}]}}