{"data":{"mal_id":34544,"url":"https:\/\/myanimelist.net\/anime\/34544\/Koutetsujou_no_Kabaneri_Movie_3__Unato_Kessen","images":{"jpg":{"image_url":"https:\/\/cdn.myanimelist.net\/images\/anime\/1749\/99713.jpg","small_image_url":"https:\/\/cdn.myanimelist.net\/images\/anime\/1749\/99713t.jpg","large_image_url":"https:\/\/cdn.myanimelist.net\/images\/anime\/1749\/99713l.jpg"},"webp":{"image_url":"https:\/\/cdn.myanimelist.net\/images\/anime\/1749\/99713.webp","small_image_url":"https:\/\/cdn.myanimelist.net\/images\/anime\/1749\/99713t.webp","large_image_url":"https:\/\/cdn.myanimelist.net\/images\/anime\/1749\/99713l.webp"}},"trailer":{"youtube_id":"fY_vRm7xOzg","url":"https:\/\/www.youtube.com\/watch?v=fY_vRm7xOzg","embed_url":"https:\/\/www.youtube.com\/embed\/fY_vRm7xOzg?enablejsapi=1&wmode=opaque&autoplay=1","images":{"image_url":"https:\/\/img.youtube.com\/vi\/fY_vRm7xOzg\/default.jpg","small_image_url":"https:\/\/img.youtube.com\/vi\/fY_vRm7xOzg\/sddefault.jpg","medium_image_url":"https:\/\/img.youtube.com\/vi\/fY_vRm7xOzg\/mqdefault.jpg","large_image_url":"https:\/\/img.youtube.com\/vi\/fY_vRm7xOzg\/hqdefault.jpg","maximum_image_url":"https:\/\/img.youtube.com\/vi\/fY_vRm7xOzg\/maxresdefault.jpg"}},"approved":true,"titles":[{"type":"Default","title":"Koutetsujou no Kabaneri Movie 3: Unato Kessen"},{"type":"Japanese","title":"\u7532\u9244\u57ce\u306e\u30ab\u30d0\u30cd\u30ea\uff5e\u6d77\u9580\u6c7a\u6226\uff5e"},{"type":"English","title":"Kabaneri of the Iron Fortress: The Battle of Unato"},{"type":"German","title":"Kabaneri of the Iron Fortress: The Battle of Unato"},{"type":"Spanish","title":"Kabaneri de la Fortaleza de Hierro: La Batalla de Unato."},{"type":"French","title":"Kabaneri of the Iron Fortress: The Battle of Unato"}],"title":"Koutetsujou no Kabaneri Movie 3: Unato Kessen","title_english":"Kabaneri of the Iron Fortress: The Battle of Unato","title_japanese":"\u7532\u9244\u57ce\u306e\u30ab\u30d0\u30cd\u30ea\uff5e\u6d77\u9580\u6c7a\u6226\uff5e","title_synonyms":[],"type":"Movie","source":"Original","episodes":1,"status":"Finished Airing","airing":false,"aired":{"from":"2019-05-10T00:00:00+00:00","to":null,"prop":{"from":{"day":10,"month":5,"year":2019},"to":{"day":null,"month":null,"year":null}},"string":"May 10, 2019"},"duration":"1 hr 22 min","rating":"R - 17+ (violence & profanity)","score":7.69,"scored_by":62266,"rank":1208,"popularity":1673,"members":128263,"favorites":254,"synopsis":"Half a year has passed. Arriving in the Iron Fortress, Ikoma and Mumei set foot in Unato: another ravaged zone that fell into the grip of the deadly Kabane.\n\nIn this war-torn zone, the group fends off more dangerous Kabane that are attacking with patterns they had never seen before. The Iron Fortress crew eventually meet up with a survival group which requests their aid in reclaiming the zone. The newly forged alliance ventures deeper into the area of the castle and investigates the peculiar case of these new Kabane. But their search for answers unearths truths that are far more horrifying than they imagined. Forced to confront the reality behind the Kabane, Ikoma, Mumei, and their allies come to realize the despair buried within Unato.\n\n[Written by MAL Rewrite]","background":null,"season":null,"year":null,"broadcast":{"day":null,"time":null,"timezone":null,"string":null},"producers":[{"mal_id":17,"type":"anime","name":"Aniplex","url":"https:\/\/myanimelist.net\/anime\/producer\/17\/Aniplex"},{"mal_id":53,"type":"anime","name":"Dentsu","url":"https:\/\/myanimelist.net\/anime\/producer\/53\/Dentsu"},{"mal_id":169,"type":"anime","name":"Fuji TV","url":"https:\/\/myanimelist.net\/anime\/producer\/169\/Fuji_TV"},{"mal_id":1412,"type":"anime","name":"Kansai Telecasting","url":"https:\/\/myanimelist.net\/anime\/producer\/1412\/Kansai_Telecasting"}],"licensors":[],"studios":[{"mal_id":858,"type":"anime","name":"Wit Studio","url":"https:\/\/myanimelist.net\/anime\/producer\/858\/Wit_Studio"}],"genres":[{"mal_id":1,"type":"anime","name":"Action","url":"https:\/\/myanimelist.net\/anime\/genre\/1\/Action"},{"mal_id":10,"type":"anime","name":"Fantasy","url":"https:\/\/myanimelist.net\/anime\/genre\/10\/Fantasy"},{"mal_id":14,"type":"anime","name":"Horror","url":"https:\/\/myanimelist.net\/anime\/genre\/14\/Horror"},{"mal_id":41,"type":"anime","name":"Suspense","url":"https:\/\/myanimelist.net\/anime\/genre\/41\/Suspense"}],"explicit_genres":[],"themes":[{"mal_id":58,"type":"anime","name":"Gore","url":"https:\/\/myanimelist.net\/anime\/genre\/58\/Gore"},{"mal_id":13,"type":"anime","name":"Historical","url":"https:\/\/myanimelist.net\/anime\/genre\/13\/Historical"},{"mal_id":76,"type":"anime","name":"Survival","url":"https:\/\/myanimelist.net\/anime\/genre\/76\/Survival"}],"demographics":[],"relations":[{"relation":"Prequel","entry":[{"mal_id":28623,"type":"anime","name":"Koutetsujou no Kabaneri","url":"https:\/\/myanimelist.net\/anime\/28623\/Koutetsujou_no_Kabaneri"},{"mal_id":33520,"type":"anime","name":"Koutetsujou no Kabaneri Movie 2: Moeru Inochi","url":"https:\/\/myanimelist.net\/anime\/33520\/Koutetsujou_no_Kabaneri_Movie_2__Moeru_Inochi"}]}],"theme":{"openings":["\"KABANERI OF THE IRON FORTRESS\" by EGOIST"],"endings":["\"Sakase ya Sakase (\u54b2\u304b\u305b\u3084\u54b2\u304b\u305b)\" by EGOIST"]},"external":[{"name":"Official Site","url":"http:\/\/kabaneri.com\/"},{"name":"AniDB","url":"https:\/\/anidb.net\/perl-bin\/animedb.pl?show=anime&aid=12654"},{"name":"ANN","url":"https:\/\/www.animenewsnetwork.com\/encyclopedia\/anime.php?id=21512"},{"name":"Wikipedia","url":"http:\/\/en.wikipedia.org\/wiki\/Kabaneri_of_the_Iron_Fortress"}],"streaming":[{"name":"Netflix","url":"https:\/\/www.netflix.com\/"}]}}