{"data":{"mal_id":34549,"url":"https:\/\/myanimelist.net\/anime\/34549\/Ryuu_no_Haisha","images":{"jpg":{"image_url":"https:\/\/cdn.myanimelist.net\/images\/anime\/13\/83336.jpg","small_image_url":"https:\/\/cdn.myanimelist.net\/images\/anime\/13\/83336t.jpg","large_image_url":"https:\/\/cdn.myanimelist.net\/images\/anime\/13\/83336l.jpg"},"webp":{"image_url":"https:\/\/cdn.myanimelist.net\/images\/anime\/13\/83336.webp","small_image_url":"https:\/\/cdn.myanimelist.net\/images\/anime\/13\/83336t.webp","large_image_url":"https:\/\/cdn.myanimelist.net\/images\/anime\/13\/83336l.webp"}},"trailer":{"youtube_id":"i2JNphL1meU","url":"https:\/\/www.youtube.com\/watch?v=i2JNphL1meU","embed_url":"https:\/\/www.youtube.com\/embed\/i2JNphL1meU?enablejsapi=1&wmode=opaque&autoplay=1","images":{"image_url":"https:\/\/img.youtube.com\/vi\/i2JNphL1meU\/default.jpg","small_image_url":"https:\/\/img.youtube.com\/vi\/i2JNphL1meU\/sddefault.jpg","medium_image_url":"https:\/\/img.youtube.com\/vi\/i2JNphL1meU\/mqdefault.jpg","large_image_url":"https:\/\/img.youtube.com\/vi\/i2JNphL1meU\/hqdefault.jpg","maximum_image_url":"https:\/\/img.youtube.com\/vi\/i2JNphL1meU\/maxresdefault.jpg"}},"approved":true,"titles":[{"type":"Default","title":"Ryuu no Haisha"},{"type":"Japanese","title":"\u9f8d\u306e\u6b6f\u533b\u8005"},{"type":"English","title":"The Dragon Dentist"},{"type":"German","title":"The Dragon Dentist"},{"type":"Spanish","title":"The Dragon Dentist"},{"type":"French","title":"The Dragon Dentist"}],"title":"Ryuu no Haisha","title_english":"The Dragon Dentist","title_japanese":"\u9f8d\u306e\u6b6f\u533b\u8005","title_synonyms":[],"type":"Special","source":"Original","episodes":2,"status":"Finished Airing","airing":false,"aired":{"from":"2017-02-18T00:00:00+00:00","to":"2017-02-25T00:00:00+00:00","prop":{"from":{"day":18,"month":2,"year":2017},"to":{"day":25,"month":2,"year":2017}},"string":"Feb 18, 2017 to Feb 25, 2017"},"duration":"46 min per ep","rating":"PG-13 - Teens 13 or older","score":7.36,"scored_by":16137,"rank":2343,"popularity":3331,"members":41541,"favorites":91,"synopsis":"War rages between two neighboring countries, but one side has an ace up their sleeve: an ancient dragon bound by a pact to protect the nation. Despite these overpowering creatures being capable of leveling entire battlefields, they are rendered useless by cavities. And so, a special unit\u2014the dragon dentists\u2014has the important duty of caring for the dragon's teeth.\n\nNonoko Kishii was the only one of many brave volunteers who survived a recent round of recruitment; in order to join the dragon dentists, one has to witness their future demise and accept it without a fight. Knowing the exact circumstances of their fated ends, the dragon dentists devote themselves to their work. One day, they gain a new member who did not undergo the test: Bernard \"Bel\" Octavius, a young enemy officer killed by his own men and revived by the dragon's teeth. Despite his appearance being an omen of a great disaster, he is placed under the care of Nonoko as a dentist-in-training. Will Bel come around to the dragon dentists' attitudes toward death and help them face the painful future that is to come?\n\n[Written by MAL Rewrite]","background":"Ryuu no Haisha is based off the first episode of Nihon Animator Mihonichi, a collaborative weekly OVA series of standalone anime shorts.","season":null,"year":null,"broadcast":{"day":null,"time":null,"timezone":null,"string":null},"producers":[{"mal_id":111,"type":"anime","name":"NHK","url":"https:\/\/myanimelist.net\/anime\/producer\/111\/NHK"},{"mal_id":715,"type":"anime","name":"Dwango","url":"https:\/\/myanimelist.net\/anime\/producer\/715\/Dwango"}],"licensors":[{"mal_id":376,"type":"anime","name":"Sentai Filmworks","url":"https:\/\/myanimelist.net\/anime\/producer\/376\/Sentai_Filmworks"}],"studios":[{"mal_id":47,"type":"anime","name":"Khara","url":"https:\/\/myanimelist.net\/anime\/producer\/47\/Khara"}],"genres":[{"mal_id":2,"type":"anime","name":"Adventure","url":"https:\/\/myanimelist.net\/anime\/genre\/2\/Adventure"},{"mal_id":10,"type":"anime","name":"Fantasy","url":"https:\/\/myanimelist.net\/anime\/genre\/10\/Fantasy"}],"explicit_genres":[],"themes":[],"demographics":[],"relations":[{"relation":"Adaptation","entry":[{"mal_id":108906,"type":"manga","name":"Ryuu no Haisha","url":"https:\/\/myanimelist.net\/manga\/108906\/Ryuu_no_Haisha"}]},{"relation":"Alternative version","entry":[{"mal_id":28149,"type":"anime","name":"Nihon Animator Mihonichi","url":"https:\/\/myanimelist.net\/anime\/28149\/Nihon_Animator_Mihonichi"}]}],"theme":{"openings":["\"Bokura ga Tabi ni Deru Riyuu (\u307c\u304f\u3089\u304c\u65c5\u306b\u51fa\u308b\u7406\u7531)\" by RINKU (eps 1-2)"],"endings":["\"Bokura ga Tabi ni Deru Riyuu (\u307c\u304f\u3089\u304c\u65c5\u306b\u51fa\u308b\u7406\u7531)\" by RINKU"]},"external":[{"name":"Official Site","url":"http:\/\/www.nhk.or.jp\/anime\/ryu\/"},{"name":"AniDB","url":"https:\/\/anidb.net\/perl-bin\/animedb.pl?show=anime&aid=12359"},{"name":"ANN","url":"https:\/\/www.animenewsnetwork.com\/encyclopedia\/anime.php?id=18712"},{"name":"Wikipedia","url":"https:\/\/en.wikipedia.org\/wiki\/The_Dragon_Dentist"}],"streaming":[{"name":"Crunchyroll","url":"http:\/\/www.crunchyroll.com\/series-272659"},{"name":"HIDIVE","url":"https:\/\/www.hidive.com\/movies\/the-dragon-dentist"},{"name":"Netflix","url":"https:\/\/www.netflix.com\/"}]}}