{"data":{"mal_id":34626,"url":"https:\/\/myanimelist.net\/anime\/34626\/Kono_Subarashii_Sekai_ni_Shukufuku_wo_2__Kono_Subarashii_Geijutsu_ni_Shukufuku_wo","images":{"jpg":{"image_url":"https:\/\/cdn.myanimelist.net\/images\/anime\/1115\/98517.jpg","small_image_url":"https:\/\/cdn.myanimelist.net\/images\/anime\/1115\/98517t.jpg","large_image_url":"https:\/\/cdn.myanimelist.net\/images\/anime\/1115\/98517l.jpg"},"webp":{"image_url":"https:\/\/cdn.myanimelist.net\/images\/anime\/1115\/98517.webp","small_image_url":"https:\/\/cdn.myanimelist.net\/images\/anime\/1115\/98517t.webp","large_image_url":"https:\/\/cdn.myanimelist.net\/images\/anime\/1115\/98517l.webp"}},"trailer":{"youtube_id":null,"url":null,"embed_url":null,"images":{"image_url":null,"small_image_url":null,"medium_image_url":null,"large_image_url":null,"maximum_image_url":null}},"approved":true,"titles":[{"type":"Default","title":"Kono Subarashii Sekai ni Shukufuku wo! 2: Kono Subarashii Geijutsu ni Shukufuku wo!"},{"type":"Synonym","title":"KonoSuba: God's Blessing on This Wonderful World! Second Season OVA"},{"type":"Synonym","title":"Kono Subarashii Sekai ni Shukufuku wo! 2 OVA"},{"type":"Japanese","title":"\u3053\u306e\u7d20\u6674\u3089\u3057\u3044\u4e16\u754c\u306b\u795d\u798f\u3092\uff012 \u3053\u306e\u7d20\u6674\u3089\u3057\u3044\u82b8\u8853\u306b\u795d\u798f\u3092\uff01"},{"type":"English","title":"KonoSuba: God's Blessing on This Wonderful World! 2 - God's Blessing on This Wonderful Art!"}],"title":"Kono Subarashii Sekai ni Shukufuku wo! 2: Kono Subarashii Geijutsu ni Shukufuku wo!","title_english":"KonoSuba: God's Blessing on This Wonderful World! 2 - God's Blessing on This Wonderful Art!","title_japanese":"\u3053\u306e\u7d20\u6674\u3089\u3057\u3044\u4e16\u754c\u306b\u795d\u798f\u3092\uff012 \u3053\u306e\u7d20\u6674\u3089\u3057\u3044\u82b8\u8853\u306b\u795d\u798f\u3092\uff01","title_synonyms":["KonoSuba: God's Blessing on This Wonderful World! Second Season OVA","Kono Subarashii Sekai ni Shukufuku wo! 2 OVA"],"type":"OVA","source":"Light novel","episodes":1,"status":"Finished Airing","airing":false,"aired":{"from":"2017-07-24T00:00:00+00:00","to":null,"prop":{"from":{"day":24,"month":7,"year":2017},"to":{"day":null,"month":null,"year":null}},"string":"Jul 24, 2017"},"duration":"28 min","rating":"PG-13 - Teens 13 or older","score":8.02,"scored_by":218936,"rank":583,"popularity":632,"members":359785,"favorites":728,"synopsis":"On one noteworthy day in the Adventurer's Guild, Kazuma Satou encounters someone unexpected\u2014a fan of his named Ran. Surprised that he even has a fan, Kazuma attempts to play it cool to impress her. Unfortunately for him, the guild's receptionist arrives with a request to defeat a giant golem guarding some ancient ruins, and Kazuma accepts only to keep Ran's admiration.\n\nUpon Kazuma and his party's successful return from the ruins, Kazuma continues to shamelessly brag to Ran. Capitalizing on his desperation, the receptionist approaches him with another quest that requires him to return to the same ruins. Hoping to find valuable treasures, Kazuma once again convinces his party to join him\u2014but this time, he may be biting off more than he can chew.\n\n[Written by MAL Rewrite]","background":"Bundled with the 12th volume of the light novel.","season":null,"year":null,"broadcast":{"day":null,"time":null,"timezone":null,"string":null},"producers":[],"licensors":[{"mal_id":467,"type":"anime","name":"Discotek Media","url":"https:\/\/myanimelist.net\/anime\/producer\/467\/Discotek_Media"}],"studios":[{"mal_id":37,"type":"anime","name":"Studio Deen","url":"https:\/\/myanimelist.net\/anime\/producer\/37\/Studio_Deen"}],"genres":[{"mal_id":2,"type":"anime","name":"Adventure","url":"https:\/\/myanimelist.net\/anime\/genre\/2\/Adventure"},{"mal_id":4,"type":"anime","name":"Comedy","url":"https:\/\/myanimelist.net\/anime\/genre\/4\/Comedy"},{"mal_id":10,"type":"anime","name":"Fantasy","url":"https:\/\/myanimelist.net\/anime\/genre\/10\/Fantasy"}],"explicit_genres":[],"themes":[{"mal_id":62,"type":"anime","name":"Isekai","url":"https:\/\/myanimelist.net\/anime\/genre\/62\/Isekai"},{"mal_id":20,"type":"anime","name":"Parody","url":"https:\/\/myanimelist.net\/anime\/genre\/20\/Parody"},{"mal_id":72,"type":"anime","name":"Reincarnation","url":"https:\/\/myanimelist.net\/anime\/genre\/72\/Reincarnation"}],"demographics":[],"relations":[{"relation":"Parent story","entry":[{"mal_id":32937,"type":"anime","name":"Kono Subarashii Sekai ni Shukufuku wo! 2","url":"https:\/\/myanimelist.net\/anime\/32937\/Kono_Subarashii_Sekai_ni_Shukufuku_wo_2"}]}],"theme":{"openings":["\"TOMORROW\" by Machico"],"endings":["\"Ouchi ni Kaeritai (\u304a\u5bb6\u306b\u5e30\u308a\u305f\u3044)\" by Aqua (Sora Amamiya), Megumin (Rie Takahashi), Darkness (Ai Kayano)"]},"external":[{"name":"Official Site","url":"http:\/\/konosuba.com\/"},{"name":"AniDB","url":"https:\/\/anidb.net\/perl-bin\/animedb.pl?show=anime&aid=13317"},{"name":"Wikipedia","url":"https:\/\/ja.wikipedia.org\/wiki\/%E3%81%93%E3%81%AE%E7%B4%A0%E6%99%B4%E3%82%89%E3%81%97%E3%81%84%E4%B8%96%E7%95%8C%E3%81%AB%E7%A5%9D%E7%A6%8F%E3%82%92!"}],"streaming":[{"name":"Crunchyroll","url":"http:\/\/www.crunchyroll.com\/series-269071"}]}}