{"data":{"mal_id":3466,"url":"https:\/\/myanimelist.net\/anime\/3466\/Kino_no_Tabi__The_Beautiful_World_-_Tou_no_Kuni_-_Free_Lance","images":{"jpg":{"image_url":"https:\/\/cdn.myanimelist.net\/images\/anime\/11\/62873.jpg","small_image_url":"https:\/\/cdn.myanimelist.net\/images\/anime\/11\/62873t.jpg","large_image_url":"https:\/\/cdn.myanimelist.net\/images\/anime\/11\/62873l.jpg"},"webp":{"image_url":"https:\/\/cdn.myanimelist.net\/images\/anime\/11\/62873.webp","small_image_url":"https:\/\/cdn.myanimelist.net\/images\/anime\/11\/62873t.webp","large_image_url":"https:\/\/cdn.myanimelist.net\/images\/anime\/11\/62873l.webp"}},"trailer":{"youtube_id":null,"url":null,"embed_url":null,"images":{"image_url":null,"small_image_url":null,"medium_image_url":null,"large_image_url":null,"maximum_image_url":null}},"approved":true,"titles":[{"type":"Default","title":"Kino no Tabi: The Beautiful World - Tou no Kuni - Free Lance"},{"type":"Synonym","title":"Kino no Tabi: Tower Country\/Free Lance"},{"type":"Synonym","title":"Kino's Travels"},{"type":"Synonym","title":"Kino no Tabi Episode 00"},{"type":"Japanese","title":"\u30ad\u30ce\u306e\u65c5 -the Beautiful World- \u5854\u306e\u56fd -Free Lance-"},{"type":"English","title":"Kino's Journey: Tower Country"}],"title":"Kino no Tabi: The Beautiful World - Tou no Kuni - Free Lance","title_english":"Kino's Journey: Tower Country","title_japanese":"\u30ad\u30ce\u306e\u65c5 -the Beautiful World- \u5854\u306e\u56fd -Free Lance-","title_synonyms":["Kino no Tabi: Tower Country\/Free Lance","Kino's Travels","Kino no Tabi Episode 00"],"type":"Special","source":"Light novel","episodes":1,"status":"Finished Airing","airing":false,"aired":{"from":"2005-10-19T00:00:00+00:00","to":null,"prop":{"from":{"day":19,"month":10,"year":2005},"to":{"day":null,"month":null,"year":null}},"string":"Oct 19, 2005"},"duration":"14 min","rating":"PG-13 - Teens 13 or older","score":7.56,"scored_by":19038,"rank":1577,"popularity":3509,"members":37775,"favorites":22,"synopsis":"Waking up from a nap, Kino is relieved to see that a certain tower from afar is still proudly standing. Located in the heart of the Tower Country, the immensely tall tower stretches high into the sky, reaching seemingly infinite heights. The tower looks like something out of a dream, but the breathtaking construction is unmistakably real. Intrigued, the traveling partners Kino and Hermes\u2014the talking motorcycle\u2014journey to the tower to get a closer look at the building.\n\nDespite already being unbelievably tall, the tower is still being built by the townspeople to this day. Puzzled by the origins of the tower, Kino and Hermes ask around the town for information, but they fail to obtain any definitive answer. They continue to observe both the tower and the townspeople during their stay, hoping to understand the reasoning behind building a tower that requires so much effort. After all, there is always something to learn\u2014even from the strangest of countries.\n\n[Written by MAL Rewrite]","background":null,"season":null,"year":null,"broadcast":{"day":null,"time":null,"timezone":null,"string":null},"producers":[{"mal_id":79,"type":"anime","name":"Genco","url":"https:\/\/myanimelist.net\/anime\/producer\/79\/Genco"}],"licensors":[],"studios":[{"mal_id":179,"type":"anime","name":"A.C.G.T.","url":"https:\/\/myanimelist.net\/anime\/producer\/179\/ACGT"}],"genres":[{"mal_id":2,"type":"anime","name":"Adventure","url":"https:\/\/myanimelist.net\/anime\/genre\/2\/Adventure"},{"mal_id":8,"type":"anime","name":"Drama","url":"https:\/\/myanimelist.net\/anime\/genre\/8\/Drama"},{"mal_id":10,"type":"anime","name":"Fantasy","url":"https:\/\/myanimelist.net\/anime\/genre\/10\/Fantasy"}],"explicit_genres":[],"themes":[{"mal_id":40,"type":"anime","name":"Psychological","url":"https:\/\/myanimelist.net\/anime\/genre\/40\/Psychological"}],"demographics":[],"relations":[{"relation":"Adaptation","entry":[{"mal_id":399,"type":"manga","name":"Kino no Tabi: The Beautiful World","url":"https:\/\/myanimelist.net\/manga\/399\/Kino_no_Tabi__The_Beautiful_World"}]},{"relation":"Parent story","entry":[{"mal_id":486,"type":"anime","name":"Kino no Tabi: The Beautiful World","url":"https:\/\/myanimelist.net\/anime\/486\/Kino_no_Tabi__The_Beautiful_World"}]}],"theme":{"openings":["\"All the Way\" by Mikuni Shimokawa"],"endings":["\"The Beautiful World\" by Ai Maeda"]},"external":[{"name":"Official Site","url":"http:\/\/www.kinonotabi.com\/"},{"name":"AniDB","url":"https:\/\/anidb.net\/perl-bin\/animedb.pl?show=anime&aid=2651"}],"streaming":[]}}