{"data":{"mal_id":34822,"url":"https:\/\/myanimelist.net\/anime\/34822\/Tsuki_ga_Kirei","images":{"jpg":{"image_url":"https:\/\/cdn.myanimelist.net\/images\/anime\/2\/85592.jpg","small_image_url":"https:\/\/cdn.myanimelist.net\/images\/anime\/2\/85592t.jpg","large_image_url":"https:\/\/cdn.myanimelist.net\/images\/anime\/2\/85592l.jpg"},"webp":{"image_url":"https:\/\/cdn.myanimelist.net\/images\/anime\/2\/85592.webp","small_image_url":"https:\/\/cdn.myanimelist.net\/images\/anime\/2\/85592t.webp","large_image_url":"https:\/\/cdn.myanimelist.net\/images\/anime\/2\/85592l.webp"}},"trailer":{"youtube_id":"HoEFpyDHZzw","url":"https:\/\/www.youtube.com\/watch?v=HoEFpyDHZzw","embed_url":"https:\/\/www.youtube.com\/embed\/HoEFpyDHZzw?enablejsapi=1&wmode=opaque&autoplay=1","images":{"image_url":"https:\/\/img.youtube.com\/vi\/HoEFpyDHZzw\/default.jpg","small_image_url":"https:\/\/img.youtube.com\/vi\/HoEFpyDHZzw\/sddefault.jpg","medium_image_url":"https:\/\/img.youtube.com\/vi\/HoEFpyDHZzw\/mqdefault.jpg","large_image_url":"https:\/\/img.youtube.com\/vi\/HoEFpyDHZzw\/hqdefault.jpg","maximum_image_url":"https:\/\/img.youtube.com\/vi\/HoEFpyDHZzw\/maxresdefault.jpg"}},"approved":true,"titles":[{"type":"Default","title":"Tsuki ga Kirei"},{"type":"Synonym","title":"The Moon is Beautiful"},{"type":"Synonym","title":"As the Moon"},{"type":"Synonym","title":"So Beautiful"},{"type":"Japanese","title":"\u6708\u304c\u304d\u308c\u3044"},{"type":"English","title":"Tsukigakirei"},{"type":"German","title":"Tsukigakirei"},{"type":"Spanish","title":"Tsukigakirei"},{"type":"French","title":"Tsukigakirei"}],"title":"Tsuki ga Kirei","title_english":"Tsukigakirei","title_japanese":"\u6708\u304c\u304d\u308c\u3044","title_synonyms":["The Moon is Beautiful","As the Moon","So Beautiful"],"type":"TV","source":"Original","episodes":12,"status":"Finished Airing","airing":false,"aired":{"from":"2017-04-07T00:00:00+00:00","to":"2017-06-30T00:00:00+00:00","prop":{"from":{"day":7,"month":4,"year":2017},"to":{"day":30,"month":6,"year":2017}},"string":"Apr 7, 2017 to Jun 30, 2017"},"duration":"24 min per ep","rating":"PG-13 - Teens 13 or older","score":8.05,"scored_by":248723,"rank":551,"popularity":400,"members":530458,"favorites":7808,"synopsis":"With a new school year comes a new crowd of classmates, and for their final year of junior high, aspiring writer Kotarou Azumi and track team member Akane Mizuno end up in the same class. Though initially complete strangers, a few chance encounters stir an innocent desire within their hearts. A yearning gaze, a fluttering heart\u2014the hallmarks of young love slip into their lives as fate brings their paths to a cross.\n\nHowever, though love is patient and love is kind, Kotarou and Akane discover it is not always straightforward. Despite the comfort they find in each other's company, heartache and anxiety come hand in hand with pursuing the feelings in their hearts. With the uncertainty of how the other truly feels as well as the competing affections of those around them, the road ahead is unclear. Even so, under the shining light of a beautiful full moon, Kotarou gathers his courage to ask Akane a single question, one that forever changes their quiet relationship.\n\n[Written by MAL Rewrite]","background":null,"season":"spring","year":2017,"broadcast":{"day":"Fridays","time":"00:00","timezone":"Asia\/Tokyo","string":"Fridays at 00:00 (JST)"},"producers":[{"mal_id":64,"type":"anime","name":"Sotsu","url":"https:\/\/myanimelist.net\/anime\/producer\/64\/Sotsu"},{"mal_id":143,"type":"anime","name":"Mainichi Broadcasting System","url":"https:\/\/myanimelist.net\/anime\/producer\/143\/Mainichi_Broadcasting_System"},{"mal_id":464,"type":"anime","name":"flying DOG","url":"https:\/\/myanimelist.net\/anime\/producer\/464\/flying_DOG"}],"licensors":[{"mal_id":102,"type":"anime","name":"Funimation","url":"https:\/\/myanimelist.net\/anime\/producer\/102\/Funimation"},{"mal_id":1468,"type":"anime","name":"Crunchyroll","url":"https:\/\/myanimelist.net\/anime\/producer\/1468\/Crunchyroll"}],"studios":[{"mal_id":91,"type":"anime","name":"feel.","url":"https:\/\/myanimelist.net\/anime\/producer\/91\/feel"}],"genres":[{"mal_id":22,"type":"anime","name":"Romance","url":"https:\/\/myanimelist.net\/anime\/genre\/22\/Romance"}],"explicit_genres":[],"themes":[{"mal_id":23,"type":"anime","name":"School","url":"https:\/\/myanimelist.net\/anime\/genre\/23\/School"}],"demographics":[],"relations":[{"relation":"Summary","entry":[{"mal_id":35602,"type":"anime","name":"Tsuki ga Kirei: Michinori","url":"https:\/\/myanimelist.net\/anime\/35602\/Tsuki_ga_Kirei__Michinori"}]},{"relation":"Side story","entry":[{"mal_id":36539,"type":"anime","name":"Tsuki ga Kirei Special","url":"https:\/\/myanimelist.net\/anime\/36539\/Tsuki_ga_Kirei_Special"}]}],"theme":{"openings":["\"Imakoko (\u30a4\u30de\u30b3\u30b3)\" by Nao Touyama"],"endings":["\"Tsuki ga Kirei (\u6708\u304c\u304d\u308c\u3044)\" by Nao Touyama"]},"external":[{"name":"Official Site","url":"http:\/\/tsukigakirei.jp"},{"name":"AniDB","url":"https:\/\/anidb.net\/perl-bin\/animedb.pl?show=anime&aid=12761"},{"name":"ANN","url":"https:\/\/www.animenewsnetwork.com\/encyclopedia\/anime.php?id=19019"},{"name":"Wikipedia","url":"https:\/\/en.wikipedia.org\/wiki\/Tsuki_ga_Kirei"}],"streaming":[{"name":"Crunchyroll","url":"http:\/\/www.crunchyroll.com\/series-272937"},{"name":"Funimation","url":"https:\/\/www.funimation.com\/shows\/tsukigakirei"}]}}