{"data":{"mal_id":34902,"url":"https:\/\/myanimelist.net\/anime\/34902\/Tsurezure_Children","images":{"jpg":{"image_url":"https:\/\/cdn.myanimelist.net\/images\/anime\/12\/86676.jpg","small_image_url":"https:\/\/cdn.myanimelist.net\/images\/anime\/12\/86676t.jpg","large_image_url":"https:\/\/cdn.myanimelist.net\/images\/anime\/12\/86676l.jpg"},"webp":{"image_url":"https:\/\/cdn.myanimelist.net\/images\/anime\/12\/86676.webp","small_image_url":"https:\/\/cdn.myanimelist.net\/images\/anime\/12\/86676t.webp","large_image_url":"https:\/\/cdn.myanimelist.net\/images\/anime\/12\/86676l.webp"}},"trailer":{"youtube_id":"u0NoaDvrJcE","url":"https:\/\/www.youtube.com\/watch?v=u0NoaDvrJcE","embed_url":"https:\/\/www.youtube.com\/embed\/u0NoaDvrJcE?enablejsapi=1&wmode=opaque&autoplay=1","images":{"image_url":"https:\/\/img.youtube.com\/vi\/u0NoaDvrJcE\/default.jpg","small_image_url":"https:\/\/img.youtube.com\/vi\/u0NoaDvrJcE\/sddefault.jpg","medium_image_url":"https:\/\/img.youtube.com\/vi\/u0NoaDvrJcE\/mqdefault.jpg","large_image_url":"https:\/\/img.youtube.com\/vi\/u0NoaDvrJcE\/hqdefault.jpg","maximum_image_url":"https:\/\/img.youtube.com\/vi\/u0NoaDvrJcE\/maxresdefault.jpg"}},"approved":true,"titles":[{"type":"Default","title":"Tsurezure Children"},{"type":"Japanese","title":"\u5f92\u7136\u30c1\u30eb\u30c9\u30ec\u30f3"},{"type":"English","title":"Tsuredure Children"},{"type":"German","title":"Tsuredure Children"},{"type":"Spanish","title":"Tsuredure Children"},{"type":"French","title":"Tsuredure Children"}],"title":"Tsurezure Children","title_english":"Tsuredure Children","title_japanese":"\u5f92\u7136\u30c1\u30eb\u30c9\u30ec\u30f3","title_synonyms":[],"type":"TV","source":"4-koma manga","episodes":12,"status":"Finished Airing","airing":false,"aired":{"from":"2017-07-04T00:00:00+00:00","to":"2017-09-19T00:00:00+00:00","prop":{"from":{"day":4,"month":7,"year":2017},"to":{"day":19,"month":9,"year":2017}},"string":"Jul 4, 2017 to Sep 19, 2017"},"duration":"12 min per ep","rating":"PG-13 - Teens 13 or older","score":7.56,"scored_by":385826,"rank":1553,"popularity":265,"members":713100,"favorites":2698,"synopsis":"Young love\u2014it takes many unique and fascinating forms that flourish as children begin to mature into adults. From being unable to confess to not knowing what real love actually feels like, various obstacles can arise when learning about romantic attraction for the first time. But underneath all that, young love is something truly beautiful to behold, leading to brand new experiences for those young and in love.\n\nTsurezure Children depicts various scenarios of young love coming to fruition, along with the struggles and joys that it entails.\n\n[Written by MAL Rewrite]","background":null,"season":"summer","year":2017,"broadcast":{"day":"Tuesdays","time":"23:15","timezone":"Asia\/Tokyo","string":"Tuesdays at 23:15 (JST)"},"producers":[{"mal_id":139,"type":"anime","name":"Nihon Ad Systems","url":"https:\/\/myanimelist.net\/anime\/producer\/139\/Nihon_Ad_Systems"},{"mal_id":159,"type":"anime","name":"Kodansha","url":"https:\/\/myanimelist.net\/anime\/producer\/159\/Kodansha"},{"mal_id":166,"type":"anime","name":"Movic","url":"https:\/\/myanimelist.net\/anime\/producer\/166\/Movic"},{"mal_id":460,"type":"anime","name":"KlockWorx","url":"https:\/\/myanimelist.net\/anime\/producer\/460\/KlockWorx"},{"mal_id":757,"type":"anime","name":"Sony Music Entertainment","url":"https:\/\/myanimelist.net\/anime\/producer\/757\/Sony_Music_Entertainment"},{"mal_id":1344,"type":"anime","name":"King Records","url":"https:\/\/myanimelist.net\/anime\/producer\/1344\/King_Records"},{"mal_id":1416,"type":"anime","name":"BS11","url":"https:\/\/myanimelist.net\/anime\/producer\/1416\/BS11"},{"mal_id":1449,"type":"anime","name":"Animatic","url":"https:\/\/myanimelist.net\/anime\/producer\/1449\/Animatic"},{"mal_id":1800,"type":"anime","name":"Marui Group","url":"https:\/\/myanimelist.net\/anime\/producer\/1800\/Marui_Group"}],"licensors":[{"mal_id":102,"type":"anime","name":"Funimation","url":"https:\/\/myanimelist.net\/anime\/producer\/102\/Funimation"}],"studios":[{"mal_id":418,"type":"anime","name":"Studio Gokumi","url":"https:\/\/myanimelist.net\/anime\/producer\/418\/Studio_Gokumi"}],"genres":[{"mal_id":4,"type":"anime","name":"Comedy","url":"https:\/\/myanimelist.net\/anime\/genre\/4\/Comedy"},{"mal_id":22,"type":"anime","name":"Romance","url":"https:\/\/myanimelist.net\/anime\/genre\/22\/Romance"}],"explicit_genres":[],"themes":[{"mal_id":23,"type":"anime","name":"School","url":"https:\/\/myanimelist.net\/anime\/genre\/23\/School"}],"demographics":[{"mal_id":27,"type":"anime","name":"Shounen","url":"https:\/\/myanimelist.net\/anime\/genre\/27\/Shounen"}],"relations":[{"relation":"Adaptation","entry":[{"mal_id":58027,"type":"manga","name":"Tsurezure Children","url":"https:\/\/myanimelist.net\/manga\/58027\/Tsurezure_Children"}]}],"theme":{"openings":["\"Aimai Moko (\u30a2\u30a4\u30de\u30a4\u30e2\u30b3)\" by Inori Minase"],"endings":["\"Dear\" by Yui Ogura"]},"external":[{"name":"Official Site","url":"http:\/\/tsuredure-project.jp"},{"name":"AniDB","url":"https:\/\/anidb.net\/perl-bin\/animedb.pl?show=anime&aid=12814"},{"name":"ANN","url":"https:\/\/www.animenewsnetwork.com\/encyclopedia\/anime.php?id=19057"},{"name":"Wikipedia","url":"https:\/\/en.wikipedia.org\/wiki\/Tsurezure_Children"}],"streaming":[{"name":"Crunchyroll","url":"http:\/\/www.crunchyroll.com\/series-273667"},{"name":"Funimation","url":"https:\/\/www.funimation.com\/shows\/tsuredure-children"}]}}