{"data":{"mal_id":35015,"url":"https:\/\/myanimelist.net\/anime\/35015\/Ani_ni_Tsukeru_Kusuri_wa_Nai","images":{"jpg":{"image_url":"https:\/\/cdn.myanimelist.net\/images\/anime\/1896\/129202.jpg","small_image_url":"https:\/\/cdn.myanimelist.net\/images\/anime\/1896\/129202t.jpg","large_image_url":"https:\/\/cdn.myanimelist.net\/images\/anime\/1896\/129202l.jpg"},"webp":{"image_url":"https:\/\/cdn.myanimelist.net\/images\/anime\/1896\/129202.webp","small_image_url":"https:\/\/cdn.myanimelist.net\/images\/anime\/1896\/129202t.webp","large_image_url":"https:\/\/cdn.myanimelist.net\/images\/anime\/1896\/129202l.webp"}},"trailer":{"youtube_id":"cmyZYYEqSyI","url":"https:\/\/www.youtube.com\/watch?v=cmyZYYEqSyI","embed_url":"https:\/\/www.youtube.com\/embed\/cmyZYYEqSyI?enablejsapi=1&wmode=opaque&autoplay=1","images":{"image_url":"https:\/\/img.youtube.com\/vi\/cmyZYYEqSyI\/default.jpg","small_image_url":"https:\/\/img.youtube.com\/vi\/cmyZYYEqSyI\/sddefault.jpg","medium_image_url":"https:\/\/img.youtube.com\/vi\/cmyZYYEqSyI\/mqdefault.jpg","large_image_url":"https:\/\/img.youtube.com\/vi\/cmyZYYEqSyI\/hqdefault.jpg","maximum_image_url":"https:\/\/img.youtube.com\/vi\/cmyZYYEqSyI\/maxresdefault.jpg"}},"approved":true,"titles":[{"type":"Default","title":"Ani ni Tsukeru Kusuri wa Nai!"},{"type":"Synonym","title":"Please Take My Brother Away"},{"type":"Synonym","title":"Kuai Ba Wo Ge Dai Zou"},{"type":"Japanese","title":"\u5144\u306b\u4ed8\u3051\u308b\u85ac\u306f\u306a\u3044!"}],"title":"Ani ni Tsukeru Kusuri wa Nai!","title_english":null,"title_japanese":"\u5144\u306b\u4ed8\u3051\u308b\u85ac\u306f\u306a\u3044!","title_synonyms":["Please Take My Brother Away","Kuai Ba Wo Ge Dai Zou"],"type":"TV","source":"Web manga","episodes":12,"status":"Finished Airing","airing":false,"aired":{"from":"2017-04-07T00:00:00+00:00","to":"2017-06-23T00:00:00+00:00","prop":{"from":{"day":7,"month":4,"year":2017},"to":{"day":23,"month":6,"year":2017}},"string":"Apr 7, 2017 to Jun 23, 2017"},"duration":"3 min per ep","rating":"PG-13 - Teens 13 or older","score":7.48,"scored_by":41649,"rank":1845,"popularity":2050,"members":96505,"favorites":388,"synopsis":"Shi Miao simply cannot stand her lazy, stupid, and unreliable elder brother Shi Fen, who is one year above her at the same high school. Though the two siblings can only depend on each other, Shi Miao's violent tendencies combined with Shi Fen's knack for causing trouble cause them to fight constantly. And so, Shi Miao can only hope that someone might take her brother away\u2014even though, when push comes to shove, Shi Fen always tries to do what he believes is best for his cute younger sister.\n\n[Written by MAL Rewrite]","background":null,"season":"spring","year":2017,"broadcast":{"day":"Fridays","time":"21:55","timezone":"Asia\/Tokyo","string":"Fridays at 21:55 (JST)"},"producers":[{"mal_id":1414,"type":"anime","name":"bilibili","url":"https:\/\/myanimelist.net\/anime\/producer\/1414\/bilibili"},{"mal_id":1727,"type":"anime","name":"Tencent Penguin Pictures","url":"https:\/\/myanimelist.net\/anime\/producer\/1727\/Tencent_Penguin_Pictures"}],"licensors":[],"studios":[{"mal_id":866,"type":"anime","name":"Fanworks","url":"https:\/\/myanimelist.net\/anime\/producer\/866\/Fanworks"},{"mal_id":1690,"type":"anime","name":"Imagineer","url":"https:\/\/myanimelist.net\/anime\/producer\/1690\/Imagineer"}],"genres":[{"mal_id":4,"type":"anime","name":"Comedy","url":"https:\/\/myanimelist.net\/anime\/genre\/4\/Comedy"}],"explicit_genres":[],"themes":[{"mal_id":23,"type":"anime","name":"School","url":"https:\/\/myanimelist.net\/anime\/genre\/23\/School"}],"demographics":[],"relations":[{"relation":"Adaptation","entry":[{"mal_id":104937,"type":"manga","name":"Kuai Ba Wo Ge Dai Zou","url":"https:\/\/myanimelist.net\/manga\/104937\/Kuai_Ba_Wo_Ge_Dai_Zou"}]},{"relation":"Sequel","entry":[{"mal_id":37924,"type":"anime","name":"Ani ni Tsukeru Kusuri wa Nai! 2","url":"https:\/\/myanimelist.net\/anime\/37924\/Ani_ni_Tsukeru_Kusuri_wa_Nai_2"}]}],"theme":{"openings":["\"Sunny Side Up\" by Brian the Sun"],"endings":[]},"external":[{"name":"Official Site","url":"https:\/\/anitsuke.com\/"},{"name":"AniDB","url":"https:\/\/anidb.net\/perl-bin\/animedb.pl?show=anime&aid=12921"},{"name":"ANN","url":"https:\/\/www.animenewsnetwork.com\/encyclopedia\/anime.php?id=22086"},{"name":"Wikipedia","url":"https:\/\/en.wikipedia.org\/wiki\/Please_Take_My_Brother_Away!"}],"streaming":[]}}