{"data":{"mal_id":35073,"url":"https:\/\/myanimelist.net\/anime\/35073\/Overlord_II","images":{"jpg":{"image_url":"https:\/\/cdn.myanimelist.net\/images\/anime\/1212\/113415.jpg","small_image_url":"https:\/\/cdn.myanimelist.net\/images\/anime\/1212\/113415t.jpg","large_image_url":"https:\/\/cdn.myanimelist.net\/images\/anime\/1212\/113415l.jpg"},"webp":{"image_url":"https:\/\/cdn.myanimelist.net\/images\/anime\/1212\/113415.webp","small_image_url":"https:\/\/cdn.myanimelist.net\/images\/anime\/1212\/113415t.webp","large_image_url":"https:\/\/cdn.myanimelist.net\/images\/anime\/1212\/113415l.webp"}},"trailer":{"youtube_id":"p2ksX48PBQY","url":"https:\/\/www.youtube.com\/watch?v=p2ksX48PBQY","embed_url":"https:\/\/www.youtube.com\/embed\/p2ksX48PBQY?enablejsapi=1&wmode=opaque&autoplay=1","images":{"image_url":"https:\/\/img.youtube.com\/vi\/p2ksX48PBQY\/default.jpg","small_image_url":"https:\/\/img.youtube.com\/vi\/p2ksX48PBQY\/sddefault.jpg","medium_image_url":"https:\/\/img.youtube.com\/vi\/p2ksX48PBQY\/mqdefault.jpg","large_image_url":"https:\/\/img.youtube.com\/vi\/p2ksX48PBQY\/hqdefault.jpg","maximum_image_url":"https:\/\/img.youtube.com\/vi\/p2ksX48PBQY\/maxresdefault.jpg"}},"approved":true,"titles":[{"type":"Default","title":"Overlord II"},{"type":"Japanese","title":"\u30aa\u30fc\u30d0\u30fc\u30ed\u30fc\u30c9\u2161"},{"type":"English","title":"Overlord II"}],"title":"Overlord II","title_english":"Overlord II","title_japanese":"\u30aa\u30fc\u30d0\u30fc\u30ed\u30fc\u30c9\u2161","title_synonyms":[],"type":"TV","source":"Light novel","episodes":13,"status":"Finished Airing","airing":false,"aired":{"from":"2018-01-09T00:00:00+00:00","to":"2018-04-03T00:00:00+00:00","prop":{"from":{"day":9,"month":1,"year":2018},"to":{"day":3,"month":4,"year":2018}},"string":"Jan 9, 2018 to Apr 3, 2018"},"duration":"23 min per ep","rating":"R - 17+ (violence & profanity)","score":7.76,"scored_by":616801,"rank":1029,"popularity":152,"members":991730,"favorites":4391,"synopsis":"Ainz Ooal Gown, the undead sorcerer formerly known as Momonga, has accepted his place in this new world. Though it bears similarities to his beloved virtual reality game Yggdrasil, it still holds many mysteries which he intends to uncover, by utilizing his power as ruler of the Great Tomb of Nazarick. However, ever since the disastrous brainwashing of one of his subordinates, Ainz has become wary of the impending dangers of the Slane Theocracy, as well as the possible existence of other former Yggdrasil players. Meanwhile, Albedo, Demiurge and the rest of Ainz's loyal guardians set out to prepare for the next step in their campaign: Nazarick's first war\u2026\n\nOverlord II picks up immediately after its prequel, continuing the story of Ainz Ooal Gown, his eclectic army of human-hating guardians, and the many hapless humans affected by the Overlord's arrival.\n\n[Written by MAL Rewrite]","background":"Overlord adapts novels 4 to 6 of Kugane Maruyama's light novel series of the same name.","season":"winter","year":2018,"broadcast":{"day":"Tuesdays","time":"22:30","timezone":"Asia\/Tokyo","string":"Tuesdays at 22:30 (JST)"},"producers":[{"mal_id":238,"type":"anime","name":"AT-X","url":"https:\/\/myanimelist.net\/anime\/producer\/238\/AT-X"},{"mal_id":392,"type":"anime","name":"Enterbrain","url":"https:\/\/myanimelist.net\/anime\/producer\/392\/Enterbrain"},{"mal_id":1254,"type":"anime","name":"Grooove","url":"https:\/\/myanimelist.net\/anime\/producer\/1254\/Grooove"},{"mal_id":1333,"type":"anime","name":"Hakuhodo DY Music & Pictures","url":"https:\/\/myanimelist.net\/anime\/producer\/1333\/Hakuhodo_DY_Music___Pictures"},{"mal_id":1614,"type":"anime","name":"NTT Plala","url":"https:\/\/myanimelist.net\/anime\/producer\/1614\/NTT_Plala"},{"mal_id":1696,"type":"anime","name":"Kadokawa","url":"https:\/\/myanimelist.net\/anime\/producer\/1696\/Kadokawa"}],"licensors":[{"mal_id":102,"type":"anime","name":"Funimation","url":"https:\/\/myanimelist.net\/anime\/producer\/102\/Funimation"}],"studios":[{"mal_id":11,"type":"anime","name":"Madhouse","url":"https:\/\/myanimelist.net\/anime\/producer\/11\/Madhouse"}],"genres":[{"mal_id":1,"type":"anime","name":"Action","url":"https:\/\/myanimelist.net\/anime\/genre\/1\/Action"},{"mal_id":2,"type":"anime","name":"Adventure","url":"https:\/\/myanimelist.net\/anime\/genre\/2\/Adventure"},{"mal_id":10,"type":"anime","name":"Fantasy","url":"https:\/\/myanimelist.net\/anime\/genre\/10\/Fantasy"}],"explicit_genres":[],"themes":[{"mal_id":62,"type":"anime","name":"Isekai","url":"https:\/\/myanimelist.net\/anime\/genre\/62\/Isekai"}],"demographics":[],"relations":[{"relation":"Adaptation","entry":[{"mal_id":81669,"type":"manga","name":"Overlord","url":"https:\/\/myanimelist.net\/manga\/81669\/Overlord"}]},{"relation":"Prequel","entry":[{"mal_id":29803,"type":"anime","name":"Overlord","url":"https:\/\/myanimelist.net\/anime\/29803\/Overlord"}]},{"relation":"Other","entry":[{"mal_id":37087,"type":"anime","name":"Overlord: Ple Ple Pleiades 2","url":"https:\/\/myanimelist.net\/anime\/37087\/Overlord__Ple_Ple_Pleiades_2"}]},{"relation":"Sequel","entry":[{"mal_id":37675,"type":"anime","name":"Overlord III","url":"https:\/\/myanimelist.net\/anime\/37675\/Overlord_III"}]}],"theme":{"openings":["\"GO CRY GO\" by OxT"],"endings":["\"HYDRA\" by MYTH\uff06ROID"]},"external":[{"name":"Official Site","url":"http:\/\/overlord-anime.com\/"},{"name":"AniDB","url":"https:\/\/anidb.net\/perl-bin\/animedb.pl?show=anime&aid=12952"},{"name":"ANN","url":"https:\/\/www.animenewsnetwork.com\/encyclopedia\/anime.php?id=20397"},{"name":"Wikipedia","url":"https:\/\/en.wikipedia.org\/wiki\/Overlord_(novel_series)"}],"streaming":[{"name":"Crunchyroll","url":"http:\/\/www.crunchyroll.com\/series-273203"},{"name":"Animax Mongolia","url":"https:\/\/www.animax.app\/"}]}}