{"data":{"mal_id":35120,"url":"https:\/\/myanimelist.net\/anime\/35120\/Devilman__Crybaby","images":{"jpg":{"image_url":"https:\/\/cdn.myanimelist.net\/images\/anime\/2\/89973.jpg","small_image_url":"https:\/\/cdn.myanimelist.net\/images\/anime\/2\/89973t.jpg","large_image_url":"https:\/\/cdn.myanimelist.net\/images\/anime\/2\/89973l.jpg"},"webp":{"image_url":"https:\/\/cdn.myanimelist.net\/images\/anime\/2\/89973.webp","small_image_url":"https:\/\/cdn.myanimelist.net\/images\/anime\/2\/89973t.webp","large_image_url":"https:\/\/cdn.myanimelist.net\/images\/anime\/2\/89973l.webp"}},"trailer":{"youtube_id":"ww06yGPM7Kc","url":"https:\/\/www.youtube.com\/watch?v=ww06yGPM7Kc","embed_url":"https:\/\/www.youtube.com\/embed\/ww06yGPM7Kc?enablejsapi=1&wmode=opaque&autoplay=1","images":{"image_url":"https:\/\/img.youtube.com\/vi\/ww06yGPM7Kc\/default.jpg","small_image_url":"https:\/\/img.youtube.com\/vi\/ww06yGPM7Kc\/sddefault.jpg","medium_image_url":"https:\/\/img.youtube.com\/vi\/ww06yGPM7Kc\/mqdefault.jpg","large_image_url":"https:\/\/img.youtube.com\/vi\/ww06yGPM7Kc\/hqdefault.jpg","maximum_image_url":"https:\/\/img.youtube.com\/vi\/ww06yGPM7Kc\/maxresdefault.jpg"}},"approved":true,"titles":[{"type":"Default","title":"Devilman: Crybaby"},{"type":"Japanese","title":"DEVILMAN crybaby"},{"type":"English","title":"Devilman: Crybaby"},{"type":"German","title":"DEVILMAN: Crybaby"},{"type":"Spanish","title":"DEVILMAN: Crybaby"},{"type":"French","title":"DEVILMAN: Crybaby"}],"title":"Devilman: Crybaby","title_english":"Devilman: Crybaby","title_japanese":"DEVILMAN crybaby","title_synonyms":[],"type":"ONA","source":"Manga","episodes":10,"status":"Finished Airing","airing":false,"aired":{"from":"2018-01-05T00:00:00+00:00","to":null,"prop":{"from":{"day":5,"month":1,"year":2018},"to":{"day":null,"month":null,"year":null}},"string":"Jan 5, 2018"},"duration":"25 min per ep","rating":"R+ - Mild Nudity","score":7.75,"scored_by":675700,"rank":1050,"popularity":126,"members":1112768,"favorites":23573,"synopsis":"Devils cannot take form without a living host. However, if the will of an individual is strong enough, they can overcome the demon and make its power their own, becoming a Devilman.\n\nWeak and unassuming, Akira Fudou has always had a bleeding heart. So when his childhood friend Ryou Asuka asks for his help in uncovering devils, Akira accepts without hesitation. However, to Akira's surprise, the place they go to is Sabbath: an immoral party of debauchery and degeneracy. Amidst bloodshed and death, demons possess the partiers, turning their bodies into grotesque monsters, and begin wreaking havoc. In a reckless attempt to save his best friend, Akira unwittingly merges with the devil Amon and becomes a Devilman, gaining the power to defeat the remaining demons.\n\nThough it grants him great power, this new partnership awakens an insatiable and primeval part of Akira. Having the body of a devil but the same crybaby heart, Akira works alongside Ryou, destroying those that harm humanity and his loved ones.\n\n[Written by MAL Rewrite]","background":"Devilman: Crybaby adapts the entire original manga while modernizing the setting.","season":null,"year":null,"broadcast":{"day":null,"time":null,"timezone":null,"string":null},"producers":[{"mal_id":17,"type":"anime","name":"Aniplex","url":"https:\/\/myanimelist.net\/anime\/producer\/17\/Aniplex"},{"mal_id":921,"type":"anime","name":"Dynamic Planning","url":"https:\/\/myanimelist.net\/anime\/producer\/921\/Dynamic_Planning"},{"mal_id":1977,"type":"anime","name":"Netflix","url":"https:\/\/myanimelist.net\/anime\/producer\/1977\/Netflix"}],"licensors":[],"studios":[{"mal_id":1591,"type":"anime","name":"Science SARU","url":"https:\/\/myanimelist.net\/anime\/producer\/1591\/Science_SARU"}],"genres":[{"mal_id":1,"type":"anime","name":"Action","url":"https:\/\/myanimelist.net\/anime\/genre\/1\/Action"},{"mal_id":5,"type":"anime","name":"Avant Garde","url":"https:\/\/myanimelist.net\/anime\/genre\/5\/Avant_Garde"},{"mal_id":14,"type":"anime","name":"Horror","url":"https:\/\/myanimelist.net\/anime\/genre\/14\/Horror"},{"mal_id":37,"type":"anime","name":"Supernatural","url":"https:\/\/myanimelist.net\/anime\/genre\/37\/Supernatural"}],"explicit_genres":[],"themes":[{"mal_id":58,"type":"anime","name":"Gore","url":"https:\/\/myanimelist.net\/anime\/genre\/58\/Gore"},{"mal_id":6,"type":"anime","name":"Mythology","url":"https:\/\/myanimelist.net\/anime\/genre\/6\/Mythology"}],"demographics":[{"mal_id":27,"type":"anime","name":"Shounen","url":"https:\/\/myanimelist.net\/anime\/genre\/27\/Shounen"}],"relations":[{"relation":"Adaptation","entry":[{"mal_id":1474,"type":"manga","name":"Devilman","url":"https:\/\/myanimelist.net\/manga\/1474\/Devilman"}]},{"relation":"Alternative version","entry":[{"mal_id":2252,"type":"anime","name":"Devilman","url":"https:\/\/myanimelist.net\/anime\/2252\/Devilman"},{"mal_id":2354,"type":"anime","name":"Devilman: Tanjou-hen","url":"https:\/\/myanimelist.net\/anime\/2354\/Devilman__Tanjou-hen"}]},{"relation":"Summary","entry":[{"mal_id":37590,"type":"anime","name":"Devilman: Crybaby - Digest Eizou","url":"https:\/\/myanimelist.net\/anime\/37590\/Devilman__Crybaby_-_Digest_Eizou"}]}],"theme":{"openings":["\"MAN HUMAN (DEVILMAN crybaby Ver.)\" by Denki Groove"],"endings":["\"Konya dake (\u4eca\u591c\u3060\u3051)\" by Takkyuu to Tabibito (\u5353\u7403\u3068\u65c5\u4eba) (eps 9)"]},"external":[{"name":"Official Site","url":"http:\/\/devilman-crybaby.com\/"},{"name":"AniDB","url":"https:\/\/anidb.net\/perl-bin\/animedb.pl?show=anime&aid=12986"},{"name":"ANN","url":"https:\/\/www.animenewsnetwork.com\/encyclopedia\/anime.php?id=19982"},{"name":"Wikipedia","url":"https:\/\/en.wikipedia.org\/wiki\/Devilman_Crybaby"}],"streaming":[{"name":"Netflix","url":"https:\/\/www.netflix.com\/"}]}}