{"data":{"mal_id":355,"url":"https:\/\/myanimelist.net\/anime\/355\/Shakugan_no_Shana","images":{"jpg":{"image_url":"https:\/\/cdn.myanimelist.net\/images\/anime\/8\/21197.jpg","small_image_url":"https:\/\/cdn.myanimelist.net\/images\/anime\/8\/21197t.jpg","large_image_url":"https:\/\/cdn.myanimelist.net\/images\/anime\/8\/21197l.jpg"},"webp":{"image_url":"https:\/\/cdn.myanimelist.net\/images\/anime\/8\/21197.webp","small_image_url":"https:\/\/cdn.myanimelist.net\/images\/anime\/8\/21197t.webp","large_image_url":"https:\/\/cdn.myanimelist.net\/images\/anime\/8\/21197l.webp"}},"trailer":{"youtube_id":"9C2nhALMzrk","url":"https:\/\/www.youtube.com\/watch?v=9C2nhALMzrk","embed_url":"https:\/\/www.youtube.com\/embed\/9C2nhALMzrk?enablejsapi=1&wmode=opaque&autoplay=1","images":{"image_url":"https:\/\/img.youtube.com\/vi\/9C2nhALMzrk\/default.jpg","small_image_url":"https:\/\/img.youtube.com\/vi\/9C2nhALMzrk\/sddefault.jpg","medium_image_url":"https:\/\/img.youtube.com\/vi\/9C2nhALMzrk\/mqdefault.jpg","large_image_url":"https:\/\/img.youtube.com\/vi\/9C2nhALMzrk\/hqdefault.jpg","maximum_image_url":"https:\/\/img.youtube.com\/vi\/9C2nhALMzrk\/maxresdefault.jpg"}},"approved":true,"titles":[{"type":"Default","title":"Shakugan no Shana"},{"type":"Synonym","title":"Burning-Eyed Shana"},{"type":"Japanese","title":"\u707c\u773c\u306e\u30b7\u30e3\u30ca"},{"type":"English","title":"Shakugan no Shana: Season I"}],"title":"Shakugan no Shana","title_english":"Shakugan no Shana: Season I","title_japanese":"\u707c\u773c\u306e\u30b7\u30e3\u30ca","title_synonyms":["Burning-Eyed Shana"],"type":"TV","source":"Light novel","episodes":24,"status":"Finished Airing","airing":false,"aired":{"from":"2005-10-06T00:00:00+00:00","to":"2006-03-23T00:00:00+00:00","prop":{"from":{"day":6,"month":10,"year":2005},"to":{"day":23,"month":3,"year":2006}},"string":"Oct 6, 2005 to Mar 23, 2006"},"duration":"24 min per ep","rating":"PG-13 - Teens 13 or older","score":7.45,"scored_by":255954,"rank":1977,"popularity":401,"members":529944,"favorites":5007,"synopsis":"The world has become a slaughtering ground for the Crimson Denizens, mysterious beings from a parallel universe who thrive on the life energy of humans. These merciless murderers only leave behind scant remainders of souls called \"Torches,\" which are mere residues that will eventually be destroyed, along with the very fact of the victims' existence from the minds of the living. In an ambitious endeavor to put an end to this invisible, hungry massacre, warriors called Flame Hazes relentlessly fight these monsters.\n\nOne fateful day, Yuuji Sakai ceases to be a regular high schooler\u2014he becomes trapped in a crevice of time and is suddenly attacked by a Denizen. Coming to his rescue just in the nick of time is a nameless hunter who seems no different from an ordinary young girl except for her blazing eyes and burning crimson hair. However, before Yuuji can learn anything more about his situation, he discovers that he has already been reduced to a Torch\u2014merely a scrap of memory waiting to be extinguished.\n\n[Written by MAL Rewrite]","background":"Shakugan no Shana is licensed in North America by Funimation after Geneon withdrew from the American market, and made its first North American television debut in September of 2012 on the Funimation Channel.","season":"fall","year":2005,"broadcast":{"day":"Thursdays","time":"00:45","timezone":"Asia\/Tokyo","string":"Thursdays at 00:45 (JST)"},"producers":[{"mal_id":31,"type":"anime","name":"Geneon Universal Entertainment","url":"https:\/\/myanimelist.net\/anime\/producer\/31\/Geneon_Universal_Entertainment"},{"mal_id":681,"type":"anime","name":"ASCII Media Works","url":"https:\/\/myanimelist.net\/anime\/producer\/681\/ASCII_Media_Works"},{"mal_id":741,"type":"anime","name":"Toshiba Entertainment","url":"https:\/\/myanimelist.net\/anime\/producer\/741\/Toshiba_Entertainment"},{"mal_id":745,"type":"anime","name":"Cosmic Ray","url":"https:\/\/myanimelist.net\/anime\/producer\/745\/Cosmic_Ray"},{"mal_id":777,"type":"anime","name":"Showgate","url":"https:\/\/myanimelist.net\/anime\/producer\/777\/Showgate"}],"licensors":[{"mal_id":102,"type":"anime","name":"Funimation","url":"https:\/\/myanimelist.net\/anime\/producer\/102\/Funimation"},{"mal_id":1459,"type":"anime","name":"Geneon Entertainment USA","url":"https:\/\/myanimelist.net\/anime\/producer\/1459\/Geneon_Entertainment_USA"}],"studios":[{"mal_id":7,"type":"anime","name":"J.C.Staff","url":"https:\/\/myanimelist.net\/anime\/producer\/7\/JCStaff"}],"genres":[{"mal_id":1,"type":"anime","name":"Action","url":"https:\/\/myanimelist.net\/anime\/genre\/1\/Action"},{"mal_id":8,"type":"anime","name":"Drama","url":"https:\/\/myanimelist.net\/anime\/genre\/8\/Drama"},{"mal_id":10,"type":"anime","name":"Fantasy","url":"https:\/\/myanimelist.net\/anime\/genre\/10\/Fantasy"},{"mal_id":22,"type":"anime","name":"Romance","url":"https:\/\/myanimelist.net\/anime\/genre\/22\/Romance"}],"explicit_genres":[],"themes":[{"mal_id":66,"type":"anime","name":"Mahou Shoujo","url":"https:\/\/myanimelist.net\/anime\/genre\/66\/Mahou_Shoujo"},{"mal_id":23,"type":"anime","name":"School","url":"https:\/\/myanimelist.net\/anime\/genre\/23\/School"}],"demographics":[],"relations":[{"relation":"Adaptation","entry":[{"mal_id":3074,"type":"manga","name":"Shakugan no Shana","url":"https:\/\/myanimelist.net\/manga\/3074\/Shakugan_no_Shana"}]},{"relation":"Spin-off","entry":[{"mal_id":1066,"type":"anime","name":"Shakugan no Shana-tan","url":"https:\/\/myanimelist.net\/anime\/1066\/Shakugan_no_Shana-tan"}]},{"relation":"Side story","entry":[{"mal_id":1531,"type":"anime","name":"Shakugan no Shana: Koi to Onsen no Kougai Gakushuu!","url":"https:\/\/myanimelist.net\/anime\/1531\/Shakugan_no_Shana__Koi_to_Onsen_no_Kougai_Gakushuu"},{"mal_id":6330,"type":"anime","name":"Shakugan no Shana: Friagne & Marianne no Naze Nani Shana! Nandemo Shitsumonbako!","url":"https:\/\/myanimelist.net\/anime\/6330\/Shakugan_no_Shana__Friagne___Marianne_no_Naze_Nani_Shana_Nandemo_Shitsumonbako"},{"mal_id":28603,"type":"anime","name":"Shakugan no Shana: Friagne & Marianne no Naze Nani Shana! Nandemo Shitsumonbako! Specials","url":"https:\/\/myanimelist.net\/anime\/28603\/Shakugan_no_Shana__Friagne___Marianne_no_Naze_Nani_Shana_Nandemo_Shitsumonbako_Specials"}]},{"relation":"Summary","entry":[{"mal_id":1815,"type":"anime","name":"Shakugan no Shana Movie","url":"https:\/\/myanimelist.net\/anime\/1815\/Shakugan_no_Shana_Movie"}]},{"relation":"Sequel","entry":[{"mal_id":2787,"type":"anime","name":"Shakugan no Shana II (Second)","url":"https:\/\/myanimelist.net\/anime\/2787\/Shakugan_no_Shana_II_Second"}]},{"relation":"Character","entry":[{"mal_id":6628,"type":"anime","name":"Dengeki Bunko 2007 Movie Festival Special","url":"https:\/\/myanimelist.net\/anime\/6628\/Dengeki_Bunko_2007_Movie_Festival_Special"}]}],"theme":{"openings":["1: \"Hishoku no Sora (\u7dcb\u8272\u306e\u7a7a)\" by Mami Kawada (eps 1-16)","2: \"being\" by Kotoko (eps 17-24)"],"endings":["1: \"Yoake Umare Kuru Shoujo (\u591c\u660e\u3051\u751f\u307e\u308c\u6765\u308b\u5c11\u5973)\" by Yoko Takahashi (eps 1-14)","2: \"Aka no Seijaku (\u7d05\u306e\u9759\u5bc2)\" by Yoko Ishida (eps 15-23)","3: \"Hishoku no Sora (\u7dcb\u8272\u306e\u7a7a)\" by Mami Kawada (eps 24)"]},"external":[{"name":"Official Site","url":"http:\/\/www.shakugan.com\/"},{"name":"AniDB","url":"https:\/\/anidb.net\/perl-bin\/animedb.pl?show=anime&aid=3408"},{"name":"ANN","url":"https:\/\/www.animenewsnetwork.com\/encyclopedia\/anime.php?id=5943"},{"name":"Wikipedia","url":"http:\/\/en.wikipedia.org\/wiki\/Shakugan_no_Shana#Anime"}],"streaming":[{"name":"Crunchyroll","url":"http:\/\/www.crunchyroll.com\/series-276403"},{"name":"Funimation","url":"https:\/\/www.funimation.com\/shows\/shakugan-no-shana"}]}}