{"data":{"mal_id":35677,"url":"https:\/\/myanimelist.net\/anime\/35677\/Liz_to_Aoi_Tori","images":{"jpg":{"image_url":"https:\/\/cdn.myanimelist.net\/images\/anime\/1638\/93032.jpg","small_image_url":"https:\/\/cdn.myanimelist.net\/images\/anime\/1638\/93032t.jpg","large_image_url":"https:\/\/cdn.myanimelist.net\/images\/anime\/1638\/93032l.jpg"},"webp":{"image_url":"https:\/\/cdn.myanimelist.net\/images\/anime\/1638\/93032.webp","small_image_url":"https:\/\/cdn.myanimelist.net\/images\/anime\/1638\/93032t.webp","large_image_url":"https:\/\/cdn.myanimelist.net\/images\/anime\/1638\/93032l.webp"}},"trailer":{"youtube_id":"yyysLf1FkvE","url":"https:\/\/www.youtube.com\/watch?v=yyysLf1FkvE","embed_url":"https:\/\/www.youtube.com\/embed\/yyysLf1FkvE?enablejsapi=1&wmode=opaque&autoplay=1","images":{"image_url":"https:\/\/img.youtube.com\/vi\/yyysLf1FkvE\/default.jpg","small_image_url":"https:\/\/img.youtube.com\/vi\/yyysLf1FkvE\/sddefault.jpg","medium_image_url":"https:\/\/img.youtube.com\/vi\/yyysLf1FkvE\/mqdefault.jpg","large_image_url":"https:\/\/img.youtube.com\/vi\/yyysLf1FkvE\/hqdefault.jpg","maximum_image_url":"https:\/\/img.youtube.com\/vi\/yyysLf1FkvE\/maxresdefault.jpg"}},"approved":true,"titles":[{"type":"Default","title":"Liz to Aoi Tori"},{"type":"Synonym","title":"Gekijouban Hibike! Euphonium: Mizore to Nozomi no Monogatari"},{"type":"Synonym","title":"Hibike! Euphonium: The Story of Mizore and Nozomi"},{"type":"Synonym","title":"Hibike! Euphonium Movie: Mizore to Nozomi no Monogatari"},{"type":"Japanese","title":"\u30ea\u30ba\u3068\u9752\u3044\u9ce5"},{"type":"English","title":"Liz and the Blue Bird"},{"type":"German","title":"Liz und der Blaue Vogel"},{"type":"French","title":"Liz et L'Oiseau Bleu"}],"title":"Liz to Aoi Tori","title_english":"Liz and the Blue Bird","title_japanese":"\u30ea\u30ba\u3068\u9752\u3044\u9ce5","title_synonyms":["Gekijouban Hibike! Euphonium: Mizore to Nozomi no Monogatari","Hibike! Euphonium: The Story of Mizore and Nozomi","Hibike! Euphonium Movie: Mizore to Nozomi no Monogatari"],"type":"Movie","source":"Novel","episodes":1,"status":"Finished Airing","airing":false,"aired":{"from":"2018-04-21T00:00:00+00:00","to":null,"prop":{"from":{"day":21,"month":4,"year":2018},"to":{"day":null,"month":null,"year":null}},"string":"Apr 21, 2018"},"duration":"1 hr 30 min","rating":"PG-13 - Teens 13 or older","score":8.19,"scored_by":51550,"rank":360,"popularity":1611,"members":133538,"favorites":2504,"synopsis":"Liz's days of solitude come to an end when she meets a blue bird in the form of a young girl. Although their relationship blossoms, Liz must make a heart-wrenching decision in order to truly realize her love for Blue Bird.\n\nHigh school seniors and close friends Mizore Yoroizuka and Nozomi Kasaki are tasked to play the lead instruments in the third movement of Liz and the Blue Bird, a concert band piece inspired by this fairy tale. The introverted and reserved Mizore plays the oboe, representing the kind and gentle Liz. Meanwhile, the radiant and popular Nozomi plays the flute, portraying the cheerful and energetic Blue Bird.\n\nHowever, as they rehearse, the distance between Mizore and Nozomi seems to grow. Their disjointed duet disappoints the band, and with graduation on the horizon, uncertainty about the future spurs complicated emotions. With little time to improve as their performance draws near, they desperately attempt to connect with their respective characters. But when Mizore and Nozomi consider the story from a brand-new perspective, will the girls find the strength to face harsh realities?\n\nA spin-off film adaptation of the Hibike Euphonium! series, Liz to Aoi Tori dances between the parallels of a charming fairy tale, a moving musical piece, and a delicate high school friendship.\n\n[Written by MAL Rewrite]","background":"The film won the Noburou Oofuji award for creative expression at the 73rd Mainichi Film Awards.","season":null,"year":null,"broadcast":{"day":null,"time":null,"timezone":null,"string":null},"producers":[{"mal_id":104,"type":"anime","name":"Lantis","url":"https:\/\/myanimelist.net\/anime\/producer\/104\/Lantis"},{"mal_id":109,"type":"anime","name":"Shochiku","url":"https:\/\/myanimelist.net\/anime\/producer\/109\/Shochiku"},{"mal_id":144,"type":"anime","name":"Pony Canyon","url":"https:\/\/myanimelist.net\/anime\/producer\/144\/Pony_Canyon"},{"mal_id":211,"type":"anime","name":"Rakuonsha","url":"https:\/\/myanimelist.net\/anime\/producer\/211\/Rakuonsha"},{"mal_id":1840,"type":"anime","name":"Bandai Namco Arts","url":"https:\/\/myanimelist.net\/anime\/producer\/1840\/Bandai_Namco_Arts"}],"licensors":[{"mal_id":531,"type":"anime","name":"Eleven Arts","url":"https:\/\/myanimelist.net\/anime\/producer\/531\/Eleven_Arts"},{"mal_id":1201,"type":"anime","name":"Ponycan USA","url":"https:\/\/myanimelist.net\/anime\/producer\/1201\/Ponycan_USA"}],"studios":[{"mal_id":2,"type":"anime","name":"Kyoto Animation","url":"https:\/\/myanimelist.net\/anime\/producer\/2\/Kyoto_Animation"}],"genres":[{"mal_id":46,"type":"anime","name":"Award Winning","url":"https:\/\/myanimelist.net\/anime\/genre\/46\/Award_Winning"},{"mal_id":8,"type":"anime","name":"Drama","url":"https:\/\/myanimelist.net\/anime\/genre\/8\/Drama"}],"explicit_genres":[],"themes":[{"mal_id":19,"type":"anime","name":"Music","url":"https:\/\/myanimelist.net\/anime\/genre\/19\/Music"},{"mal_id":70,"type":"anime","name":"Performing Arts","url":"https:\/\/myanimelist.net\/anime\/genre\/70\/Performing_Arts"},{"mal_id":23,"type":"anime","name":"School","url":"https:\/\/myanimelist.net\/anime\/genre\/23\/School"}],"demographics":[],"relations":[{"relation":"Parent story","entry":[{"mal_id":31988,"type":"anime","name":"Hibike! Euphonium 2","url":"https:\/\/myanimelist.net\/anime\/31988\/Hibike_Euphonium_2"}]},{"relation":"Other","entry":[{"mal_id":35678,"type":"anime","name":"Hibike! Euphonium Movie 3: Chikai no Finale","url":"https:\/\/myanimelist.net\/anime\/35678\/Hibike_Euphonium_Movie_3__Chikai_no_Finale"}]}],"theme":{"openings":[],"endings":["\"Songbirds\" by Homecomings"]},"external":[{"name":"Official Site","url":"http:\/\/liz-bluebird.com\/"},{"name":"@liz_bluebird","url":"https:\/\/twitter.com\/liz_bluebird"},{"name":"AniDB","url":"https:\/\/anidb.net\/perl-bin\/animedb.pl?show=anime&aid=13491"},{"name":"ANN","url":"https:\/\/www.animenewsnetwork.com\/encyclopedia\/anime.php?id=20444"},{"name":"Wikipedia","url":"https:\/\/en.wikipedia.org\/wiki\/Liz_and_the_Blue_Bird"},{"name":"Wikipedia","url":"https:\/\/ja.wikipedia.org\/wiki\/%E9%9F%BF%E3%81%91!%E3%83%A6%E3%83%BC%E3%83%95%E3%82%A9%E3%83%8B%E3%82%A2%E3%83%A0_(%E3%82%A2%E3%83%8B%E3%83%A1)#%E3%83%AA%E3%82%BA%E3%81%A8%E9%9D%92%E3%81%84%E9%B3%A5"},{"name":"Syoboi","url":"https:\/\/cal.syoboi.jp\/tid\/5290"},{"name":"Bangumi","url":"https:\/\/bangumi.tv\/subject\/216371"}],"streaming":[{"name":"Netflix","url":"https:\/\/www.netflix.com\/"}]}}