{"data":{"mal_id":35760,"url":"https:\/\/myanimelist.net\/anime\/35760\/Shingeki_no_Kyojin_Season_3","images":{"jpg":{"image_url":"https:\/\/cdn.myanimelist.net\/images\/anime\/1173\/92110.jpg","small_image_url":"https:\/\/cdn.myanimelist.net\/images\/anime\/1173\/92110t.jpg","large_image_url":"https:\/\/cdn.myanimelist.net\/images\/anime\/1173\/92110l.jpg"},"webp":{"image_url":"https:\/\/cdn.myanimelist.net\/images\/anime\/1173\/92110.webp","small_image_url":"https:\/\/cdn.myanimelist.net\/images\/anime\/1173\/92110t.webp","large_image_url":"https:\/\/cdn.myanimelist.net\/images\/anime\/1173\/92110l.webp"}},"trailer":{"youtube_id":"EHzBhrncmac","url":"https:\/\/www.youtube.com\/watch?v=EHzBhrncmac","embed_url":"https:\/\/www.youtube.com\/embed\/EHzBhrncmac?enablejsapi=1&wmode=opaque&autoplay=1","images":{"image_url":"https:\/\/img.youtube.com\/vi\/EHzBhrncmac\/default.jpg","small_image_url":"https:\/\/img.youtube.com\/vi\/EHzBhrncmac\/sddefault.jpg","medium_image_url":"https:\/\/img.youtube.com\/vi\/EHzBhrncmac\/mqdefault.jpg","large_image_url":"https:\/\/img.youtube.com\/vi\/EHzBhrncmac\/hqdefault.jpg","maximum_image_url":"https:\/\/img.youtube.com\/vi\/EHzBhrncmac\/maxresdefault.jpg"}},"approved":true,"titles":[{"type":"Default","title":"Shingeki no Kyojin Season 3"},{"type":"Japanese","title":"\u9032\u6483\u306e\u5de8\u4eba Season3"},{"type":"English","title":"Attack on Titan Season 3"},{"type":"German","title":"Attack on Titan 3. Staffel"},{"type":"Spanish","title":"Ataque a los Titanes Temporada 3"},{"type":"French","title":"L'Attaque des Titans Saison 3"}],"title":"Shingeki no Kyojin Season 3","title_english":"Attack on Titan Season 3","title_japanese":"\u9032\u6483\u306e\u5de8\u4eba Season3","title_synonyms":[],"type":"TV","source":"Manga","episodes":12,"status":"Finished Airing","airing":false,"aired":{"from":"2018-07-23T00:00:00+00:00","to":"2018-10-15T00:00:00+00:00","prop":{"from":{"day":23,"month":7,"year":2018},"to":{"day":15,"month":10,"year":2018}},"string":"Jul 23, 2018 to Oct 15, 2018"},"duration":"23 min per ep","rating":"R - 17+ (violence & profanity)","score":8.62,"scored_by":1549352,"rank":83,"popularity":18,"members":2276052,"favorites":20203,"synopsis":"Still threatened by the \"Titans\" that rob them of their freedom, mankind remains caged inside the two remaining walls. Efforts to eradicate these monsters continue; however, threats arise not only from the Titans beyond the walls, but from the humans within them as well.\n\nAfter being rescued from the Colossal and Armored Titans, Eren Yaeger devotes himself to improving his Titan form. Krista Lenz struggles to accept the loss of her friend, Captain Levi chooses Eren and his friends to form his new personal squad, and Commander Erwin Smith recovers from his injuries. All seems well for the soldiers, until the government suddenly demands custody of Eren and Krista. The Survey Corps' recent successes have drawn attention, and a familiar face from Levi's past is sent to collect the wanted soldiers. Sought after by the government, Levi and his new squad must evade their adversaries in hopes of keeping Eren and Krista safe.\n\nEren and his fellow soldiers are not only fighting for their survival against the terrifying Titans, but also against the terror of a far more conniving foe: their fellow humans.\n\n[Written by MAL Rewrite]","background":"Shingeki no Kyojin Season 3 adapts content from manga volumes 13-17.","season":"summer","year":2018,"broadcast":{"day":"Mondays","time":"00:35","timezone":"Asia\/Tokyo","string":"Mondays at 00:35 (JST)"},"producers":[{"mal_id":10,"type":"anime","name":"Production I.G","url":"https:\/\/myanimelist.net\/anime\/producer\/10\/Production_IG"},{"mal_id":53,"type":"anime","name":"Dentsu","url":"https:\/\/myanimelist.net\/anime\/producer\/53\/Dentsu"},{"mal_id":143,"type":"anime","name":"Mainichi Broadcasting System","url":"https:\/\/myanimelist.net\/anime\/producer\/143\/Mainichi_Broadcasting_System"},{"mal_id":144,"type":"anime","name":"Pony Canyon","url":"https:\/\/myanimelist.net\/anime\/producer\/144\/Pony_Canyon"},{"mal_id":159,"type":"anime","name":"Kodansha","url":"https:\/\/myanimelist.net\/anime\/producer\/159\/Kodansha"},{"mal_id":1499,"type":"anime","name":"Techno Sound","url":"https:\/\/myanimelist.net\/anime\/producer\/1499\/Techno_Sound"},{"mal_id":1557,"type":"anime","name":"Pony Canyon Enterprises","url":"https:\/\/myanimelist.net\/anime\/producer\/1557\/Pony_Canyon_Enterprises"}],"licensors":[{"mal_id":102,"type":"anime","name":"Funimation","url":"https:\/\/myanimelist.net\/anime\/producer\/102\/Funimation"}],"studios":[{"mal_id":858,"type":"anime","name":"Wit Studio","url":"https:\/\/myanimelist.net\/anime\/producer\/858\/Wit_Studio"}],"genres":[{"mal_id":1,"type":"anime","name":"Action","url":"https:\/\/myanimelist.net\/anime\/genre\/1\/Action"},{"mal_id":8,"type":"anime","name":"Drama","url":"https:\/\/myanimelist.net\/anime\/genre\/8\/Drama"},{"mal_id":41,"type":"anime","name":"Suspense","url":"https:\/\/myanimelist.net\/anime\/genre\/41\/Suspense"}],"explicit_genres":[],"themes":[{"mal_id":58,"type":"anime","name":"Gore","url":"https:\/\/myanimelist.net\/anime\/genre\/58\/Gore"},{"mal_id":38,"type":"anime","name":"Military","url":"https:\/\/myanimelist.net\/anime\/genre\/38\/Military"},{"mal_id":76,"type":"anime","name":"Survival","url":"https:\/\/myanimelist.net\/anime\/genre\/76\/Survival"}],"demographics":[{"mal_id":27,"type":"anime","name":"Shounen","url":"https:\/\/myanimelist.net\/anime\/genre\/27\/Shounen"}],"relations":[{"relation":"Adaptation","entry":[{"mal_id":23390,"type":"manga","name":"Shingeki no Kyojin","url":"https:\/\/myanimelist.net\/manga\/23390\/Shingeki_no_Kyojin"}]},{"relation":"Prequel","entry":[{"mal_id":25777,"type":"anime","name":"Shingeki no Kyojin Season 2","url":"https:\/\/myanimelist.net\/anime\/25777\/Shingeki_no_Kyojin_Season_2"}]},{"relation":"Sequel","entry":[{"mal_id":38524,"type":"anime","name":"Shingeki no Kyojin Season 3 Part 2","url":"https:\/\/myanimelist.net\/anime\/38524\/Shingeki_no_Kyojin_Season_3_Part_2"}]},{"relation":"Side story","entry":[{"mal_id":39477,"type":"anime","name":"Shingeki no Kyojin Season 3 Specials","url":"https:\/\/myanimelist.net\/anime\/39477\/Shingeki_no_Kyojin_Season_3_Specials"}]},{"relation":"Summary","entry":[{"mal_id":42091,"type":"anime","name":"Shingeki no Kyojin: Chronicle","url":"https:\/\/myanimelist.net\/anime\/42091\/Shingeki_no_Kyojin__Chronicle"},{"mal_id":51240,"type":"anime","name":"15-pun de Oitsukeru: Shingeki no Kyojin","url":"https:\/\/myanimelist.net\/anime\/51240\/15-pun_de_Oitsukeru__Shingeki_no_Kyojin"},{"mal_id":51241,"type":"anime","name":"20-pun de Oitsukeru: Shingeki no Kyojin","url":"https:\/\/myanimelist.net\/anime\/51241\/20-pun_de_Oitsukeru__Shingeki_no_Kyojin"}]},{"relation":"Other","entry":[{"mal_id":54468,"type":"anime","name":"Akatsuki no Chinkonka","url":"https:\/\/myanimelist.net\/anime\/54468\/Akatsuki_no_Chinkonka"}]}],"theme":{"openings":["\"Red Swan\" by YOSHIKI feat. HYDE"],"endings":["\"Akatsuki no Chinkonka (\u6681\u306e\u93ae\u9b42\u6b4c)\" by Linked Horizon (eps 2-12)"]},"external":[{"name":"Official Site","url":"http:\/\/www.shingeki.tv\/season3\/"},{"name":"@anime_shingeki","url":"https:\/\/twitter.com\/anime_shingeki"},{"name":"AniDB","url":"https:\/\/anidb.net\/perl-bin\/animedb.pl?show=anime&aid=13241"},{"name":"ANN","url":"https:\/\/www.animenewsnetwork.com\/encyclopedia\/anime.php?id=19819"},{"name":"Wikipedia","url":"http:\/\/en.wikipedia.org\/wiki\/Attack_on_Titan"},{"name":"Wikipedia","url":"https:\/\/ja.wikipedia.org\/wiki\/%E9%80%B2%E6%92%83%E3%81%AE%E5%B7%A8%E4%BA%BA"},{"name":"Syoboi","url":"https:\/\/cal.syoboi.jp\/tid\/4983"}],"streaming":[{"name":"Crunchyroll","url":"http:\/\/www.crunchyroll.com\/series-254209"},{"name":"Netflix","url":"https:\/\/www.netflix.com\/title\/70299043"},{"name":"Shahid","url":"https:\/\/shahid.mbc.net\/en\/series\/Attack-On-Titan\/series-922170"}]}}