{"data":{"mal_id":35788,"url":"https:\/\/myanimelist.net\/anime\/35788\/Shokugeki_no_Souma__San_no_Sara","images":{"jpg":{"image_url":"https:\/\/cdn.myanimelist.net\/images\/anime\/3\/88434.jpg","small_image_url":"https:\/\/cdn.myanimelist.net\/images\/anime\/3\/88434t.jpg","large_image_url":"https:\/\/cdn.myanimelist.net\/images\/anime\/3\/88434l.jpg"},"webp":{"image_url":"https:\/\/cdn.myanimelist.net\/images\/anime\/3\/88434.webp","small_image_url":"https:\/\/cdn.myanimelist.net\/images\/anime\/3\/88434t.webp","large_image_url":"https:\/\/cdn.myanimelist.net\/images\/anime\/3\/88434l.webp"}},"trailer":{"youtube_id":"Q7WK89iPkCo","url":"https:\/\/www.youtube.com\/watch?v=Q7WK89iPkCo","embed_url":"https:\/\/www.youtube.com\/embed\/Q7WK89iPkCo?enablejsapi=1&wmode=opaque&autoplay=1","images":{"image_url":"https:\/\/img.youtube.com\/vi\/Q7WK89iPkCo\/default.jpg","small_image_url":"https:\/\/img.youtube.com\/vi\/Q7WK89iPkCo\/sddefault.jpg","medium_image_url":"https:\/\/img.youtube.com\/vi\/Q7WK89iPkCo\/mqdefault.jpg","large_image_url":"https:\/\/img.youtube.com\/vi\/Q7WK89iPkCo\/hqdefault.jpg","maximum_image_url":"https:\/\/img.youtube.com\/vi\/Q7WK89iPkCo\/maxresdefault.jpg"}},"approved":true,"titles":[{"type":"Default","title":"Shokugeki no Souma: San no Sara"},{"type":"Synonym","title":"Shokugeki no Soma 3rd Season"},{"type":"Synonym","title":"Shokugeki no Soma 3"},{"type":"Japanese","title":"\u98df\u621f\u306e\u30bd\u30fc\u30de \u9910\u30ce\u76bf"},{"type":"English","title":"Food Wars! The Third Plate"},{"type":"German","title":"Food Wars! The Third Plate"},{"type":"Spanish","title":"Food Wars (Shokugeki no Soma): The Third Plate"},{"type":"French","title":"Food Wars! The Third Plate"}],"title":"Shokugeki no Souma: San no Sara","title_english":"Food Wars! The Third Plate","title_japanese":"\u98df\u621f\u306e\u30bd\u30fc\u30de \u9910\u30ce\u76bf","title_synonyms":["Shokugeki no Soma 3rd Season","Shokugeki no Soma 3"],"type":"TV","source":"Manga","episodes":12,"status":"Finished Airing","airing":false,"aired":{"from":"2017-10-04T00:00:00+00:00","to":"2017-12-20T00:00:00+00:00","prop":{"from":{"day":4,"month":10,"year":2017},"to":{"day":20,"month":12,"year":2017}},"string":"Oct 4, 2017 to Dec 20, 2017"},"duration":"24 min per ep","rating":"PG-13 - Teens 13 or older","score":8,"scored_by":581986,"rank":607,"popularity":160,"members":953416,"favorites":2641,"synopsis":"The Moon Festival is Tootsuki Academy's annual gourmet gala, where students compete against each other to earn the most profit through selling their cuisine of choice. But for Souma Yukihira, it is also his first opportunity to challenge the Elite Ten, the supreme council that rules over the academy.  \n\nHowever, this is only the beginning of Souma's war against the Elite Ten; a nefarious plot is underway that will provide Souma with the challenge he desires but will also shake the very foundations of Tootsuki Academy itself.\n\n[Written by MAL Rewrite]","background":null,"season":"fall","year":2017,"broadcast":{"day":"Wednesdays","time":"00:30","timezone":"Asia\/Tokyo","string":"Wednesdays at 00:30 (JST)"},"producers":[{"mal_id":104,"type":"anime","name":"Lantis","url":"https:\/\/myanimelist.net\/anime\/producer\/104\/Lantis"},{"mal_id":415,"type":"anime","name":"Warner Bros. Japan","url":"https:\/\/myanimelist.net\/anime\/producer\/415\/Warner_Bros_Japan"},{"mal_id":460,"type":"anime","name":"KlockWorx","url":"https:\/\/myanimelist.net\/anime\/producer\/460\/KlockWorx"},{"mal_id":1365,"type":"anime","name":"Shueisha","url":"https:\/\/myanimelist.net\/anime\/producer\/1365\/Shueisha"}],"licensors":[{"mal_id":376,"type":"anime","name":"Sentai Filmworks","url":"https:\/\/myanimelist.net\/anime\/producer\/376\/Sentai_Filmworks"}],"studios":[{"mal_id":7,"type":"anime","name":"J.C.Staff","url":"https:\/\/myanimelist.net\/anime\/producer\/7\/JCStaff"}],"genres":[{"mal_id":47,"type":"anime","name":"Gourmet","url":"https:\/\/myanimelist.net\/anime\/genre\/47\/Gourmet"},{"mal_id":9,"type":"anime","name":"Ecchi","url":"https:\/\/myanimelist.net\/anime\/genre\/9\/Ecchi"}],"explicit_genres":[],"themes":[{"mal_id":23,"type":"anime","name":"School","url":"https:\/\/myanimelist.net\/anime\/genre\/23\/School"}],"demographics":[{"mal_id":27,"type":"anime","name":"Shounen","url":"https:\/\/myanimelist.net\/anime\/genre\/27\/Shounen"}],"relations":[{"relation":"Adaptation","entry":[{"mal_id":45757,"type":"manga","name":"Shokugeki no Souma","url":"https:\/\/myanimelist.net\/manga\/45757\/Shokugeki_no_Souma"}]},{"relation":"Prequel","entry":[{"mal_id":34480,"type":"anime","name":"Shokugeki no Souma: Ni no Sara OVA","url":"https:\/\/myanimelist.net\/anime\/34480\/Shokugeki_no_Souma__Ni_no_Sara_OVA"}]},{"relation":"Sequel","entry":[{"mal_id":36949,"type":"anime","name":"Shokugeki no Souma: San no Sara - Tootsuki Ressha-hen","url":"https:\/\/myanimelist.net\/anime\/36949\/Shokugeki_no_Souma__San_no_Sara_-_Tootsuki_Ressha-hen"}]},{"relation":"Side story","entry":[{"mal_id":36962,"type":"anime","name":"Shokugeki no Souma: San no Sara - Kyokuseiryou no Erina","url":"https:\/\/myanimelist.net\/anime\/36962\/Shokugeki_no_Souma__San_no_Sara_-_Kyokuseiryou_no_Erina"}]}],"theme":{"openings":["\"BRAVER\" by ZAQ"],"endings":["\"Kyokyo Jitsujitsu (\u865a\u865a\u5b9f\u5b9f)\" by nano.RIPE"]},"external":[{"name":"Official Site","url":"http:\/\/shokugekinosoma.com\/"},{"name":"AniDB","url":"https:\/\/anidb.net\/perl-bin\/animedb.pl?show=anime&aid=13244"},{"name":"ANN","url":"https:\/\/www.animenewsnetwork.com\/encyclopedia\/anime.php?id=19807"},{"name":"Wikipedia","url":"https:\/\/en.wikipedia.org\/wiki\/Food_Wars!:_Shokugeki_no_Soma"}],"streaming":[{"name":"Crunchyroll","url":"http:\/\/www.crunchyroll.com\/series-265649"},{"name":"Netflix","url":"https:\/\/www.netflix.com\/"},{"name":"Animax Mongolia","url":"https:\/\/www.animax.app\/"}]}}