{"data":{"mal_id":35790,"url":"https:\/\/myanimelist.net\/anime\/35790\/Tate_no_Yuusha_no_Nariagari","images":{"jpg":{"image_url":"https:\/\/cdn.myanimelist.net\/images\/anime\/1490\/101365.jpg","small_image_url":"https:\/\/cdn.myanimelist.net\/images\/anime\/1490\/101365t.jpg","large_image_url":"https:\/\/cdn.myanimelist.net\/images\/anime\/1490\/101365l.jpg"},"webp":{"image_url":"https:\/\/cdn.myanimelist.net\/images\/anime\/1490\/101365.webp","small_image_url":"https:\/\/cdn.myanimelist.net\/images\/anime\/1490\/101365t.webp","large_image_url":"https:\/\/cdn.myanimelist.net\/images\/anime\/1490\/101365l.webp"}},"trailer":{"youtube_id":"h3n-chI028E","url":"https:\/\/www.youtube.com\/watch?v=h3n-chI028E","embed_url":"https:\/\/www.youtube.com\/embed\/h3n-chI028E?enablejsapi=1&wmode=opaque&autoplay=1","images":{"image_url":"https:\/\/img.youtube.com\/vi\/h3n-chI028E\/default.jpg","small_image_url":"https:\/\/img.youtube.com\/vi\/h3n-chI028E\/sddefault.jpg","medium_image_url":"https:\/\/img.youtube.com\/vi\/h3n-chI028E\/mqdefault.jpg","large_image_url":"https:\/\/img.youtube.com\/vi\/h3n-chI028E\/hqdefault.jpg","maximum_image_url":"https:\/\/img.youtube.com\/vi\/h3n-chI028E\/maxresdefault.jpg"}},"approved":true,"titles":[{"type":"Default","title":"Tate no Yuusha no Nariagari"},{"type":"Japanese","title":"\u76fe\u306e\u52c7\u8005\u306e\u6210\u308a\u4e0a\u304c\u308a"},{"type":"English","title":"The Rising of the Shield Hero"},{"type":"German","title":"The Rising of the Shield Hero"},{"type":"Spanish","title":"The Rising of the Shield Hero"},{"type":"French","title":"The Rising of the Shield Hero"}],"title":"Tate no Yuusha no Nariagari","title_english":"The Rising of the Shield Hero","title_japanese":"\u76fe\u306e\u52c7\u8005\u306e\u6210\u308a\u4e0a\u304c\u308a","title_synonyms":[],"type":"TV","source":"Light novel","episodes":25,"status":"Finished Airing","airing":false,"aired":{"from":"2019-01-09T00:00:00+00:00","to":"2019-06-26T00:00:00+00:00","prop":{"from":{"day":9,"month":1,"year":2019},"to":{"day":26,"month":6,"year":2019}},"string":"Jan 9, 2019 to Jun 26, 2019"},"duration":"24 min per ep","rating":"PG-13 - Teens 13 or older","score":7.97,"scored_by":958032,"rank":646,"popularity":68,"members":1539085,"favorites":25419,"synopsis":"The Four Cardinal Heroes are a group of ordinary men from modern-day Japan summoned to the kingdom of Melromarc to become its saviors. Melromarc is a country plagued by the Waves of Catastrophe that have repeatedly ravaged the land and brought disaster to its citizens for centuries. The four heroes are respectively bestowed a sword, spear, bow, and shield to vanquish these Waves. Naofumi Iwatani, an otaku, becomes cursed with the fate of being the \"Shield Hero.\" Armed with only a measly shield, Naofumi is belittled and ridiculed by his fellow heroes and the kingdom's people due to his weak offensive capabilities and lackluster personality.\n\nWhen the heroes are provided with resources and comrades to train with, Naofumi sets out with the only person willing to train alongside him, Malty Melromarc. He is soon betrayed by her, however, and becomes falsely accused of taking advantage of her. Naofumi then becomes heavily discriminated against and hated by the people of Melromarc for something he didn't do. With a raging storm of hurt and mistrust in his heart, Naofumi begins his journey of strengthening himself and his reputation. Further along however, the difficulty of being on his own sets in, so Naofumi buys a demi-human slave on the verge of death named Raphtalia to accompany him on his travels.\n\nAs the Waves approach the kingdom, Naofumi and Raphtalia must fight for the survival of the kingdom and protect the people of Melromarc from their ill-fated future.\n\n[Written by MAL Rewrite]","background":null,"season":"winter","year":2019,"broadcast":{"day":"Wednesdays","time":"22:00","timezone":"Asia\/Tokyo","string":"Wednesdays at 22:00 (JST)"},"producers":[{"mal_id":61,"type":"anime","name":"Frontier Works","url":"https:\/\/myanimelist.net\/anime\/producer\/61\/Frontier_Works"},{"mal_id":238,"type":"anime","name":"AT-X","url":"https:\/\/myanimelist.net\/anime\/producer\/238\/AT-X"},{"mal_id":323,"type":"anime","name":"Nippon Columbia","url":"https:\/\/myanimelist.net\/anime\/producer\/323\/Nippon_Columbia"},{"mal_id":1255,"type":"anime","name":"Glovision","url":"https:\/\/myanimelist.net\/anime\/producer\/1255\/Glovision"},{"mal_id":1261,"type":"anime","name":"Good Smile Company","url":"https:\/\/myanimelist.net\/anime\/producer\/1261\/Good_Smile_Company"},{"mal_id":1345,"type":"anime","name":"Sammy","url":"https:\/\/myanimelist.net\/anime\/producer\/1345\/Sammy"},{"mal_id":1468,"type":"anime","name":"Crunchyroll","url":"https:\/\/myanimelist.net\/anime\/producer\/1468\/Crunchyroll"},{"mal_id":1551,"type":"anime","name":"Kadokawa Media House","url":"https:\/\/myanimelist.net\/anime\/producer\/1551\/Kadokawa_Media_House"},{"mal_id":1614,"type":"anime","name":"NTT Plala","url":"https:\/\/myanimelist.net\/anime\/producer\/1614\/NTT_Plala"},{"mal_id":1696,"type":"anime","name":"Kadokawa","url":"https:\/\/myanimelist.net\/anime\/producer\/1696\/Kadokawa"}],"licensors":[{"mal_id":102,"type":"anime","name":"Funimation","url":"https:\/\/myanimelist.net\/anime\/producer\/102\/Funimation"}],"studios":[{"mal_id":290,"type":"anime","name":"Kinema Citrus","url":"https:\/\/myanimelist.net\/anime\/producer\/290\/Kinema_Citrus"}],"genres":[{"mal_id":1,"type":"anime","name":"Action","url":"https:\/\/myanimelist.net\/anime\/genre\/1\/Action"},{"mal_id":2,"type":"anime","name":"Adventure","url":"https:\/\/myanimelist.net\/anime\/genre\/2\/Adventure"},{"mal_id":8,"type":"anime","name":"Drama","url":"https:\/\/myanimelist.net\/anime\/genre\/8\/Drama"},{"mal_id":10,"type":"anime","name":"Fantasy","url":"https:\/\/myanimelist.net\/anime\/genre\/10\/Fantasy"}],"explicit_genres":[],"themes":[{"mal_id":62,"type":"anime","name":"Isekai","url":"https:\/\/myanimelist.net\/anime\/genre\/62\/Isekai"}],"demographics":[],"relations":[{"relation":"Adaptation","entry":[{"mal_id":67617,"type":"manga","name":"Tate no Yuusha no Nariagari","url":"https:\/\/myanimelist.net\/manga\/67617\/Tate_no_Yuusha_no_Nariagari"}]},{"relation":"Character","entry":[{"mal_id":39988,"type":"anime","name":"Isekai Quartet 2","url":"https:\/\/myanimelist.net\/anime\/39988\/Isekai_Quartet_2"},{"mal_id":41567,"type":"anime","name":"Isekai Quartet Movie: Another World","url":"https:\/\/myanimelist.net\/anime\/41567\/Isekai_Quartet_Movie__Another_World"}]},{"relation":"Sequel","entry":[{"mal_id":40356,"type":"anime","name":"Tate no Yuusha no Nariagari Season 2","url":"https:\/\/myanimelist.net\/anime\/40356\/Tate_no_Yuusha_no_Nariagari_Season_2"}]}],"theme":{"openings":["1: \"RISE\" by MADKID (eps 13-19, 22-24)","2: \"FAITH\" by MADKID (eps 2-3, 5-12)"],"endings":["1: \"RISE\" by MADKID (eps 1)","1: \"Kimi no Namae (\u304d\u307f\u306e\u540d\u524d)\" by Chiai Fujikawa (\u85e4\u5ddd\u5343\u611b) (eps 2-3, 5-12)","2: \"Falling Through Starlight\" by Asami Seto (eps 4)","3: \"Atashi ga Tonari ni Iru Uchi ni (\u3042\u305f\u3057\u304c\u96a3\u306b\u3044\u308b\u3046\u3061\u306b)\" by Chiai Fujikawa (\u85e4\u5ddd\u5343\u611b) (eps 13-20, 22-24)"]},"external":[{"name":"Official Site","url":"http:\/\/shieldhero-anime.jp\/1st\/"},{"name":"AniDB","url":"https:\/\/anidb.net\/perl-bin\/animedb.pl?show=anime&aid=13246"},{"name":"ANN","url":"https:\/\/www.animenewsnetwork.com\/encyclopedia\/anime.php?id=19826"},{"name":"Wikipedia","url":"http:\/\/en.wikipedia.org\/wiki\/The_Rising_of_the_Shield_Hero"}],"streaming":[{"name":"Crunchyroll","url":"http:\/\/www.crunchyroll.com\/series-277339"},{"name":"Funimation","url":"https:\/\/www.funimation.com\/shows\/the-rising-of-the-shield-hero"},{"name":"Netflix","url":"https:\/\/www.netflix.com\/"}]}}