{"data":{"mal_id":35828,"url":"https:\/\/myanimelist.net\/anime\/35828\/Miira_no_Kaikata","images":{"jpg":{"image_url":"https:\/\/cdn.myanimelist.net\/images\/anime\/1486\/93811.jpg","small_image_url":"https:\/\/cdn.myanimelist.net\/images\/anime\/1486\/93811t.jpg","large_image_url":"https:\/\/cdn.myanimelist.net\/images\/anime\/1486\/93811l.jpg"},"webp":{"image_url":"https:\/\/cdn.myanimelist.net\/images\/anime\/1486\/93811.webp","small_image_url":"https:\/\/cdn.myanimelist.net\/images\/anime\/1486\/93811t.webp","large_image_url":"https:\/\/cdn.myanimelist.net\/images\/anime\/1486\/93811l.webp"}},"trailer":{"youtube_id":"n0-PpoSUs-M","url":"https:\/\/www.youtube.com\/watch?v=n0-PpoSUs-M","embed_url":"https:\/\/www.youtube.com\/embed\/n0-PpoSUs-M?enablejsapi=1&wmode=opaque&autoplay=1","images":{"image_url":"https:\/\/img.youtube.com\/vi\/n0-PpoSUs-M\/default.jpg","small_image_url":"https:\/\/img.youtube.com\/vi\/n0-PpoSUs-M\/sddefault.jpg","medium_image_url":"https:\/\/img.youtube.com\/vi\/n0-PpoSUs-M\/mqdefault.jpg","large_image_url":"https:\/\/img.youtube.com\/vi\/n0-PpoSUs-M\/hqdefault.jpg","maximum_image_url":"https:\/\/img.youtube.com\/vi\/n0-PpoSUs-M\/maxresdefault.jpg"}},"approved":true,"titles":[{"type":"Default","title":"Miira no Kaikata"},{"type":"Synonym","title":"How to keep a mummy"},{"type":"Japanese","title":"\u30df\u30a4\u30e9\u306e\u98fc\u3044\u65b9"},{"type":"English","title":"How to Keep a Mummy"},{"type":"German","title":"How to Keep a Mummy"},{"type":"Spanish","title":"How to Keep a Mummy"},{"type":"French","title":"How to Keep a Mummy"}],"title":"Miira no Kaikata","title_english":"How to Keep a Mummy","title_japanese":"\u30df\u30a4\u30e9\u306e\u98fc\u3044\u65b9","title_synonyms":["How to keep a mummy"],"type":"TV","source":"Web manga","episodes":12,"status":"Finished Airing","airing":false,"aired":{"from":"2018-01-12T00:00:00+00:00","to":"2018-03-30T00:00:00+00:00","prop":{"from":{"day":12,"month":1,"year":2018},"to":{"day":30,"month":3,"year":2018}},"string":"Jan 12, 2018 to Mar 30, 2018"},"duration":"24 min per ep","rating":"PG-13 - Teens 13 or older","score":7.46,"scored_by":52773,"rank":1904,"popularity":1607,"members":134421,"favorites":725,"synopsis":"High school student Sora Kashiwagi is accustomed to receiving bizarre presents from his father, who is on an expedition around the world. Unfortunately, these gifts have been nothing but nightmares. As a result, when his father sends him a huge package from Egypt, Sora prepares himself for the worst, only to be greeted by Mii-kun\u2014a cute, pint-sized mummy! While initially wary, Sora soon learns that Mii-kun is harmless, a delicate creature yearning for attention.\n\nThroughout their amusing day-to-day lives, the unlikely pair meet other people with unique pets, while also strengthening their bond together. Although keeping a pet is a difficult task, Sora is set on caring for the lovable Mii-kun.\n\n[Written by MAL Rewrite]","background":null,"season":"winter","year":2018,"broadcast":{"day":"Fridays","time":"01:58","timezone":"Asia\/Tokyo","string":"Fridays at 01:58 (JST)"},"producers":[{"mal_id":145,"type":"anime","name":"TBS","url":"https:\/\/myanimelist.net\/anime\/producer\/145\/TBS"},{"mal_id":1254,"type":"anime","name":"Grooove","url":"https:\/\/myanimelist.net\/anime\/producer\/1254\/Grooove"},{"mal_id":1585,"type":"anime","name":"Nichion","url":"https:\/\/myanimelist.net\/anime\/producer\/1585\/Nichion"},{"mal_id":1594,"type":"anime","name":"Exit Tunes","url":"https:\/\/myanimelist.net\/anime\/producer\/1594\/Exit_Tunes"},{"mal_id":1783,"type":"anime","name":"ONEMUSIC","url":"https:\/\/myanimelist.net\/anime\/producer\/1783\/ONEMUSIC"},{"mal_id":1784,"type":"anime","name":"Crunchyroll SC Anime Fund","url":"https:\/\/myanimelist.net\/anime\/producer\/1784\/Crunchyroll_SC_Anime_Fund"}],"licensors":[],"studios":[{"mal_id":441,"type":"anime","name":"8bit","url":"https:\/\/myanimelist.net\/anime\/producer\/441\/8bit"}],"genres":[{"mal_id":10,"type":"anime","name":"Fantasy","url":"https:\/\/myanimelist.net\/anime\/genre\/10\/Fantasy"},{"mal_id":36,"type":"anime","name":"Slice of Life","url":"https:\/\/myanimelist.net\/anime\/genre\/36\/Slice_of_Life"}],"explicit_genres":[],"themes":[{"mal_id":6,"type":"anime","name":"Mythology","url":"https:\/\/myanimelist.net\/anime\/genre\/6\/Mythology"},{"mal_id":71,"type":"anime","name":"Pets","url":"https:\/\/myanimelist.net\/anime\/genre\/71\/Pets"},{"mal_id":23,"type":"anime","name":"School","url":"https:\/\/myanimelist.net\/anime\/genre\/23\/School"}],"demographics":[],"relations":[{"relation":"Adaptation","entry":[{"mal_id":99256,"type":"manga","name":"Miira no Kaikata","url":"https:\/\/myanimelist.net\/manga\/99256\/Miira_no_Kaikata"}]}],"theme":{"openings":["\"Fushigi na Tabi wa Tsuzuku no sa (\u4e0d\u601d\u8b70\u306a\u65c5\u306f\u3064\u3065\u304f\u306e\u3055)\" by Tsuri Bit"],"endings":["\"Rosetta Stone (\u30ed\u30bc\u30c3\u30bf\u30fb\u30b9\u30c8\u30fc\u30f3)\" by Iketeru Hearts"]},"external":[{"name":"Official Site","url":"http:\/\/www.tbs.co.jp\/anime\/miira\/"},{"name":"AniDB","url":"https:\/\/anidb.net\/perl-bin\/animedb.pl?show=anime&aid=13252"},{"name":"ANN","url":"https:\/\/www.animenewsnetwork.com\/encyclopedia\/anime.php?id=20060"},{"name":"Wikipedia","url":"https:\/\/en.wikipedia.org\/wiki\/How_to_Keep_a_Mummy"}],"streaming":[{"name":"Crunchyroll","url":"http:\/\/www.crunchyroll.com\/series-275261"}]}}