{"data":{"mal_id":35821,"url":"https:\/\/myanimelist.net\/anime\/35821\/Chio-chan_no_Tsuugakuro","images":{"jpg":{"image_url":"https:\/\/cdn.myanimelist.net\/images\/anime\/1073\/95042.jpg","small_image_url":"https:\/\/cdn.myanimelist.net\/images\/anime\/1073\/95042t.jpg","large_image_url":"https:\/\/cdn.myanimelist.net\/images\/anime\/1073\/95042l.jpg"},"webp":{"image_url":"https:\/\/cdn.myanimelist.net\/images\/anime\/1073\/95042.webp","small_image_url":"https:\/\/cdn.myanimelist.net\/images\/anime\/1073\/95042t.webp","large_image_url":"https:\/\/cdn.myanimelist.net\/images\/anime\/1073\/95042l.webp"}},"trailer":{"youtube_id":"gcwaJq9pDYs","url":"https:\/\/www.youtube.com\/watch?v=gcwaJq9pDYs","embed_url":"https:\/\/www.youtube.com\/embed\/gcwaJq9pDYs?enablejsapi=1&wmode=opaque&autoplay=1","images":{"image_url":"https:\/\/img.youtube.com\/vi\/gcwaJq9pDYs\/default.jpg","small_image_url":"https:\/\/img.youtube.com\/vi\/gcwaJq9pDYs\/sddefault.jpg","medium_image_url":"https:\/\/img.youtube.com\/vi\/gcwaJq9pDYs\/mqdefault.jpg","large_image_url":"https:\/\/img.youtube.com\/vi\/gcwaJq9pDYs\/hqdefault.jpg","maximum_image_url":"https:\/\/img.youtube.com\/vi\/gcwaJq9pDYs\/maxresdefault.jpg"}},"approved":true,"titles":[{"type":"Default","title":"Chio-chan no Tsuugakuro"},{"type":"Japanese","title":"\u3061\u304a\u3061\u3083\u3093\u306e\u901a\u5b66\u8def"},{"type":"English","title":"Chio's School Road"},{"type":"German","title":"Chio's School Road"},{"type":"Spanish","title":"Chio's School Road"},{"type":"French","title":"Chio's School Road"}],"title":"Chio-chan no Tsuugakuro","title_english":"Chio's School Road","title_japanese":"\u3061\u304a\u3061\u3083\u3093\u306e\u901a\u5b66\u8def","title_synonyms":[],"type":"TV","source":"Manga","episodes":12,"status":"Finished Airing","airing":false,"aired":{"from":"2018-07-06T00:00:00+00:00","to":"2018-09-21T00:00:00+00:00","prop":{"from":{"day":6,"month":7,"year":2018},"to":{"day":21,"month":9,"year":2018}},"string":"Jul 6, 2018 to Sep 21, 2018"},"duration":"23 min per ep","rating":"PG-13 - Teens 13 or older","score":7.45,"scored_by":51150,"rank":1955,"popularity":1778,"members":117852,"favorites":399,"synopsis":"For the average Japanese high school student, walking to school can be a chore, but for first-year Chio Miyamo, it's always an adventure. Constantly running late due to her long night sessions playing video games, she is forced to come up with new routes to make it to Samejima Private Academy on time. \n\nOn her many bizarre journeys to school, Chio contends with obstacles like street-blocking detours, overzealous kabaddi players, and befuddled motorcycle gang leaders. But these minor hindrances are no match for the special ops training that Chio, AKA the legendary assassin \"Bloody Butterfly,\" has received from her extensive gaming obsession. Together with her best friends Manana Nonomura and Yuki Hosokawa, Chio will do whatever it takes to avoid her school's harsh penalties for tardiness.\n\n[Written by MAL Rewrite]","background":null,"season":"summer","year":2018,"broadcast":{"day":"Fridays","time":"22:00","timezone":"Asia\/Tokyo","string":"Fridays at 22:00 (JST)"},"producers":[],"licensors":[{"mal_id":102,"type":"anime","name":"Funimation","url":"https:\/\/myanimelist.net\/anime\/producer\/102\/Funimation"}],"studios":[{"mal_id":51,"type":"anime","name":"Diomed\u00e9a","url":"https:\/\/myanimelist.net\/anime\/producer\/51\/Diomed%C3%A9a"}],"genres":[{"mal_id":4,"type":"anime","name":"Comedy","url":"https:\/\/myanimelist.net\/anime\/genre\/4\/Comedy"}],"explicit_genres":[],"themes":[],"demographics":[{"mal_id":42,"type":"anime","name":"Seinen","url":"https:\/\/myanimelist.net\/anime\/genre\/42\/Seinen"}],"relations":[{"relation":"Adaptation","entry":[{"mal_id":83657,"type":"manga","name":"Chio-chan no Tsuugakuro","url":"https:\/\/myanimelist.net\/manga\/83657\/Chio-chan_no_Tsuugakuro"}]}],"theme":{"openings":["\"Danger in my Tsuugakuro (Danger in my \u901a\u5b66\u8def)\" by Chio Miyamo (CV: Naomi Oozora), Manana Nonomura (CV: Chiaki Omigawa), and Yuki Hosokawa (CV: Kaede Hondo)"],"endings":["\"Nanairoad (\u30ca\u30ca\u30a4\u30ed\u30fc\u30c9)\" by Chio Miyamo (CV: Naomi Oozora) and Manana Nonomura (CV: Chiaki Omigawa)"]},"external":[{"name":"Official Site","url":"http:\/\/chiochan.jp\/"},{"name":"AniDB","url":"https:\/\/anidb.net\/perl-bin\/animedb.pl?show=anime&aid=13250"},{"name":"ANN","url":"https:\/\/www.animenewsnetwork.com\/encyclopedia\/anime.php?id=20512"},{"name":"Wikipedia","url":"https:\/\/en.wikipedia.org\/wiki\/Chio%27s_School_Road"}],"streaming":[{"name":"Crunchyroll","url":"http:\/\/www.crunchyroll.com\/series-276744"},{"name":"Funimation","url":"https:\/\/www.funimation.com\/shows\/chios-school-road"}]}}