{"data":{"mal_id":35848,"url":"https:\/\/myanimelist.net\/anime\/35848\/Promare","images":{"jpg":{"image_url":"https:\/\/cdn.myanimelist.net\/images\/anime\/1008\/101845.jpg","small_image_url":"https:\/\/cdn.myanimelist.net\/images\/anime\/1008\/101845t.jpg","large_image_url":"https:\/\/cdn.myanimelist.net\/images\/anime\/1008\/101845l.jpg"},"webp":{"image_url":"https:\/\/cdn.myanimelist.net\/images\/anime\/1008\/101845.webp","small_image_url":"https:\/\/cdn.myanimelist.net\/images\/anime\/1008\/101845t.webp","large_image_url":"https:\/\/cdn.myanimelist.net\/images\/anime\/1008\/101845l.webp"}},"trailer":{"youtube_id":"2supSiC27XU","url":"https:\/\/www.youtube.com\/watch?v=2supSiC27XU","embed_url":"https:\/\/www.youtube.com\/embed\/2supSiC27XU?enablejsapi=1&wmode=opaque&autoplay=1","images":{"image_url":"https:\/\/img.youtube.com\/vi\/2supSiC27XU\/default.jpg","small_image_url":"https:\/\/img.youtube.com\/vi\/2supSiC27XU\/sddefault.jpg","medium_image_url":"https:\/\/img.youtube.com\/vi\/2supSiC27XU\/mqdefault.jpg","large_image_url":"https:\/\/img.youtube.com\/vi\/2supSiC27XU\/hqdefault.jpg","maximum_image_url":"https:\/\/img.youtube.com\/vi\/2supSiC27XU\/maxresdefault.jpg"}},"approved":true,"titles":[{"type":"Default","title":"Promare"},{"type":"Japanese","title":"PROMARE\uff08\u30d7\u30ed\u30e1\u30a2\uff09"},{"type":"English","title":"Promare"}],"title":"Promare","title_english":"Promare","title_japanese":"PROMARE\uff08\u30d7\u30ed\u30e1\u30a2\uff09","title_synonyms":[],"type":"Movie","source":"Original","episodes":1,"status":"Finished Airing","airing":false,"aired":{"from":"2019-05-24T00:00:00+00:00","to":null,"prop":{"from":{"day":24,"month":5,"year":2019},"to":{"day":null,"month":null,"year":null}},"string":"May 24, 2019"},"duration":"1 hr 51 min","rating":"PG-13 - Teens 13 or older","score":7.92,"scored_by":133698,"rank":732,"popularity":851,"members":272530,"favorites":3287,"synopsis":"Thirty years ago, a new race of flame-wielding mutants suddenly appeared, destroying a large portion of humanity. These so-called \u201cBurnish\u201d have continued to appear at random, leaving a trail of death and destruction in their wake.\n\nThe autonomous republic of Promepolis is a thriving nation thanks to the incredible efforts of their leader, Kray Foresight, against the Burnish. A team of firefighters known as the Burning Rescue is tasked with stopping these horrifying monsters, using the most performant technology available thanks to their incredible mechanic Lucia Fex. Galo Thymos is an energetic young man, who considers Foresight his hero for saving his life and is the rescue team's most recent recruit. \n\nA terrorist group calling themselves Mad Burnish has been causing havoc all over the nation. After an encounter with Mad Burnish leader Lio Fotia, Galo sets out on his fated journey to find the truth about these mutants, ultimately leading him to question everything he previously held to be true.\n\n[Written by MAL Rewrite]","background":"Promare reunites the creative team of and , specifically director Hiroyuki Imaishi and screenwriter Kazuki Nakashima. The film had been in development since 2013 and was first announced at Anime Expo in Los Angeles in 2017.","season":null,"year":null,"broadcast":{"day":null,"time":null,"timezone":null,"string":null},"producers":[{"mal_id":1143,"type":"anime","name":"TOHO animation","url":"https:\/\/myanimelist.net\/anime\/producer\/1143\/TOHO_animation"},{"mal_id":1572,"type":"anime","name":"XFLAG","url":"https:\/\/myanimelist.net\/anime\/producer\/1572\/XFLAG"}],"licensors":[{"mal_id":783,"type":"anime","name":"GKIDS","url":"https:\/\/myanimelist.net\/anime\/producer\/783\/GKIDS"}],"studios":[{"mal_id":803,"type":"anime","name":"Trigger","url":"https:\/\/myanimelist.net\/anime\/producer\/803\/Trigger"}],"genres":[{"mal_id":1,"type":"anime","name":"Action","url":"https:\/\/myanimelist.net\/anime\/genre\/1\/Action"},{"mal_id":24,"type":"anime","name":"Sci-Fi","url":"https:\/\/myanimelist.net\/anime\/genre\/24\/Sci-Fi"}],"explicit_genres":[],"themes":[{"mal_id":18,"type":"anime","name":"Mecha","url":"https:\/\/myanimelist.net\/anime\/genre\/18\/Mecha"},{"mal_id":31,"type":"anime","name":"Super Power","url":"https:\/\/myanimelist.net\/anime\/genre\/31\/Super_Power"}],"demographics":[],"relations":[{"relation":"Prequel","entry":[{"mal_id":39991,"type":"anime","name":"Promare: Galo-hen","url":"https:\/\/myanimelist.net\/anime\/39991\/Promare__Galo-hen"},{"mal_id":40313,"type":"anime","name":"Promare: Lio-hen","url":"https:\/\/myanimelist.net\/anime\/40313\/Promare__Lio-hen"}]}],"theme":{"openings":[],"endings":["1: \"Kakusei (\u899a\u9192)\" by Superfly","2: \"Koori ni Tojikomete (\u6c37\u306b\u9589\u3058\u8fbc\u3081\u3066)\" by Superfly"]},"external":[{"name":"Official Site","url":"http:\/\/promare-movie.com\/"},{"name":"AniDB","url":"https:\/\/anidb.net\/perl-bin\/animedb.pl?show=anime&aid=13261"},{"name":"ANN","url":"https:\/\/www.animenewsnetwork.com\/encyclopedia\/anime.php?id=21767"},{"name":"Wikipedia","url":"https:\/\/en.wikipedia.org\/wiki\/Promare"}],"streaming":[{"name":"Crunchyroll","url":"http:\/\/www.crunchyroll.com\/series-281700"},{"name":"Netflix","url":"https:\/\/www.netflix.com\/"}]}}