{"data":{"mal_id":3588,"url":"https:\/\/myanimelist.net\/anime\/3588\/Soul_Eater","images":{"jpg":{"image_url":"https:\/\/cdn.myanimelist.net\/images\/anime\/9\/7804.jpg","small_image_url":"https:\/\/cdn.myanimelist.net\/images\/anime\/9\/7804t.jpg","large_image_url":"https:\/\/cdn.myanimelist.net\/images\/anime\/9\/7804l.jpg"},"webp":{"image_url":"https:\/\/cdn.myanimelist.net\/images\/anime\/9\/7804.webp","small_image_url":"https:\/\/cdn.myanimelist.net\/images\/anime\/9\/7804t.webp","large_image_url":"https:\/\/cdn.myanimelist.net\/images\/anime\/9\/7804l.webp"}},"trailer":{"youtube_id":"ZJyKOEabFdo","url":"https:\/\/www.youtube.com\/watch?v=ZJyKOEabFdo","embed_url":"https:\/\/www.youtube.com\/embed\/ZJyKOEabFdo?enablejsapi=1&wmode=opaque&autoplay=1","images":{"image_url":"https:\/\/img.youtube.com\/vi\/ZJyKOEabFdo\/default.jpg","small_image_url":"https:\/\/img.youtube.com\/vi\/ZJyKOEabFdo\/sddefault.jpg","medium_image_url":"https:\/\/img.youtube.com\/vi\/ZJyKOEabFdo\/mqdefault.jpg","large_image_url":"https:\/\/img.youtube.com\/vi\/ZJyKOEabFdo\/hqdefault.jpg","maximum_image_url":"https:\/\/img.youtube.com\/vi\/ZJyKOEabFdo\/maxresdefault.jpg"}},"approved":true,"titles":[{"type":"Default","title":"Soul Eater"},{"type":"Japanese","title":"\u30bd\u30a6\u30eb\u30a4\u30fc\u30bf\u30fc"},{"type":"English","title":"Soul Eater"}],"title":"Soul Eater","title_english":"Soul Eater","title_japanese":"\u30bd\u30a6\u30eb\u30a4\u30fc\u30bf\u30fc","title_synonyms":[],"type":"TV","source":"Manga","episodes":51,"status":"Finished Airing","airing":false,"aired":{"from":"2008-04-07T00:00:00+00:00","to":"2009-03-30T00:00:00+00:00","prop":{"from":{"day":7,"month":4,"year":2008},"to":{"day":30,"month":3,"year":2009}},"string":"Apr 7, 2008 to Mar 30, 2009"},"duration":"23 min per ep","rating":"PG-13 - Teens 13 or older","score":7.84,"scored_by":830183,"rank":876,"popularity":63,"members":1592229,"favorites":26750,"synopsis":"Death City is home to the famous Death Weapon Meister Academy, a technical academy headed by the Shinigami\u2014Lord Death himself. Its mission: to raise \"Death Scythes\" for the Shinigami to wield against the many evils of their fantastical world. These Death Scythes, however, are not made from physical weapons; rather, they are born from human hybrids who have the ability to transform their bodies into Demon Weapons, and only after they have consumed the souls of 99 evil beings and one witch's soul.\n\nSoul Eater Evans, a Demon Scythe who only seems to care about what's cool, aims to become a Death Scythe with the help of his straight-laced wielder, or meister, Maka Albarn. The contrasting duo work and study alongside the hot headed Black\u2606Star and his caring weapon Tsubaki, as well as the Shinigami's own son, Death the Kid, an obsessive-compulsive dual wielder of twin pistols Patty and Liz.\n\nSoul Eater follows these students of Shibusen as they take on missions to collect souls and protect the city from the world's threats while working together under the snickering sun to become sounder in mind, body, and soul.\n\n[Written by MAL Rewrite]","background":null,"season":"spring","year":2008,"broadcast":{"day":"Mondays","time":"18:00","timezone":"Asia\/Tokyo","string":"Mondays at 18:00 (JST)"},"producers":[{"mal_id":16,"type":"anime","name":"TV Tokyo","url":"https:\/\/myanimelist.net\/anime\/producer\/16\/TV_Tokyo"},{"mal_id":17,"type":"anime","name":"Aniplex","url":"https:\/\/myanimelist.net\/anime\/producer\/17\/Aniplex"},{"mal_id":53,"type":"anime","name":"Dentsu","url":"https:\/\/myanimelist.net\/anime\/producer\/53\/Dentsu"},{"mal_id":108,"type":"anime","name":"Media Factory","url":"https:\/\/myanimelist.net\/anime\/producer\/108\/Media_Factory"}],"licensors":[{"mal_id":102,"type":"anime","name":"Funimation","url":"https:\/\/myanimelist.net\/anime\/producer\/102\/Funimation"}],"studios":[{"mal_id":4,"type":"anime","name":"Bones","url":"https:\/\/myanimelist.net\/anime\/producer\/4\/Bones"}],"genres":[{"mal_id":1,"type":"anime","name":"Action","url":"https:\/\/myanimelist.net\/anime\/genre\/1\/Action"},{"mal_id":4,"type":"anime","name":"Comedy","url":"https:\/\/myanimelist.net\/anime\/genre\/4\/Comedy"},{"mal_id":10,"type":"anime","name":"Fantasy","url":"https:\/\/myanimelist.net\/anime\/genre\/10\/Fantasy"}],"explicit_genres":[],"themes":[{"mal_id":23,"type":"anime","name":"School","url":"https:\/\/myanimelist.net\/anime\/genre\/23\/School"}],"demographics":[{"mal_id":27,"type":"anime","name":"Shounen","url":"https:\/\/myanimelist.net\/anime\/genre\/27\/Shounen"}],"relations":[{"relation":"Adaptation","entry":[{"mal_id":908,"type":"manga","name":"Soul Eater","url":"https:\/\/myanimelist.net\/manga\/908\/Soul_Eater"},{"mal_id":158003,"type":"manga","name":"","url":"https:\/\/myanimelist.net\/manga\/158003\/-"}]},{"relation":"Summary","entry":[{"mal_id":21195,"type":"anime","name":"Soul Eater: Late Night Show","url":"https:\/\/myanimelist.net\/anime\/21195\/Soul_Eater__Late_Night_Show"}]},{"relation":"Spin-off","entry":[{"mal_id":21507,"type":"anime","name":"Soul Eater NOT!","url":"https:\/\/myanimelist.net\/anime\/21507\/Soul_Eater_NOT"}]}],"theme":{"openings":["\"Counter Identity\" by UNISON SQUARE GARDEN (eps 1-13)","\"Ai ga Hoshii yo\" by Shion Tsuji (eps 14-)","1: \"Resonance\" by T.M.Revolution (eps 1-30)","2: \"PAPERMOON\" by Tommy heavenly6 (eps 31-50)"],"endings":["\"Ao no Kaori\" by Yui Makino (eps 1-13)","\"Northern Lights\" by How Merry Marry (eps 14-)","1: \"I Wanna Be\" by STANCE PUNKS (eps 1-13, 51)","2: \"Style\" by Kana Nishino (eps 14-26)","3: \"Bakusou Yumeuta\" by Diggy-MO' (eps 27-39)","4: \"Strength\" by abingdon boys school (eps 40-50)"]},"external":[{"name":"Official Site","url":"http:\/\/mediafactory.co.jp\/anime\/souleater\/"},{"name":"AniDB","url":"https:\/\/anidb.net\/perl-bin\/animedb.pl?show=anime&aid=5610"},{"name":"ANN","url":"https:\/\/www.animenewsnetwork.com\/encyclopedia\/anime.php?id=9070"},{"name":"Wikipedia","url":"https:\/\/en.wikipedia.org\/wiki\/Soul_Eater_%28manga%29"}],"streaming":[{"name":"Crunchyroll","url":"http:\/\/www.crunchyroll.com\/series-273509"},{"name":"Funimation","url":"https:\/\/www.funimation.com\/shows\/soul-eater"}]}}