{"data":{"mal_id":3604,"url":"https:\/\/myanimelist.net\/anime\/3604\/Hidamari_Sketch_x_365","images":{"jpg":{"image_url":"https:\/\/cdn.myanimelist.net\/images\/anime\/1571\/134092.jpg","small_image_url":"https:\/\/cdn.myanimelist.net\/images\/anime\/1571\/134092t.jpg","large_image_url":"https:\/\/cdn.myanimelist.net\/images\/anime\/1571\/134092l.jpg"},"webp":{"image_url":"https:\/\/cdn.myanimelist.net\/images\/anime\/1571\/134092.webp","small_image_url":"https:\/\/cdn.myanimelist.net\/images\/anime\/1571\/134092t.webp","large_image_url":"https:\/\/cdn.myanimelist.net\/images\/anime\/1571\/134092l.webp"}},"trailer":{"youtube_id":null,"url":null,"embed_url":null,"images":{"image_url":null,"small_image_url":null,"medium_image_url":null,"large_image_url":null,"maximum_image_url":null}},"approved":true,"titles":[{"type":"Default","title":"Hidamari Sketch x 365"},{"type":"Synonym","title":"Hidamari Sketch 2nd Season"},{"type":"Japanese","title":"\u3072\u3060\u307e\u308a\u30b9\u30b1\u30c3\u30c1\u00d7365"},{"type":"English","title":"Hidamari Sketch x 365"}],"title":"Hidamari Sketch x 365","title_english":"Hidamari Sketch x 365","title_japanese":"\u3072\u3060\u307e\u308a\u30b9\u30b1\u30c3\u30c1\u00d7365","title_synonyms":["Hidamari Sketch 2nd Season"],"type":"TV","source":"4-koma manga","episodes":13,"status":"Finished Airing","airing":false,"aired":{"from":"2008-07-04T00:00:00+00:00","to":"2008-09-26T00:00:00+00:00","prop":{"from":{"day":4,"month":7,"year":2008},"to":{"day":26,"month":9,"year":2008}},"string":"Jul 4, 2008 to Sep 26, 2008"},"duration":"24 min per ep","rating":"PG-13 - Teens 13 or older","score":7.83,"scored_by":15739,"rank":897,"popularity":3818,"members":31765,"favorites":172,"synopsis":"After passing her entrance exam, Yuno enrolls at Yamabuki High School as part of an art degree. She stays at the Hidamari Apartments along with best friend Miyako, and seniors Hiro and Sae. Each episode follows a day in her life as she mingles with her friends, close peers, overly hyper teachers and closely follows the mundane lives of the high school girls.\n\n(Source: ANN)","background":null,"season":"summer","year":2008,"broadcast":{"day":"Fridays","time":"01:25","timezone":"Asia\/Tokyo","string":"Fridays at 01:25 (JST)"},"producers":[{"mal_id":17,"type":"anime","name":"Aniplex","url":"https:\/\/myanimelist.net\/anime\/producer\/17\/Aniplex"},{"mal_id":104,"type":"anime","name":"Lantis","url":"https:\/\/myanimelist.net\/anime\/producer\/104\/Lantis"},{"mal_id":145,"type":"anime","name":"TBS","url":"https:\/\/myanimelist.net\/anime\/producer\/145\/TBS"},{"mal_id":166,"type":"anime","name":"Movic","url":"https:\/\/myanimelist.net\/anime\/producer\/166\/Movic"},{"mal_id":797,"type":"anime","name":"Houbunsha","url":"https:\/\/myanimelist.net\/anime\/producer\/797\/Houbunsha"}],"licensors":[{"mal_id":376,"type":"anime","name":"Sentai Filmworks","url":"https:\/\/myanimelist.net\/anime\/producer\/376\/Sentai_Filmworks"}],"studios":[{"mal_id":44,"type":"anime","name":"Shaft","url":"https:\/\/myanimelist.net\/anime\/producer\/44\/Shaft"}],"genres":[{"mal_id":36,"type":"anime","name":"Slice of Life","url":"https:\/\/myanimelist.net\/anime\/genre\/36\/Slice_of_Life"}],"explicit_genres":[],"themes":[{"mal_id":52,"type":"anime","name":"CGDCT","url":"https:\/\/myanimelist.net\/anime\/genre\/52\/CGDCT"},{"mal_id":63,"type":"anime","name":"Iyashikei","url":"https:\/\/myanimelist.net\/anime\/genre\/63\/Iyashikei"},{"mal_id":23,"type":"anime","name":"School","url":"https:\/\/myanimelist.net\/anime\/genre\/23\/School"},{"mal_id":80,"type":"anime","name":"Visual Arts","url":"https:\/\/myanimelist.net\/anime\/genre\/80\/Visual_Arts"}],"demographics":[],"relations":[{"relation":"Adaptation","entry":[{"mal_id":1362,"type":"manga","name":"Hidamari Sketch","url":"https:\/\/myanimelist.net\/manga\/1362\/Hidamari_Sketch"}]},{"relation":"Prequel","entry":[{"mal_id":3165,"type":"anime","name":"Hidamari Sketch Specials","url":"https:\/\/myanimelist.net\/anime\/3165\/Hidamari_Sketch_Specials"}]},{"relation":"Sequel","entry":[{"mal_id":6984,"type":"anime","name":"Hidamari Sketch x 365 Specials","url":"https:\/\/myanimelist.net\/anime\/6984\/Hidamari_Sketch_x_365_Specials"}]},{"relation":"Other","entry":[{"mal_id":20391,"type":"anime","name":"Hidamari Sketch: Chou Hidamatsuri Special","url":"https:\/\/myanimelist.net\/anime\/20391\/Hidamari_Sketch__Chou_Hidamatsuri_Special"}]},{"relation":"Summary","entry":[{"mal_id":28913,"type":"anime","name":"Hidamari Sketch x 365 Recap","url":"https:\/\/myanimelist.net\/anime\/28913\/Hidamari_Sketch_x_365_Recap"}]}],"theme":{"openings":["\"Hatena de Wasshoi\" by Kana Asumi, Kaori Mizuhashi, Ryoko Shintani & Yuko Goto"],"endings":["\"Ryuusei Record\" by marble"]},"external":[{"name":"Official Site","url":"http:\/\/www.tbs.co.jp\/anime\/hidamari\/2nd\/"},{"name":"AniDB","url":"https:\/\/anidb.net\/perl-bin\/animedb.pl?show=anime&aid=5571"},{"name":"ANN","url":"https:\/\/www.animenewsnetwork.com\/encyclopedia\/anime.php?id=8989"},{"name":"Wikipedia","url":"https:\/\/en.wikipedia.org\/wiki\/Hidamari_Sketch#Anime"}],"streaming":[{"name":"HIDIVE","url":"https:\/\/www.hidive.com\/tv\/hidamari-sketch-x-365"}]}}