{"data":{"mal_id":36106,"url":"https:\/\/myanimelist.net\/anime\/36106\/Shingeki_no_Kyojin__Lost_Girls","images":{"jpg":{"image_url":"https:\/\/cdn.myanimelist.net\/images\/anime\/3\/89417.jpg","small_image_url":"https:\/\/cdn.myanimelist.net\/images\/anime\/3\/89417t.jpg","large_image_url":"https:\/\/cdn.myanimelist.net\/images\/anime\/3\/89417l.jpg"},"webp":{"image_url":"https:\/\/cdn.myanimelist.net\/images\/anime\/3\/89417.webp","small_image_url":"https:\/\/cdn.myanimelist.net\/images\/anime\/3\/89417t.webp","large_image_url":"https:\/\/cdn.myanimelist.net\/images\/anime\/3\/89417l.webp"}},"trailer":{"youtube_id":"teowljRFReo","url":"https:\/\/www.youtube.com\/watch?v=teowljRFReo","embed_url":"https:\/\/www.youtube.com\/embed\/teowljRFReo?enablejsapi=1&wmode=opaque&autoplay=1","images":{"image_url":"https:\/\/img.youtube.com\/vi\/teowljRFReo\/default.jpg","small_image_url":"https:\/\/img.youtube.com\/vi\/teowljRFReo\/sddefault.jpg","medium_image_url":"https:\/\/img.youtube.com\/vi\/teowljRFReo\/mqdefault.jpg","large_image_url":"https:\/\/img.youtube.com\/vi\/teowljRFReo\/hqdefault.jpg","maximum_image_url":"https:\/\/img.youtube.com\/vi\/teowljRFReo\/maxresdefault.jpg"}},"approved":true,"titles":[{"type":"Default","title":"Shingeki no Kyojin: Lost Girls"},{"type":"Japanese","title":"\u9032\u6483\u306e\u5de8\u4eba LOST GIRLS"},{"type":"English","title":"Attack on Titan: Lost Girls"}],"title":"Shingeki no Kyojin: Lost Girls","title_english":"Attack on Titan: Lost Girls","title_japanese":"\u9032\u6483\u306e\u5de8\u4eba LOST GIRLS","title_synonyms":[],"type":"OVA","source":"Novel","episodes":3,"status":"Finished Airing","airing":false,"aired":{"from":"2017-12-08T00:00:00+00:00","to":"2018-08-09T00:00:00+00:00","prop":{"from":{"day":8,"month":12,"year":2017},"to":{"day":9,"month":8,"year":2018}},"string":"Dec 8, 2017 to Aug 9, 2018"},"duration":"25 min per ep","rating":"R - 17+ (violence & profanity)","score":7.81,"scored_by":152920,"rank":942,"popularity":769,"members":298704,"favorites":559,"synopsis":"Wall Sina, Goodbye\nAnnie Leonhart has a job to do\u2014and a resulting absence that must stay off her record at all costs. With no one else to turn to, she asks her comrade Hitch Dreyse to cover for her. She agrees but puts forward a single condition: Annie must solve the fruitless missing person case Hitch was assigned. The case revolves around Carly Stratmann, a university graduate and the daughter of wealthy businessman Elliot Stratmann. With only a single day to solve the case and the underground of the Stohess District crawling with thugs, Annie must put her all into finding this girl. Yet, every answer she uncovers only leads to further questions\u2014how has the illegal drug coderoin found its way to Stohess, what is Elliot hiding, and where has Carly disappeared to?\n\nLost in the Cruel World\nWith worry for Eren Yeager gripping her heart, Mikasa Ackerman begins to remember. She remembers her conversations with Armin Arlert, her concern for her friends, and most painfully, the time she had almost lost everything. As fear takes control, she begins to experience an alternate version of her past\u2014some things can be changed, but are there events so inescapable that she cannot even prevent them in her dreams?\n\n[Written by MAL Rewrite]","background":"Shingeki no Kyojin: Lost Girls is an original anime DVD adaptation of Hiroshi Seko's spinoff novel of the same name. The novel is based on Hajime Isayama's manga series Shingeki no Kyojin. The DVDs were bundled with the 24th, 25th, and 26th limited edition volumes of the manga.","season":null,"year":null,"broadcast":{"day":null,"time":null,"timezone":null,"string":null},"producers":[{"mal_id":10,"type":"anime","name":"Production I.G","url":"https:\/\/myanimelist.net\/anime\/producer\/10\/Production_IG"},{"mal_id":53,"type":"anime","name":"Dentsu","url":"https:\/\/myanimelist.net\/anime\/producer\/53\/Dentsu"},{"mal_id":143,"type":"anime","name":"Mainichi Broadcasting System","url":"https:\/\/myanimelist.net\/anime\/producer\/143\/Mainichi_Broadcasting_System"},{"mal_id":144,"type":"anime","name":"Pony Canyon","url":"https:\/\/myanimelist.net\/anime\/producer\/144\/Pony_Canyon"},{"mal_id":159,"type":"anime","name":"Kodansha","url":"https:\/\/myanimelist.net\/anime\/producer\/159\/Kodansha"},{"mal_id":1557,"type":"anime","name":"Pony Canyon Enterprises","url":"https:\/\/myanimelist.net\/anime\/producer\/1557\/Pony_Canyon_Enterprises"}],"licensors":[],"studios":[{"mal_id":858,"type":"anime","name":"Wit Studio","url":"https:\/\/myanimelist.net\/anime\/producer\/858\/Wit_Studio"}],"genres":[{"mal_id":1,"type":"anime","name":"Action","url":"https:\/\/myanimelist.net\/anime\/genre\/1\/Action"},{"mal_id":8,"type":"anime","name":"Drama","url":"https:\/\/myanimelist.net\/anime\/genre\/8\/Drama"}],"explicit_genres":[],"themes":[],"demographics":[],"relations":[{"relation":"Adaptation","entry":[{"mal_id":82799,"type":"manga","name":"Shingeki no Kyojin: Lost Girls","url":"https:\/\/myanimelist.net\/manga\/82799\/Shingeki_no_Kyojin__Lost_Girls"}]},{"relation":"Parent story","entry":[{"mal_id":16498,"type":"anime","name":"Shingeki no Kyojin","url":"https:\/\/myanimelist.net\/anime\/16498\/Shingeki_no_Kyojin"}]}],"theme":{"openings":[],"endings":["1: \"Call your name \" by Gemie (eps 1,2)","2: \"Utsukushiki Zankoku na Sekai (\u7f8e\u3057\u304d\u6b8b\u9177\u306a\u4e16\u754c)\" by Yoko Hikasa (eps 3)"]},"external":[{"name":"AniDB","url":"https:\/\/anidb.net\/perl-bin\/animedb.pl?show=anime&aid=9826"},{"name":"ANN","url":"https:\/\/www.animenewsnetwork.com\/encyclopedia\/anime.php?id=20810"},{"name":"Wikipedia","url":"https:\/\/en.wikipedia.org\/wiki\/Attack_on_Titan:_Lost_Girls"}],"streaming":[{"name":"Crunchyroll","url":"http:\/\/www.crunchyroll.com\/series-254209"}]}}