{"data":{"mal_id":36160,"url":"https:\/\/myanimelist.net\/anime\/36160\/Yaoguai_Mingdan_2nd_Season","images":{"jpg":{"image_url":"https:\/\/cdn.myanimelist.net\/images\/anime\/1278\/108493.jpg","small_image_url":"https:\/\/cdn.myanimelist.net\/images\/anime\/1278\/108493t.jpg","large_image_url":"https:\/\/cdn.myanimelist.net\/images\/anime\/1278\/108493l.jpg"},"webp":{"image_url":"https:\/\/cdn.myanimelist.net\/images\/anime\/1278\/108493.webp","small_image_url":"https:\/\/cdn.myanimelist.net\/images\/anime\/1278\/108493t.webp","large_image_url":"https:\/\/cdn.myanimelist.net\/images\/anime\/1278\/108493l.webp"}},"trailer":{"youtube_id":null,"url":null,"embed_url":null,"images":{"image_url":null,"small_image_url":null,"medium_image_url":null,"large_image_url":null,"maximum_image_url":null}},"approved":true,"titles":[{"type":"Default","title":"Yaoguai Mingdan 2nd Season"},{"type":"Synonym","title":"Monster List Season 2"},{"type":"Japanese","title":"\u5996\u602a\u540d\u5355\u7b2c2\u5b63"}],"title":"Yaoguai Mingdan 2nd Season","title_english":null,"title_japanese":"\u5996\u602a\u540d\u5355\u7b2c2\u5b63","title_synonyms":["Monster List Season 2"],"type":"ONA","source":"Web manga","episodes":21,"status":"Finished Airing","airing":false,"aired":{"from":"2017-08-03T00:00:00+00:00","to":"2017-12-28T00:00:00+00:00","prop":{"from":{"day":3,"month":8,"year":2017},"to":{"day":28,"month":12,"year":2017}},"string":"Aug 3, 2017 to Dec 28, 2017"},"duration":"16 min per ep","rating":"R - 17+ (violence & profanity)","score":7.41,"scored_by":2350,"rank":2116,"popularity":6450,"members":9090,"favorites":21,"synopsis":null,"background":null,"season":null,"year":null,"broadcast":{"day":null,"time":null,"timezone":null,"string":null},"producers":[{"mal_id":1349,"type":"anime","name":"Tencent Animation & Comics","url":"https:\/\/myanimelist.net\/anime\/producer\/1349\/Tencent_Animation___Comics"}],"licensors":[],"studios":[{"mal_id":1325,"type":"anime","name":"Haoliners Animation League","url":"https:\/\/myanimelist.net\/anime\/producer\/1325\/Haoliners_Animation_League"}],"genres":[{"mal_id":1,"type":"anime","name":"Action","url":"https:\/\/myanimelist.net\/anime\/genre\/1\/Action"},{"mal_id":4,"type":"anime","name":"Comedy","url":"https:\/\/myanimelist.net\/anime\/genre\/4\/Comedy"},{"mal_id":10,"type":"anime","name":"Fantasy","url":"https:\/\/myanimelist.net\/anime\/genre\/10\/Fantasy"},{"mal_id":22,"type":"anime","name":"Romance","url":"https:\/\/myanimelist.net\/anime\/genre\/22\/Romance"}],"explicit_genres":[],"themes":[],"demographics":[],"relations":[{"relation":"Adaptation","entry":[{"mal_id":112271,"type":"manga","name":"Yaoguai Mingdan","url":"https:\/\/myanimelist.net\/manga\/112271\/Yaoguai_Mingdan"}]},{"relation":"Prequel","entry":[{"mal_id":29089,"type":"anime","name":"Yaoguai Mingdan","url":"https:\/\/myanimelist.net\/anime\/29089\/Yaoguai_Mingdan"}]}],"theme":{"openings":["\"Ci Shi Ci Shi Yu Ni (\u6b64\u65f6\u6b64\u4e16\u4e0e\u4f60)\" by Da Su (\u5927\u9165)"],"endings":["\"Yuan Xing (\u8fdc\u884c)\" by Zhang Qian (\u5f20\u8fc1)"]},"external":[{"name":"bilibili","url":"https:\/\/www.bilibili.com\/bangumi\/media\/md5857"},{"name":"Wikipedia","url":"https:\/\/zh.wikipedia.org\/wiki\/%E5%A6%96%E6%80%AA%E5%90%8D%E5%8D%95"}],"streaming":[]}}