{"data":{"mal_id":36369,"url":"https:\/\/myanimelist.net\/anime\/36369\/Ginga_Eiyuu_Densetsu__Die_Neue_These_-_Seiran_1","images":{"jpg":{"image_url":"https:\/\/cdn.myanimelist.net\/images\/anime\/1772\/102667.jpg","small_image_url":"https:\/\/cdn.myanimelist.net\/images\/anime\/1772\/102667t.jpg","large_image_url":"https:\/\/cdn.myanimelist.net\/images\/anime\/1772\/102667l.jpg"},"webp":{"image_url":"https:\/\/cdn.myanimelist.net\/images\/anime\/1772\/102667.webp","small_image_url":"https:\/\/cdn.myanimelist.net\/images\/anime\/1772\/102667t.webp","large_image_url":"https:\/\/cdn.myanimelist.net\/images\/anime\/1772\/102667l.webp"}},"trailer":{"youtube_id":"CeKT-LytxVQ","url":"https:\/\/www.youtube.com\/watch?v=CeKT-LytxVQ","embed_url":"https:\/\/www.youtube.com\/embed\/CeKT-LytxVQ?enablejsapi=1&wmode=opaque&autoplay=1","images":{"image_url":"https:\/\/img.youtube.com\/vi\/CeKT-LytxVQ\/default.jpg","small_image_url":"https:\/\/img.youtube.com\/vi\/CeKT-LytxVQ\/sddefault.jpg","medium_image_url":"https:\/\/img.youtube.com\/vi\/CeKT-LytxVQ\/mqdefault.jpg","large_image_url":"https:\/\/img.youtube.com\/vi\/CeKT-LytxVQ\/hqdefault.jpg","maximum_image_url":"https:\/\/img.youtube.com\/vi\/CeKT-LytxVQ\/maxresdefault.jpg"}},"approved":true,"titles":[{"type":"Default","title":"Ginga Eiyuu Densetsu: Die Neue These - Seiran 1"},{"type":"Synonym","title":"Ginga Eiyuu Densetsu: Die Neue These 2nd Season"},{"type":"Japanese","title":"\u9280\u6cb3\u82f1\u96c4\u4f1d\u8aac Die Neue These \u661f\u4e71"},{"type":"English","title":"Legend of the Galactic Heroes: The New Thesis - Stellar War Part 1"},{"type":"German","title":"Legend of the Galactic Heroes: Die Neue These"},{"type":"Spanish","title":"La Leyenda de los H\u00e9roes de la Galaxia: La Nueva Tesis. Stellar War Parte 1"},{"type":"French","title":"Legend of the Galactic Heroes: Die Neue These"}],"title":"Ginga Eiyuu Densetsu: Die Neue These - Seiran 1","title_english":"Legend of the Galactic Heroes: The New Thesis - Stellar War Part 1","title_japanese":"\u9280\u6cb3\u82f1\u96c4\u4f1d\u8aac Die Neue These \u661f\u4e71","title_synonyms":["Ginga Eiyuu Densetsu: Die Neue These 2nd Season"],"type":"Movie","source":"Novel","episodes":4,"status":"Finished Airing","airing":false,"aired":{"from":"2019-09-27T00:00:00+00:00","to":null,"prop":{"from":{"day":27,"month":9,"year":2019},"to":{"day":null,"month":null,"year":null}},"string":"Sep 27, 2019"},"duration":"25 min per ep","rating":"R - 17+ (violence & profanity)","score":8.04,"scored_by":13431,"rank":557,"popularity":4028,"members":28321,"favorites":64,"synopsis":"The Free Planets Alliance's invasion of the Galactic Empire has failed after supply mismanagement led to heavy losses. Unwilling to abort the expedition despite being greatly outnumbered, Fleet Admiral Lazar Lobos orders the remaining Alliance fleets to gather in the Amritsar Starzone for a final stand against the incoming counterattack.\n\nStrategic genius Fleet Admiral Reinhard von Lohengramm leads the Imperial forces into this decisive battle with an overwhelming advantage. However, his rival, tactical magician Vice Admiral Yang Wen-li of the Alliance, once again makes up for the incompetence of his superiors and stages a narrow escape for himself and his fellow soldiers. Though both Reinhard and Yang are displeased with the outcome\u2014the former for his imperfect victory and the latter for the tremendous casualties\u2014their attention must turn to the bubbling political unrest on both sides of the galaxy.\n\n[Written by MAL Rewrite]","background":"Ginga Eiyuu Densetsu: Die Neue These - Seiran was first released in theaters in three chapters of four standard episodes each for a limited three-week screening of each part.","season":null,"year":null,"broadcast":{"day":null,"time":null,"timezone":null,"string":null},"producers":[{"mal_id":109,"type":"anime","name":"Shochiku","url":"https:\/\/myanimelist.net\/anime\/producer\/109\/Shochiku"}],"licensors":[],"studios":[{"mal_id":10,"type":"anime","name":"Production I.G","url":"https:\/\/myanimelist.net\/anime\/producer\/10\/Production_IG"}],"genres":[{"mal_id":8,"type":"anime","name":"Drama","url":"https:\/\/myanimelist.net\/anime\/genre\/8\/Drama"},{"mal_id":24,"type":"anime","name":"Sci-Fi","url":"https:\/\/myanimelist.net\/anime\/genre\/24\/Sci-Fi"}],"explicit_genres":[],"themes":[{"mal_id":50,"type":"anime","name":"Adult Cast","url":"https:\/\/myanimelist.net\/anime\/genre\/50\/Adult_Cast"},{"mal_id":38,"type":"anime","name":"Military","url":"https:\/\/myanimelist.net\/anime\/genre\/38\/Military"},{"mal_id":29,"type":"anime","name":"Space","url":"https:\/\/myanimelist.net\/anime\/genre\/29\/Space"}],"demographics":[],"relations":[{"relation":"Adaptation","entry":[{"mal_id":6978,"type":"manga","name":"Ginga Eiyuu Densetsu","url":"https:\/\/myanimelist.net\/manga\/6978\/Ginga_Eiyuu_Densetsu"}]},{"relation":"Alternative version","entry":[{"mal_id":820,"type":"anime","name":"Ginga Eiyuu Densetsu","url":"https:\/\/myanimelist.net\/anime\/820\/Ginga_Eiyuu_Densetsu"}]},{"relation":"Prequel","entry":[{"mal_id":31433,"type":"anime","name":"Ginga Eiyuu Densetsu: Die Neue These - Kaikou","url":"https:\/\/myanimelist.net\/anime\/31433\/Ginga_Eiyuu_Densetsu__Die_Neue_These_-_Kaikou"}]},{"relation":"Sequel","entry":[{"mal_id":36370,"type":"anime","name":"Ginga Eiyuu Densetsu: Die Neue These - Seiran 2","url":"https:\/\/myanimelist.net\/anime\/36370\/Ginga_Eiyuu_Densetsu__Die_Neue_These_-_Seiran_2"}]}],"theme":{"openings":["\"Binary Star\" by SawanoHiroyuki[nZk]:Uru","\"CRY\" by SawanoHiroyuki[nZk]:mizuki"],"endings":["\"Hikari no Hoshi\" by ELISA","\"Tranquility\" by SawanoHiroyuki[nZk]:Anly"]},"external":[{"name":"Official Site","url":"http:\/\/www.gineiden-anime.com\/"},{"name":"AniDB","url":"https:\/\/anidb.net\/perl-bin\/animedb.pl?show=anime&aid=13473"},{"name":"ANN","url":"https:\/\/www.animenewsnetwork.com\/encyclopedia\/anime.php?id=20145"},{"name":"Wikipedia","url":"http:\/\/en.wikipedia.org\/wiki\/Legend_of_the_Galactic_Heroes"}],"streaming":[{"name":"Crunchyroll","url":"http:\/\/www.crunchyroll.com\/series-276011"}]}}