{"data":{"mal_id":36513,"url":"https:\/\/myanimelist.net\/anime\/36513\/Rokuhou-dou_Yotsuiro_Biyori","images":{"jpg":{"image_url":"https:\/\/cdn.myanimelist.net\/images\/anime\/1015\/90727.jpg","small_image_url":"https:\/\/cdn.myanimelist.net\/images\/anime\/1015\/90727t.jpg","large_image_url":"https:\/\/cdn.myanimelist.net\/images\/anime\/1015\/90727l.jpg"},"webp":{"image_url":"https:\/\/cdn.myanimelist.net\/images\/anime\/1015\/90727.webp","small_image_url":"https:\/\/cdn.myanimelist.net\/images\/anime\/1015\/90727t.webp","large_image_url":"https:\/\/cdn.myanimelist.net\/images\/anime\/1015\/90727l.webp"}},"trailer":{"youtube_id":"1PhxmoNP9BU","url":"https:\/\/www.youtube.com\/watch?v=1PhxmoNP9BU","embed_url":"https:\/\/www.youtube.com\/embed\/1PhxmoNP9BU?enablejsapi=1&wmode=opaque&autoplay=1","images":{"image_url":"https:\/\/img.youtube.com\/vi\/1PhxmoNP9BU\/default.jpg","small_image_url":"https:\/\/img.youtube.com\/vi\/1PhxmoNP9BU\/sddefault.jpg","medium_image_url":"https:\/\/img.youtube.com\/vi\/1PhxmoNP9BU\/mqdefault.jpg","large_image_url":"https:\/\/img.youtube.com\/vi\/1PhxmoNP9BU\/hqdefault.jpg","maximum_image_url":"https:\/\/img.youtube.com\/vi\/1PhxmoNP9BU\/maxresdefault.jpg"}},"approved":true,"titles":[{"type":"Default","title":"Rokuhou-dou Yotsuiro Biyori"},{"type":"Japanese","title":"\u9e7f\u6953\u5802\u3088\u3064\u3044\u308d\u65e5\u548c"},{"type":"English","title":"Yotsuiro Biyori"},{"type":"German","title":"Yotsuiro Biyori"},{"type":"Spanish","title":"Yotsuiro Biyori"},{"type":"French","title":"Yotsuiro Biyori"}],"title":"Rokuhou-dou Yotsuiro Biyori","title_english":"Yotsuiro Biyori","title_japanese":"\u9e7f\u6953\u5802\u3088\u3064\u3044\u308d\u65e5\u548c","title_synonyms":[],"type":"TV","source":"Manga","episodes":12,"status":"Finished Airing","airing":false,"aired":{"from":"2018-04-11T00:00:00+00:00","to":"2018-06-27T00:00:00+00:00","prop":{"from":{"day":11,"month":4,"year":2018},"to":{"day":27,"month":6,"year":2018}},"string":"Apr 11, 2018 to Jun 27, 2018"},"duration":"23 min per ep","rating":"PG-13 - Teens 13 or older","score":7.64,"scored_by":11693,"rank":1316,"popularity":3778,"members":32350,"favorites":186,"synopsis":"Kyousui \"Sui\" Tougoku inherits a traditional Japanese-style cafe called Rokuhoudou from his grandfather, which he manages alongside Gregorio \"Gure\" Valentino, Tokitaka Nagae, and Tsubaki Nakao. Their hospitality par excellence undoubtedly turns any one-time visitor into a regular. Having gone through their own share of trials and tribulations, the staff at this modest cafe do their best to serve their customers\u2014whether it be through tea, sweets, or even helping with the various troubles one may have.\n\nAlthough most days pass pleasantly, the small world of Sui and his friends takes an unexpected path when their reputation as a cafe flourishes overnight.\n\n[Written by MAL Rewrite]","background":null,"season":"spring","year":2018,"broadcast":{"day":"Wednesdays","time":"00:30","timezone":"Asia\/Tokyo","string":"Wednesdays at 00:30 (JST)"},"producers":[],"licensors":[],"studios":[{"mal_id":218,"type":"anime","name":"Zexcs","url":"https:\/\/myanimelist.net\/anime\/producer\/218\/Zexcs"}],"genres":[{"mal_id":47,"type":"anime","name":"Gourmet","url":"https:\/\/myanimelist.net\/anime\/genre\/47\/Gourmet"},{"mal_id":36,"type":"anime","name":"Slice of Life","url":"https:\/\/myanimelist.net\/anime\/genre\/36\/Slice_of_Life"}],"explicit_genres":[],"themes":[{"mal_id":50,"type":"anime","name":"Adult Cast","url":"https:\/\/myanimelist.net\/anime\/genre\/50\/Adult_Cast"},{"mal_id":63,"type":"anime","name":"Iyashikei","url":"https:\/\/myanimelist.net\/anime\/genre\/63\/Iyashikei"},{"mal_id":48,"type":"anime","name":"Workplace","url":"https:\/\/myanimelist.net\/anime\/genre\/48\/Workplace"}],"demographics":[{"mal_id":42,"type":"anime","name":"Seinen","url":"https:\/\/myanimelist.net\/anime\/genre\/42\/Seinen"}],"relations":[{"relation":"Adaptation","entry":[{"mal_id":111322,"type":"manga","name":"Rokuhou-dou Yotsuirobiyori","url":"https:\/\/myanimelist.net\/manga\/111322\/Rokuhou-dou_Yotsuirobiyori"}]}],"theme":{"openings":["\"Sakurairo Cliche (\u685c\u8272\u30af\u30ea\u30b7\u30a7)\" by aki"],"endings":["1: \"Clover\" by Coffee Creamers","2: \"Clover\" by Sui (Junichi Suwabe), Tokitaka (Yuuichi Nakamura), Gure (Daisuke Ono), Tsubaki (Daiki Yamashita) (eps 12)"]},"external":[{"name":"AniDB","url":"https:\/\/anidb.net\/perl-bin\/animedb.pl?show=anime&aid=13502"},{"name":"ANN","url":"https:\/\/www.animenewsnetwork.com\/encyclopedia\/anime.php?id=20408"},{"name":"Wikipedia","url":"https:\/\/en.wikipedia.org\/wiki\/Rokuh%C5%8Dd%C5%8D_Yotsuiro_Biyori"}],"streaming":[{"name":"Crunchyroll","url":"http:\/\/www.crunchyroll.com\/series-276063"}]}}