{"data":{"mal_id":3652,"url":"https:\/\/myanimelist.net\/anime\/3652\/Higurashi_no_Naku_Koro_ni_Rei","images":{"jpg":{"image_url":"https:\/\/cdn.myanimelist.net\/images\/anime\/4\/14113.jpg","small_image_url":"https:\/\/cdn.myanimelist.net\/images\/anime\/4\/14113t.jpg","large_image_url":"https:\/\/cdn.myanimelist.net\/images\/anime\/4\/14113l.jpg"},"webp":{"image_url":"https:\/\/cdn.myanimelist.net\/images\/anime\/4\/14113.webp","small_image_url":"https:\/\/cdn.myanimelist.net\/images\/anime\/4\/14113t.webp","large_image_url":"https:\/\/cdn.myanimelist.net\/images\/anime\/4\/14113l.webp"}},"trailer":{"youtube_id":"_34YdoPphVQ","url":"https:\/\/www.youtube.com\/watch?v=_34YdoPphVQ","embed_url":"https:\/\/www.youtube.com\/embed\/_34YdoPphVQ?enablejsapi=1&wmode=opaque&autoplay=1","images":{"image_url":"https:\/\/img.youtube.com\/vi\/_34YdoPphVQ\/default.jpg","small_image_url":"https:\/\/img.youtube.com\/vi\/_34YdoPphVQ\/sddefault.jpg","medium_image_url":"https:\/\/img.youtube.com\/vi\/_34YdoPphVQ\/mqdefault.jpg","large_image_url":"https:\/\/img.youtube.com\/vi\/_34YdoPphVQ\/hqdefault.jpg","maximum_image_url":"https:\/\/img.youtube.com\/vi\/_34YdoPphVQ\/maxresdefault.jpg"}},"approved":true,"titles":[{"type":"Default","title":"Higurashi no Naku Koro ni Rei"},{"type":"Synonym","title":"Higurashi no Naku Koro ni 3rd Season"},{"type":"Synonym","title":"Higurashi no Naku Koro ni Dai San Ki"},{"type":"Japanese","title":"\u3072\u3050\u3089\u3057\u306e\u306a\u304f\u9803\u306b\u793c"},{"type":"English","title":"Higurashi: When They Cry \u2013 Rei"}],"title":"Higurashi no Naku Koro ni Rei","title_english":"Higurashi: When They Cry \u2013 Rei","title_japanese":"\u3072\u3050\u3089\u3057\u306e\u306a\u304f\u9803\u306b\u793c","title_synonyms":["Higurashi no Naku Koro ni 3rd Season","Higurashi no Naku Koro ni Dai San Ki"],"type":"OVA","source":"Visual novel","episodes":5,"status":"Finished Airing","airing":false,"aired":{"from":"2009-02-25T00:00:00+00:00","to":"2009-08-21T00:00:00+00:00","prop":{"from":{"day":25,"month":2,"year":2009},"to":{"day":21,"month":8,"year":2009}},"string":"Feb 25, 2009 to Aug 21, 2009"},"duration":"29 min per ep","rating":"PG-13 - Teens 13 or older","score":7.41,"scored_by":102046,"rank":2133,"popularity":1192,"members":191979,"favorites":461,"synopsis":"The infamous series of unexplainable murders in Hinamizawa have been solved and the chains of fate have broken due to the efforts of Rika Furude and her friends. Rika believes she has finally obtained the normal and peaceful life she desired with her friends; however, she is proven wrong when the wheels of fate begin turning once again after an unfortunate accident.\n \nRika suddenly finds herself in a \"perfect\" world, the constant cycle of brutal killings having never taken place, where all of her friends are content and satisfied. Not wanting to abandon the world that she fought so hard for, she learns she must destroy an essential \"key\" to get back. But can Rika abandon the faultless world she is given the chance to live in, after all of her battles have brought her this far?\n\n[Written by MAL Rewrite]","background":null,"season":null,"year":null,"broadcast":{"day":null,"time":null,"timezone":null,"string":null},"producers":[{"mal_id":31,"type":"anime","name":"Geneon Universal Entertainment","url":"https:\/\/myanimelist.net\/anime\/producer\/31\/Geneon_Universal_Entertainment"},{"mal_id":61,"type":"anime","name":"Frontier Works","url":"https:\/\/myanimelist.net\/anime\/producer\/61\/Frontier_Works"},{"mal_id":64,"type":"anime","name":"Sotsu","url":"https:\/\/myanimelist.net\/anime\/producer\/64\/Sotsu"},{"mal_id":166,"type":"anime","name":"Movic","url":"https:\/\/myanimelist.net\/anime\/producer\/166\/Movic"}],"licensors":[{"mal_id":376,"type":"anime","name":"Sentai Filmworks","url":"https:\/\/myanimelist.net\/anime\/producer\/376\/Sentai_Filmworks"}],"studios":[{"mal_id":37,"type":"anime","name":"Studio Deen","url":"https:\/\/myanimelist.net\/anime\/producer\/37\/Studio_Deen"}],"genres":[{"mal_id":14,"type":"anime","name":"Horror","url":"https:\/\/myanimelist.net\/anime\/genre\/14\/Horror"},{"mal_id":7,"type":"anime","name":"Mystery","url":"https:\/\/myanimelist.net\/anime\/genre\/7\/Mystery"},{"mal_id":37,"type":"anime","name":"Supernatural","url":"https:\/\/myanimelist.net\/anime\/genre\/37\/Supernatural"}],"explicit_genres":[],"themes":[{"mal_id":58,"type":"anime","name":"Gore","url":"https:\/\/myanimelist.net\/anime\/genre\/58\/Gore"},{"mal_id":40,"type":"anime","name":"Psychological","url":"https:\/\/myanimelist.net\/anime\/genre\/40\/Psychological"}],"demographics":[],"relations":[{"relation":"Adaptation","entry":[{"mal_id":31029,"type":"manga","name":"Higurashi no Naku Koro ni Rei: Saikoroshi-hen","url":"https:\/\/myanimelist.net\/manga\/31029\/Higurashi_no_Naku_Koro_ni_Rei__Saikoroshi-hen"},{"mal_id":77583,"type":"manga","name":"Higurashi no Naku Koro ni Matsuri: Hajisarashi-hen","url":"https:\/\/myanimelist.net\/manga\/77583\/Higurashi_no_Naku_Koro_ni_Matsuri__Hajisarashi-hen"}]},{"relation":"Prequel","entry":[{"mal_id":1889,"type":"anime","name":"Higurashi no Naku Koro ni Kai","url":"https:\/\/myanimelist.net\/anime\/1889\/Higurashi_no_Naku_Koro_ni_Kai"}]},{"relation":"Sequel","entry":[{"mal_id":41006,"type":"anime","name":"Higurashi no Naku Koro ni Gou","url":"https:\/\/myanimelist.net\/anime\/41006\/Higurashi_no_Naku_Koro_ni_Gou"}]}],"theme":{"openings":["\"Super Scription of Data\" by Shimamiya Eiko"],"endings":["\"Manazashi\" by anNina"]},"external":[{"name":"Official Site","url":"http:\/\/www.oyashirosama.com\/"},{"name":"AniDB","url":"https:\/\/anidb.net\/perl-bin\/animedb.pl?show=anime&aid=5634"},{"name":"ANN","url":"https:\/\/www.animenewsnetwork.com\/encyclopedia\/anime.php?id=9199"}],"streaming":[{"name":"HIDIVE","url":"https:\/\/www.hidive.com\/movies\/when-they-cry-rei"}]}}