{"data":{"mal_id":36561,"url":"https:\/\/myanimelist.net\/anime\/36561\/Doupo_Cangqiong_Specials","images":{"jpg":{"image_url":"https:\/\/cdn.myanimelist.net\/images\/anime\/2\/88360.jpg","small_image_url":"https:\/\/cdn.myanimelist.net\/images\/anime\/2\/88360t.jpg","large_image_url":"https:\/\/cdn.myanimelist.net\/images\/anime\/2\/88360l.jpg"},"webp":{"image_url":"https:\/\/cdn.myanimelist.net\/images\/anime\/2\/88360.webp","small_image_url":"https:\/\/cdn.myanimelist.net\/images\/anime\/2\/88360t.webp","large_image_url":"https:\/\/cdn.myanimelist.net\/images\/anime\/2\/88360l.webp"}},"trailer":{"youtube_id":"KF4g4SkAg5k","url":"https:\/\/www.youtube.com\/watch?v=KF4g4SkAg5k","embed_url":"https:\/\/www.youtube.com\/embed\/KF4g4SkAg5k?enablejsapi=1&wmode=opaque&autoplay=1","images":{"image_url":"https:\/\/img.youtube.com\/vi\/KF4g4SkAg5k\/default.jpg","small_image_url":"https:\/\/img.youtube.com\/vi\/KF4g4SkAg5k\/sddefault.jpg","medium_image_url":"https:\/\/img.youtube.com\/vi\/KF4g4SkAg5k\/mqdefault.jpg","large_image_url":"https:\/\/img.youtube.com\/vi\/KF4g4SkAg5k\/hqdefault.jpg","maximum_image_url":"https:\/\/img.youtube.com\/vi\/KF4g4SkAg5k\/maxresdefault.jpg"}},"approved":true,"titles":[{"type":"Default","title":"Doupo Cangqiong Specials"},{"type":"Synonym","title":"Battle Through the Heavens Specials"},{"type":"Japanese","title":"\u6597\u7834\u82cd\u7a79 \u7279\u522b\u7bc7"},{"type":"English","title":"Fights Break Sphere Specials"}],"title":"Doupo Cangqiong Specials","title_english":"Fights Break Sphere Specials","title_japanese":"\u6597\u7834\u82cd\u7a79 \u7279\u522b\u7bc7","title_synonyms":["Battle Through the Heavens Specials"],"type":"ONA","source":"Novel","episodes":2,"status":"Finished Airing","airing":false,"aired":{"from":"2017-09-30T00:00:00+00:00","to":"2017-10-07T00:00:00+00:00","prop":{"from":{"day":30,"month":9,"year":2017},"to":{"day":7,"month":10,"year":2017}},"string":"Sep 30, 2017 to Oct 7, 2017"},"duration":"25 min per ep","rating":"PG-13 - Teens 13 or older","score":7.54,"scored_by":2752,"rank":1641,"popularity":8210,"members":4988,"favorites":27,"synopsis":"In a land where no magic is present. A land where the strong make the rules and weak have to obey. A land filled with alluring treasures and beauty, yet also filled with unforeseen danger. Three years ago, Xiao Yan, who had shown talents none had seen in decades, suddenly lost everything. His powers, his reputation, and his promise to his mother. What sorcery has caused him to lose all of his powers? And why has his fiancee suddenly shown up?\n\n(Source: wuxiaworld.com)","background":null,"season":null,"year":null,"broadcast":{"day":null,"time":null,"timezone":null,"string":null},"producers":[{"mal_id":1727,"type":"anime","name":"Tencent Penguin Pictures","url":"https:\/\/myanimelist.net\/anime\/producer\/1727\/Tencent_Penguin_Pictures"},{"mal_id":1728,"type":"anime","name":"China Literature Limited","url":"https:\/\/myanimelist.net\/anime\/producer\/1728\/China_Literature_Limited"}],"licensors":[],"studios":[{"mal_id":1827,"type":"anime","name":"Motion Magic","url":"https:\/\/myanimelist.net\/anime\/producer\/1827\/Motion_Magic"}],"genres":[{"mal_id":1,"type":"anime","name":"Action","url":"https:\/\/myanimelist.net\/anime\/genre\/1\/Action"},{"mal_id":2,"type":"anime","name":"Adventure","url":"https:\/\/myanimelist.net\/anime\/genre\/2\/Adventure"},{"mal_id":10,"type":"anime","name":"Fantasy","url":"https:\/\/myanimelist.net\/anime\/genre\/10\/Fantasy"}],"explicit_genres":[],"themes":[{"mal_id":6,"type":"anime","name":"Mythology","url":"https:\/\/myanimelist.net\/anime\/genre\/6\/Mythology"}],"demographics":[],"relations":[{"relation":"Prequel","entry":[{"mal_id":36491,"type":"anime","name":"Doupo Cangqiong","url":"https:\/\/myanimelist.net\/anime\/36491\/Doupo_Cangqiong"}]},{"relation":"Parent story","entry":[{"mal_id":37176,"type":"anime","name":"Doupo Cangqiong 2nd Season","url":"https:\/\/myanimelist.net\/anime\/37176\/Doupo_Cangqiong_2nd_Season"}]}],"theme":{"openings":[],"endings":[]},"external":[{"name":"Official Site","url":"http:\/\/v.qq.com\/detail\/c\/ctfk6qw188z0kcw.html"},{"name":"Wikipedia","url":"https:\/\/zh.wikipedia.org\/wiki\/%E6%96%97%E7%A0%B4%E8%8B%8D%E7%A9%B9"}],"streaming":[]}}