{"data":{"mal_id":36616,"url":"https:\/\/myanimelist.net\/anime\/36616\/Mob_Psycho_100__Reigen_-_Shirarezaru_Kiseki_no_Reinouryokusha","images":{"jpg":{"image_url":"https:\/\/cdn.myanimelist.net\/images\/anime\/7\/89331.jpg","small_image_url":"https:\/\/cdn.myanimelist.net\/images\/anime\/7\/89331t.jpg","large_image_url":"https:\/\/cdn.myanimelist.net\/images\/anime\/7\/89331l.jpg"},"webp":{"image_url":"https:\/\/cdn.myanimelist.net\/images\/anime\/7\/89331.webp","small_image_url":"https:\/\/cdn.myanimelist.net\/images\/anime\/7\/89331t.webp","large_image_url":"https:\/\/cdn.myanimelist.net\/images\/anime\/7\/89331l.webp"}},"trailer":{"youtube_id":null,"url":null,"embed_url":null,"images":{"image_url":null,"small_image_url":null,"medium_image_url":null,"large_image_url":null,"maximum_image_url":null}},"approved":true,"titles":[{"type":"Default","title":"Mob Psycho 100: Reigen - Shirarezaru Kiseki no Reinouryokusha"},{"type":"Synonym","title":"Mob Psycho 100: Reigen - The Miracle Psychic that Nobody Knows"},{"type":"Japanese","title":"\u30e2\u30d6\u30b5\u30a4\u30b3100 REIGEN \uff5e\u77e5\u3089\u308c\u3056\u308b\u5947\u8de1\u306e\u970a\u80fd\u529b\u8005\uff5e"},{"type":"English","title":"Mob Psycho 100 Reigen: The Miraculous Unknown Psychic"},{"type":"German","title":"Mob Psycho 100 Reigen: The Miraculous Unknown Psychic"},{"type":"Spanish","title":"Mob Psycho 100 Reigen Ova: The Miraculous Unknown Psychic"},{"type":"French","title":"Mob Psycho 100 Reigen: Le M\u00e9dium prodige de l\u2019ombre"}],"title":"Mob Psycho 100: Reigen - Shirarezaru Kiseki no Reinouryokusha","title_english":"Mob Psycho 100 Reigen: The Miraculous Unknown Psychic","title_japanese":"\u30e2\u30d6\u30b5\u30a4\u30b3100 REIGEN \uff5e\u77e5\u3089\u308c\u3056\u308b\u5947\u8de1\u306e\u970a\u80fd\u529b\u8005\uff5e","title_synonyms":["Mob Psycho 100: Reigen - The Miracle Psychic that Nobody Knows"],"type":"Special","source":"Web manga","episodes":1,"status":"Finished Airing","airing":false,"aired":{"from":"2018-03-18T00:00:00+00:00","to":null,"prop":{"from":{"day":18,"month":3,"year":2018},"to":{"day":null,"month":null,"year":null}},"string":"Mar 18, 2018"},"duration":"1 hr","rating":"PG-13 - Teens 13 or older","score":7.37,"scored_by":46767,"rank":2287,"popularity":2021,"members":98639,"favorites":139,"synopsis":"A summary episode of Mob Psycho 100 which features commentary from Reigen Arataka.","background":null,"season":null,"year":null,"broadcast":{"day":null,"time":null,"timezone":null,"string":null},"producers":[],"licensors":[{"mal_id":102,"type":"anime","name":"Funimation","url":"https:\/\/myanimelist.net\/anime\/producer\/102\/Funimation"},{"mal_id":1468,"type":"anime","name":"Crunchyroll","url":"https:\/\/myanimelist.net\/anime\/producer\/1468\/Crunchyroll"}],"studios":[{"mal_id":4,"type":"anime","name":"Bones","url":"https:\/\/myanimelist.net\/anime\/producer\/4\/Bones"}],"genres":[{"mal_id":1,"type":"anime","name":"Action","url":"https:\/\/myanimelist.net\/anime\/genre\/1\/Action"},{"mal_id":4,"type":"anime","name":"Comedy","url":"https:\/\/myanimelist.net\/anime\/genre\/4\/Comedy"},{"mal_id":37,"type":"anime","name":"Supernatural","url":"https:\/\/myanimelist.net\/anime\/genre\/37\/Supernatural"}],"explicit_genres":[],"themes":[{"mal_id":31,"type":"anime","name":"Super Power","url":"https:\/\/myanimelist.net\/anime\/genre\/31\/Super_Power"}],"demographics":[],"relations":[{"relation":"Full story","entry":[{"mal_id":32182,"type":"anime","name":"Mob Psycho 100","url":"https:\/\/myanimelist.net\/anime\/32182\/Mob_Psycho_100"}]}],"theme":{"openings":["\"99\" by MOB CHOIR"],"endings":[]},"external":[{"name":"Official Site","url":"http:\/\/mobpsycho100.com\/"},{"name":"AniDB","url":"https:\/\/anidb.net\/perl-bin\/animedb.pl?show=anime&aid=13527"},{"name":"ANN","url":"https:\/\/www.animenewsnetwork.com\/encyclopedia\/anime.php?id=20761"},{"name":"Wikipedia","url":"https:\/\/en.wikipedia.org\/wiki\/Mob_Psycho_100"}],"streaming":[{"name":"Crunchyroll","url":"http:\/\/www.crunchyroll.com\/series-270683"}]}}