{"data":{"mal_id":3673,"url":"https:\/\/myanimelist.net\/anime\/3673\/Nijuu_Mensou_no_Musume","images":{"jpg":{"image_url":"https:\/\/cdn.myanimelist.net\/images\/anime\/3\/8694.jpg","small_image_url":"https:\/\/cdn.myanimelist.net\/images\/anime\/3\/8694t.jpg","large_image_url":"https:\/\/cdn.myanimelist.net\/images\/anime\/3\/8694l.jpg"},"webp":{"image_url":"https:\/\/cdn.myanimelist.net\/images\/anime\/3\/8694.webp","small_image_url":"https:\/\/cdn.myanimelist.net\/images\/anime\/3\/8694t.webp","large_image_url":"https:\/\/cdn.myanimelist.net\/images\/anime\/3\/8694l.webp"}},"trailer":{"youtube_id":null,"url":null,"embed_url":null,"images":{"image_url":null,"small_image_url":null,"medium_image_url":null,"large_image_url":null,"maximum_image_url":null}},"approved":true,"titles":[{"type":"Default","title":"Nijuu Mensou no Musume"},{"type":"Synonym","title":"The Daughter of Twenty Faces"},{"type":"Synonym","title":"Chiko"},{"type":"Synonym","title":"Heiress of the Phantom Thief"},{"type":"Japanese","title":"\u4e8c\u5341\u9762\u76f8\u306e\u5a18"},{"type":"English","title":"The Daughter of 20 Faces"}],"title":"Nijuu Mensou no Musume","title_english":"The Daughter of 20 Faces","title_japanese":"\u4e8c\u5341\u9762\u76f8\u306e\u5a18","title_synonyms":["The Daughter of Twenty Faces","Chiko","Heiress of the Phantom Thief"],"type":"TV","source":"Manga","episodes":22,"status":"Finished Airing","airing":false,"aired":{"from":"2008-04-13T00:00:00+00:00","to":"2008-09-28T00:00:00+00:00","prop":{"from":{"day":13,"month":4,"year":2008},"to":{"day":28,"month":9,"year":2008}},"string":"Apr 13, 2008 to Sep 28, 2008"},"duration":"22 min per ep","rating":"PG-13 - Teens 13 or older","score":7.55,"scored_by":11579,"rank":1598,"popularity":3673,"members":34225,"favorites":157,"synopsis":"Chiko is the daughter of the wealthy Mikamo family who has to live with her aunt and uncle after her parents passed away. Because her aunt wants to inherit the Mikamo family's wealth, she gives Chiko poisoned food. One day, however, she's kidnapped by the Nijuu Mensou (20 Faces) and decides to join his clan. \n\n(Source: ZOMG)","background":null,"season":"spring","year":2008,"broadcast":{"day":null,"time":null,"timezone":null,"string":"Unknown"},"producers":[{"mal_id":753,"type":"anime","name":"PRA","url":"https:\/\/myanimelist.net\/anime\/producer\/753\/PRA"},{"mal_id":765,"type":"anime","name":"Sakura Create","url":"https:\/\/myanimelist.net\/anime\/producer\/765\/Sakura_Create"},{"mal_id":769,"type":"anime","name":"Fujipacific Music","url":"https:\/\/myanimelist.net\/anime\/producer\/769\/Fujipacific_Music"}],"licensors":[],"studios":[{"mal_id":4,"type":"anime","name":"Bones","url":"https:\/\/myanimelist.net\/anime\/producer\/4\/Bones"},{"mal_id":94,"type":"anime","name":"Telecom Animation Film","url":"https:\/\/myanimelist.net\/anime\/producer\/94\/Telecom_Animation_Film"}],"genres":[{"mal_id":1,"type":"anime","name":"Action","url":"https:\/\/myanimelist.net\/anime\/genre\/1\/Action"},{"mal_id":2,"type":"anime","name":"Adventure","url":"https:\/\/myanimelist.net\/anime\/genre\/2\/Adventure"},{"mal_id":7,"type":"anime","name":"Mystery","url":"https:\/\/myanimelist.net\/anime\/genre\/7\/Mystery"}],"explicit_genres":[],"themes":[],"demographics":[{"mal_id":42,"type":"anime","name":"Seinen","url":"https:\/\/myanimelist.net\/anime\/genre\/42\/Seinen"}],"relations":[{"relation":"Adaptation","entry":[{"mal_id":8597,"type":"manga","name":"Nijuu Mensou no Musume","url":"https:\/\/myanimelist.net\/manga\/8597\/Nijuu_Mensou_no_Musume"}]}],"theme":{"openings":["\"Kasumi (\u971e; Mist)\" by 369 miroku"],"endings":["\"Unnamed world\" by Aya Hirano"]},"external":[{"name":"Official Site","url":"http:\/\/www.chico-tv.com\/"},{"name":"AniDB","url":"https:\/\/anidb.net\/perl-bin\/animedb.pl?show=anime&aid=5671"},{"name":"ANN","url":"https:\/\/www.animenewsnetwork.com\/encyclopedia\/anime.php?id=9163"},{"name":"Wikipedia","url":"http:\/\/en.wikipedia.org\/wiki\/Nij%C5%AB_Mens%C5%8D_no_Musume"}],"streaming":[]}}