{"data":{"mal_id":36903,"url":"https:\/\/myanimelist.net\/anime\/36903\/Kengan_Ashura","images":{"jpg":{"image_url":"https:\/\/cdn.myanimelist.net\/images\/anime\/1421\/100770.jpg","small_image_url":"https:\/\/cdn.myanimelist.net\/images\/anime\/1421\/100770t.jpg","large_image_url":"https:\/\/cdn.myanimelist.net\/images\/anime\/1421\/100770l.jpg"},"webp":{"image_url":"https:\/\/cdn.myanimelist.net\/images\/anime\/1421\/100770.webp","small_image_url":"https:\/\/cdn.myanimelist.net\/images\/anime\/1421\/100770t.webp","large_image_url":"https:\/\/cdn.myanimelist.net\/images\/anime\/1421\/100770l.webp"}},"trailer":{"youtube_id":"i21krzslpP0","url":"https:\/\/www.youtube.com\/watch?v=i21krzslpP0","embed_url":"https:\/\/www.youtube.com\/embed\/i21krzslpP0?enablejsapi=1&wmode=opaque&autoplay=1","images":{"image_url":"https:\/\/img.youtube.com\/vi\/i21krzslpP0\/default.jpg","small_image_url":"https:\/\/img.youtube.com\/vi\/i21krzslpP0\/sddefault.jpg","medium_image_url":"https:\/\/img.youtube.com\/vi\/i21krzslpP0\/mqdefault.jpg","large_image_url":"https:\/\/img.youtube.com\/vi\/i21krzslpP0\/hqdefault.jpg","maximum_image_url":"https:\/\/img.youtube.com\/vi\/i21krzslpP0\/maxresdefault.jpg"}},"approved":true,"titles":[{"type":"Default","title":"Kengan Ashura"},{"type":"Japanese","title":"\u30b1\u30f3\u30ac\u30f3\u30a2\u30b7\u30e5\u30e9"}],"title":"Kengan Ashura","title_english":null,"title_japanese":"\u30b1\u30f3\u30ac\u30f3\u30a2\u30b7\u30e5\u30e9","title_synonyms":[],"type":"ONA","source":"Web manga","episodes":12,"status":"Finished Airing","airing":false,"aired":{"from":"2019-07-31T00:00:00+00:00","to":null,"prop":{"from":{"day":31,"month":7,"year":2019},"to":{"day":null,"month":null,"year":null}},"string":"Jul 31, 2019"},"duration":"24 min per ep","rating":"R - 17+ (violence & profanity)","score":7.44,"scored_by":78920,"rank":2012,"popularity":1452,"members":153287,"favorites":929,"synopsis":"Business deals are usually made through meetings and contracts; but in the world of Kengan Ashura, businesses resort to other means to make their decisions: by hiring gladiators. Yabako Sandrovich's Kengan Ashura depicts a world brimming with action, violence, and martial arts\u2014one where powerful gladiators have fought in grand arenas since the Edo Period to settle the disputes of wealthy businesses and merchants.\n\nOuma Tokita, who is nicknamed \"The Ashura,\" is a fighter trying to prove himself as the strongest. Hideki Nogi, a member of the Nogi Group, hires Ouma to fight for him and makes Kazuo Yamashita, an average middle-aged man, his manager. The duo is thrown into fights facilitated by the Kengan Association. Their journey will be full of ruthless battles with other fighters aiming for the same goal. Do they have what it takes to be the best?\n\n[Written by MAL Rewrite]","background":null,"season":null,"year":null,"broadcast":{"day":null,"time":null,"timezone":null,"string":null},"producers":[{"mal_id":139,"type":"anime","name":"Nihon Ad Systems","url":"https:\/\/myanimelist.net\/anime\/producer\/139\/Nihon_Ad_Systems"},{"mal_id":143,"type":"anime","name":"Mainichi Broadcasting System","url":"https:\/\/myanimelist.net\/anime\/producer\/143\/Mainichi_Broadcasting_System"},{"mal_id":144,"type":"anime","name":"Pony Canyon","url":"https:\/\/myanimelist.net\/anime\/producer\/144\/Pony_Canyon"},{"mal_id":1430,"type":"anime","name":"Shogakukan","url":"https:\/\/myanimelist.net\/anime\/producer\/1430\/Shogakukan"},{"mal_id":1787,"type":"anime","name":"KLab","url":"https:\/\/myanimelist.net\/anime\/producer\/1787\/KLab"},{"mal_id":1996,"type":"anime","name":"MAGNET","url":"https:\/\/myanimelist.net\/anime\/producer\/1996\/MAGNET"}],"licensors":[{"mal_id":1201,"type":"anime","name":"Ponycan USA","url":"https:\/\/myanimelist.net\/anime\/producer\/1201\/Ponycan_USA"}],"studios":[{"mal_id":896,"type":"anime","name":"Larx Entertainment","url":"https:\/\/myanimelist.net\/anime\/producer\/896\/Larx_Entertainment"}],"genres":[{"mal_id":1,"type":"anime","name":"Action","url":"https:\/\/myanimelist.net\/anime\/genre\/1\/Action"}],"explicit_genres":[],"themes":[{"mal_id":58,"type":"anime","name":"Gore","url":"https:\/\/myanimelist.net\/anime\/genre\/58\/Gore"},{"mal_id":17,"type":"anime","name":"Martial Arts","url":"https:\/\/myanimelist.net\/anime\/genre\/17\/Martial_Arts"}],"demographics":[],"relations":[{"relation":"Adaptation","entry":[{"mal_id":72025,"type":"manga","name":"Kengan Ashura","url":"https:\/\/myanimelist.net\/manga\/72025\/Kengan_Ashura"}]},{"relation":"Sequel","entry":[{"mal_id":40269,"type":"anime","name":"Kengan Ashura Part 2","url":"https:\/\/myanimelist.net\/anime\/40269\/Kengan_Ashura_Part_2"}]}],"theme":{"openings":["\"KING & ASHLEY\" by MY FIRST STORY"],"endings":["\"Born This Way\" by BAD HOP"]},"external":[{"name":"Official Site","url":"http:\/\/kengan.net\/"},{"name":"AniDB","url":"https:\/\/anidb.net\/perl-bin\/animedb.pl?show=anime&aid=11216"},{"name":"ANN","url":"https:\/\/www.animenewsnetwork.com\/encyclopedia\/anime.php?id=20427"},{"name":"Wikipedia","url":"https:\/\/ja.wikipedia.org\/wiki\/\u30b1\u30f3\u30ac\u30f3\u30a2\u30b7\u30e5\u30e9"}],"streaming":[{"name":"Netflix","url":"https:\/\/www.netflix.com\/"}]}}