{"data":{"mal_id":36999,"url":"https:\/\/myanimelist.net\/anime\/36999\/Zoku_Owarimonogatari","images":{"jpg":{"image_url":"https:\/\/cdn.myanimelist.net\/images\/anime\/1022\/96168.jpg","small_image_url":"https:\/\/cdn.myanimelist.net\/images\/anime\/1022\/96168t.jpg","large_image_url":"https:\/\/cdn.myanimelist.net\/images\/anime\/1022\/96168l.jpg"},"webp":{"image_url":"https:\/\/cdn.myanimelist.net\/images\/anime\/1022\/96168.webp","small_image_url":"https:\/\/cdn.myanimelist.net\/images\/anime\/1022\/96168t.webp","large_image_url":"https:\/\/cdn.myanimelist.net\/images\/anime\/1022\/96168l.webp"}},"trailer":{"youtube_id":"1MXkeC3IKDk","url":"https:\/\/www.youtube.com\/watch?v=1MXkeC3IKDk","embed_url":"https:\/\/www.youtube.com\/embed\/1MXkeC3IKDk?enablejsapi=1&wmode=opaque&autoplay=1","images":{"image_url":"https:\/\/img.youtube.com\/vi\/1MXkeC3IKDk\/default.jpg","small_image_url":"https:\/\/img.youtube.com\/vi\/1MXkeC3IKDk\/sddefault.jpg","medium_image_url":"https:\/\/img.youtube.com\/vi\/1MXkeC3IKDk\/mqdefault.jpg","large_image_url":"https:\/\/img.youtube.com\/vi\/1MXkeC3IKDk\/hqdefault.jpg","maximum_image_url":"https:\/\/img.youtube.com\/vi\/1MXkeC3IKDk\/maxresdefault.jpg"}},"approved":true,"titles":[{"type":"Default","title":"Zoku Owarimonogatari"},{"type":"Japanese","title":"\u7d9a\u30fb\u7d42\u7269\u8a9e"}],"title":"Zoku Owarimonogatari","title_english":null,"title_japanese":"\u7d9a\u30fb\u7d42\u7269\u8a9e","title_synonyms":[],"type":"TV","source":"Light novel","episodes":6,"status":"Finished Airing","airing":false,"aired":{"from":"2019-05-19T00:00:00+00:00","to":"2019-06-23T00:00:00+00:00","prop":{"from":{"day":19,"month":5,"year":2019},"to":{"day":23,"month":6,"year":2019}},"string":"May 19, 2019 to Jun 23, 2019"},"duration":"28 min per ep","rating":"R - 17+ (violence & profanity)","score":8.44,"scored_by":103605,"rank":155,"popularity":1062,"members":219514,"favorites":959,"synopsis":"Graduation day is finally here, marking the end of Koyomi Araragi's eccentric high school life full of peculiar relationships with otherworldly beings.\n\nHowever, Araragi is unexpectedly absorbed into his own bathroom mirror and trapped inside a bizarre world where everything he knows is completely reversed\u2014the haughty Karen Araragi is shorter than usual, poker-faced Yotsugi Ononoki is brimming with emotion, and cute ghost girl Mayoi Hachikuji is a grown woman! But not everything is as it seems.\n\nZoku Owarimonogatari details the story of Araragi's endeavors in this new world as he struggles to return to his home and understand the nature of this bizarre dimension.\n\n[Written by MAL Rewrite]","background":"Zoku Owarimonogatari adapts the sixth and final volume of NisiOisiN's Monogatari Series: Final Season.","season":"spring","year":2019,"broadcast":{"day":"Sundays","time":"00:00","timezone":"Asia\/Tokyo","string":"Sundays at 00:00 (JST)"},"producers":[{"mal_id":17,"type":"anime","name":"Aniplex","url":"https:\/\/myanimelist.net\/anime\/producer\/17\/Aniplex"},{"mal_id":159,"type":"anime","name":"Kodansha","url":"https:\/\/myanimelist.net\/anime\/producer\/159\/Kodansha"}],"licensors":[{"mal_id":493,"type":"anime","name":"Aniplex of America","url":"https:\/\/myanimelist.net\/anime\/producer\/493\/Aniplex_of_America"}],"studios":[{"mal_id":44,"type":"anime","name":"Shaft","url":"https:\/\/myanimelist.net\/anime\/producer\/44\/Shaft"}],"genres":[{"mal_id":4,"type":"anime","name":"Comedy","url":"https:\/\/myanimelist.net\/anime\/genre\/4\/Comedy"},{"mal_id":7,"type":"anime","name":"Mystery","url":"https:\/\/myanimelist.net\/anime\/genre\/7\/Mystery"},{"mal_id":37,"type":"anime","name":"Supernatural","url":"https:\/\/myanimelist.net\/anime\/genre\/37\/Supernatural"}],"explicit_genres":[],"themes":[{"mal_id":32,"type":"anime","name":"Vampire","url":"https:\/\/myanimelist.net\/anime\/genre\/32\/Vampire"}],"demographics":[],"relations":[{"relation":"Adaptation","entry":[{"mal_id":44227,"type":"manga","name":"Monogatari Series: Final Season","url":"https:\/\/myanimelist.net\/manga\/44227\/Monogatari_Series__Final_Season"}]},{"relation":"Prequel","entry":[{"mal_id":35247,"type":"anime","name":"Owarimonogatari 2nd Season","url":"https:\/\/myanimelist.net\/anime\/35247\/Owarimonogatari_2nd_Season"}]}],"theme":{"openings":["\"7734\" by Koyomi Araragi (Hiroshi Kamiya)"],"endings":["\"azure\" by TrySail"]},"external":[{"name":"Official Site","url":"http:\/\/www.monogatari-series.com\/zokuowarimonogatari\/"},{"name":"@nisioisin_anime","url":"https:\/\/twitter.com\/nisioisin_anime"},{"name":"AniDB","url":"https:\/\/anidb.net\/perl-bin\/animedb.pl?show=anime&aid=13691"},{"name":"ANN","url":"https:\/\/www.animenewsnetwork.com\/encyclopedia\/anime.php?id=21553"},{"name":"Wikipedia","url":"http:\/\/ja.wikipedia.org\/wiki\/%E7%B6%9A%E3%83%BB%E7%B5%82%E7%89%A9%E8%AA%9E"},{"name":"Wikipedia","url":"https:\/\/en.wikipedia.org\/wiki\/Monogatari_(series)"},{"name":"Syoboi","url":"https:\/\/cal.syoboi.jp\/tid\/5292"}],"streaming":[]}}