{"data":{"mal_id":3713,"url":"https:\/\/myanimelist.net\/anime\/3713\/Jigoku_Shoujo_Mitsuganae","images":{"jpg":{"image_url":"https:\/\/cdn.myanimelist.net\/images\/anime\/11\/86976.jpg","small_image_url":"https:\/\/cdn.myanimelist.net\/images\/anime\/11\/86976t.jpg","large_image_url":"https:\/\/cdn.myanimelist.net\/images\/anime\/11\/86976l.jpg"},"webp":{"image_url":"https:\/\/cdn.myanimelist.net\/images\/anime\/11\/86976.webp","small_image_url":"https:\/\/cdn.myanimelist.net\/images\/anime\/11\/86976t.webp","large_image_url":"https:\/\/cdn.myanimelist.net\/images\/anime\/11\/86976l.webp"}},"trailer":{"youtube_id":"NxkGuptgb0E","url":"https:\/\/www.youtube.com\/watch?v=NxkGuptgb0E","embed_url":"https:\/\/www.youtube.com\/embed\/NxkGuptgb0E?enablejsapi=1&wmode=opaque&autoplay=1","images":{"image_url":"https:\/\/img.youtube.com\/vi\/NxkGuptgb0E\/default.jpg","small_image_url":"https:\/\/img.youtube.com\/vi\/NxkGuptgb0E\/sddefault.jpg","medium_image_url":"https:\/\/img.youtube.com\/vi\/NxkGuptgb0E\/mqdefault.jpg","large_image_url":"https:\/\/img.youtube.com\/vi\/NxkGuptgb0E\/hqdefault.jpg","maximum_image_url":"https:\/\/img.youtube.com\/vi\/NxkGuptgb0E\/maxresdefault.jpg"}},"approved":true,"titles":[{"type":"Default","title":"Jigoku Shoujo Mitsuganae"},{"type":"Synonym","title":"Hell Girl 3"},{"type":"Synonym","title":"Jigoku Shoujo 3"},{"type":"Japanese","title":"\u5730\u7344\u5c11\u5973 \u4e09\u9f0e"},{"type":"English","title":"Hell Girl: Three Vessels"}],"title":"Jigoku Shoujo Mitsuganae","title_english":"Hell Girl: Three Vessels","title_japanese":"\u5730\u7344\u5c11\u5973 \u4e09\u9f0e","title_synonyms":["Hell Girl 3","Jigoku Shoujo 3"],"type":"TV","source":"Original","episodes":26,"status":"Finished Airing","airing":false,"aired":{"from":"2008-10-04T00:00:00+00:00","to":"2009-04-04T00:00:00+00:00","prop":{"from":{"day":4,"month":10,"year":2008},"to":{"day":4,"month":4,"year":2009}},"string":"Oct 4, 2008 to Apr 4, 2009"},"duration":"24 min per ep","rating":"R - 17+ (violence & profanity)","score":7.61,"scored_by":41666,"rank":1426,"popularity":1980,"members":101603,"favorites":275,"synopsis":"Following the events of Jigoku Shoujo Futakomori, Ai Enma, the Hell Girl, has disappeared. Her former companions decide to lead normal lives, until their absent mistress returns to them with a new companion, and in a way that none of them anticipated.\n\nYuzuki Mikage is a normal schoolgirl who soon comes to understand the Hell Girl on an intimate level. During a dream-like trance in the bathtub, Ai kisses Yuzuki and possesses her. So when Yuzuki's friend decides to type in the name of their teacher in the Hell Correspondence website, Ai makes use of Yuzuki's body to accomplish her own task of ferrying the teacher's soul to hell. Yuzuki is disturbed by her new circumstances and wonders why she was chosen to continue Ai's work. Unfortunately for her, the Hell Girl and her assistants resume operation of Hell Correspondence, and she is dragged along for the ride towards hell itself.\n\n[Written by MAL Rewrite]","background":null,"season":"fall","year":2008,"broadcast":{"day":"Saturdays","time":"17:00","timezone":"Asia\/Tokyo","string":"Saturdays at 17:00 (JST)"},"producers":[{"mal_id":17,"type":"anime","name":"Aniplex","url":"https:\/\/myanimelist.net\/anime\/producer\/17\/Aniplex"},{"mal_id":1211,"type":"anime","name":"Tokyo MX","url":"https:\/\/myanimelist.net\/anime\/producer\/1211\/Tokyo_MX"}],"licensors":[{"mal_id":376,"type":"anime","name":"Sentai Filmworks","url":"https:\/\/myanimelist.net\/anime\/producer\/376\/Sentai_Filmworks"}],"studios":[{"mal_id":37,"type":"anime","name":"Studio Deen","url":"https:\/\/myanimelist.net\/anime\/producer\/37\/Studio_Deen"}],"genres":[{"mal_id":14,"type":"anime","name":"Horror","url":"https:\/\/myanimelist.net\/anime\/genre\/14\/Horror"},{"mal_id":7,"type":"anime","name":"Mystery","url":"https:\/\/myanimelist.net\/anime\/genre\/7\/Mystery"},{"mal_id":37,"type":"anime","name":"Supernatural","url":"https:\/\/myanimelist.net\/anime\/genre\/37\/Supernatural"}],"explicit_genres":[],"themes":[{"mal_id":40,"type":"anime","name":"Psychological","url":"https:\/\/myanimelist.net\/anime\/genre\/40\/Psychological"}],"demographics":[],"relations":[{"relation":"Adaptation","entry":[{"mal_id":3243,"type":"manga","name":"Jigoku Shoujo","url":"https:\/\/myanimelist.net\/manga\/3243\/Jigoku_Shoujo"}]},{"relation":"Prequel","entry":[{"mal_id":1594,"type":"anime","name":"Jigoku Shoujo Futakomori","url":"https:\/\/myanimelist.net\/anime\/1594\/Jigoku_Shoujo_Futakomori"}]},{"relation":"Sequel","entry":[{"mal_id":34966,"type":"anime","name":"Jigoku Shoujo: Yoi no Togi","url":"https:\/\/myanimelist.net\/anime\/34966\/Jigoku_Shoujo__Yoi_no_Togi"}]}],"theme":{"openings":["\"Tsukihana -tsukihana-\" by Nana Kitade"],"endings":["\"Ichi Nuke\" by Noto Mamiko"]},"external":[{"name":"Official Site","url":"http:\/\/www.jigokushoujo.com\/archive\/"},{"name":"AniDB","url":"https:\/\/anidb.net\/perl-bin\/animedb.pl?show=anime&aid=5850"},{"name":"ANN","url":"https:\/\/www.animenewsnetwork.com\/encyclopedia\/anime.php?id=9678"},{"name":"Wikipedia","url":"https:\/\/en.wikipedia.org\/wiki\/Hell_girl"}],"streaming":[]}}