{"data":{"mal_id":37171,"url":"https:\/\/myanimelist.net\/anime\/37171\/Asobi_Asobase","images":{"jpg":{"image_url":"https:\/\/cdn.myanimelist.net\/images\/anime\/1139\/95077.jpg","small_image_url":"https:\/\/cdn.myanimelist.net\/images\/anime\/1139\/95077t.jpg","large_image_url":"https:\/\/cdn.myanimelist.net\/images\/anime\/1139\/95077l.jpg"},"webp":{"image_url":"https:\/\/cdn.myanimelist.net\/images\/anime\/1139\/95077.webp","small_image_url":"https:\/\/cdn.myanimelist.net\/images\/anime\/1139\/95077t.webp","large_image_url":"https:\/\/cdn.myanimelist.net\/images\/anime\/1139\/95077l.webp"}},"trailer":{"youtube_id":"DYDZAvNJQkM","url":"https:\/\/www.youtube.com\/watch?v=DYDZAvNJQkM","embed_url":"https:\/\/www.youtube.com\/embed\/DYDZAvNJQkM?enablejsapi=1&wmode=opaque&autoplay=1","images":{"image_url":"https:\/\/img.youtube.com\/vi\/DYDZAvNJQkM\/default.jpg","small_image_url":"https:\/\/img.youtube.com\/vi\/DYDZAvNJQkM\/sddefault.jpg","medium_image_url":"https:\/\/img.youtube.com\/vi\/DYDZAvNJQkM\/mqdefault.jpg","large_image_url":"https:\/\/img.youtube.com\/vi\/DYDZAvNJQkM\/hqdefault.jpg","maximum_image_url":"https:\/\/img.youtube.com\/vi\/DYDZAvNJQkM\/maxresdefault.jpg"}},"approved":true,"titles":[{"type":"Default","title":"Asobi Asobase"},{"type":"Japanese","title":"\u3042\u305d\u3073\u3042\u305d\u3070\u305b"},{"type":"English","title":"Asobi Asobase - workshop of fun -"},{"type":"German","title":"Asobi Asobase: workshop of Fun"},{"type":"Spanish","title":"Asobi Asobase: Workshop of Fun"},{"type":"French","title":"Asobi Asobase: Workshop of Fun"}],"title":"Asobi Asobase","title_english":"Asobi Asobase - workshop of fun -","title_japanese":"\u3042\u305d\u3073\u3042\u305d\u3070\u305b","title_synonyms":[],"type":"TV","source":"Manga","episodes":12,"status":"Finished Airing","airing":false,"aired":{"from":"2018-07-08T00:00:00+00:00","to":"2018-09-23T00:00:00+00:00","prop":{"from":{"day":8,"month":7,"year":2018},"to":{"day":23,"month":9,"year":2018}},"string":"Jul 8, 2018 to Sep 23, 2018"},"duration":"23 min per ep","rating":"PG-13 - Teens 13 or older","score":8.19,"scored_by":220116,"rank":368,"popularity":464,"members":463943,"favorites":6455,"synopsis":"During recess, Olivia, a foreign transfer student who doesn't know English, plays a game of \"look-the-other-way\" with Hanako Honda, a loud-mouthed airhead. Their rowdy behavior spurs the ire of Kasumi Nomura, a deadpan loner constantly teased by her older sister for her tendency to lose games. Not willing to compete, Kasumi declines Olivia's offer to join the fun, but eventually gets involved anyway and dispenses her own brand of mischief. Soon, a strange friendship blossoms between the peculiar trio, and they decide to form the \"Pastime Club,\" where they are free to resume their daily hijinks. \n\nWhether it be failing to learn English, trying desperately to become popular, or getting caught by teachers at the wrong time, school life will never be boring when the girls of Asobi Asobase are up to their hilarious antics.\n\n[Written by MAL Rewrite]","background":null,"season":"summer","year":2018,"broadcast":{"day":"Sundays","time":"21:00","timezone":"Asia\/Tokyo","string":"Sundays at 21:00 (JST)"},"producers":[{"mal_id":148,"type":"anime","name":"Hakusensha","url":"https:\/\/myanimelist.net\/anime\/producer\/148\/Hakusensha"},{"mal_id":238,"type":"anime","name":"AT-X","url":"https:\/\/myanimelist.net\/anime\/producer\/238\/AT-X"},{"mal_id":737,"type":"anime","name":"Sony Music Communications","url":"https:\/\/myanimelist.net\/anime\/producer\/737\/Sony_Music_Communications"},{"mal_id":1551,"type":"anime","name":"Kadokawa Media House","url":"https:\/\/myanimelist.net\/anime\/producer\/1551\/Kadokawa_Media_House"},{"mal_id":1696,"type":"anime","name":"Kadokawa","url":"https:\/\/myanimelist.net\/anime\/producer\/1696\/Kadokawa"}],"licensors":[],"studios":[{"mal_id":456,"type":"anime","name":"Lerche","url":"https:\/\/myanimelist.net\/anime\/producer\/456\/Lerche"}],"genres":[{"mal_id":4,"type":"anime","name":"Comedy","url":"https:\/\/myanimelist.net\/anime\/genre\/4\/Comedy"}],"explicit_genres":[],"themes":[{"mal_id":57,"type":"anime","name":"Gag Humor","url":"https:\/\/myanimelist.net\/anime\/genre\/57\/Gag_Humor"},{"mal_id":23,"type":"anime","name":"School","url":"https:\/\/myanimelist.net\/anime\/genre\/23\/School"}],"demographics":[{"mal_id":42,"type":"anime","name":"Seinen","url":"https:\/\/myanimelist.net\/anime\/genre\/42\/Seinen"}],"relations":[{"relation":"Adaptation","entry":[{"mal_id":99678,"type":"manga","name":"Asobi Asobase","url":"https:\/\/myanimelist.net\/manga\/99678\/Asobi_Asobase"}]},{"relation":"Sequel","entry":[{"mal_id":37996,"type":"anime","name":"Asobi Asobase: Cosplay Taikai\/Otona no Watashi e","url":"https:\/\/myanimelist.net\/anime\/37996\/Asobi_Asobase__Cosplay_Taikai_Otona_no_Watashi_e"}]},{"relation":"Side story","entry":[{"mal_id":38002,"type":"anime","name":"Asobi Asobase Specials","url":"https:\/\/myanimelist.net\/anime\/38002\/Asobi_Asobase_Specials"}]}],"theme":{"openings":["\"Three-Piece (\u30b9\u30ea\u30d4\u30b9)\" by Hanako Honda (Hina Kino), Olivia (Rika Nagae), Kasumi Nomura (Konomi Kohara)"],"endings":["\"Inkya Impulse (\u30a4\u30f3\u30ad\u30e3\u30a4\u30f3\u30d1\u30eb\u30b9)\" by Hanako Honda (Hina Kino), Olivia (Rika Nagae), Kasumi Nomura (Konomi Kohara) feat. Ikepy & KSKN"]},"external":[{"name":"Official Site","url":"http:\/\/asobiasobase.com\/"},{"name":"@asobiasobase_a","url":"https:\/\/twitter.com\/asobiasobase_a"},{"name":"AniDB","url":"https:\/\/anidb.net\/perl-bin\/animedb.pl?show=anime&aid=13750"},{"name":"ANN","url":"https:\/\/www.animenewsnetwork.com\/encyclopedia\/anime.php?id=20583"},{"name":"Wikipedia","url":"https:\/\/en.wikipedia.org\/wiki\/Asobi_Asobase#Anime"},{"name":"Wikipedia","url":"https:\/\/ja.wikipedia.org\/wiki\/%E3%81%82%E3%81%9D%E3%81%B3%E3%81%82%E3%81%9D%E3%81%B0%E3%81%9B"},{"name":"Syoboi","url":"https:\/\/cal.syoboi.jp\/tid\/4962"},{"name":"Bangumi","url":"https:\/\/bangumi.tv\/subject\/236020"}],"streaming":[{"name":"Crunchyroll","url":"http:\/\/www.crunchyroll.com\/series-276754"},{"name":"Netflix","url":"https:\/\/www.netflix.com\/"}]}}