{"data":{"mal_id":37348,"url":"https:\/\/myanimelist.net\/anime\/37348\/Dungeon_ni_Deai_wo_Motomeru_no_wa_Machigatteiru_Darou_ka_Movie__Orion_no_Ya","images":{"jpg":{"image_url":"https:\/\/cdn.myanimelist.net\/images\/anime\/1239\/96949.jpg","small_image_url":"https:\/\/cdn.myanimelist.net\/images\/anime\/1239\/96949t.jpg","large_image_url":"https:\/\/cdn.myanimelist.net\/images\/anime\/1239\/96949l.jpg"},"webp":{"image_url":"https:\/\/cdn.myanimelist.net\/images\/anime\/1239\/96949.webp","small_image_url":"https:\/\/cdn.myanimelist.net\/images\/anime\/1239\/96949t.webp","large_image_url":"https:\/\/cdn.myanimelist.net\/images\/anime\/1239\/96949l.webp"}},"trailer":{"youtube_id":"GhInW-T33QI","url":"https:\/\/www.youtube.com\/watch?v=GhInW-T33QI","embed_url":"https:\/\/www.youtube.com\/embed\/GhInW-T33QI?enablejsapi=1&wmode=opaque&autoplay=1","images":{"image_url":"https:\/\/img.youtube.com\/vi\/GhInW-T33QI\/default.jpg","small_image_url":"https:\/\/img.youtube.com\/vi\/GhInW-T33QI\/sddefault.jpg","medium_image_url":"https:\/\/img.youtube.com\/vi\/GhInW-T33QI\/mqdefault.jpg","large_image_url":"https:\/\/img.youtube.com\/vi\/GhInW-T33QI\/hqdefault.jpg","maximum_image_url":"https:\/\/img.youtube.com\/vi\/GhInW-T33QI\/maxresdefault.jpg"}},"approved":true,"titles":[{"type":"Default","title":"Dungeon ni Deai wo Motomeru no wa Machigatteiru Darou ka Movie: Orion no Ya"},{"type":"Synonym","title":"DanMachi Movie"},{"type":"Synonym","title":"Is It Wrong That I Want to Meet You in a Dungeon Movie"},{"type":"Japanese","title":"\u5287\u5834\u7248 \u30c0\u30f3\u30b8\u30e7\u30f3\u306b\u51fa\u4f1a\u3044\u3092\u6c42\u3081\u308b\u306e\u306f\u9593\u9055\u3063\u3066\u3044\u308b\u3060\u308d\u3046\u304b -\u30aa\u30ea\u30aa\u30f3\u306e\u77e2-"},{"type":"English","title":"Is It Wrong to Try to Pick Up Girls in a Dungeon?: Arrow of the Orion"}],"title":"Dungeon ni Deai wo Motomeru no wa Machigatteiru Darou ka Movie: Orion no Ya","title_english":"Is It Wrong to Try to Pick Up Girls in a Dungeon?: Arrow of the Orion","title_japanese":"\u5287\u5834\u7248 \u30c0\u30f3\u30b8\u30e7\u30f3\u306b\u51fa\u4f1a\u3044\u3092\u6c42\u3081\u308b\u306e\u306f\u9593\u9055\u3063\u3066\u3044\u308b\u3060\u308d\u3046\u304b -\u30aa\u30ea\u30aa\u30f3\u306e\u77e2-","title_synonyms":["DanMachi Movie","Is It Wrong That I Want to Meet You in a Dungeon Movie"],"type":"Movie","source":"Light novel","episodes":1,"status":"Finished Airing","airing":false,"aired":{"from":"2019-02-15T00:00:00+00:00","to":null,"prop":{"from":{"day":15,"month":2,"year":2019},"to":{"day":null,"month":null,"year":null}},"string":"Feb 15, 2019"},"duration":"1 hr 22 min","rating":"PG-13 - Teens 13 or older","score":7.44,"scored_by":103570,"rank":2004,"popularity":1115,"members":209059,"favorites":441,"synopsis":"Continuing his adventure to get stronger in order to traverse deeper into the \"Dungeon,\" Bell Cranel wanders the Orario city streets with his friends and the goddess Hestia. That evening, the city is filled with stalls and games as it celebrates the Holy Moon Festival.\n\nHermes, a god, hosts one such activity where participants are asked to pull a spear embedded in a crystal boulder; those who succeed will receive a special gift: a trip around the world and a divine blessing from the gods! Bell and his merry group challenge one another to claim the prize. But behind the facade of an innocent party game lies a preface for a daring quest ahead.\n\n[Written by MAL Rewrite]","background":null,"season":null,"year":null,"broadcast":{"day":null,"time":null,"timezone":null,"string":null},"producers":[{"mal_id":79,"type":"anime","name":"Genco","url":"https:\/\/myanimelist.net\/anime\/producer\/79\/Genco"},{"mal_id":166,"type":"anime","name":"Movic","url":"https:\/\/myanimelist.net\/anime\/producer\/166\/Movic"},{"mal_id":415,"type":"anime","name":"Warner Bros. Japan","url":"https:\/\/myanimelist.net\/anime\/producer\/415\/Warner_Bros_Japan"},{"mal_id":460,"type":"anime","name":"KlockWorx","url":"https:\/\/myanimelist.net\/anime\/producer\/460\/KlockWorx"},{"mal_id":621,"type":"anime","name":"SoftBank Creative","url":"https:\/\/myanimelist.net\/anime\/producer\/621\/SoftBank_Creative"},{"mal_id":1333,"type":"anime","name":"Hakuhodo DY Music & Pictures","url":"https:\/\/myanimelist.net\/anime\/producer\/1333\/Hakuhodo_DY_Music___Pictures"},{"mal_id":1444,"type":"anime","name":"Egg Firm","url":"https:\/\/myanimelist.net\/anime\/producer\/1444\/Egg_Firm"},{"mal_id":1590,"type":"anime","name":"FuRyu","url":"https:\/\/myanimelist.net\/anime\/producer\/1590\/FuRyu"},{"mal_id":1815,"type":"anime","name":"GREE","url":"https:\/\/myanimelist.net\/anime\/producer\/1815\/GREE"}],"licensors":[{"mal_id":376,"type":"anime","name":"Sentai Filmworks","url":"https:\/\/myanimelist.net\/anime\/producer\/376\/Sentai_Filmworks"}],"studios":[{"mal_id":7,"type":"anime","name":"J.C.Staff","url":"https:\/\/myanimelist.net\/anime\/producer\/7\/JCStaff"}],"genres":[{"mal_id":1,"type":"anime","name":"Action","url":"https:\/\/myanimelist.net\/anime\/genre\/1\/Action"},{"mal_id":2,"type":"anime","name":"Adventure","url":"https:\/\/myanimelist.net\/anime\/genre\/2\/Adventure"},{"mal_id":10,"type":"anime","name":"Fantasy","url":"https:\/\/myanimelist.net\/anime\/genre\/10\/Fantasy"}],"explicit_genres":[],"themes":[],"demographics":[],"relations":[{"relation":"Parent story","entry":[{"mal_id":28121,"type":"anime","name":"Dungeon ni Deai wo Motomeru no wa Machigatteiru Darou ka","url":"https:\/\/myanimelist.net\/anime\/28121\/Dungeon_ni_Deai_wo_Motomeru_no_wa_Machigatteiru_Darou_ka"}]}],"theme":{"openings":[],"endings":["\"Onaji Sora no Shita de (\u304a\u306a\u3058\u7a7a\u306e\u4e0b\u3067)\" by Yuka Iguchi"]},"external":[{"name":"Official Site","url":"http:\/\/www.danmachi.com\/movie\/"},{"name":"AniDB","url":"https:\/\/anidb.net\/perl-bin\/animedb.pl?show=anime&aid=13830"},{"name":"ANN","url":"https:\/\/www.animenewsnetwork.com\/encyclopedia\/anime.php?id=20674"},{"name":"Wikipedia","url":"http:\/\/en.wikipedia.org\/wiki\/Is_It_Wrong_to_Try_to_Pick_Up_Girls_in_a_Dungeon%3F"}],"streaming":[{"name":"Netflix","url":"https:\/\/www.netflix.com\/"}]}}