{"data":{"mal_id":37407,"url":"https:\/\/myanimelist.net\/anime\/37407\/Penguin_Highway","images":{"jpg":{"image_url":"https:\/\/cdn.myanimelist.net\/images\/anime\/1320\/93443.jpg","small_image_url":"https:\/\/cdn.myanimelist.net\/images\/anime\/1320\/93443t.jpg","large_image_url":"https:\/\/cdn.myanimelist.net\/images\/anime\/1320\/93443l.jpg"},"webp":{"image_url":"https:\/\/cdn.myanimelist.net\/images\/anime\/1320\/93443.webp","small_image_url":"https:\/\/cdn.myanimelist.net\/images\/anime\/1320\/93443t.webp","large_image_url":"https:\/\/cdn.myanimelist.net\/images\/anime\/1320\/93443l.webp"}},"trailer":{"youtube_id":"prNOowR0Qd8","url":"https:\/\/www.youtube.com\/watch?v=prNOowR0Qd8","embed_url":"https:\/\/www.youtube.com\/embed\/prNOowR0Qd8?enablejsapi=1&wmode=opaque&autoplay=1","images":{"image_url":"https:\/\/img.youtube.com\/vi\/prNOowR0Qd8\/default.jpg","small_image_url":"https:\/\/img.youtube.com\/vi\/prNOowR0Qd8\/sddefault.jpg","medium_image_url":"https:\/\/img.youtube.com\/vi\/prNOowR0Qd8\/mqdefault.jpg","large_image_url":"https:\/\/img.youtube.com\/vi\/prNOowR0Qd8\/hqdefault.jpg","maximum_image_url":"https:\/\/img.youtube.com\/vi\/prNOowR0Qd8\/maxresdefault.jpg"}},"approved":true,"titles":[{"type":"Default","title":"Penguin Highway"},{"type":"Japanese","title":"\u30da\u30f3\u30ae\u30f3\u30fb\u30cf\u30a4\u30a6\u30a7\u30a4"},{"type":"Spanish","title":"Penguin Highway: El Misterio de los Ping\u00fcinos"},{"type":"French","title":"Le Myst\u00e8re des Pingouins"}],"title":"Penguin Highway","title_english":null,"title_japanese":"\u30da\u30f3\u30ae\u30f3\u30fb\u30cf\u30a4\u30a6\u30a7\u30a4","title_synonyms":[],"type":"Movie","source":"Novel","episodes":1,"status":"Finished Airing","airing":false,"aired":{"from":"2018-08-17T00:00:00+00:00","to":null,"prop":{"from":{"day":17,"month":8,"year":2018},"to":{"day":null,"month":null,"year":null}},"string":"Aug 17, 2018"},"duration":"1 hr 58 min","rating":"PG - Children","score":7.55,"scored_by":31081,"rank":1601,"popularity":2219,"members":84573,"favorites":312,"synopsis":"For a child, Aoyama has knowledge comparable to an adult. As such, he is often teased by his classmates. He also has a crush on the friendly woman he recently met at a dental office. One morning, penguins start mysteriously appearing around his neighborhood. Nobody knows where they came from and how they managed to get there. Aoyama is determined to find out more, and he joins his new crush in researching the penguins.\n\nAs time passes, they discover a levitating sphere which they nickname \"The Sea.\" Whatever goes into The Sea does not come back out, and the only things that can destroy it are the penguins. However, something horrifying is created when the penguins do...\n\nPenguin Highway follows Aoyama and the woman's research on the mysterious penguins' origin, as well as the many difficulties Aoyama faces throughout his investigation.\n\n[Written by MAL Rewrite]","background":"Winner of the Excellence Award on the 22nd Japan Media Arts Festival.","season":null,"year":null,"broadcast":{"day":null,"time":null,"timezone":null,"string":null},"producers":[{"mal_id":53,"type":"anime","name":"Dentsu","url":"https:\/\/myanimelist.net\/anime\/producer\/53\/Dentsu"},{"mal_id":169,"type":"anime","name":"Fuji TV","url":"https:\/\/myanimelist.net\/anime\/producer\/169\/Fuji_TV"},{"mal_id":245,"type":"anime","name":"TOHO","url":"https:\/\/myanimelist.net\/anime\/producer\/245\/TOHO"},{"mal_id":757,"type":"anime","name":"Sony Music Entertainment","url":"https:\/\/myanimelist.net\/anime\/producer\/757\/Sony_Music_Entertainment"},{"mal_id":1696,"type":"anime","name":"Kadokawa","url":"https:\/\/myanimelist.net\/anime\/producer\/1696\/Kadokawa"},{"mal_id":1747,"type":"anime","name":"Twin Engine","url":"https:\/\/myanimelist.net\/anime\/producer\/1747\/Twin_Engine"}],"licensors":[{"mal_id":531,"type":"anime","name":"Eleven Arts","url":"https:\/\/myanimelist.net\/anime\/producer\/531\/Eleven_Arts"}],"studios":[{"mal_id":1033,"type":"anime","name":"Studio Colorido","url":"https:\/\/myanimelist.net\/anime\/producer\/1033\/Studio_Colorido"}],"genres":[{"mal_id":10,"type":"anime","name":"Fantasy","url":"https:\/\/myanimelist.net\/anime\/genre\/10\/Fantasy"},{"mal_id":7,"type":"anime","name":"Mystery","url":"https:\/\/myanimelist.net\/anime\/genre\/7\/Mystery"},{"mal_id":24,"type":"anime","name":"Sci-Fi","url":"https:\/\/myanimelist.net\/anime\/genre\/24\/Sci-Fi"}],"explicit_genres":[],"themes":[],"demographics":[],"relations":[{"relation":"Adaptation","entry":[{"mal_id":115119,"type":"manga","name":"Penguin Highway","url":"https:\/\/myanimelist.net\/manga\/115119\/Penguin_Highway"},{"mal_id":127362,"type":"manga","name":"Penguin Highway","url":"https:\/\/myanimelist.net\/manga\/127362\/Penguin_Highway"}]}],"theme":{"openings":[],"endings":["\"Good Night\" by Hikaru Utada"]},"external":[{"name":"Official Site","url":"http:\/\/www.penguin-highway.com\/"},{"name":"AniDB","url":"https:\/\/anidb.net\/perl-bin\/animedb.pl?show=anime&aid=13853"},{"name":"ANN","url":"https:\/\/www.animenewsnetwork.com\/encyclopedia\/anime.php?id=20710"},{"name":"Wikipedia","url":"https:\/\/en.wikipedia.org\/wiki\/Penguin_Highway"}],"streaming":[{"name":"Crunchyroll","url":"http:\/\/www.crunchyroll.com\/series-281354"},{"name":"Netflix","url":"https:\/\/www.netflix.com\/"}]}}