{"data":{"mal_id":37435,"url":"https:\/\/myanimelist.net\/anime\/37435\/Carole___Tuesday","images":{"jpg":{"image_url":"https:\/\/cdn.myanimelist.net\/images\/anime\/1611\/96157.jpg","small_image_url":"https:\/\/cdn.myanimelist.net\/images\/anime\/1611\/96157t.jpg","large_image_url":"https:\/\/cdn.myanimelist.net\/images\/anime\/1611\/96157l.jpg"},"webp":{"image_url":"https:\/\/cdn.myanimelist.net\/images\/anime\/1611\/96157.webp","small_image_url":"https:\/\/cdn.myanimelist.net\/images\/anime\/1611\/96157t.webp","large_image_url":"https:\/\/cdn.myanimelist.net\/images\/anime\/1611\/96157l.webp"}},"trailer":{"youtube_id":"CBak9m0bcB0","url":"https:\/\/www.youtube.com\/watch?v=CBak9m0bcB0","embed_url":"https:\/\/www.youtube.com\/embed\/CBak9m0bcB0?enablejsapi=1&wmode=opaque&autoplay=1","images":{"image_url":"https:\/\/img.youtube.com\/vi\/CBak9m0bcB0\/default.jpg","small_image_url":"https:\/\/img.youtube.com\/vi\/CBak9m0bcB0\/sddefault.jpg","medium_image_url":"https:\/\/img.youtube.com\/vi\/CBak9m0bcB0\/mqdefault.jpg","large_image_url":"https:\/\/img.youtube.com\/vi\/CBak9m0bcB0\/hqdefault.jpg","maximum_image_url":"https:\/\/img.youtube.com\/vi\/CBak9m0bcB0\/maxresdefault.jpg"}},"approved":true,"titles":[{"type":"Default","title":"Carole & Tuesday"},{"type":"Japanese","title":"\u30ad\u30e3\u30ed\u30eb&\u30c1\u30e5\u30fc\u30ba\u30c7\u30a4"},{"type":"English","title":"Carole & Tuesday"},{"type":"German","title":"Carole und Tuesday"},{"type":"Spanish","title":"Carole y Tuesday"}],"title":"Carole & Tuesday","title_english":"Carole & Tuesday","title_japanese":"\u30ad\u30e3\u30ed\u30eb&\u30c1\u30e5\u30fc\u30ba\u30c7\u30a4","title_synonyms":[],"type":"TV","source":"Original","episodes":24,"status":"Finished Airing","airing":false,"aired":{"from":"2019-04-11T00:00:00+00:00","to":"2019-10-03T00:00:00+00:00","prop":{"from":{"day":11,"month":4,"year":2019},"to":{"day":3,"month":10,"year":2019}},"string":"Apr 11, 2019 to Oct 3, 2019"},"duration":"22 min per ep","rating":"PG-13 - Teens 13 or older","score":7.86,"scored_by":141163,"rank":826,"popularity":717,"members":321267,"favorites":2936,"synopsis":"It has been 50 years since mankind began its migration to the terraformed Mars, where they live in comfort due to advancements in AI. Carole lives in the metropolis of Alba City, working part-time by day and playing keyboard by night. Tuesday has run away from her home in Hershell City to escape the grip of her wealthy family, and instead hopes to pursue music with her acoustic guitar.\n\nAfter a fateful encounter, the two decide to perform music together. Up against the AI singers that dominate the music world, the two of them believe that together they can convey their feelings through their songs. Will hard work and luck be enough for the duo to create the biggest miracle that Mars has ever seen?\n\n[Written by MAL Rewrite]","background":null,"season":"spring","year":2019,"broadcast":{"day":"Thursdays","time":"00:55","timezone":"Asia\/Tokyo","string":"Thursdays at 00:55 (JST)"},"producers":[{"mal_id":169,"type":"anime","name":"Fuji TV","url":"https:\/\/myanimelist.net\/anime\/producer\/169\/Fuji_TV"},{"mal_id":464,"type":"anime","name":"flying DOG","url":"https:\/\/myanimelist.net\/anime\/producer\/464\/flying_DOG"},{"mal_id":843,"type":"anime","name":"BS Fuji","url":"https:\/\/myanimelist.net\/anime\/producer\/843\/BS_Fuji"},{"mal_id":1333,"type":"anime","name":"Hakuhodo DY Music & Pictures","url":"https:\/\/myanimelist.net\/anime\/producer\/1333\/Hakuhodo_DY_Music___Pictures"},{"mal_id":1488,"type":"anime","name":"Hakuhodo DY Media Partners","url":"https:\/\/myanimelist.net\/anime\/producer\/1488\/Hakuhodo_DY_Media_Partners"}],"licensors":[{"mal_id":376,"type":"anime","name":"Sentai Filmworks","url":"https:\/\/myanimelist.net\/anime\/producer\/376\/Sentai_Filmworks"}],"studios":[{"mal_id":4,"type":"anime","name":"Bones","url":"https:\/\/myanimelist.net\/anime\/producer\/4\/Bones"}],"genres":[{"mal_id":8,"type":"anime","name":"Drama","url":"https:\/\/myanimelist.net\/anime\/genre\/8\/Drama"},{"mal_id":24,"type":"anime","name":"Sci-Fi","url":"https:\/\/myanimelist.net\/anime\/genre\/24\/Sci-Fi"}],"explicit_genres":[],"themes":[{"mal_id":19,"type":"anime","name":"Music","url":"https:\/\/myanimelist.net\/anime\/genre\/19\/Music"}],"demographics":[],"relations":[{"relation":"Adaptation","entry":[{"mal_id":121552,"type":"manga","name":"Carole & Tuesday","url":"https:\/\/myanimelist.net\/manga\/121552\/Carole___Tuesday"}]},{"relation":"Summary","entry":[{"mal_id":39999,"type":"anime","name":"Carole & Tuesday: Gus to Roddy no Kaisouroku","url":"https:\/\/myanimelist.net\/anime\/39999\/Carole___Tuesday__Gus_to_Roddy_no_Kaisouroku"}]},{"relation":"Other","entry":[{"mal_id":40013,"type":"anime","name":"Carole & Tuesday Specials","url":"https:\/\/myanimelist.net\/anime\/40013\/Carole___Tuesday_Specials"}]}],"theme":{"openings":["1: \"Kiss Me\" by Carole & Tuesday (Nai Br.XX & Celeina Ann) (eps 2-12)","2: \"Polly Jean\" by Carole & Tuesday (Nai Br.XX & Celeina Ann) (eps 13-24)"],"endings":["1: \"Hold Me Now\" by Carole & Tuesday (Nai Br.XX & Celeina Ann) (eps 2-12)","2: \"Not Afraid\" by Angela (Alisa) (eps 13-21)","3: \"Endless\" by Angela (Alisa) (eps 22)","4: \"The Tower\" by Angela (Alisa) (eps 23)","5: \"Mother\" by Voices from Mars (eps 24)"]},"external":[{"name":"Official Site","url":"http:\/\/www.caroleandtuesday.com\/"},{"name":"AniDB","url":"https:\/\/anidb.net\/perl-bin\/animedb.pl?show=anime&aid=13893"},{"name":"ANN","url":"https:\/\/www.animenewsnetwork.com\/encyclopedia\/anime.php?id=21557"},{"name":"Wikipedia","url":"http:\/\/en.wikipedia.org\/wiki\/Carole_%26_Tuesday"}],"streaming":[{"name":"Netflix","url":"https:\/\/www.netflix.com\/"}]}}