{"data":{"mal_id":3744,"url":"https:\/\/myanimelist.net\/anime\/3744\/Crayon_Shin-chan_Movie_10__Arashi_wo_Yobu_Appare_Sengoku_Daikassen","images":{"jpg":{"image_url":"https:\/\/cdn.myanimelist.net\/images\/anime\/11\/22026.jpg","small_image_url":"https:\/\/cdn.myanimelist.net\/images\/anime\/11\/22026t.jpg","large_image_url":"https:\/\/cdn.myanimelist.net\/images\/anime\/11\/22026l.jpg"},"webp":{"image_url":"https:\/\/cdn.myanimelist.net\/images\/anime\/11\/22026.webp","small_image_url":"https:\/\/cdn.myanimelist.net\/images\/anime\/11\/22026t.webp","large_image_url":"https:\/\/cdn.myanimelist.net\/images\/anime\/11\/22026l.webp"}},"trailer":{"youtube_id":"rUFrEYh17A8","url":"https:\/\/www.youtube.com\/watch?v=rUFrEYh17A8","embed_url":"https:\/\/www.youtube.com\/embed\/rUFrEYh17A8?enablejsapi=1&wmode=opaque&autoplay=1","images":{"image_url":"https:\/\/img.youtube.com\/vi\/rUFrEYh17A8\/default.jpg","small_image_url":"https:\/\/img.youtube.com\/vi\/rUFrEYh17A8\/sddefault.jpg","medium_image_url":"https:\/\/img.youtube.com\/vi\/rUFrEYh17A8\/mqdefault.jpg","large_image_url":"https:\/\/img.youtube.com\/vi\/rUFrEYh17A8\/hqdefault.jpg","maximum_image_url":"https:\/\/img.youtube.com\/vi\/rUFrEYh17A8\/maxresdefault.jpg"}},"approved":true,"titles":[{"type":"Default","title":"Crayon Shin-chan Movie 10: Arashi wo Yobu Appare! Sengoku Daikassen"},{"type":"Synonym","title":"Eiga Crayon Shin-chan: Arashi wo Yobu Appare! Sengoku Dai Kassen"},{"type":"Synonym","title":"Crayon Shin-chan: The Storm Called: The Battle of the Warring States"},{"type":"Japanese","title":"\u30af\u30ec\u30e8\u30f3\u3057\u3093\u3061\u3083\u3093 \u5d50\u3092\u547c\u3076 \u30a2\u30c3\u30d1\u30ec! \u6226\u56fd\u5927\u5408\u6226"},{"type":"Spanish","title":"Shin Chan Pel\u00edcula 10: El Peque\u00f1o Samurai"}],"title":"Crayon Shin-chan Movie 10: Arashi wo Yobu Appare! Sengoku Daikassen","title_english":null,"title_japanese":"\u30af\u30ec\u30e8\u30f3\u3057\u3093\u3061\u3083\u3093 \u5d50\u3092\u547c\u3076 \u30a2\u30c3\u30d1\u30ec! \u6226\u56fd\u5927\u5408\u6226","title_synonyms":["Eiga Crayon Shin-chan: Arashi wo Yobu Appare! Sengoku Dai Kassen","Crayon Shin-chan: The Storm Called: The Battle of the Warring States"],"type":"Movie","source":"Manga","episodes":1,"status":"Finished Airing","airing":false,"aired":{"from":"2002-04-20T00:00:00+00:00","to":null,"prop":{"from":{"day":20,"month":4,"year":2002},"to":{"day":null,"month":null,"year":null}},"string":"Apr 20, 2002"},"duration":"1 hr 35 min","rating":"G - All Ages","score":7.43,"scored_by":2697,"rank":2053,"popularity":8044,"members":5279,"favorites":14,"synopsis":"A full-scale historical drama set in the last days (the year 1574) of the Sengoku Era of feudal Japan. It is the story of the Nohara family, who has been transferred into the Sengoku Era by time warp, and a tragic love between a princess Ren Kasuga (a daughter of the feudal lord Kasuga at the Province of Musashi) and a samurai warrior Matabei Ijiri (a retainer of the Lord Kasuga).\n\n(Source: Manabu Tsuribe)","background":"The film was awarded the Animation Division Grand Prize at the 2002 Japan Media Arts Festival.","season":null,"year":null,"broadcast":{"day":null,"time":null,"timezone":null,"string":null},"producers":[{"mal_id":55,"type":"anime","name":"TV Asahi","url":"https:\/\/myanimelist.net\/anime\/producer\/55\/TV_Asahi"}],"licensors":[],"studios":[{"mal_id":247,"type":"anime","name":"Shin-Ei Animation","url":"https:\/\/myanimelist.net\/anime\/producer\/247\/Shin-Ei_Animation"}],"genres":[{"mal_id":46,"type":"anime","name":"Award Winning","url":"https:\/\/myanimelist.net\/anime\/genre\/46\/Award_Winning"},{"mal_id":8,"type":"anime","name":"Drama","url":"https:\/\/myanimelist.net\/anime\/genre\/8\/Drama"},{"mal_id":22,"type":"anime","name":"Romance","url":"https:\/\/myanimelist.net\/anime\/genre\/22\/Romance"}],"explicit_genres":[],"themes":[{"mal_id":13,"type":"anime","name":"Historical","url":"https:\/\/myanimelist.net\/anime\/genre\/13\/Historical"},{"mal_id":21,"type":"anime","name":"Samurai","url":"https:\/\/myanimelist.net\/anime\/genre\/21\/Samurai"}],"demographics":[{"mal_id":42,"type":"anime","name":"Seinen","url":"https:\/\/myanimelist.net\/anime\/genre\/42\/Seinen"}],"relations":[{"relation":"Parent story","entry":[{"mal_id":966,"type":"anime","name":"Crayon Shin-chan","url":"https:\/\/myanimelist.net\/anime\/966\/Crayon_Shin-chan"}]},{"relation":"Prequel","entry":[{"mal_id":2450,"type":"anime","name":"Crayon Shin-chan Movie 09: Arashi wo Yobu Mouretsu! Otona Teikoku no Gyakushuu","url":"https:\/\/myanimelist.net\/anime\/2450\/Crayon_Shin-chan_Movie_09__Arashi_wo_Yobu_Mouretsu_Otona_Teikoku_no_Gyakushuu"}]},{"relation":"Sequel","entry":[{"mal_id":8363,"type":"anime","name":"Crayon Shin-chan Movie 11: Arashi wo Yobu Eikou no Yakiniku Road","url":"https:\/\/myanimelist.net\/anime\/8363\/Crayon_Shin-chan_Movie_11__Arashi_wo_Yobu_Eikou_no_Yakiniku_Road"}]}],"theme":{"openings":["\"Dame Dame no Uta\" by Lady Q, Akiko Yajima, Miki Narahashi"],"endings":["\"Nichuu no Fantasy: Taiiku o Yasumu Onna no Ko Hen (\u4e8c\u4e2d\u306e\u30d5\u30a1\u30f3\u30bf\u30b8\u30fc~\u4f53\u80b2\u3092\u4f11\u3080\u5973\u306e\u5b50\u7de8~)\" by Dance Man"]},"external":[{"name":"AniDB","url":"https:\/\/anidb.net\/perl-bin\/animedb.pl?show=anime&aid=3316"},{"name":"ANN","url":"https:\/\/www.animenewsnetwork.com\/encyclopedia\/anime.php?id=6748"},{"name":"Wikipedia","url":"http:\/\/en.wikipedia.org\/wiki\/Crayon_Shin_Chan#Movies"}],"streaming":[]}}