{"data":{"mal_id":37475,"url":"https:\/\/myanimelist.net\/anime\/37475\/Kishuku_Gakkou_no_Juliet","images":{"jpg":{"image_url":"https:\/\/cdn.myanimelist.net\/images\/anime\/1908\/93416.jpg","small_image_url":"https:\/\/cdn.myanimelist.net\/images\/anime\/1908\/93416t.jpg","large_image_url":"https:\/\/cdn.myanimelist.net\/images\/anime\/1908\/93416l.jpg"},"webp":{"image_url":"https:\/\/cdn.myanimelist.net\/images\/anime\/1908\/93416.webp","small_image_url":"https:\/\/cdn.myanimelist.net\/images\/anime\/1908\/93416t.webp","large_image_url":"https:\/\/cdn.myanimelist.net\/images\/anime\/1908\/93416l.webp"}},"trailer":{"youtube_id":"Z9qlvLoZH8k","url":"https:\/\/www.youtube.com\/watch?v=Z9qlvLoZH8k","embed_url":"https:\/\/www.youtube.com\/embed\/Z9qlvLoZH8k?enablejsapi=1&wmode=opaque&autoplay=1","images":{"image_url":"https:\/\/img.youtube.com\/vi\/Z9qlvLoZH8k\/default.jpg","small_image_url":"https:\/\/img.youtube.com\/vi\/Z9qlvLoZH8k\/sddefault.jpg","medium_image_url":"https:\/\/img.youtube.com\/vi\/Z9qlvLoZH8k\/mqdefault.jpg","large_image_url":"https:\/\/img.youtube.com\/vi\/Z9qlvLoZH8k\/hqdefault.jpg","maximum_image_url":"https:\/\/img.youtube.com\/vi\/Z9qlvLoZH8k\/maxresdefault.jpg"}},"approved":true,"titles":[{"type":"Default","title":"Kishuku Gakkou no Juliet"},{"type":"Synonym","title":"Kishukugakkou no Juliet"},{"type":"Japanese","title":"\u5bc4\u5bbf\u5b66\u6821\u306e\u30b8\u30e5\u30ea\u30a8\u30c3\u30c8"},{"type":"English","title":"Boarding School Juliet"},{"type":"German","title":"Boarding School Juliet"},{"type":"Spanish","title":"Juliet en el Internado"},{"type":"French","title":"Juliet au pensionnat"}],"title":"Kishuku Gakkou no Juliet","title_english":"Boarding School Juliet","title_japanese":"\u5bc4\u5bbf\u5b66\u6821\u306e\u30b8\u30e5\u30ea\u30a8\u30c3\u30c8","title_synonyms":["Kishukugakkou no Juliet"],"type":"TV","source":"Manga","episodes":12,"status":"Finished Airing","airing":false,"aired":{"from":"2018-10-06T00:00:00+00:00","to":"2018-12-22T00:00:00+00:00","prop":{"from":{"day":6,"month":10,"year":2018},"to":{"day":22,"month":12,"year":2018}},"string":"Oct 6, 2018 to Dec 22, 2018"},"duration":"24 min per ep","rating":"PG-13 - Teens 13 or older","score":7.45,"scored_by":172754,"rank":1970,"popularity":627,"members":360936,"favorites":1939,"synopsis":"We lay our scene in the fair Dahlia Academy, where two countries, both alike in dignity, come together; the \"Black Doggies\" of the Eastern Nation of Touwa and \"White Cats\" of the Principality of West have a longstanding feud. Romio Inuzuka and Juliet Persia, leaders of their respective dorms, seem to be bitter enemies.\n\nIn reality, however, Romio and Juliet are hopelessly in love, but revealing their relationship would call upon the ire of all their comrades. They hide their love to maintain peace, but a clandestine relationship means they miss out on many of the activities couples get to do. As they grow closer together, Romio and Juliet must come to terms with the fact that keeping their relationship a secret may prove to be impossible.\n\n[Written by MAL Rewrite]","background":null,"season":"fall","year":2018,"broadcast":{"day":"Saturdays","time":"01:25","timezone":"Asia\/Tokyo","string":"Saturdays at 01:25 (JST)"},"producers":[{"mal_id":1113,"type":"anime","name":"NBCUniversal Entertainment Japan","url":"https:\/\/myanimelist.net\/anime\/producer\/1113\/NBCUniversal_Entertainment_Japan"}],"licensors":[],"studios":[{"mal_id":839,"type":"anime","name":"LIDENFILMS","url":"https:\/\/myanimelist.net\/anime\/producer\/839\/LIDENFILMS"}],"genres":[{"mal_id":1,"type":"anime","name":"Action","url":"https:\/\/myanimelist.net\/anime\/genre\/1\/Action"},{"mal_id":4,"type":"anime","name":"Comedy","url":"https:\/\/myanimelist.net\/anime\/genre\/4\/Comedy"},{"mal_id":22,"type":"anime","name":"Romance","url":"https:\/\/myanimelist.net\/anime\/genre\/22\/Romance"}],"explicit_genres":[],"themes":[{"mal_id":23,"type":"anime","name":"School","url":"https:\/\/myanimelist.net\/anime\/genre\/23\/School"}],"demographics":[{"mal_id":27,"type":"anime","name":"Shounen","url":"https:\/\/myanimelist.net\/anime\/genre\/27\/Shounen"}],"relations":[{"relation":"Adaptation","entry":[{"mal_id":91514,"type":"manga","name":"Kishuku Gakkou no Juliet","url":"https:\/\/myanimelist.net\/manga\/91514\/Kishuku_Gakkou_no_Juliet"}]}],"theme":{"openings":["\"Love with You\" by fripSide"],"endings":["\"Itsuka Sekai ga Kawaru made (\u3044\u3064\u304b\u4e16\u754c\u304c\u5909\u308f\u308b\u307e\u3067)\" by Riho Iida"]},"external":[{"name":"Official Site","url":"http:\/\/www.juliet-anime.com\/"},{"name":"AniDB","url":"https:\/\/anidb.net\/perl-bin\/animedb.pl?show=anime&aid=13911"},{"name":"ANN","url":"https:\/\/www.animenewsnetwork.com\/encyclopedia\/anime.php?id=21013"},{"name":"Wikipedia","url":"http:\/\/en.wikipedia.org\/wiki\/Boarding_School_Juliet"}],"streaming":[]}}