{"data":{"mal_id":37491,"url":"https:\/\/myanimelist.net\/anime\/37491\/Gintama__Shirogane_no_Tamashii-hen_-_Kouhan-sen","images":{"jpg":{"image_url":"https:\/\/cdn.myanimelist.net\/images\/anime\/1776\/96566.jpg","small_image_url":"https:\/\/cdn.myanimelist.net\/images\/anime\/1776\/96566t.jpg","large_image_url":"https:\/\/cdn.myanimelist.net\/images\/anime\/1776\/96566l.jpg"},"webp":{"image_url":"https:\/\/cdn.myanimelist.net\/images\/anime\/1776\/96566.webp","small_image_url":"https:\/\/cdn.myanimelist.net\/images\/anime\/1776\/96566t.webp","large_image_url":"https:\/\/cdn.myanimelist.net\/images\/anime\/1776\/96566l.webp"}},"trailer":{"youtube_id":"E2rzD37MCSg","url":"https:\/\/www.youtube.com\/watch?v=E2rzD37MCSg","embed_url":"https:\/\/www.youtube.com\/embed\/E2rzD37MCSg?enablejsapi=1&wmode=opaque&autoplay=1","images":{"image_url":"https:\/\/img.youtube.com\/vi\/E2rzD37MCSg\/default.jpg","small_image_url":"https:\/\/img.youtube.com\/vi\/E2rzD37MCSg\/sddefault.jpg","medium_image_url":"https:\/\/img.youtube.com\/vi\/E2rzD37MCSg\/mqdefault.jpg","large_image_url":"https:\/\/img.youtube.com\/vi\/E2rzD37MCSg\/hqdefault.jpg","maximum_image_url":"https:\/\/img.youtube.com\/vi\/E2rzD37MCSg\/maxresdefault.jpg"}},"approved":true,"titles":[{"type":"Default","title":"Gintama.: Shirogane no Tamashii-hen - Kouhan-sen"},{"type":"Synonym","title":"Gintama.: Silver Soul Arc 2"},{"type":"Japanese","title":"\u9280\u9b42. \u9280\u30ce\u9b42\u7bc7 \u5f8c\u534a\u6226"},{"type":"English","title":"Gintama.: Silver Soul Arc - Second Half War"}],"title":"Gintama.: Shirogane no Tamashii-hen - Kouhan-sen","title_english":"Gintama.: Silver Soul Arc - Second Half War","title_japanese":"\u9280\u9b42. \u9280\u30ce\u9b42\u7bc7 \u5f8c\u534a\u6226","title_synonyms":["Gintama.: Silver Soul Arc 2"],"type":"TV","source":"Manga","episodes":14,"status":"Finished Airing","airing":false,"aired":{"from":"2018-07-09T00:00:00+00:00","to":"2018-10-08T00:00:00+00:00","prop":{"from":{"day":9,"month":7,"year":2018},"to":{"day":8,"month":10,"year":2018}},"string":"Jul 9, 2018 to Oct 8, 2018"},"duration":"24 min per ep","rating":"PG-13 - Teens 13 or older","score":8.88,"scored_by":92352,"rank":24,"popularity":1193,"members":191704,"favorites":1026,"synopsis":"Following the temporary retreat of the Altana Liberation Army from the Kabuki District, the state of the war has seemingly improved. However, as the Oniwaban, Shinsengumi, and residents of the district combat the army's remnants, Edo's greatest inventor Gengai Hiraga is abducted. Responsible for causing the enemy's withdrawal by rendering their weapons useless, Gengai's nanomachine virus is now at risk of being shut down.\n\nMeanwhile, a laser capable of obliterating a planet is activated in Earth's orbit on the Liberation Army's mother ship. Another battle ensues when Shinsuke Takasugi and the rest of the Kiheitai arrive on the vessel to stop the weapon from firing. Forced to fight a war on two fronts, the Yorozuya and their allies must prevail on both sides to save Edo and the rest of the world.\n\n[Written by MAL Rewrite]","background":"Gintama.: Shirogane no Tamashii-hen - Kouhan-sen was released on Blu-ray and DVD from October 24, 2018, to February 27, 2019.","season":"summer","year":2018,"broadcast":{"day":"Mondays","time":"01:35","timezone":"Asia\/Tokyo","string":"Mondays at 01:35 (JST)"},"producers":[{"mal_id":16,"type":"anime","name":"TV Tokyo","url":"https:\/\/myanimelist.net\/anime\/producer\/16\/TV_Tokyo"},{"mal_id":17,"type":"anime","name":"Aniplex","url":"https:\/\/myanimelist.net\/anime\/producer\/17\/Aniplex"},{"mal_id":53,"type":"anime","name":"Dentsu","url":"https:\/\/myanimelist.net\/anime\/producer\/53\/Dentsu"},{"mal_id":1365,"type":"anime","name":"Shueisha","url":"https:\/\/myanimelist.net\/anime\/producer\/1365\/Shueisha"}],"licensors":[],"studios":[{"mal_id":1258,"type":"anime","name":"Bandai Namco Pictures","url":"https:\/\/myanimelist.net\/anime\/producer\/1258\/Bandai_Namco_Pictures"}],"genres":[{"mal_id":1,"type":"anime","name":"Action","url":"https:\/\/myanimelist.net\/anime\/genre\/1\/Action"},{"mal_id":4,"type":"anime","name":"Comedy","url":"https:\/\/myanimelist.net\/anime\/genre\/4\/Comedy"},{"mal_id":24,"type":"anime","name":"Sci-Fi","url":"https:\/\/myanimelist.net\/anime\/genre\/24\/Sci-Fi"}],"explicit_genres":[],"themes":[{"mal_id":57,"type":"anime","name":"Gag Humor","url":"https:\/\/myanimelist.net\/anime\/genre\/57\/Gag_Humor"},{"mal_id":13,"type":"anime","name":"Historical","url":"https:\/\/myanimelist.net\/anime\/genre\/13\/Historical"},{"mal_id":20,"type":"anime","name":"Parody","url":"https:\/\/myanimelist.net\/anime\/genre\/20\/Parody"},{"mal_id":21,"type":"anime","name":"Samurai","url":"https:\/\/myanimelist.net\/anime\/genre\/21\/Samurai"}],"demographics":[{"mal_id":27,"type":"anime","name":"Shounen","url":"https:\/\/myanimelist.net\/anime\/genre\/27\/Shounen"}],"relations":[{"relation":"Adaptation","entry":[{"mal_id":44,"type":"manga","name":"Gintama","url":"https:\/\/myanimelist.net\/manga\/44\/Gintama"}]},{"relation":"Prequel","entry":[{"mal_id":36838,"type":"anime","name":"Gintama.: Shirogane no Tamashii-hen","url":"https:\/\/myanimelist.net\/anime\/36838\/Gintama__Shirogane_no_Tamashii-hen"}]},{"relation":"Sequel","entry":[{"mal_id":44087,"type":"anime","name":"Gintama: The Semi-Final","url":"https:\/\/myanimelist.net\/anime\/44087\/Gintama__The_Semi-Final"}]}],"theme":{"openings":["\"I Wanna Be...\" by SPYAIR"],"endings":["\"Hikari Shoumeiron (\u30d2\u30ab\u30ea\u8a3c\u660e\u8ad6)\" by CHiCO with HoneyWorks"]},"external":[{"name":"Official Site","url":"http:\/\/www.tv-tokyo.co.jp\/anime\/gintama\/"},{"name":"AniDB","url":"https:\/\/anidb.net\/perl-bin\/animedb.pl?show=anime&aid=13917"},{"name":"ANN","url":"https:\/\/www.animenewsnetwork.com\/encyclopedia\/anime.php?id=20917"},{"name":"Wikipedia","url":"http:\/\/en.wikipedia.org\/wiki\/Gin_Tama"},{"name":"Wikipedia","url":"https:\/\/ja.wikipedia.org\/wiki\/%E9%8A%80%E9%AD%82_%28%E3%82%A2%E3%83%8B%E3%83%A1%29"},{"name":"Syoboi","url":"https:\/\/cal.syoboi.jp\/tid\/5007"}],"streaming":[{"name":"Crunchyroll","url":"http:\/\/www.crunchyroll.com\/series-47620"}]}}