{"data":{"mal_id":37501,"url":"https:\/\/myanimelist.net\/anime\/37501\/Hug_tto_Precure\u2661Futari_wa_Precure_Movie__All_Stars_Memories","images":{"jpg":{"image_url":"https:\/\/cdn.myanimelist.net\/images\/anime\/1538\/93935.jpg","small_image_url":"https:\/\/cdn.myanimelist.net\/images\/anime\/1538\/93935t.jpg","large_image_url":"https:\/\/cdn.myanimelist.net\/images\/anime\/1538\/93935l.jpg"},"webp":{"image_url":"https:\/\/cdn.myanimelist.net\/images\/anime\/1538\/93935.webp","small_image_url":"https:\/\/cdn.myanimelist.net\/images\/anime\/1538\/93935t.webp","large_image_url":"https:\/\/cdn.myanimelist.net\/images\/anime\/1538\/93935l.webp"}},"trailer":{"youtube_id":"-HQsAuK5lCg","url":"https:\/\/www.youtube.com\/watch?v=-HQsAuK5lCg","embed_url":"https:\/\/www.youtube.com\/embed\/-HQsAuK5lCg?enablejsapi=1&wmode=opaque&autoplay=1","images":{"image_url":"https:\/\/img.youtube.com\/vi\/-HQsAuK5lCg\/default.jpg","small_image_url":"https:\/\/img.youtube.com\/vi\/-HQsAuK5lCg\/sddefault.jpg","medium_image_url":"https:\/\/img.youtube.com\/vi\/-HQsAuK5lCg\/mqdefault.jpg","large_image_url":"https:\/\/img.youtube.com\/vi\/-HQsAuK5lCg\/hqdefault.jpg","maximum_image_url":"https:\/\/img.youtube.com\/vi\/-HQsAuK5lCg\/maxresdefault.jpg"}},"approved":true,"titles":[{"type":"Default","title":"Hug tto! Precure\u2661Futari wa Precure Movie: All Stars Memories"},{"type":"Synonym","title":"Eiga Hugtto! Precure x Futari wa Precure"},{"type":"Japanese","title":"\u6620\u753b HUG\u3063\u3068\uff01\u30d7\u30ea\u30ad\u30e5\u30a2\u2661\u3075\u305f\u308a\u306f\u30d7\u30ea\u30ad\u30e5\u30a2 \u30aa\u30fc\u30eb\u30b9\u30bf\u30fc\u30ba\u30e1\u30e2\u30ea\u30fc\u30ba"}],"title":"Hug tto! Precure\u2661Futari wa Precure Movie: All Stars Memories","title_english":null,"title_japanese":"\u6620\u753b HUG\u3063\u3068\uff01\u30d7\u30ea\u30ad\u30e5\u30a2\u2661\u3075\u305f\u308a\u306f\u30d7\u30ea\u30ad\u30e5\u30a2 \u30aa\u30fc\u30eb\u30b9\u30bf\u30fc\u30ba\u30e1\u30e2\u30ea\u30fc\u30ba","title_synonyms":["Eiga Hugtto! Precure x Futari wa Precure"],"type":"Movie","source":"Original","episodes":1,"status":"Finished Airing","airing":false,"aired":{"from":"2018-10-27T00:00:00+00:00","to":null,"prop":{"from":{"day":27,"month":10,"year":2018},"to":{"day":null,"month":null,"year":null}},"string":"Oct 27, 2018"},"duration":"1 hr 13 min","rating":"G - All Ages","score":7.68,"scored_by":1541,"rank":1224,"popularity":8819,"members":4066,"favorites":20,"synopsis":"A vengeful teru teru bozu-like monster called Miden is stealing all of the Cures' magical powers and memories, turning them into helpless infants, barring Nagisa Misumi and Hana Nono. They must help the affected Cures to regain their abilities and fight off this new menace.\n\n(Source: Wikipedia)","background":null,"season":null,"year":null,"broadcast":{"day":null,"time":null,"timezone":null,"string":null},"producers":[],"licensors":[],"studios":[{"mal_id":18,"type":"anime","name":"Toei Animation","url":"https:\/\/myanimelist.net\/anime\/producer\/18\/Toei_Animation"}],"genres":[{"mal_id":1,"type":"anime","name":"Action","url":"https:\/\/myanimelist.net\/anime\/genre\/1\/Action"},{"mal_id":10,"type":"anime","name":"Fantasy","url":"https:\/\/myanimelist.net\/anime\/genre\/10\/Fantasy"}],"explicit_genres":[],"themes":[{"mal_id":66,"type":"anime","name":"Mahou Shoujo","url":"https:\/\/myanimelist.net\/anime\/genre\/66\/Mahou_Shoujo"}],"demographics":[],"relations":[{"relation":"Other","entry":[{"mal_id":603,"type":"anime","name":"Futari wa Precure","url":"https:\/\/myanimelist.net\/anime\/603\/Futari_wa_Precure"},{"mal_id":36593,"type":"anime","name":"Hug tto! Precure","url":"https:\/\/myanimelist.net\/anime\/36593\/Hug_tto_Precure"}]}],"theme":{"openings":["\"We can!! HUG tto! Precure (We can!! HUG\u3063\u3068\uff01\u30d7\u30ea\u30ad\u30e5\u30a2)\" by Kanako Miyamoto"],"endings":["\"DANZEN! Futari wa Precure ~Yuiitsu Muni no Hikari Tachi e~ (DANZEN\uff01\u3075\u305f\u308a\u306f\u30d7\u30ea\u30ad\u30e5\u30a2\uff5e\u552f\u4e00\u7121\u4e8c\u306e\u5149\u305f\u3061\uff5e)\" by Mayumi Gojou"]},"external":[{"name":"Official Site","url":"http:\/\/www.precure-movie.com\/"},{"name":"AniDB","url":"https:\/\/anidb.net\/perl-bin\/animedb.pl?show=anime&aid=13926"},{"name":"ANN","url":"https:\/\/www.animenewsnetwork.com\/encyclopedia\/anime.php?id=21748"}],"streaming":[]}}