{"data":{"mal_id":37621,"url":"https:\/\/myanimelist.net\/anime\/37621\/Karakai_Jouzu_no_Takagi-san__Water_Slide","images":{"jpg":{"image_url":"https:\/\/cdn.myanimelist.net\/images\/anime\/1128\/99821.jpg","small_image_url":"https:\/\/cdn.myanimelist.net\/images\/anime\/1128\/99821t.jpg","large_image_url":"https:\/\/cdn.myanimelist.net\/images\/anime\/1128\/99821l.jpg"},"webp":{"image_url":"https:\/\/cdn.myanimelist.net\/images\/anime\/1128\/99821.webp","small_image_url":"https:\/\/cdn.myanimelist.net\/images\/anime\/1128\/99821t.webp","large_image_url":"https:\/\/cdn.myanimelist.net\/images\/anime\/1128\/99821l.webp"}},"trailer":{"youtube_id":null,"url":null,"embed_url":null,"images":{"image_url":null,"small_image_url":null,"medium_image_url":null,"large_image_url":null,"maximum_image_url":null}},"approved":true,"titles":[{"type":"Default","title":"Karakai Jouzu no Takagi-san: Water Slide"},{"type":"Synonym","title":"Skilled Teaser Takagi-san OVA"},{"type":"Synonym","title":"Karakai Jouzu no Takagi-san: Water Slider"},{"type":"Japanese","title":"\u304b\u3089\u304b\u3044\u4e0a\u624b\u306e\u9ad8\u6728\u3055\u3093 \u30a6\u30a9\u30fc\u30bf\u30fc\u30b9\u30e9\u30a4\u30c0\u30fc"},{"type":"English","title":"Teasing Master Takagi-san: Water Slide"}],"title":"Karakai Jouzu no Takagi-san: Water Slide","title_english":"Teasing Master Takagi-san: Water Slide","title_japanese":"\u304b\u3089\u304b\u3044\u4e0a\u624b\u306e\u9ad8\u6728\u3055\u3093 \u30a6\u30a9\u30fc\u30bf\u30fc\u30b9\u30e9\u30a4\u30c0\u30fc","title_synonyms":["Skilled Teaser Takagi-san OVA","Karakai Jouzu no Takagi-san: Water Slider"],"type":"OVA","source":"Manga","episodes":1,"status":"Finished Airing","airing":false,"aired":{"from":"2018-07-12T00:00:00+00:00","to":null,"prop":{"from":{"day":12,"month":7,"year":2018},"to":{"day":null,"month":null,"year":null}},"string":"Jul 12, 2018"},"duration":"23 min","rating":"PG-13 - Teens 13 or older","score":7.52,"scored_by":48562,"rank":1702,"popularity":2172,"members":88078,"favorites":195,"synopsis":"Joining Mano and Nakai on their trip to the water park are classmates Nishikata and Takagi. However, before they can decide on what to do first, Nakai runs off with Nishikata, leaving his saddened girlfriend behind with Takagi. Mano explains that Nakai promised to ride down the water slide with her\u2014which is rumored to make tandem riders fall in love. Unsurprisingly, Takagi devises a plan to regroup the couple in a way that also permits her to spend time teasing Nishikata.\n\n[Written by MAL Rewrite]","background":"Adapting chapters 57 through 59, Karakai Jouzu no Takagi-san: Water Slide was bundled with the limited edition of the ninth manga volume.","season":null,"year":null,"broadcast":{"day":null,"time":null,"timezone":null,"string":null},"producers":[],"licensors":[],"studios":[{"mal_id":247,"type":"anime","name":"Shin-Ei Animation","url":"https:\/\/myanimelist.net\/anime\/producer\/247\/Shin-Ei_Animation"}],"genres":[{"mal_id":4,"type":"anime","name":"Comedy","url":"https:\/\/myanimelist.net\/anime\/genre\/4\/Comedy"}],"explicit_genres":[],"themes":[{"mal_id":74,"type":"anime","name":"Romantic Subtext","url":"https:\/\/myanimelist.net\/anime\/genre\/74\/Romantic_Subtext"}],"demographics":[{"mal_id":27,"type":"anime","name":"Shounen","url":"https:\/\/myanimelist.net\/anime\/genre\/27\/Shounen"}],"relations":[{"relation":"Adaptation","entry":[{"mal_id":78537,"type":"manga","name":"Karakai Jouzu no Takagi-san","url":"https:\/\/myanimelist.net\/manga\/78537\/Karakai_Jouzu_no_Takagi-san"}]},{"relation":"Parent story","entry":[{"mal_id":35860,"type":"anime","name":"Karakai Jouzu no Takagi-san","url":"https:\/\/myanimelist.net\/anime\/35860\/Karakai_Jouzu_no_Takagi-san"}]}],"theme":{"openings":["\"Iwanai kedo ne. (\u8a00\u308f\u306a\u3044\u3051\u3069\u306d.)\" by Yuiko Oohara"],"endings":["\"Kimagure Romantic (\u6c17\u307e\u3050\u308c\u30ed\u30de\u30f3\u30c6\u30a3\u30c3\u30af)\" by Takagi-san (Rie Takahashi)"]},"external":[{"name":"Official Site","url":"http:\/\/takagi3.me\/"},{"name":"AniDB","url":"https:\/\/anidb.net\/perl-bin\/animedb.pl?show=anime&aid=13991"},{"name":"ANN","url":"https:\/\/www.animenewsnetwork.com\/encyclopedia\/anime.php?id=20176"},{"name":"Wikipedia","url":"https:\/\/en.wikipedia.org\/wiki\/Karakai_J%C5%8Dzu_no_Takagi-san"}],"streaming":[]}}