{"data":{"mal_id":37675,"url":"https:\/\/myanimelist.net\/anime\/37675\/Overlord_III","images":{"jpg":{"image_url":"https:\/\/cdn.myanimelist.net\/images\/anime\/1511\/93473.jpg","small_image_url":"https:\/\/cdn.myanimelist.net\/images\/anime\/1511\/93473t.jpg","large_image_url":"https:\/\/cdn.myanimelist.net\/images\/anime\/1511\/93473l.jpg"},"webp":{"image_url":"https:\/\/cdn.myanimelist.net\/images\/anime\/1511\/93473.webp","small_image_url":"https:\/\/cdn.myanimelist.net\/images\/anime\/1511\/93473t.webp","large_image_url":"https:\/\/cdn.myanimelist.net\/images\/anime\/1511\/93473l.webp"}},"trailer":{"youtube_id":"awYU-9jVZxE","url":"https:\/\/www.youtube.com\/watch?v=awYU-9jVZxE","embed_url":"https:\/\/www.youtube.com\/embed\/awYU-9jVZxE?enablejsapi=1&wmode=opaque&autoplay=1","images":{"image_url":"https:\/\/img.youtube.com\/vi\/awYU-9jVZxE\/default.jpg","small_image_url":"https:\/\/img.youtube.com\/vi\/awYU-9jVZxE\/sddefault.jpg","medium_image_url":"https:\/\/img.youtube.com\/vi\/awYU-9jVZxE\/mqdefault.jpg","large_image_url":"https:\/\/img.youtube.com\/vi\/awYU-9jVZxE\/hqdefault.jpg","maximum_image_url":"https:\/\/img.youtube.com\/vi\/awYU-9jVZxE\/maxresdefault.jpg"}},"approved":true,"titles":[{"type":"Default","title":"Overlord III"},{"type":"Japanese","title":"\u30aa\u30fc\u30d0\u30fc\u30ed\u30fc\u30c9\u2162"},{"type":"English","title":"Overlord III"}],"title":"Overlord III","title_english":"Overlord III","title_japanese":"\u30aa\u30fc\u30d0\u30fc\u30ed\u30fc\u30c9\u2162","title_synonyms":[],"type":"TV","source":"Light novel","episodes":13,"status":"Finished Airing","airing":false,"aired":{"from":"2018-07-10T00:00:00+00:00","to":"2018-10-02T00:00:00+00:00","prop":{"from":{"day":10,"month":7,"year":2018},"to":{"day":2,"month":10,"year":2018}},"string":"Jul 10, 2018 to Oct 2, 2018"},"duration":"23 min per ep","rating":"R - 17+ (violence & profanity)","score":7.92,"scored_by":546160,"rank":731,"popularity":185,"members":878032,"favorites":5352,"synopsis":"Following the horrific assault on the Re-Estize capital city, the Guardians of the Great Tomb of Nazarick return home to their master Ainz Ooal Gown. After months of laying the groundwork, they are finally ready to set their plans of world domination into action.\n\nAs Ainz's war machine gathers strength, the rest of the world keeps moving. The remote Carne Village, which Ainz once saved from certain doom, continues to prosper despite the many threats on its doorstep. And in the northeastern Baharuth Empire, a certain Bloody Emperor sets his sights on the rising power of Nazarick.\n\nBlood is shed, heroes fall, and nations rise. Can anyone, or anything, challenge the supreme power of Ainz Ooal Gown?\n\n[Written by MAL Rewrite]","background":"Overlord III adapts novels 7 to 9.","season":"summer","year":2018,"broadcast":{"day":"Tuesdays","time":"22:00","timezone":"Asia\/Tokyo","string":"Tuesdays at 22:00 (JST)"},"producers":[{"mal_id":238,"type":"anime","name":"AT-X","url":"https:\/\/myanimelist.net\/anime\/producer\/238\/AT-X"},{"mal_id":1333,"type":"anime","name":"Hakuhodo DY Music & Pictures","url":"https:\/\/myanimelist.net\/anime\/producer\/1333\/Hakuhodo_DY_Music___Pictures"},{"mal_id":1614,"type":"anime","name":"NTT Plala","url":"https:\/\/myanimelist.net\/anime\/producer\/1614\/NTT_Plala"},{"mal_id":1696,"type":"anime","name":"Kadokawa","url":"https:\/\/myanimelist.net\/anime\/producer\/1696\/Kadokawa"}],"licensors":[{"mal_id":102,"type":"anime","name":"Funimation","url":"https:\/\/myanimelist.net\/anime\/producer\/102\/Funimation"}],"studios":[{"mal_id":11,"type":"anime","name":"Madhouse","url":"https:\/\/myanimelist.net\/anime\/producer\/11\/Madhouse"}],"genres":[{"mal_id":1,"type":"anime","name":"Action","url":"https:\/\/myanimelist.net\/anime\/genre\/1\/Action"},{"mal_id":2,"type":"anime","name":"Adventure","url":"https:\/\/myanimelist.net\/anime\/genre\/2\/Adventure"},{"mal_id":10,"type":"anime","name":"Fantasy","url":"https:\/\/myanimelist.net\/anime\/genre\/10\/Fantasy"}],"explicit_genres":[],"themes":[{"mal_id":62,"type":"anime","name":"Isekai","url":"https:\/\/myanimelist.net\/anime\/genre\/62\/Isekai"}],"demographics":[],"relations":[{"relation":"Adaptation","entry":[{"mal_id":81669,"type":"manga","name":"Overlord","url":"https:\/\/myanimelist.net\/manga\/81669\/Overlord"}]},{"relation":"Prequel","entry":[{"mal_id":35073,"type":"anime","name":"Overlord II","url":"https:\/\/myanimelist.net\/anime\/35073\/Overlord_II"}]},{"relation":"Other","entry":[{"mal_id":37781,"type":"anime","name":"Overlord: Ple Ple Pleiades 3","url":"https:\/\/myanimelist.net\/anime\/37781\/Overlord__Ple_Ple_Pleiades_3"}]},{"relation":"Sequel","entry":[{"mal_id":48895,"type":"anime","name":"Overlord IV","url":"https:\/\/myanimelist.net\/anime\/48895\/Overlord_IV"}]}],"theme":{"openings":["\"VORACITY\" by MYTH\uff06ROID"],"endings":["\"Silent Solitude\" by OxT"]},"external":[{"name":"Official Site","url":"http:\/\/overlord-anime.com\/"},{"name":"AniDB","url":"https:\/\/anidb.net\/perl-bin\/animedb.pl?show=anime&aid=14008"},{"name":"ANN","url":"https:\/\/www.animenewsnetwork.com\/encyclopedia\/anime.php?id=21105"},{"name":"Wikipedia","url":"http:\/\/en.wikipedia.org\/wiki\/Overlord_(novel_series)"}],"streaming":[{"name":"Crunchyroll","url":"http:\/\/www.crunchyroll.com\/series-273203"},{"name":"Animax Mongolia","url":"https:\/\/www.animax.app\/"}]}}