{"data":{"mal_id":37804,"url":"https:\/\/myanimelist.net\/anime\/37804\/Shirobako_Movie","images":{"jpg":{"image_url":"https:\/\/cdn.myanimelist.net\/images\/anime\/1328\/111351.jpg","small_image_url":"https:\/\/cdn.myanimelist.net\/images\/anime\/1328\/111351t.jpg","large_image_url":"https:\/\/cdn.myanimelist.net\/images\/anime\/1328\/111351l.jpg"},"webp":{"image_url":"https:\/\/cdn.myanimelist.net\/images\/anime\/1328\/111351.webp","small_image_url":"https:\/\/cdn.myanimelist.net\/images\/anime\/1328\/111351t.webp","large_image_url":"https:\/\/cdn.myanimelist.net\/images\/anime\/1328\/111351l.webp"}},"trailer":{"youtube_id":"P6Q1tz83SDI","url":"https:\/\/www.youtube.com\/watch?v=P6Q1tz83SDI","embed_url":"https:\/\/www.youtube.com\/embed\/P6Q1tz83SDI?enablejsapi=1&wmode=opaque&autoplay=1","images":{"image_url":"https:\/\/img.youtube.com\/vi\/P6Q1tz83SDI\/default.jpg","small_image_url":"https:\/\/img.youtube.com\/vi\/P6Q1tz83SDI\/sddefault.jpg","medium_image_url":"https:\/\/img.youtube.com\/vi\/P6Q1tz83SDI\/mqdefault.jpg","large_image_url":"https:\/\/img.youtube.com\/vi\/P6Q1tz83SDI\/hqdefault.jpg","maximum_image_url":"https:\/\/img.youtube.com\/vi\/P6Q1tz83SDI\/maxresdefault.jpg"}},"approved":true,"titles":[{"type":"Default","title":"Shirobako Movie"},{"type":"Synonym","title":"White Box Movie"},{"type":"Japanese","title":"\u5287\u5834\u7248 SHIROBAKO"}],"title":"Shirobako Movie","title_english":null,"title_japanese":"\u5287\u5834\u7248 SHIROBAKO","title_synonyms":["White Box Movie"],"type":"Movie","source":"Original","episodes":1,"status":"Finished Airing","airing":false,"aired":{"from":"2020-02-29T00:00:00+00:00","to":null,"prop":{"from":{"day":29,"month":2,"year":2020},"to":{"day":null,"month":null,"year":null}},"string":"Feb 29, 2020"},"duration":"2 hr","rating":"PG-13 - Teens 13 or older","score":7.67,"scored_by":13058,"rank":1247,"popularity":3016,"members":49532,"favorites":71,"synopsis":"Four years after the production of Daisan Hikou Shoujotai, the once renowned Musashino Animation\u2014commonly known as \"Musani\"\u2014is in a dire state. The abrupt cancellation of an ambitious project left the company in financial turmoil, causing most of the staff members to resign. Since then, Musani has failed to create any remarkable works and gradually lost its luster. Despite her wavering optimism, producer Aoi Miyamori is unwilling to let this situation continue. Luckily, her opportunity comes in the form of SIVA, an original feature film scheduled to release in 10 months.\n\nMeanwhile, Aoi's friends are also facing problems with their own professions: animation supervisor Ema Yasuhara is struggling to keep up with her tight schedule; reporter and voice actress Shizuka Sakaki is discontent with the lack of anime roles; screenwriter Midori Imai has been unable to find inspiration since her previous failure; and 3D artist Misa Toudou is concerned that her excessive passion hinders her career.\n\nWhile the anime industry is one full of setbacks and uncertainties, the five girls are all hellbent on persevering through the arduous path ahead\u2014which just might bring them a step closer to accomplishing their shared dream.\n\n[Written by MAL Rewrite]","background":"Shirobako Movie premiered in North American theaters on August 10, 2021. The film was released on Blu-ray and DVD as Shirobako The Movie by Shout! Factory and Eleven Arts on December 7, 2021.","season":null,"year":null,"broadcast":{"day":null,"time":null,"timezone":null,"string":null},"producers":[{"mal_id":64,"type":"anime","name":"Sotsu","url":"https:\/\/myanimelist.net\/anime\/producer\/64\/Sotsu"},{"mal_id":1386,"type":"anime","name":"Infinite","url":"https:\/\/myanimelist.net\/anime\/producer\/1386\/Infinite"},{"mal_id":2135,"type":"anime","name":"Imagine","url":"https:\/\/myanimelist.net\/anime\/producer\/2135\/Imagine"}],"licensors":[{"mal_id":531,"type":"anime","name":"Eleven Arts","url":"https:\/\/myanimelist.net\/anime\/producer\/531\/Eleven_Arts"}],"studios":[{"mal_id":132,"type":"anime","name":"P.A. Works","url":"https:\/\/myanimelist.net\/anime\/producer\/132\/PA_Works"}],"genres":[{"mal_id":4,"type":"anime","name":"Comedy","url":"https:\/\/myanimelist.net\/anime\/genre\/4\/Comedy"},{"mal_id":8,"type":"anime","name":"Drama","url":"https:\/\/myanimelist.net\/anime\/genre\/8\/Drama"}],"explicit_genres":[],"themes":[{"mal_id":50,"type":"anime","name":"Adult Cast","url":"https:\/\/myanimelist.net\/anime\/genre\/50\/Adult_Cast"},{"mal_id":69,"type":"anime","name":"Otaku Culture","url":"https:\/\/myanimelist.net\/anime\/genre\/69\/Otaku_Culture"},{"mal_id":48,"type":"anime","name":"Workplace","url":"https:\/\/myanimelist.net\/anime\/genre\/48\/Workplace"}],"demographics":[],"relations":[{"relation":"Prequel","entry":[{"mal_id":25835,"type":"anime","name":"Shirobako","url":"https:\/\/myanimelist.net\/anime\/25835\/Shirobako"}]},{"relation":"Other","entry":[{"mal_id":49560,"type":"anime","name":"Shirobako Movie: C96 Gentei Gekijou Maeuriken Kokuchi Eizou","url":"https:\/\/myanimelist.net\/anime\/49560\/Shirobako_Movie__C96_Gentei_Gekijou_Maeuriken_Kokuchi_Eizou"}]}],"theme":{"openings":[],"endings":["\"Hoshi wo Atsumete (\u661f\u3092\u3042\u3064\u3081\u3066)\" by fh\u00e1na"]},"external":[{"name":"Official Site","url":"http:\/\/shirobako-movie.com"},{"name":"AniDB","url":"https:\/\/anidb.net\/perl-bin\/animedb.pl?show=anime&aid=14061"},{"name":"ANN","url":"https:\/\/www.animenewsnetwork.com\/encyclopedia\/anime.php?id=22595"},{"name":"Wikipedia","url":"http:\/\/en.wikipedia.org\/wiki\/Shirobako"}],"streaming":[]}}