{"data":{"mal_id":3782,"url":"https:\/\/myanimelist.net\/anime\/3782\/Kara_no_Kyoukai_Movie_2__Satsujin_Kousatsu_Zen","images":{"jpg":{"image_url":"https:\/\/cdn.myanimelist.net\/images\/anime\/3\/21737.jpg","small_image_url":"https:\/\/cdn.myanimelist.net\/images\/anime\/3\/21737t.jpg","large_image_url":"https:\/\/cdn.myanimelist.net\/images\/anime\/3\/21737l.jpg"},"webp":{"image_url":"https:\/\/cdn.myanimelist.net\/images\/anime\/3\/21737.webp","small_image_url":"https:\/\/cdn.myanimelist.net\/images\/anime\/3\/21737t.webp","large_image_url":"https:\/\/cdn.myanimelist.net\/images\/anime\/3\/21737l.webp"}},"trailer":{"youtube_id":"djYFAV1gO6U","url":"https:\/\/www.youtube.com\/watch?v=djYFAV1gO6U","embed_url":"https:\/\/www.youtube.com\/embed\/djYFAV1gO6U?enablejsapi=1&wmode=opaque&autoplay=1","images":{"image_url":"https:\/\/img.youtube.com\/vi\/djYFAV1gO6U\/default.jpg","small_image_url":"https:\/\/img.youtube.com\/vi\/djYFAV1gO6U\/sddefault.jpg","medium_image_url":"https:\/\/img.youtube.com\/vi\/djYFAV1gO6U\/mqdefault.jpg","large_image_url":"https:\/\/img.youtube.com\/vi\/djYFAV1gO6U\/hqdefault.jpg","maximum_image_url":"https:\/\/img.youtube.com\/vi\/djYFAV1gO6U\/maxresdefault.jpg"}},"approved":true,"titles":[{"type":"Default","title":"Kara no Kyoukai Movie 2: Satsujin Kousatsu (Zen)"},{"type":"Synonym","title":"Kara no Kyoukai: The Garden of Sinners Movie 2"},{"type":"Synonym","title":"Borderline of Emptiness: Murder Speculation"},{"type":"Synonym","title":"The Garden of Sinners: A Study in Murder"},{"type":"Synonym","title":"The Garden of Sinners: \u2026and nothing heart."},{"type":"Japanese","title":"\u5287\u5834\u7248 \u7a7a\u306e\u5883\u754c the Garden of sinners \u7b2c\u4e8c\u7ae0\u300e\u6bba\u4eba\u8003\u5bdf\uff08\u524d\uff09\u300f"},{"type":"English","title":"The Garden of Sinners Chapter 2: A Study in Murder - Part 1"},{"type":"German","title":"The Garden of Sinners Film 2: Mordverdacht Teil 1"},{"type":"French","title":"The Garden of Sinners Film 2: Enqu\u00eate criminelle Partie 1"}],"title":"Kara no Kyoukai Movie 2: Satsujin Kousatsu (Zen)","title_english":"The Garden of Sinners Chapter 2: A Study in Murder - Part 1","title_japanese":"\u5287\u5834\u7248 \u7a7a\u306e\u5883\u754c the Garden of sinners \u7b2c\u4e8c\u7ae0\u300e\u6bba\u4eba\u8003\u5bdf\uff08\u524d\uff09\u300f","title_synonyms":["Kara no Kyoukai: The Garden of Sinners Movie 2","Borderline of Emptiness: Murder Speculation","The Garden of Sinners: A Study in Murder","The Garden of Sinners: \u2026and nothing heart."],"type":"Movie","source":"Light novel","episodes":1,"status":"Finished Airing","airing":false,"aired":{"from":"2007-12-29T00:00:00+00:00","to":null,"prop":{"from":{"day":29,"month":12,"year":2007},"to":{"day":null,"month":null,"year":null}},"string":"Dec 29, 2007"},"duration":"1 hr","rating":"R - 17+ (violence & profanity)","score":7.77,"scored_by":145943,"rank":1018,"popularity":977,"members":237242,"favorites":463,"synopsis":"In the winter of 1995, Mikiya Kokutou passes a young woman during a late night stroll in the snow. Clad in a striking white kimono and bearing an enigmatic gaze, Shiki Ryougi smiles at Mikiya who stares back with curiosity. Later that spring, Mikiya notices Shiki at his high school entrance ceremony, and they become acquaintances through lunchtime conversations. As Shiki begins opening up to him, Mikiya learns about her unique upbringing.\n\nMeanwhile, a series of unprecedented murders takes place across Mifune City. Seemingly related, these murders are particularly brutal and warrant a large scale police investigation. Because of his cousin's work as a police investigator, Mikiya is given insight into the investigation. Concerned for Shiki's safety, Mikiya decides to monitor her actions, but in doing so, he stumbles upon a truly frightening discovery that changes his life forever.\n\n[Written by MAL Rewrite]","background":"Includes claymation short which was shown before the movie in theaters.","season":null,"year":null,"broadcast":{"day":null,"time":null,"timezone":null,"string":null},"producers":[{"mal_id":703,"type":"anime","name":"Notes","url":"https:\/\/myanimelist.net\/anime\/producer\/703\/Notes"}],"licensors":[{"mal_id":493,"type":"anime","name":"Aniplex of America","url":"https:\/\/myanimelist.net\/anime\/producer\/493\/Aniplex_of_America"}],"studios":[{"mal_id":43,"type":"anime","name":"ufotable","url":"https:\/\/myanimelist.net\/anime\/producer\/43\/ufotable"}],"genres":[{"mal_id":1,"type":"anime","name":"Action","url":"https:\/\/myanimelist.net\/anime\/genre\/1\/Action"},{"mal_id":7,"type":"anime","name":"Mystery","url":"https:\/\/myanimelist.net\/anime\/genre\/7\/Mystery"},{"mal_id":22,"type":"anime","name":"Romance","url":"https:\/\/myanimelist.net\/anime\/genre\/22\/Romance"},{"mal_id":37,"type":"anime","name":"Supernatural","url":"https:\/\/myanimelist.net\/anime\/genre\/37\/Supernatural"},{"mal_id":41,"type":"anime","name":"Suspense","url":"https:\/\/myanimelist.net\/anime\/genre\/41\/Suspense"}],"explicit_genres":[],"themes":[],"demographics":[],"relations":[{"relation":"Adaptation","entry":[{"mal_id":2062,"type":"manga","name":"Kara no Kyoukai: The Garden of Sinners","url":"https:\/\/myanimelist.net\/manga\/2062\/Kara_no_Kyoukai__The_Garden_of_Sinners"}]},{"relation":"Prequel","entry":[{"mal_id":2593,"type":"anime","name":"Kara no Kyoukai Movie 1: Fukan Fuukei","url":"https:\/\/myanimelist.net\/anime\/2593\/Kara_no_Kyoukai_Movie_1__Fukan_Fuukei"}]},{"relation":"Sequel","entry":[{"mal_id":3783,"type":"anime","name":"Kara no Kyoukai Movie 3: Tsuukaku Zanryuu","url":"https:\/\/myanimelist.net\/anime\/3783\/Kara_no_Kyoukai_Movie_3__Tsuukaku_Zanryuu"}]},{"relation":"Summary","entry":[{"mal_id":6624,"type":"anime","name":"Kara no Kyoukai Remix: Gate of Seventh Heaven","url":"https:\/\/myanimelist.net\/anime\/6624\/Kara_no_Kyoukai_Remix__Gate_of_Seventh_Heaven"}]},{"relation":"Other","entry":[{"mal_id":23697,"type":"anime","name":"Kara no Kyoukai: Manner Movies","url":"https:\/\/myanimelist.net\/anime\/23697\/Kara_no_Kyoukai__Manner_Movies"}]}],"theme":{"openings":["\"None\""],"endings":["\"Kimi ga Hikari ni Kaete Iku\" by Kalafina"]},"external":[{"name":"Official Site","url":"http:\/\/www.karanokyoukai.com\/archive\/chapter2.html"},{"name":"AniDB","url":"https:\/\/anidb.net\/perl-bin\/animedb.pl?show=anime&aid=4932"},{"name":"ANN","url":"https:\/\/www.animenewsnetwork.com\/encyclopedia\/anime.php?id=7472"},{"name":"Wikipedia","url":"http:\/\/en.wikipedia.org\/wiki\/Kara_no_Ky%C5%8Dkai"}],"streaming":[]}}