{"data":{"mal_id":37869,"url":"https:\/\/myanimelist.net\/anime\/37869\/BanG_Dream_2nd_Season","images":{"jpg":{"image_url":"https:\/\/cdn.myanimelist.net\/images\/anime\/1967\/108632.jpg","small_image_url":"https:\/\/cdn.myanimelist.net\/images\/anime\/1967\/108632t.jpg","large_image_url":"https:\/\/cdn.myanimelist.net\/images\/anime\/1967\/108632l.jpg"},"webp":{"image_url":"https:\/\/cdn.myanimelist.net\/images\/anime\/1967\/108632.webp","small_image_url":"https:\/\/cdn.myanimelist.net\/images\/anime\/1967\/108632t.webp","large_image_url":"https:\/\/cdn.myanimelist.net\/images\/anime\/1967\/108632l.webp"}},"trailer":{"youtube_id":"e1QBHnjxRkg","url":"https:\/\/www.youtube.com\/watch?v=e1QBHnjxRkg","embed_url":"https:\/\/www.youtube.com\/embed\/e1QBHnjxRkg?enablejsapi=1&wmode=opaque&autoplay=1","images":{"image_url":"https:\/\/img.youtube.com\/vi\/e1QBHnjxRkg\/default.jpg","small_image_url":"https:\/\/img.youtube.com\/vi\/e1QBHnjxRkg\/sddefault.jpg","medium_image_url":"https:\/\/img.youtube.com\/vi\/e1QBHnjxRkg\/mqdefault.jpg","large_image_url":"https:\/\/img.youtube.com\/vi\/e1QBHnjxRkg\/hqdefault.jpg","maximum_image_url":"https:\/\/img.youtube.com\/vi\/e1QBHnjxRkg\/maxresdefault.jpg"}},"approved":true,"titles":[{"type":"Default","title":"BanG Dream! 2nd Season"},{"type":"Japanese","title":"BanG Dream!\uff08\u30d0\u30f3\u30c9\u30ea\uff01\uff09\u7b2c2\u671f"},{"type":"English","title":"BanG Dream! 2nd Season"},{"type":"German","title":"BanG Dream! Staffel 2"},{"type":"Spanish","title":"BanG Dream! Temporada 2"},{"type":"French","title":"BanG Dream! Saison 2"}],"title":"BanG Dream! 2nd Season","title_english":"BanG Dream! 2nd Season","title_japanese":"BanG Dream!\uff08\u30d0\u30f3\u30c9\u30ea\uff01\uff09\u7b2c2\u671f","title_synonyms":[],"type":"TV","source":"Mixed media","episodes":13,"status":"Finished Airing","airing":false,"aired":{"from":"2019-01-03T00:00:00+00:00","to":"2019-03-28T00:00:00+00:00","prop":{"from":{"day":3,"month":1,"year":2019},"to":{"day":28,"month":3,"year":2019}},"string":"Jan 3, 2019 to Mar 28, 2019"},"duration":"24 min per ep","rating":"PG-13 - Teens 13 or older","score":7.6,"scored_by":21573,"rank":1429,"popularity":3244,"members":43342,"favorites":434,"synopsis":"Kasumi Toyama and the members of Poppin'Party\u2014their high school band\u2014are now second-year students, but with the new school year comes their latest set of challenges: student council duties, cram school, and part-time jobs, among other things. Furthermore, they are now separated into different classes, and as a result, their free time together is shortened. Looking back, their joyful times together seem like nothing more than an unachievable fantasy when their members are too occupied to even gather in Arisa Ichigaya's basement for practice sessions. As the band ponders over the situation, an unfamiliar girl suddenly emerges, unknowingly pulling them into the spotlight once more.\n\nIn this rising era of girl bands, Afterglow, Pastel*Palettes, Roselia, and Hello, Happy World! begin to make their appearance as well. Each band, comprised of musicians with their unique personalities, illuminates the stage with its performances. As Poppin'Party returns to the music scene and encounters new friends, the sparkling, heart-pounding music starts to play once again!\n\n[Written by MAL Rewrite]","background":"BanG Dream! 2nd Season is a part of the \"BanG Dream!\" multimedia franchise, which was developed by Bushiroad in January 2015. The franchise also released a mobile rhythm game, titled BanG Dream! Girls Band Party! for iOS and Android, which was developed by CraftEgg and published by Bushiroad. The Japanese version was released in March 2017, and the English version in April 2018. As of July 30, 2018, the game has surpassed 10 million downloads worldwide.","season":"winter","year":2019,"broadcast":{"day":"Thursdays","time":"23:00","timezone":"Asia\/Tokyo","string":"Thursdays at 23:00 (JST)"},"producers":[{"mal_id":539,"type":"anime","name":"Ultra Super Pictures","url":"https:\/\/myanimelist.net\/anime\/producer\/539\/Ultra_Super_Pictures"},{"mal_id":775,"type":"anime","name":"Bushiroad","url":"https:\/\/myanimelist.net\/anime\/producer\/775\/Bushiroad"},{"mal_id":1211,"type":"anime","name":"Tokyo MX","url":"https:\/\/myanimelist.net\/anime\/producer\/1211\/Tokyo_MX"},{"mal_id":1261,"type":"anime","name":"Good Smile Company","url":"https:\/\/myanimelist.net\/anime\/producer\/1261\/Good_Smile_Company"},{"mal_id":2015,"type":"anime","name":"HoriPro International","url":"https:\/\/myanimelist.net\/anime\/producer\/2015\/HoriPro_International"},{"mal_id":2088,"type":"anime","name":"Cloud22","url":"https:\/\/myanimelist.net\/anime\/producer\/2088\/Cloud22"}],"licensors":[{"mal_id":376,"type":"anime","name":"Sentai Filmworks","url":"https:\/\/myanimelist.net\/anime\/producer\/376\/Sentai_Filmworks"}],"studios":[{"mal_id":537,"type":"anime","name":"SANZIGEN","url":"https:\/\/myanimelist.net\/anime\/producer\/537\/SANZIGEN"}],"genres":[],"explicit_genres":[],"themes":[{"mal_id":19,"type":"anime","name":"Music","url":"https:\/\/myanimelist.net\/anime\/genre\/19\/Music"}],"demographics":[],"relations":[{"relation":"Prequel","entry":[{"mal_id":33573,"type":"anime","name":"BanG Dream!","url":"https:\/\/myanimelist.net\/anime\/33573\/BanG_Dream"}]},{"relation":"Sequel","entry":[{"mal_id":37870,"type":"anime","name":"BanG Dream! 3rd Season","url":"https:\/\/myanimelist.net\/anime\/37870\/BanG_Dream_3rd_Season"}]},{"relation":"Other","entry":[{"mal_id":39619,"type":"anime","name":"BanG Dream! Film Live","url":"https:\/\/myanimelist.net\/anime\/39619\/BanG_Dream_Film_Live"}]},{"relation":"Character","entry":[{"mal_id":51087,"type":"anime","name":"Repaint","url":"https:\/\/myanimelist.net\/anime\/51087\/Repaint"},{"mal_id":51478,"type":"anime","name":"!NVADE SHOW!","url":"https:\/\/myanimelist.net\/anime\/51478\/NVADE_SHOW"},{"mal_id":54262,"type":"anime","name":"Dokusou Shuusa","url":"https:\/\/myanimelist.net\/anime\/54262\/Dokusou_Shuusa"},{"mal_id":54274,"type":"anime","name":"Happy! Happier! Happiest!","url":"https:\/\/myanimelist.net\/anime\/54274\/Happy_Happier_Happiest"}]}],"theme":{"openings":["1: \"\u30ad\u30ba\u30ca\u30df\u30e5\u30fc\u30b8\u30c3\u30af\u266a (Kizuna Music\u266a)\"\" by Poppin'Party (eps 1, 3-9, 12)","2: \"BRAVE JEWEL\" by Roselia (eps 2, 10-11)"],"endings":["1: \"Safe and Sound\" by Roselia (eps 2, 9-10)","2: \"Jumpin'\" by Poppin'Party (eps 3-8, 11-12)","3: \"\u30ad\u30ba\u30ca\u30df\u30e5\u30fc\u30b8\u30c3\u30af\u266a (Kizuna Music\u266a)\"\" by Poppin'Party (eps 13)"]},"external":[{"name":"Official Site","url":"https:\/\/anime.bang-dream.com\/2nd\/"},{"name":"AniDB","url":"https:\/\/anidb.net\/perl-bin\/animedb.pl?show=anime&aid=14075"},{"name":"ANN","url":"https:\/\/www.animenewsnetwork.com\/encyclopedia\/anime.php?id=21289"},{"name":"Wikipedia","url":"https:\/\/ja.wikipedia.org\/wiki\/BanG_Dream!"}],"streaming":[{"name":"Crunchyroll","url":"http:\/\/www.crunchyroll.com\/series-272389"},{"name":"HIDIVE","url":"https:\/\/www.hidive.com\/tv\/bang-dream-s2"}]}}