{"data":{"mal_id":37873,"url":"https:\/\/myanimelist.net\/anime\/37873\/BanG_Dream_Garupa\u2606Pico","images":{"jpg":{"image_url":"https:\/\/cdn.myanimelist.net\/images\/anime\/1341\/92872.jpg","small_image_url":"https:\/\/cdn.myanimelist.net\/images\/anime\/1341\/92872t.jpg","large_image_url":"https:\/\/cdn.myanimelist.net\/images\/anime\/1341\/92872l.jpg"},"webp":{"image_url":"https:\/\/cdn.myanimelist.net\/images\/anime\/1341\/92872.webp","small_image_url":"https:\/\/cdn.myanimelist.net\/images\/anime\/1341\/92872t.webp","large_image_url":"https:\/\/cdn.myanimelist.net\/images\/anime\/1341\/92872l.webp"}},"trailer":{"youtube_id":"4tkNXd7LcGQ","url":"https:\/\/www.youtube.com\/watch?v=4tkNXd7LcGQ","embed_url":"https:\/\/www.youtube.com\/embed\/4tkNXd7LcGQ?enablejsapi=1&wmode=opaque&autoplay=1","images":{"image_url":"https:\/\/img.youtube.com\/vi\/4tkNXd7LcGQ\/default.jpg","small_image_url":"https:\/\/img.youtube.com\/vi\/4tkNXd7LcGQ\/sddefault.jpg","medium_image_url":"https:\/\/img.youtube.com\/vi\/4tkNXd7LcGQ\/mqdefault.jpg","large_image_url":"https:\/\/img.youtube.com\/vi\/4tkNXd7LcGQ\/hqdefault.jpg","maximum_image_url":"https:\/\/img.youtube.com\/vi\/4tkNXd7LcGQ\/maxresdefault.jpg"}},"approved":true,"titles":[{"type":"Default","title":"BanG Dream! Garupa\u2606Pico"},{"type":"Synonym","title":"BanG Dream! Garupa Pico"},{"type":"Synonym","title":"BanG Dream! Girls Band Party!\u2606PICO"},{"type":"Japanese","title":"BanG Dream! \u30ac\u30eb\u30d1\u2606\u30d4\u30b3"}],"title":"BanG Dream! Garupa\u2606Pico","title_english":null,"title_japanese":"BanG Dream! \u30ac\u30eb\u30d1\u2606\u30d4\u30b3","title_synonyms":["BanG Dream! Garupa Pico","BanG Dream! Girls Band Party!\u2606PICO"],"type":"ONA","source":"Mixed media","episodes":26,"status":"Finished Airing","airing":false,"aired":{"from":"2018-07-05T00:00:00+00:00","to":"2018-12-27T00:00:00+00:00","prop":{"from":{"day":5,"month":7,"year":2018},"to":{"day":27,"month":12,"year":2018}},"string":"Jul 5, 2018 to Dec 27, 2018"},"duration":"3 min per ep","rating":"PG-13 - Teens 13 or older","score":7.75,"scored_by":11457,"rank":1044,"popularity":4550,"members":21597,"favorites":140,"synopsis":"Mini anime series featuring the girls from Girls Band Party!","background":null,"season":null,"year":null,"broadcast":{"day":null,"time":null,"timezone":null,"string":null},"producers":[],"licensors":[],"studios":[{"mal_id":537,"type":"anime","name":"SANZIGEN","url":"https:\/\/myanimelist.net\/anime\/producer\/537\/SANZIGEN"},{"mal_id":1673,"type":"anime","name":"DMM.futureworks","url":"https:\/\/myanimelist.net\/anime\/producer\/1673\/DMMfutureworks"}],"genres":[{"mal_id":4,"type":"anime","name":"Comedy","url":"https:\/\/myanimelist.net\/anime\/genre\/4\/Comedy"}],"explicit_genres":[],"themes":[{"mal_id":19,"type":"anime","name":"Music","url":"https:\/\/myanimelist.net\/anime\/genre\/19\/Music"}],"demographics":[],"relations":[{"relation":"Adaptation","entry":[{"mal_id":119431,"type":"manga","name":"BanG Dream! Garupa\u2606Pico Comic Anthology","url":"https:\/\/myanimelist.net\/manga\/119431\/BanG_Dream_Garupa\u2606Pico_Comic_Anthology"}]},{"relation":"Parent story","entry":[{"mal_id":33573,"type":"anime","name":"BanG Dream!","url":"https:\/\/myanimelist.net\/anime\/33573\/BanG_Dream"}]},{"relation":"Sequel","entry":[{"mal_id":40854,"type":"anime","name":"BanG Dream! Garupa\u2606Pico: Oomori","url":"https:\/\/myanimelist.net\/anime\/40854\/BanG_Dream_Garupa\u2606Pico__Oomori"}]}],"theme":{"openings":[],"endings":["\"Picotto! Papitto!! Garupa\u2606Pico!!! (\u30d4\u30b3\u3063\u3068\uff01\u30d1\u30d4\u3063\u3068!! \u30ac\u30eb\u30d1\u2606\u30d4\u30b3!!!)\" by Kasumi x Ran x Aya x Yukina x Kokoro (\u9999\u6f84\u00d7\u862d\u00d7\u5f69\u00d7\u53cb\u5e0c\u90a3\u00d7\u3053\u3053\u308d)"]},"external":[{"name":"Official Site","url":"https:\/\/anime.bang-dream.com\/pico\/"},{"name":"AniDB","url":"https:\/\/anidb.net\/perl-bin\/animedb.pl?show=anime&aid=14077"},{"name":"ANN","url":"https:\/\/www.animenewsnetwork.com\/encyclopedia\/anime.php?id=21290"}],"streaming":[]}}