{"data":{"mal_id":37932,"url":"https:\/\/myanimelist.net\/anime\/37932\/Quanzhi_Gaoshou_2","images":{"jpg":{"image_url":"https:\/\/cdn.myanimelist.net\/images\/anime\/1573\/109220.jpg","small_image_url":"https:\/\/cdn.myanimelist.net\/images\/anime\/1573\/109220t.jpg","large_image_url":"https:\/\/cdn.myanimelist.net\/images\/anime\/1573\/109220l.jpg"},"webp":{"image_url":"https:\/\/cdn.myanimelist.net\/images\/anime\/1573\/109220.webp","small_image_url":"https:\/\/cdn.myanimelist.net\/images\/anime\/1573\/109220t.webp","large_image_url":"https:\/\/cdn.myanimelist.net\/images\/anime\/1573\/109220l.webp"}},"trailer":{"youtube_id":"p77_1BmuIOg","url":"https:\/\/www.youtube.com\/watch?v=p77_1BmuIOg","embed_url":"https:\/\/www.youtube.com\/embed\/p77_1BmuIOg?enablejsapi=1&wmode=opaque&autoplay=1","images":{"image_url":"https:\/\/img.youtube.com\/vi\/p77_1BmuIOg\/default.jpg","small_image_url":"https:\/\/img.youtube.com\/vi\/p77_1BmuIOg\/sddefault.jpg","medium_image_url":"https:\/\/img.youtube.com\/vi\/p77_1BmuIOg\/mqdefault.jpg","large_image_url":"https:\/\/img.youtube.com\/vi\/p77_1BmuIOg\/hqdefault.jpg","maximum_image_url":"https:\/\/img.youtube.com\/vi\/p77_1BmuIOg\/maxresdefault.jpg"}},"approved":true,"titles":[{"type":"Default","title":"Quanzhi Gaoshou 2"},{"type":"Synonym","title":"Quan Zhi Gao Shou 2nd Season"},{"type":"Synonym","title":"Full-Time Expert 2nd Season"},{"type":"Synonym","title":"Master of Skills 2nd Season"},{"type":"Japanese","title":"\u5168\u804c\u9ad8\u624b2"},{"type":"English","title":"The King's Avatar 2"}],"title":"Quanzhi Gaoshou 2","title_english":"The King's Avatar 2","title_japanese":"\u5168\u804c\u9ad8\u624b2","title_synonyms":["Quan Zhi Gao Shou 2nd Season","Full-Time Expert 2nd Season","Master of Skills 2nd Season"],"type":"ONA","source":"Novel","episodes":12,"status":"Finished Airing","airing":false,"aired":{"from":"2020-09-25T00:00:00+00:00","to":"2020-12-04T00:00:00+00:00","prop":{"from":{"day":25,"month":9,"year":2020},"to":{"day":4,"month":12,"year":2020}},"string":"Sep 25, 2020 to Dec 4, 2020"},"duration":"24 min per ep","rating":"PG-13 - Teens 13 or older","score":7.88,"scored_by":42587,"rank":787,"popularity":1812,"members":115787,"favorites":555,"synopsis":"The \"Unspecialized\" character Lord Grim is infamous in the 10th server of the popular online game Glory. His reputation alone is enough to draw many curious players to his newly formed Guild Happy. Other competing guilds have enough to worry about with some of their own members abandoning them for Happy. However, they are also concerned by rumors that the person behind Lord Grim is really the retired professional gamer and \"Glory Textbook\" Ye Qiu, whom they have little chance of opposing. \n\nUnsure of the truth, the powerhouse guilds attempt to suppress Lord Grim's growing influence, harboring differing motives for doing so. But regardless of what obstacles he faces, Lord Grim is determined to break into the cross-server of Glory\u2014the Heavenly Domain\u2014where characters, including himself, can reach even greater levels. There, he hopes to round out the team of rookies who will fight alongside him in the Challenger League, which would be only their first step toward the coveted Glory Championship.\n\n[Written by MAL Rewrite]","background":null,"season":null,"year":null,"broadcast":{"day":null,"time":null,"timezone":null,"string":null},"producers":[{"mal_id":1727,"type":"anime","name":"Tencent Penguin Pictures","url":"https:\/\/myanimelist.net\/anime\/producer\/1727\/Tencent_Penguin_Pictures"},{"mal_id":1728,"type":"anime","name":"China Literature Limited","url":"https:\/\/myanimelist.net\/anime\/producer\/1728\/China_Literature_Limited"},{"mal_id":1831,"type":"anime","name":"Colored Pencil Animation Japan","url":"https:\/\/myanimelist.net\/anime\/producer\/1831\/Colored_Pencil_Animation_Japan"}],"licensors":[],"studios":[{"mal_id":2509,"type":"anime","name":"Colored Pencil Animation","url":"https:\/\/myanimelist.net\/anime\/producer\/2509\/Colored_Pencil_Animation"}],"genres":[{"mal_id":1,"type":"anime","name":"Action","url":"https:\/\/myanimelist.net\/anime\/genre\/1\/Action"}],"explicit_genres":[],"themes":[{"mal_id":79,"type":"anime","name":"Video Game","url":"https:\/\/myanimelist.net\/anime\/genre\/79\/Video_Game"}],"demographics":[],"relations":[{"relation":"Adaptation","entry":[{"mal_id":120455,"type":"manga","name":"Quanzhi Gaoshou","url":"https:\/\/myanimelist.net\/manga\/120455\/Quanzhi_Gaoshou"}]},{"relation":"Prequel","entry":[{"mal_id":33926,"type":"anime","name":"Quanzhi Gaoshou","url":"https:\/\/myanimelist.net\/anime\/33926\/Quanzhi_Gaoshou"},{"mal_id":37078,"type":"anime","name":"Quanzhi Gaoshou Specials","url":"https:\/\/myanimelist.net\/anime\/37078\/Quanzhi_Gaoshou_Specials"}]},{"relation":"Sequel","entry":[{"mal_id":49559,"type":"anime","name":"Quanzhi Gaoshou 3","url":"https:\/\/myanimelist.net\/anime\/49559\/Quanzhi_Gaoshou_3"}]}],"theme":{"openings":["\"Rongyao Poxiao\" by NZBZ"],"endings":["\"Our Glory Road\" by Mario"]},"external":[{"name":"Official Site","url":"https:\/\/v.qq.com\/detail\/3\/3r7bnv3gdykfdok.html"},{"name":"Wikipedia","url":"https:\/\/zh.wikipedia.org\/wiki\/%E5%85%A8%E8%81%B7%E9%AB%98%E6%89%8B"},{"name":"Baidu Baike","url":"https:\/\/baike.baidu.com\/item\/%E5%85%A8%E8%81%8C%E9%AB%98%E6%89%8B2\/23383996"}],"streaming":[]}}