{"data":{"mal_id":37959,"url":"https:\/\/myanimelist.net\/anime\/37959\/Gakuen_Babysitters_Special","images":{"jpg":{"image_url":"https:\/\/cdn.myanimelist.net\/images\/anime\/1925\/100826.jpg","small_image_url":"https:\/\/cdn.myanimelist.net\/images\/anime\/1925\/100826t.jpg","large_image_url":"https:\/\/cdn.myanimelist.net\/images\/anime\/1925\/100826l.jpg"},"webp":{"image_url":"https:\/\/cdn.myanimelist.net\/images\/anime\/1925\/100826.webp","small_image_url":"https:\/\/cdn.myanimelist.net\/images\/anime\/1925\/100826t.webp","large_image_url":"https:\/\/cdn.myanimelist.net\/images\/anime\/1925\/100826l.webp"}},"trailer":{"youtube_id":null,"url":null,"embed_url":null,"images":{"image_url":null,"small_image_url":null,"medium_image_url":null,"large_image_url":null,"maximum_image_url":null}},"approved":true,"titles":[{"type":"Default","title":"Gakuen Babysitters Special"},{"type":"Synonym","title":"Gakuen Babysitters Episode 13"},{"type":"Japanese","title":"\u5b66\u5712\u30d9\u30d3\u30fc\u30b7\u30c3\u30bf\u30fc\u30ba"},{"type":"English","title":"School Babysitters Episode 13"},{"type":"German","title":"School Babysitters Folge 13 \u2013 Untitled"},{"type":"French","title":"School Babysitters \u00c9pisode 13 \u2013 Untitled"}],"title":"Gakuen Babysitters Special","title_english":"School Babysitters Episode 13","title_japanese":"\u5b66\u5712\u30d9\u30d3\u30fc\u30b7\u30c3\u30bf\u30fc\u30ba","title_synonyms":["Gakuen Babysitters Episode 13"],"type":"Special","source":"Manga","episodes":1,"status":"Finished Airing","airing":false,"aired":{"from":"2018-09-26T00:00:00+00:00","to":null,"prop":{"from":{"day":26,"month":9,"year":2018},"to":{"day":null,"month":null,"year":null}},"string":"Sep 26, 2018"},"duration":"27 min","rating":"PG-13 - Teens 13 or older","score":7.75,"scored_by":21248,"rank":1053,"popularity":3314,"members":41954,"favorites":49,"synopsis":"With the onset of exams Ryuuichi and Kotaro spend less time together and a special version of Snow White is put on by the cast of Gakuen Babysitters. This special episode is bundled with the 7th Blu-ray volume.","background":null,"season":null,"year":null,"broadcast":{"day":null,"time":null,"timezone":null,"string":null},"producers":[],"licensors":[],"studios":[{"mal_id":112,"type":"anime","name":"Brain's Base","url":"https:\/\/myanimelist.net\/anime\/producer\/112\/Brains_Base"}],"genres":[{"mal_id":36,"type":"anime","name":"Slice of Life","url":"https:\/\/myanimelist.net\/anime\/genre\/36\/Slice_of_Life"}],"explicit_genres":[],"themes":[{"mal_id":53,"type":"anime","name":"Childcare","url":"https:\/\/myanimelist.net\/anime\/genre\/53\/Childcare"},{"mal_id":63,"type":"anime","name":"Iyashikei","url":"https:\/\/myanimelist.net\/anime\/genre\/63\/Iyashikei"}],"demographics":[{"mal_id":25,"type":"anime","name":"Shoujo","url":"https:\/\/myanimelist.net\/anime\/genre\/25\/Shoujo"}],"relations":[{"relation":"Prequel","entry":[{"mal_id":35222,"type":"anime","name":"Gakuen Babysitters","url":"https:\/\/myanimelist.net\/anime\/35222\/Gakuen_Babysitters"}]}],"theme":{"openings":["\"Endless happy world\" by Daisuke Ono"],"endings":["\"Oshiete yo (\u304a\u3057\u3048\u3066\u30e7)\" by Hyorotto Danshi (\u3072\u3087\u308d\u3063\u3068\u7537\u5b50) (Koutarou Nishiyama & Yuuichirou Umehara)"]},"external":[{"name":"Official Site","url":"http:\/\/gakubaby-anime.com\/"},{"name":"AniDB","url":"https:\/\/anidb.net\/perl-bin\/animedb.pl?show=anime&aid=13023"},{"name":"Wikipedia","url":"https:\/\/en.wikipedia.org\/wiki\/School_Babysitters"}],"streaming":[{"name":"Crunchyroll","url":"http:\/\/www.crunchyroll.com\/series-275127"}]}}