{"data":{"mal_id":37984,"url":"https:\/\/myanimelist.net\/anime\/37984\/Kumo_desu_ga_Nani_ka","images":{"jpg":{"image_url":"https:\/\/cdn.myanimelist.net\/images\/anime\/1593\/113724.jpg","small_image_url":"https:\/\/cdn.myanimelist.net\/images\/anime\/1593\/113724t.jpg","large_image_url":"https:\/\/cdn.myanimelist.net\/images\/anime\/1593\/113724l.jpg"},"webp":{"image_url":"https:\/\/cdn.myanimelist.net\/images\/anime\/1593\/113724.webp","small_image_url":"https:\/\/cdn.myanimelist.net\/images\/anime\/1593\/113724t.webp","large_image_url":"https:\/\/cdn.myanimelist.net\/images\/anime\/1593\/113724l.webp"}},"trailer":{"youtube_id":"xpPJIKUsbls","url":"https:\/\/www.youtube.com\/watch?v=xpPJIKUsbls","embed_url":"https:\/\/www.youtube.com\/embed\/xpPJIKUsbls?enablejsapi=1&wmode=opaque&autoplay=1","images":{"image_url":"https:\/\/img.youtube.com\/vi\/xpPJIKUsbls\/default.jpg","small_image_url":"https:\/\/img.youtube.com\/vi\/xpPJIKUsbls\/sddefault.jpg","medium_image_url":"https:\/\/img.youtube.com\/vi\/xpPJIKUsbls\/mqdefault.jpg","large_image_url":"https:\/\/img.youtube.com\/vi\/xpPJIKUsbls\/hqdefault.jpg","maximum_image_url":"https:\/\/img.youtube.com\/vi\/xpPJIKUsbls\/maxresdefault.jpg"}},"approved":true,"titles":[{"type":"Default","title":"Kumo desu ga, Nani ka?"},{"type":"Japanese","title":"\u8718\u86db\u3067\u3059\u304c\u3001\u306a\u306b\u304b\uff1f"},{"type":"English","title":"So I'm a Spider, So What?"},{"type":"German","title":"So I'm a Spider, So What?"},{"type":"Spanish","title":"So I'm a Spider, So What?"},{"type":"French","title":"So I'm a Spider, So What?"}],"title":"Kumo desu ga, Nani ka?","title_english":"So I'm a Spider, So What?","title_japanese":"\u8718\u86db\u3067\u3059\u304c\u3001\u306a\u306b\u304b\uff1f","title_synonyms":[],"type":"TV","source":"Light novel","episodes":24,"status":"Finished Airing","airing":false,"aired":{"from":"2021-01-08T00:00:00+00:00","to":"2021-07-03T00:00:00+00:00","prop":{"from":{"day":8,"month":1,"year":2021},"to":{"day":3,"month":7,"year":2021}},"string":"Jan 8, 2021 to Jul 3, 2021"},"duration":"23 min per ep","rating":"PG-13 - Teens 13 or older","score":7.45,"scored_by":220125,"rank":1971,"popularity":522,"members":416908,"favorites":4174,"synopsis":"The day is as normal as it can be in high school as the students peacefully go about their everyday activities until an unprecedented catastrophe strikes the school, killing every person in its wake. Guided by what seems to be a miracle, a handful of students are fortunate enough to be reincarnated into another world as nobles, princes, and other kinds of people with prestigious backgrounds.\n\nOne girl, however, is not so lucky. Being reborn as a spider of the weakest kind, she immediately experiences the hardships of her dire situation. Even so, she must press on to survive the numerous threats that endanger her life. Discovering that her new world has a system like that of an RPG, she tries her best to hunt prey and defeat monsters to level up and evolve. As she gradually grows stronger, she hopes one day her efforts will be rewarded, and that she will be granted a better life.\n\n[Written by MAL Rewrite]","background":null,"season":"winter","year":2021,"broadcast":{"day":"Fridays","time":"21:30","timezone":"Asia\/Tokyo","string":"Fridays at 21:30 (JST)"},"producers":[{"mal_id":166,"type":"anime","name":"Movic","url":"https:\/\/myanimelist.net\/anime\/producer\/166\/Movic"},{"mal_id":238,"type":"anime","name":"AT-X","url":"https:\/\/myanimelist.net\/anime\/producer\/238\/AT-X"},{"mal_id":1345,"type":"anime","name":"Sammy","url":"https:\/\/myanimelist.net\/anime\/producer\/1345\/Sammy"},{"mal_id":1468,"type":"anime","name":"Crunchyroll","url":"https:\/\/myanimelist.net\/anime\/producer\/1468\/Crunchyroll"},{"mal_id":1551,"type":"anime","name":"Kadokawa Media House","url":"https:\/\/myanimelist.net\/anime\/producer\/1551\/Kadokawa_Media_House"},{"mal_id":1614,"type":"anime","name":"NTT Plala","url":"https:\/\/myanimelist.net\/anime\/producer\/1614\/NTT_Plala"},{"mal_id":1696,"type":"anime","name":"Kadokawa","url":"https:\/\/myanimelist.net\/anime\/producer\/1696\/Kadokawa"}],"licensors":[],"studios":[{"mal_id":1237,"type":"anime","name":"Millepensee","url":"https:\/\/myanimelist.net\/anime\/producer\/1237\/Millepensee"}],"genres":[{"mal_id":1,"type":"anime","name":"Action","url":"https:\/\/myanimelist.net\/anime\/genre\/1\/Action"},{"mal_id":2,"type":"anime","name":"Adventure","url":"https:\/\/myanimelist.net\/anime\/genre\/2\/Adventure"},{"mal_id":4,"type":"anime","name":"Comedy","url":"https:\/\/myanimelist.net\/anime\/genre\/4\/Comedy"},{"mal_id":10,"type":"anime","name":"Fantasy","url":"https:\/\/myanimelist.net\/anime\/genre\/10\/Fantasy"},{"mal_id":7,"type":"anime","name":"Mystery","url":"https:\/\/myanimelist.net\/anime\/genre\/7\/Mystery"}],"explicit_genres":[],"themes":[{"mal_id":62,"type":"anime","name":"Isekai","url":"https:\/\/myanimelist.net\/anime\/genre\/62\/Isekai"},{"mal_id":72,"type":"anime","name":"Reincarnation","url":"https:\/\/myanimelist.net\/anime\/genre\/72\/Reincarnation"}],"demographics":[],"relations":[{"relation":"Adaptation","entry":[{"mal_id":95012,"type":"manga","name":"Kumo desu ga, Nani ka?","url":"https:\/\/myanimelist.net\/manga\/95012\/Kumo_desu_ga_Nani_ka"}]}],"theme":{"openings":["1: \"Keep weaving your spider way\" by Riko Azuna","2: \"Bursty Greedy Spider\" by Konomi Suzuki"],"endings":["\"Ganbare! Kumoko-san's Theme (\u304c\u3093\u3070\u308c\uff01\u8718\u86db\u5b50\u3055\u3093\u306e\u30c6\u30fc\u30de)\" by Watashi \/ Kumoko (Aoi Yuuki)","2: \"Genjitsu Totsugeki Hierarchy (\u73fe\u5b9f\u51f8\u6483\u30d2\u30a8\u30e9\u30eb\u30ad\u30fc)\" by Watashi \/ Kumoko (Aoi Yuuki)"]},"external":[{"name":"Official Site","url":"https:\/\/kumo-anime.com\/"},{"name":"@kumoko_anime","url":"https:\/\/twitter.com\/kumoko_anime"},{"name":"AniDB","url":"https:\/\/anidb.net\/perl-bin\/animedb.pl?show=anime&aid=14201"},{"name":"ANN","url":"https:\/\/www.animenewsnetwork.com\/encyclopedia\/anime.php?id=21180"},{"name":"Wikipedia","url":"https:\/\/en.wikipedia.org\/wiki\/So_I%27m_a_Spider,_So_What%3F#Anime"},{"name":"Wikipedia","url":"https:\/\/ja.wikipedia.org\/wiki\/%E8%9C%98%E8%9B%9B%E3%81%A7%E3%81%99%E3%81%8C%E3%80%81%E3%81%AA%E3%81%AB%E3%81%8B%3F"},{"name":"Syoboi","url":"https:\/\/cal.syoboi.jp\/tid\/5839"},{"name":"Bangumi","url":"https:\/\/bgm.tv\/subject\/252782"},{"name":"Baidu Baike","url":"https:\/\/baike.baidu.com\/item\/%E6%88%91%E6%98%AF%E8%9C%98%E8%9B%9B%E5%8F%88%E6%80%8E%E6%A0%B7%EF%BC%9F\/22712975"},{"name":"Douban","url":"https:\/\/movie.douban.com\/subject\/30267273"}],"streaming":[{"name":"Crunchyroll","url":"http:\/\/www.crunchyroll.com\/series-280502"},{"name":"Netflix","url":"https:\/\/www.netflix.com\/"},{"name":"Ani-One Asia","url":"https:\/\/www.youtube.com\/channel\/UC0wNSTMWIL3qaorLx0jie6A"},{"name":"Animax Mongolia","url":"https:\/\/www.animax.app\/"},{"name":"Bahamut Anime Crazy","url":"https:\/\/ani.gamer.com.tw\/"},{"name":"Bilibili","url":"https:\/\/www.bilibili.com\/"}]}}