{"data":{"mal_id":38101,"url":"https:\/\/myanimelist.net\/anime\/38101\/5-toubun_no_Hanayome","images":{"jpg":{"image_url":"https:\/\/cdn.myanimelist.net\/images\/anime\/1819\/97947.jpg","small_image_url":"https:\/\/cdn.myanimelist.net\/images\/anime\/1819\/97947t.jpg","large_image_url":"https:\/\/cdn.myanimelist.net\/images\/anime\/1819\/97947l.jpg"},"webp":{"image_url":"https:\/\/cdn.myanimelist.net\/images\/anime\/1819\/97947.webp","small_image_url":"https:\/\/cdn.myanimelist.net\/images\/anime\/1819\/97947t.webp","large_image_url":"https:\/\/cdn.myanimelist.net\/images\/anime\/1819\/97947l.webp"}},"trailer":{"youtube_id":"pCwfEB6PbFk","url":"https:\/\/www.youtube.com\/watch?v=pCwfEB6PbFk","embed_url":"https:\/\/www.youtube.com\/embed\/pCwfEB6PbFk?enablejsapi=1&wmode=opaque&autoplay=1","images":{"image_url":"https:\/\/img.youtube.com\/vi\/pCwfEB6PbFk\/default.jpg","small_image_url":"https:\/\/img.youtube.com\/vi\/pCwfEB6PbFk\/sddefault.jpg","medium_image_url":"https:\/\/img.youtube.com\/vi\/pCwfEB6PbFk\/mqdefault.jpg","large_image_url":"https:\/\/img.youtube.com\/vi\/pCwfEB6PbFk\/hqdefault.jpg","maximum_image_url":"https:\/\/img.youtube.com\/vi\/pCwfEB6PbFk\/maxresdefault.jpg"}},"approved":true,"titles":[{"type":"Default","title":"5-toubun no Hanayome"},{"type":"Synonym","title":"Gotoubun no Hanayome"},{"type":"Synonym","title":"The Five Wedded Brides"},{"type":"Japanese","title":"\u4e94\u7b49\u5206\u306e\u82b1\u5ac1"},{"type":"English","title":"The Quintessential Quintuplets"},{"type":"German","title":"The Quintessential Quintuplets"},{"type":"Spanish","title":"The Quintessential Quintuplets"},{"type":"French","title":"The Quintessential Quintuplets"}],"title":"5-toubun no Hanayome","title_english":"The Quintessential Quintuplets","title_japanese":"\u4e94\u7b49\u5206\u306e\u82b1\u5ac1","title_synonyms":["Gotoubun no Hanayome","The Five Wedded Brides"],"type":"TV","source":"Manga","episodes":12,"status":"Finished Airing","airing":false,"aired":{"from":"2019-01-11T00:00:00+00:00","to":"2019-03-29T00:00:00+00:00","prop":{"from":{"day":11,"month":1,"year":2019},"to":{"day":29,"month":3,"year":2019}},"string":"Jan 11, 2019 to Mar 29, 2019"},"duration":"24 min per ep","rating":"PG-13 - Teens 13 or older","score":7.66,"scored_by":593907,"rank":1264,"popularity":168,"members":917320,"favorites":13532,"synopsis":"Fuutarou Uesugi is an ace high school student, but leads an otherwise tough life. His standoffish personality and reclusive nature have left him friendless, and his father is debt-ridden, forcing his family to scrape by.\n\nOne day during his lunch break, Uesugi argues with a female transfer student who has claimed \"his seat,\" leading both of them to dislike each other. That same day, he is presented with a golden opportunity to clear his family's debt: a private tutoring gig for a wealthy family's daughter, with a wage of five times the market price. He accepts the proposal, but is horrified to discover that the client, Itsuki Nakano, is the girl he confronted earlier! \n\nAfter unsuccessfully trying to get back on Itsuki's good side, Uesugi finds out that his problems don't end there: Itsuki is actually a quintuplet, so in addition to her, he must also tutor her sisters\u2014Miku, Yotsuba, Nino, and Ichika\u2014who, despite the very real threat of flunking, want nothing to do with a tutor. However, his family's livelihood is on the line so Uesugi pushes on, adamant in his resolve to rid the sisters of their detest for studying and successfully lead them to graduation.\n\n[Written by MAL Rewrite]","background":"5-toubun no Hanayome adapts content from the first 4 volumes of Negi Haruba's manga of the same name.","season":"winter","year":2019,"broadcast":{"day":"Fridays","time":"01:28","timezone":"Asia\/Tokyo","string":"Fridays at 01:28 (JST)"},"producers":[{"mal_id":144,"type":"anime","name":"Pony Canyon","url":"https:\/\/myanimelist.net\/anime\/producer\/144\/Pony_Canyon"},{"mal_id":159,"type":"anime","name":"Kodansha","url":"https:\/\/myanimelist.net\/anime\/producer\/159\/Kodansha"},{"mal_id":1081,"type":"anime","name":"ZERO-A","url":"https:\/\/myanimelist.net\/anime\/producer\/1081\/ZERO-A"},{"mal_id":1602,"type":"anime","name":"GYAO!","url":"https:\/\/myanimelist.net\/anime\/producer\/1602\/GYAO"}],"licensors":[{"mal_id":102,"type":"anime","name":"Funimation","url":"https:\/\/myanimelist.net\/anime\/producer\/102\/Funimation"}],"studios":[{"mal_id":200,"type":"anime","name":"Tezuka Productions","url":"https:\/\/myanimelist.net\/anime\/producer\/200\/Tezuka_Productions"}],"genres":[{"mal_id":4,"type":"anime","name":"Comedy","url":"https:\/\/myanimelist.net\/anime\/genre\/4\/Comedy"},{"mal_id":22,"type":"anime","name":"Romance","url":"https:\/\/myanimelist.net\/anime\/genre\/22\/Romance"}],"explicit_genres":[],"themes":[{"mal_id":35,"type":"anime","name":"Harem","url":"https:\/\/myanimelist.net\/anime\/genre\/35\/Harem"},{"mal_id":23,"type":"anime","name":"School","url":"https:\/\/myanimelist.net\/anime\/genre\/23\/School"}],"demographics":[{"mal_id":27,"type":"anime","name":"Shounen","url":"https:\/\/myanimelist.net\/anime\/genre\/27\/Shounen"}],"relations":[{"relation":"Adaptation","entry":[{"mal_id":103851,"type":"manga","name":"5-toubun no Hanayome","url":"https:\/\/myanimelist.net\/manga\/103851\/5-toubun_no_Hanayome"},{"mal_id":146762,"type":"manga","name":"Anime 5-toubun no Hanayome Novelize","url":"https:\/\/myanimelist.net\/manga\/146762\/Anime_5-toubun_no_Hanayome_Novelize"}]},{"relation":"Sequel","entry":[{"mal_id":39783,"type":"anime","name":"5-toubun no Hanayome \u222c","url":"https:\/\/myanimelist.net\/anime\/39783\/5-toubun_no_Hanayome_\u222c"}]},{"relation":"Side story","entry":[{"mal_id":54915,"type":"anime","name":"5-toubun no Hanayome\u223d","url":"https:\/\/myanimelist.net\/anime\/54915\/5-toubun_no_Hanayome\u223d"}]}],"theme":{"openings":["\"Gotoubun no Kimochi (\u4e94\u7b49\u5206\u306e\u6c17\u6301\u3061)\" by Nakanoke no Itsuzugo (\u4e2d\u91ce\u5bb6\u306e\u4e94\u3064\u5b50) (Kana Hanazawa, Ayana Taketatsu, Miku Itou, Ayane Sakura, Inori Minase) (eps 1-11)"],"endings":["1: \"Sign\" by Aya Uchida (eps 1-11)","2: \"Gobun no Ichi (\u3054\u3076\u3093\u306e\u3044\u3061)\" by Nakanoke no Itsuzugo (\u4e2d\u91ce\u5bb6\u306e\u4e94\u3064\u5b50) (Kana Hanazawa, Ayana Taketatsu, Miku Itou, Ayane Sakura, Inori Minase) (eps 12)"]},"external":[{"name":"Official Site","url":"http:\/\/www.tbs.co.jp\/anime\/5hanayome\/"},{"name":"AniDB","url":"https:\/\/anidb.net\/perl-bin\/animedb.pl?show=anime&aid=14247"},{"name":"ANN","url":"https:\/\/www.animenewsnetwork.com\/encyclopedia\/anime.php?id=21514"},{"name":"Wikipedia","url":"https:\/\/en.wikipedia.org\/wiki\/Go-Toubun_no_Hanayome"}],"streaming":[{"name":"Crunchyroll","url":"http:\/\/www.crunchyroll.com\/series-277381"},{"name":"Funimation","url":"https:\/\/www.funimation.com\/shows\/the-quintessential-quintuplets"},{"name":"Netflix","url":"https:\/\/www.netflix.com\/"}]}}