{"data":{"mal_id":38145,"url":"https:\/\/myanimelist.net\/anime\/38145\/Doukyonin_wa_Hiza_Tokidoki_Atama_no_Ue","images":{"jpg":{"image_url":"https:\/\/cdn.myanimelist.net\/images\/anime\/1251\/99191.jpg","small_image_url":"https:\/\/cdn.myanimelist.net\/images\/anime\/1251\/99191t.jpg","large_image_url":"https:\/\/cdn.myanimelist.net\/images\/anime\/1251\/99191l.jpg"},"webp":{"image_url":"https:\/\/cdn.myanimelist.net\/images\/anime\/1251\/99191.webp","small_image_url":"https:\/\/cdn.myanimelist.net\/images\/anime\/1251\/99191t.webp","large_image_url":"https:\/\/cdn.myanimelist.net\/images\/anime\/1251\/99191l.webp"}},"trailer":{"youtube_id":"fd5f7tFMI8I","url":"https:\/\/www.youtube.com\/watch?v=fd5f7tFMI8I","embed_url":"https:\/\/www.youtube.com\/embed\/fd5f7tFMI8I?enablejsapi=1&wmode=opaque&autoplay=1","images":{"image_url":"https:\/\/img.youtube.com\/vi\/fd5f7tFMI8I\/default.jpg","small_image_url":"https:\/\/img.youtube.com\/vi\/fd5f7tFMI8I\/sddefault.jpg","medium_image_url":"https:\/\/img.youtube.com\/vi\/fd5f7tFMI8I\/mqdefault.jpg","large_image_url":"https:\/\/img.youtube.com\/vi\/fd5f7tFMI8I\/hqdefault.jpg","maximum_image_url":"https:\/\/img.youtube.com\/vi\/fd5f7tFMI8I\/maxresdefault.jpg"}},"approved":true,"titles":[{"type":"Default","title":"Doukyonin wa Hiza, Tokidoki, Atama no Ue."},{"type":"Synonym","title":"My roommate is sometimes on my knees"},{"type":"Synonym","title":"sometimes on my head"},{"type":"Synonym","title":"Hizaue"},{"type":"Japanese","title":"\u540c\u5c45\u4eba\u306f\u3072\u3056\u3001\u6642\u3005\u3001\u982d\u306e\u3046\u3048\u3002"},{"type":"English","title":"My Roommate is a Cat"},{"type":"German","title":"My Roommate is a Cat"},{"type":"Spanish","title":"My Roommate is a Cat"},{"type":"French","title":"My Roommate is a Cat"}],"title":"Doukyonin wa Hiza, Tokidoki, Atama no Ue.","title_english":"My Roommate is a Cat","title_japanese":"\u540c\u5c45\u4eba\u306f\u3072\u3056\u3001\u6642\u3005\u3001\u982d\u306e\u3046\u3048\u3002","title_synonyms":["My roommate is sometimes on my knees","sometimes on my head","Hizaue"],"type":"TV","source":"Web manga","episodes":12,"status":"Finished Airing","airing":false,"aired":{"from":"2019-01-09T00:00:00+00:00","to":"2019-03-27T00:00:00+00:00","prop":{"from":{"day":9,"month":1,"year":2019},"to":{"day":27,"month":3,"year":2019}},"string":"Jan 9, 2019 to Mar 27, 2019"},"duration":"23 min per ep","rating":"PG-13 - Teens 13 or older","score":7.73,"scored_by":88706,"rank":1116,"popularity":1199,"members":190537,"favorites":1246,"synopsis":"Subaru Mikazuki is a 23-year-old mystery novel author, major introvert, and an awkwardly shy person. He would much rather stay home to read a book than go outside and interact with others. Further exacerbating this life of solitude, his parents tragically died in an accident many years ago, leaving him alone in the world. \n\nOne day, while giving offerings at his parents' grave, Subaru runs into a small grey and white cat named Haru, which he ends up taking home with him. Subaru, however, has never taken care of anyone else in his life\u2014can he even take care of a cat? Haru is grateful toward Subaru, as he gives her all the food she wants\u2014a luxury for a cat who is used to a rough life on the streets. But she notices that Subaru can't even seem to take care of himself! Will she be okay with this dunce? \n\nDoukyonin wa Hiza, Tokidoki, Atama no Ue. tells the story of an unlikely friendship between a human and a cat who try to foster an understanding with each other.\n\n[Written by MAL Rewrite]","background":null,"season":"winter","year":2019,"broadcast":{"day":"Wednesdays","time":"23:30","timezone":"Asia\/Tokyo","string":"Wednesdays at 23:30 (JST)"},"producers":[{"mal_id":238,"type":"anime","name":"AT-X","url":"https:\/\/myanimelist.net\/anime\/producer\/238\/AT-X"},{"mal_id":1113,"type":"anime","name":"NBCUniversal Entertainment Japan","url":"https:\/\/myanimelist.net\/anime\/producer\/1113\/NBCUniversal_Entertainment_Japan"},{"mal_id":1211,"type":"anime","name":"Tokyo MX","url":"https:\/\/myanimelist.net\/anime\/producer\/1211\/Tokyo_MX"},{"mal_id":1284,"type":"anime","name":"Avex Pictures","url":"https:\/\/myanimelist.net\/anime\/producer\/1284\/Avex_Pictures"},{"mal_id":1287,"type":"anime","name":"Q-Tec","url":"https:\/\/myanimelist.net\/anime\/producer\/1287\/Q-Tec"},{"mal_id":1416,"type":"anime","name":"BS11","url":"https:\/\/myanimelist.net\/anime\/producer\/1416\/BS11"},{"mal_id":1500,"type":"anime","name":"ABC Animation","url":"https:\/\/myanimelist.net\/anime\/producer\/1500\/ABC_Animation"},{"mal_id":1602,"type":"anime","name":"GYAO!","url":"https:\/\/myanimelist.net\/anime\/producer\/1602\/GYAO"},{"mal_id":2092,"type":"anime","name":"BookLive","url":"https:\/\/myanimelist.net\/anime\/producer\/2092\/BookLive"}],"licensors":[{"mal_id":102,"type":"anime","name":"Funimation","url":"https:\/\/myanimelist.net\/anime\/producer\/102\/Funimation"}],"studios":[{"mal_id":1379,"type":"anime","name":"Zero-G","url":"https:\/\/myanimelist.net\/anime\/producer\/1379\/Zero-G"}],"genres":[{"mal_id":36,"type":"anime","name":"Slice of Life","url":"https:\/\/myanimelist.net\/anime\/genre\/36\/Slice_of_Life"}],"explicit_genres":[],"themes":[{"mal_id":50,"type":"anime","name":"Adult Cast","url":"https:\/\/myanimelist.net\/anime\/genre\/50\/Adult_Cast"},{"mal_id":71,"type":"anime","name":"Pets","url":"https:\/\/myanimelist.net\/anime\/genre\/71\/Pets"}],"demographics":[],"relations":[{"relation":"Adaptation","entry":[{"mal_id":99391,"type":"manga","name":"Doukyonin wa Hiza, Tokidoki, Atama no Ue.","url":"https:\/\/myanimelist.net\/manga\/99391\/Doukyonin_wa_Hiza_Tokidoki_Atama_no_Ue"}]}],"theme":{"openings":["\"Unknown World (\u30a2\u30f3\u30ce\u30a6\u30f3\u30ef\u30fc\u30eb\u30c9)\" by Schrodinger's Cat adding Kotringo"],"endings":["\"Kimi no Tonari Watashi no Basho (\u541b\u306e\u3068\u306a\u308a \u308f\u305f\u3057\u306e\u5834\u6240)\" by Yoshino Nanjo"]},"external":[{"name":"Official Site","url":"https:\/\/www.hizaue.com\/"},{"name":"AniDB","url":"https:\/\/anidb.net\/perl-bin\/animedb.pl?show=anime&aid=14253"},{"name":"ANN","url":"https:\/\/www.animenewsnetwork.com\/encyclopedia\/anime.php?id=21270"},{"name":"Wikipedia","url":"https:\/\/en.wikipedia.org\/wiki\/My_Roommate_Is_a_Cat#Anime"}],"streaming":[{"name":"Crunchyroll","url":"http:\/\/www.crunchyroll.com\/series-277376"},{"name":"Funimation","url":"https:\/\/www.funimation.com\/shows\/my-roommate-is-a-cat"}]}}