{"data":{"mal_id":38234,"url":"https:\/\/myanimelist.net\/anime\/38234\/One_Piece_Movie_14__Stampede","images":{"jpg":{"image_url":"https:\/\/cdn.myanimelist.net\/images\/anime\/1221\/100550.jpg","small_image_url":"https:\/\/cdn.myanimelist.net\/images\/anime\/1221\/100550t.jpg","large_image_url":"https:\/\/cdn.myanimelist.net\/images\/anime\/1221\/100550l.jpg"},"webp":{"image_url":"https:\/\/cdn.myanimelist.net\/images\/anime\/1221\/100550.webp","small_image_url":"https:\/\/cdn.myanimelist.net\/images\/anime\/1221\/100550t.webp","large_image_url":"https:\/\/cdn.myanimelist.net\/images\/anime\/1221\/100550l.webp"}},"trailer":{"youtube_id":"_VI_72j_ErI","url":"https:\/\/www.youtube.com\/watch?v=_VI_72j_ErI","embed_url":"https:\/\/www.youtube.com\/embed\/_VI_72j_ErI?enablejsapi=1&wmode=opaque&autoplay=1","images":{"image_url":"https:\/\/img.youtube.com\/vi\/_VI_72j_ErI\/default.jpg","small_image_url":"https:\/\/img.youtube.com\/vi\/_VI_72j_ErI\/sddefault.jpg","medium_image_url":"https:\/\/img.youtube.com\/vi\/_VI_72j_ErI\/mqdefault.jpg","large_image_url":"https:\/\/img.youtube.com\/vi\/_VI_72j_ErI\/hqdefault.jpg","maximum_image_url":"https:\/\/img.youtube.com\/vi\/_VI_72j_ErI\/maxresdefault.jpg"}},"approved":true,"titles":[{"type":"Default","title":"One Piece Movie 14: Stampede"},{"type":"Japanese","title":"\u5287\u5834\u7248\u300eONE PIECE STAMPEDE\u300f\uff08\u30b9\u30bf\u30f3\u30d4\u30fc\u30c9\uff09"},{"type":"English","title":"One Piece: Stampede"},{"type":"German","title":"One Piece Film 14: Stampede"},{"type":"Spanish","title":"One Piece Pel\u00edcula 14: Estampida"},{"type":"French","title":"One Piece Film 14: Stampede"}],"title":"One Piece Movie 14: Stampede","title_english":"One Piece: Stampede","title_japanese":"\u5287\u5834\u7248\u300eONE PIECE STAMPEDE\u300f\uff08\u30b9\u30bf\u30f3\u30d4\u30fc\u30c9\uff09","title_synonyms":[],"type":"Movie","source":"Manga","episodes":1,"status":"Finished Airing","airing":false,"aired":{"from":"2019-08-09T00:00:00+00:00","to":null,"prop":{"from":{"day":9,"month":8,"year":2019},"to":{"day":null,"month":null,"year":null}},"string":"Aug 9, 2019"},"duration":"1 hr 41 min","rating":"PG-13 - Teens 13 or older","score":8.21,"scored_by":112266,"rank":340,"popularity":1271,"members":180845,"favorites":661,"synopsis":"Monkey D. Luffy and the Straw Hats arrive aboard the Sunny to the Pirates Festival, the world's largest celebration created by and for pirates. Buena Festa, the festival organizer, invites the Straw Hats and all Worst Generation crews to partake in the festivities. Luring even Shichibukai and Marines to its shores, it seems that no pirate or sailor can resist the enticing secrets that the event hides behind its glamor.\n\nThe festival's contest is simple: find one of the treasures Gol D. Roger left behind. As the competition progresses, the various pirate crews fight each other in a free-for-all battle royale\u2014that is, until the sudden appearance of an unexpected pirate drastically changes the game.\n\n[Written by MAL Rewrite]","background":null,"season":null,"year":null,"broadcast":{"day":null,"time":null,"timezone":null,"string":null},"producers":[],"licensors":[{"mal_id":102,"type":"anime","name":"Funimation","url":"https:\/\/myanimelist.net\/anime\/producer\/102\/Funimation"}],"studios":[{"mal_id":18,"type":"anime","name":"Toei Animation","url":"https:\/\/myanimelist.net\/anime\/producer\/18\/Toei_Animation"}],"genres":[{"mal_id":1,"type":"anime","name":"Action","url":"https:\/\/myanimelist.net\/anime\/genre\/1\/Action"},{"mal_id":2,"type":"anime","name":"Adventure","url":"https:\/\/myanimelist.net\/anime\/genre\/2\/Adventure"},{"mal_id":10,"type":"anime","name":"Fantasy","url":"https:\/\/myanimelist.net\/anime\/genre\/10\/Fantasy"}],"explicit_genres":[],"themes":[],"demographics":[{"mal_id":27,"type":"anime","name":"Shounen","url":"https:\/\/myanimelist.net\/anime\/genre\/27\/Shounen"}],"relations":[{"relation":"Adaptation","entry":[{"mal_id":120656,"type":"manga","name":"Gekijouban One Piece: Stampede","url":"https:\/\/myanimelist.net\/manga\/120656\/Gekijouban_One_Piece__Stampede"}]},{"relation":"Parent story","entry":[{"mal_id":21,"type":"anime","name":"One Piece","url":"https:\/\/myanimelist.net\/anime\/21\/One_Piece"}]}],"theme":{"openings":[],"endings":["\"GONG\" by WANIMA"]},"external":[{"name":"Official Site","url":"https:\/\/one-piece.com\/comicsanime\/movie\/detail\/14.html"},{"name":"@OPcom_info","url":"https:\/\/twitter.com\/OPcom_info\/"},{"name":"AniDB","url":"https:\/\/anidb.net\/perl-bin\/animedb.pl?show=anime&aid=14318"},{"name":"ANN","url":"https:\/\/www.animenewsnetwork.com\/encyclopedia\/anime.php?id=21732"},{"name":"Wikipedia","url":"https:\/\/en.wikipedia.org\/wiki\/One_Piece:_Stampede"},{"name":"Wikipedia","url":"https:\/\/ja.wikipedia.org\/wiki\/ONE_PIECE_STAMPEDE"}],"streaming":[{"name":"Netflix","url":"https:\/\/www.netflix.com\/"}]}}