{"data":{"mal_id":38414,"url":"https:\/\/myanimelist.net\/anime\/38414\/Re_Zero_kara_Hajimeru_Isekai_Seikatsu_-_Hyouketsu_no_Kizuna","images":{"jpg":{"image_url":"https:\/\/cdn.myanimelist.net\/images\/anime\/1238\/104023.jpg","small_image_url":"https:\/\/cdn.myanimelist.net\/images\/anime\/1238\/104023t.jpg","large_image_url":"https:\/\/cdn.myanimelist.net\/images\/anime\/1238\/104023l.jpg"},"webp":{"image_url":"https:\/\/cdn.myanimelist.net\/images\/anime\/1238\/104023.webp","small_image_url":"https:\/\/cdn.myanimelist.net\/images\/anime\/1238\/104023t.webp","large_image_url":"https:\/\/cdn.myanimelist.net\/images\/anime\/1238\/104023l.webp"}},"trailer":{"youtube_id":"CLFUEr2NV7I","url":"https:\/\/www.youtube.com\/watch?v=CLFUEr2NV7I","embed_url":"https:\/\/www.youtube.com\/embed\/CLFUEr2NV7I?enablejsapi=1&wmode=opaque&autoplay=1","images":{"image_url":"https:\/\/img.youtube.com\/vi\/CLFUEr2NV7I\/default.jpg","small_image_url":"https:\/\/img.youtube.com\/vi\/CLFUEr2NV7I\/sddefault.jpg","medium_image_url":"https:\/\/img.youtube.com\/vi\/CLFUEr2NV7I\/mqdefault.jpg","large_image_url":"https:\/\/img.youtube.com\/vi\/CLFUEr2NV7I\/hqdefault.jpg","maximum_image_url":"https:\/\/img.youtube.com\/vi\/CLFUEr2NV7I\/maxresdefault.jpg"}},"approved":true,"titles":[{"type":"Default","title":"Re:Zero kara Hajimeru Isekai Seikatsu - Hyouketsu no Kizuna"},{"type":"Synonym","title":"Re:Zero kara Hajimeru Isekai Seikatsu OVA 2"},{"type":"Japanese","title":"Re\uff1a\u30bc\u30ed\u304b\u3089\u59cb\u3081\u308b\u7570\u4e16\u754c\u751f\u6d3b\u300e\u6c37\u7d50\u306e\u7d46\u300f"},{"type":"English","title":"Re:ZERO -Starting Life in Another World- The Frozen Bond"},{"type":"German","title":"Re:ZERO -Starting Life in Another World- The Frozen Bond"},{"type":"Spanish","title":"Re:ZERO - Starting Life in Another World - The Frozen Bond"},{"type":"French","title":"Re:ZERO -Starting Life in Another World- The Frozen Bond"}],"title":"Re:Zero kara Hajimeru Isekai Seikatsu - Hyouketsu no Kizuna","title_english":"Re:ZERO -Starting Life in Another World- The Frozen Bond","title_japanese":"Re\uff1a\u30bc\u30ed\u304b\u3089\u59cb\u3081\u308b\u7570\u4e16\u754c\u751f\u6d3b\u300e\u6c37\u7d50\u306e\u7d46\u300f","title_synonyms":["Re:Zero kara Hajimeru Isekai Seikatsu OVA 2"],"type":"Movie","source":"Light novel","episodes":1,"status":"Finished Airing","airing":false,"aired":{"from":"2019-11-08T00:00:00+00:00","to":null,"prop":{"from":{"day":8,"month":11,"year":2019},"to":{"day":null,"month":null,"year":null}},"string":"Nov 8, 2019"},"duration":"1 hr 16 min","rating":"PG-13 - Teens 13 or older","score":7.6,"scored_by":128359,"rank":1444,"popularity":927,"members":251507,"favorites":563,"synopsis":"Covered in ice and snow, Elior Forest is the home to dangerous magical beasts and 50 elves frozen in ice. One day, the great spirit Puck helps a young girl break out of her ice prison. Her name is Emilia, a half-elf born with silver hair, long ears, and amethyst eyes\u2014features that resemble the evil Witch who destroyed half the world long ago. \n\nShunned by society because of her appearance, Emilia dwells in the forest with Puck as her sole companion and family. Burdened with a sin of destruction she does not remember committing, she spends her days trying to find a way to help her frozen kin. But when the great spirit Melakuera, the Arbitrator of the world, finds Emilia, her right to stay alive is brought into question. Will the bonds of ice she formed with Puck prove to be the warm thread that defies fate?\n\n[Written by MAL Rewrite]","background":null,"season":null,"year":null,"broadcast":{"day":null,"time":null,"timezone":null,"string":null},"producers":[{"mal_id":16,"type":"anime","name":"TV Tokyo","url":"https:\/\/myanimelist.net\/anime\/producer\/16\/TV_Tokyo"},{"mal_id":238,"type":"anime","name":"AT-X","url":"https:\/\/myanimelist.net\/anime\/producer\/238\/AT-X"},{"mal_id":647,"type":"anime","name":"Memory-Tech","url":"https:\/\/myanimelist.net\/anime\/producer\/647\/Memory-Tech"},{"mal_id":1333,"type":"anime","name":"Hakuhodo DY Music & Pictures","url":"https:\/\/myanimelist.net\/anime\/producer\/1333\/Hakuhodo_DY_Music___Pictures"},{"mal_id":1696,"type":"anime","name":"Kadokawa","url":"https:\/\/myanimelist.net\/anime\/producer\/1696\/Kadokawa"}],"licensors":[],"studios":[{"mal_id":314,"type":"anime","name":"White Fox","url":"https:\/\/myanimelist.net\/anime\/producer\/314\/White_Fox"}],"genres":[{"mal_id":8,"type":"anime","name":"Drama","url":"https:\/\/myanimelist.net\/anime\/genre\/8\/Drama"},{"mal_id":10,"type":"anime","name":"Fantasy","url":"https:\/\/myanimelist.net\/anime\/genre\/10\/Fantasy"},{"mal_id":41,"type":"anime","name":"Suspense","url":"https:\/\/myanimelist.net\/anime\/genre\/41\/Suspense"}],"explicit_genres":[],"themes":[{"mal_id":40,"type":"anime","name":"Psychological","url":"https:\/\/myanimelist.net\/anime\/genre\/40\/Psychological"}],"demographics":[],"relations":[{"relation":"Adaptation","entry":[{"mal_id":152303,"type":"manga","name":"Re:Zero kara Hajimeru Zenjitsutan","url":"https:\/\/myanimelist.net\/manga\/152303\/Re_Zero_kara_Hajimeru_Zenjitsutan"}]},{"relation":"Sequel","entry":[{"mal_id":31240,"type":"anime","name":"Re:Zero kara Hajimeru Isekai Seikatsu","url":"https:\/\/myanimelist.net\/anime\/31240\/Re_Zero_kara_Hajimeru_Isekai_Seikatsu"}]},{"relation":"Other","entry":[{"mal_id":41590,"type":"anime","name":"Re:Zero kara Hajimeru Isekai Seikatsu - Hyouketsu no Kizuna - Manner Movie","url":"https:\/\/myanimelist.net\/anime\/41590\/Re_Zero_kara_Hajimeru_Isekai_Seikatsu_-_Hyouketsu_no_Kizuna_-_Manner_Movie"}]}],"theme":{"openings":[],"endings":["\"Yuki no Hate ni Kimi no Na wo (\u96ea\u306e\u679c\u3066\u306b\u541b\u306e\u540d\u3092)\" by nonoc"]},"external":[{"name":"Official Site","url":"http:\/\/re-zero-anime.jp\/hyoketsu\/"},{"name":"AniDB","url":"https:\/\/anidb.net\/perl-bin\/animedb.pl?show=anime&aid=13430"},{"name":"Wikipedia","url":"https:\/\/en.wikipedia.org\/wiki\/Re:Zero_kara_Hajimeru_Isekai_Seikatsu"}],"streaming":[{"name":"Crunchyroll","url":"http:\/\/www.crunchyroll.com\/series-269787"}]}}