{"data":{"mal_id":38410,"url":"https:\/\/myanimelist.net\/anime\/38410\/Cike_Wu_Liuqi_Fanwai","images":{"jpg":{"image_url":"https:\/\/cdn.myanimelist.net\/images\/anime\/1299\/94969.jpg","small_image_url":"https:\/\/cdn.myanimelist.net\/images\/anime\/1299\/94969t.jpg","large_image_url":"https:\/\/cdn.myanimelist.net\/images\/anime\/1299\/94969l.jpg"},"webp":{"image_url":"https:\/\/cdn.myanimelist.net\/images\/anime\/1299\/94969.webp","small_image_url":"https:\/\/cdn.myanimelist.net\/images\/anime\/1299\/94969t.webp","large_image_url":"https:\/\/cdn.myanimelist.net\/images\/anime\/1299\/94969l.webp"}},"trailer":{"youtube_id":null,"url":null,"embed_url":null,"images":{"image_url":null,"small_image_url":null,"medium_image_url":null,"large_image_url":null,"maximum_image_url":null}},"approved":true,"titles":[{"type":"Default","title":"Cike Wu Liuqi Fanwai"},{"type":"Synonym","title":"Cike Wuliuqi Fanwai"},{"type":"Synonym","title":"Ci Ke Wu Liu Qi: Fan Wai"},{"type":"Synonym","title":"Assassin Seven: Extra Story"},{"type":"Japanese","title":"\u523a\u5ba2\u4f0d\u516d\u4e03 \u756a\u5916"},{"type":"English","title":"Killer Seven"}],"title":"Cike Wu Liuqi Fanwai","title_english":"Killer Seven","title_japanese":"\u523a\u5ba2\u4f0d\u516d\u4e03 \u756a\u5916","title_synonyms":["Cike Wuliuqi Fanwai","Ci Ke Wu Liu Qi: Fan Wai","Assassin Seven: Extra Story"],"type":"ONA","source":"Original","episodes":4,"status":"Finished Airing","airing":false,"aired":{"from":"2018-08-01T00:00:00+00:00","to":"2018-08-22T00:00:00+00:00","prop":{"from":{"day":1,"month":8,"year":2018},"to":{"day":22,"month":8,"year":2018}},"string":"Aug 1, 2018 to Aug 22, 2018"},"duration":"11 min per ep","rating":"R - 17+ (violence & profanity)","score":7.5,"scored_by":13075,"rank":1780,"popularity":4499,"members":22161,"favorites":53,"synopsis":"Extra episodes of Killer Seven.","background":null,"season":null,"year":null,"broadcast":{"day":null,"time":null,"timezone":null,"string":null},"producers":[{"mal_id":2258,"type":"anime","name":"Sharefun Studio","url":"https:\/\/myanimelist.net\/anime\/producer\/2258\/Sharefun_Studio"},{"mal_id":2294,"type":"anime","name":"AHA Entertainment","url":"https:\/\/myanimelist.net\/anime\/producer\/2294\/AHA_Entertainment"}],"licensors":[],"studios":[],"genres":[{"mal_id":1,"type":"anime","name":"Action","url":"https:\/\/myanimelist.net\/anime\/genre\/1\/Action"},{"mal_id":4,"type":"anime","name":"Comedy","url":"https:\/\/myanimelist.net\/anime\/genre\/4\/Comedy"},{"mal_id":8,"type":"anime","name":"Drama","url":"https:\/\/myanimelist.net\/anime\/genre\/8\/Drama"},{"mal_id":7,"type":"anime","name":"Mystery","url":"https:\/\/myanimelist.net\/anime\/genre\/7\/Mystery"},{"mal_id":22,"type":"anime","name":"Romance","url":"https:\/\/myanimelist.net\/anime\/genre\/22\/Romance"}],"explicit_genres":[],"themes":[{"mal_id":17,"type":"anime","name":"Martial Arts","url":"https:\/\/myanimelist.net\/anime\/genre\/17\/Martial_Arts"},{"mal_id":31,"type":"anime","name":"Super Power","url":"https:\/\/myanimelist.net\/anime\/genre\/31\/Super_Power"}],"demographics":[],"relations":[{"relation":"Sequel","entry":[{"mal_id":38409,"type":"anime","name":"Cike Wu Liuqi","url":"https:\/\/myanimelist.net\/anime\/38409\/Cike_Wu_Liuqi"}]}],"theme":{"openings":[],"endings":[]},"external":[{"name":"Official Site","url":"https:\/\/www.weibo.com\/u\/5531567877?is_hot=1"},{"name":"AniDB","url":"https:\/\/anidb.net\/perl-bin\/animedb.pl?show=anime&aid=14288"},{"name":"Baidu Baike","url":"https:\/\/baike.baidu.com\/item\/%E5%88%BA%E5%AE%A2%E4%BC%8D%E5%85%AD%E4%B8%83\/22328738"}],"streaming":[]}}