{"data":{"mal_id":38524,"url":"https:\/\/myanimelist.net\/anime\/38524\/Shingeki_no_Kyojin_Season_3_Part_2","images":{"jpg":{"image_url":"https:\/\/cdn.myanimelist.net\/images\/anime\/1517\/100633.jpg","small_image_url":"https:\/\/cdn.myanimelist.net\/images\/anime\/1517\/100633t.jpg","large_image_url":"https:\/\/cdn.myanimelist.net\/images\/anime\/1517\/100633l.jpg"},"webp":{"image_url":"https:\/\/cdn.myanimelist.net\/images\/anime\/1517\/100633.webp","small_image_url":"https:\/\/cdn.myanimelist.net\/images\/anime\/1517\/100633t.webp","large_image_url":"https:\/\/cdn.myanimelist.net\/images\/anime\/1517\/100633l.webp"}},"trailer":{"youtube_id":"hKHepjfj5Tw","url":"https:\/\/www.youtube.com\/watch?v=hKHepjfj5Tw","embed_url":"https:\/\/www.youtube.com\/embed\/hKHepjfj5Tw?enablejsapi=1&wmode=opaque&autoplay=1","images":{"image_url":"https:\/\/img.youtube.com\/vi\/hKHepjfj5Tw\/default.jpg","small_image_url":"https:\/\/img.youtube.com\/vi\/hKHepjfj5Tw\/sddefault.jpg","medium_image_url":"https:\/\/img.youtube.com\/vi\/hKHepjfj5Tw\/mqdefault.jpg","large_image_url":"https:\/\/img.youtube.com\/vi\/hKHepjfj5Tw\/hqdefault.jpg","maximum_image_url":"https:\/\/img.youtube.com\/vi\/hKHepjfj5Tw\/maxresdefault.jpg"}},"approved":true,"titles":[{"type":"Default","title":"Shingeki no Kyojin Season 3 Part 2"},{"type":"Japanese","title":"\u9032\u6483\u306e\u5de8\u4eba Season3 Part.2"},{"type":"English","title":"Attack on Titan Season 3 Part 2"},{"type":"German","title":"Attack on Titan Staffel 3 Teil 2"},{"type":"Spanish","title":"Ataque a los Titanes Temporada 3 Parte 2"},{"type":"French","title":"L'Attaque des Titans Saison 3 Partie 2"}],"title":"Shingeki no Kyojin Season 3 Part 2","title_english":"Attack on Titan Season 3 Part 2","title_japanese":"\u9032\u6483\u306e\u5de8\u4eba Season3 Part.2","title_synonyms":[],"type":"TV","source":"Manga","episodes":10,"status":"Finished Airing","airing":false,"aired":{"from":"2019-04-29T00:00:00+00:00","to":"2019-07-01T00:00:00+00:00","prop":{"from":{"day":29,"month":4,"year":2019},"to":{"day":1,"month":7,"year":2019}},"string":"Apr 29, 2019 to Jul 1, 2019"},"duration":"23 min per ep","rating":"R - 17+ (violence & profanity)","score":9.05,"scored_by":1517674,"rank":5,"popularity":22,"members":2174477,"favorites":56773,"synopsis":"Seeking to restore humanity's diminishing hope, the Survey Corps embark on a mission to retake Wall Maria, where the battle against the merciless \"Titans\" takes the stage once again.\n\nReturning to the tattered Shiganshina District that was once his home, Eren Yeager and the Corps find the town oddly unoccupied by Titans. Even after the outer gate is plugged, they strangely encounter no opposition. The mission progresses smoothly until Armin Arlert, highly suspicious of the enemy's absence, discovers distressing signs of a potential scheme against them. \n\nShingeki no Kyojin Season 3 Part 2 follows Eren as he vows to take back everything that was once his. Alongside him, the Survey Corps strive\u2014through countless sacrifices\u2014to carve a path towards victory and uncover the secrets locked away in the Yeager family's basement.\n\n[Written by MAL Rewrite]","background":"Shingeki no Kyojin Season 3 Part 2 adapts content from volumes 18-22 of Hajime Isayama's award-winning manga of the same name.","season":"spring","year":2019,"broadcast":{"day":"Mondays","time":"00:10","timezone":"Asia\/Tokyo","string":"Mondays at 00:10 (JST)"},"producers":[{"mal_id":10,"type":"anime","name":"Production I.G","url":"https:\/\/myanimelist.net\/anime\/producer\/10\/Production_IG"},{"mal_id":53,"type":"anime","name":"Dentsu","url":"https:\/\/myanimelist.net\/anime\/producer\/53\/Dentsu"},{"mal_id":143,"type":"anime","name":"Mainichi Broadcasting System","url":"https:\/\/myanimelist.net\/anime\/producer\/143\/Mainichi_Broadcasting_System"},{"mal_id":144,"type":"anime","name":"Pony Canyon","url":"https:\/\/myanimelist.net\/anime\/producer\/144\/Pony_Canyon"},{"mal_id":159,"type":"anime","name":"Kodansha","url":"https:\/\/myanimelist.net\/anime\/producer\/159\/Kodansha"},{"mal_id":1499,"type":"anime","name":"Techno Sound","url":"https:\/\/myanimelist.net\/anime\/producer\/1499\/Techno_Sound"},{"mal_id":1557,"type":"anime","name":"Pony Canyon Enterprises","url":"https:\/\/myanimelist.net\/anime\/producer\/1557\/Pony_Canyon_Enterprises"}],"licensors":[{"mal_id":102,"type":"anime","name":"Funimation","url":"https:\/\/myanimelist.net\/anime\/producer\/102\/Funimation"}],"studios":[{"mal_id":858,"type":"anime","name":"Wit Studio","url":"https:\/\/myanimelist.net\/anime\/producer\/858\/Wit_Studio"}],"genres":[{"mal_id":1,"type":"anime","name":"Action","url":"https:\/\/myanimelist.net\/anime\/genre\/1\/Action"},{"mal_id":8,"type":"anime","name":"Drama","url":"https:\/\/myanimelist.net\/anime\/genre\/8\/Drama"},{"mal_id":41,"type":"anime","name":"Suspense","url":"https:\/\/myanimelist.net\/anime\/genre\/41\/Suspense"}],"explicit_genres":[],"themes":[{"mal_id":58,"type":"anime","name":"Gore","url":"https:\/\/myanimelist.net\/anime\/genre\/58\/Gore"},{"mal_id":38,"type":"anime","name":"Military","url":"https:\/\/myanimelist.net\/anime\/genre\/38\/Military"},{"mal_id":76,"type":"anime","name":"Survival","url":"https:\/\/myanimelist.net\/anime\/genre\/76\/Survival"}],"demographics":[{"mal_id":27,"type":"anime","name":"Shounen","url":"https:\/\/myanimelist.net\/anime\/genre\/27\/Shounen"}],"relations":[{"relation":"Adaptation","entry":[{"mal_id":23390,"type":"manga","name":"Shingeki no Kyojin","url":"https:\/\/myanimelist.net\/manga\/23390\/Shingeki_no_Kyojin"}]},{"relation":"Prequel","entry":[{"mal_id":35760,"type":"anime","name":"Shingeki no Kyojin Season 3","url":"https:\/\/myanimelist.net\/anime\/35760\/Shingeki_no_Kyojin_Season_3"}]},{"relation":"Sequel","entry":[{"mal_id":40028,"type":"anime","name":"Shingeki no Kyojin: The Final Season","url":"https:\/\/myanimelist.net\/anime\/40028\/Shingeki_no_Kyojin__The_Final_Season"}]},{"relation":"Summary","entry":[{"mal_id":42091,"type":"anime","name":"Shingeki no Kyojin: Chronicle","url":"https:\/\/myanimelist.net\/anime\/42091\/Shingeki_no_Kyojin__Chronicle"}]}],"theme":{"openings":["\"Shoukei to Shikabane no Michi (\u61a7\u61ac\u3068\u5c4d\u306e\u9053)\" by Linked Horizon (eps 1-5, 7, 9-10)"],"endings":["\"Name of Love\" by Cinema Staff","2: \"T-KT\" by Hiroyuki Sawano (eps 10)"]},"external":[{"name":"Official Site","url":"http:\/\/www.shingeki.tv\/season3\/"},{"name":"@anime_shingeki","url":"https:\/\/twitter.com\/anime_shingeki"},{"name":"AniDB","url":"https:\/\/anidb.net\/perl-bin\/animedb.pl?show=anime&aid=14444"},{"name":"ANN","url":"https:\/\/www.animenewsnetwork.com\/encyclopedia\/anime.php?id=21812"},{"name":"Wikipedia","url":"http:\/\/en.wikipedia.org\/wiki\/Attack_on_Titan"},{"name":"Wikipedia","url":"https:\/\/ja.wikipedia.org\/wiki\/%E9%80%B2%E6%92%83%E3%81%AE%E5%B7%A8%E4%BA%BA_%28%E3%82%A2%E3%83%8B%E3%83%A1%29"},{"name":"Syoboi","url":"https:\/\/cal.syoboi.jp\/tid\/5329"}],"streaming":[{"name":"Crunchyroll","url":"http:\/\/www.crunchyroll.com\/series-254209"},{"name":"Netflix","url":"https:\/\/www.netflix.com\/title\/70299043"},{"name":"Shahid","url":"https:\/\/shahid.mbc.net\/en\/series\/Attack-On-Titan\/series-922170"}]}}