{"data":{"mal_id":38528,"url":"https:\/\/myanimelist.net\/anime\/38528\/Quanzhi_Fashi_III","images":{"jpg":{"image_url":"https:\/\/cdn.myanimelist.net\/images\/anime\/1398\/95679.jpg","small_image_url":"https:\/\/cdn.myanimelist.net\/images\/anime\/1398\/95679t.jpg","large_image_url":"https:\/\/cdn.myanimelist.net\/images\/anime\/1398\/95679l.jpg"},"webp":{"image_url":"https:\/\/cdn.myanimelist.net\/images\/anime\/1398\/95679.webp","small_image_url":"https:\/\/cdn.myanimelist.net\/images\/anime\/1398\/95679t.webp","large_image_url":"https:\/\/cdn.myanimelist.net\/images\/anime\/1398\/95679l.webp"}},"trailer":{"youtube_id":null,"url":null,"embed_url":null,"images":{"image_url":null,"small_image_url":null,"medium_image_url":null,"large_image_url":null,"maximum_image_url":null}},"approved":true,"titles":[{"type":"Default","title":"Quanzhi Fashi III"},{"type":"Synonym","title":"Quanzhi Fashi 3rd Season"},{"type":"Synonym","title":"Quan Zhi Fa Shi 3"},{"type":"Synonym","title":"Full-Time Magister 3"},{"type":"Japanese","title":"\u5168\u804c\u6cd5\u5e08\u2162"},{"type":"English","title":"Full-Time Magister 3rd Season"}],"title":"Quanzhi Fashi III","title_english":"Full-Time Magister 3rd Season","title_japanese":"\u5168\u804c\u6cd5\u5e08\u2162","title_synonyms":["Quanzhi Fashi 3rd Season","Quan Zhi Fa Shi 3","Full-Time Magister 3"],"type":"ONA","source":"Novel","episodes":12,"status":"Finished Airing","airing":false,"aired":{"from":"2018-10-12T00:00:00+00:00","to":"2018-12-22T00:00:00+00:00","prop":{"from":{"day":12,"month":10,"year":2018},"to":{"day":22,"month":12,"year":2018}},"string":"Oct 12, 2018 to Dec 22, 2018"},"duration":"18 min per ep","rating":"PG-13 - Teens 13 or older","score":7.35,"scored_by":26615,"rank":2406,"popularity":2876,"members":54362,"favorites":104,"synopsis":"After the crisis brought forth by the Black Order, Bo City's surviving residents desert the place. With nearby cities providing shelter to the displaced refugees, Mo Fan and his family accept the offer and travel to Mingzhu City, the capital of magic. Mo Fan has little time to settle in when his teacher Tang Yue requests him to assist her with an investigation involving the Black Order. However, Mo Fan agrees only on the condition of having a dark element awakened in him.\n\nAs he steadily attunes to his newfound powers, Mo Fan prepares to enroll at Mingzhu University, a dream place for all magicians. Along the way, Mo Fan's interactions with the elements steadily surpass his expectations, showing him that this is only the beginning of discoveries within his limitless potential.\n\n[Written by MAL Rewrite]","background":null,"season":null,"year":null,"broadcast":{"day":null,"time":null,"timezone":null,"string":null},"producers":[{"mal_id":1727,"type":"anime","name":"Tencent Penguin Pictures","url":"https:\/\/myanimelist.net\/anime\/producer\/1727\/Tencent_Penguin_Pictures"},{"mal_id":1728,"type":"anime","name":"China Literature Limited","url":"https:\/\/myanimelist.net\/anime\/producer\/1728\/China_Literature_Limited"}],"licensors":[],"studios":[{"mal_id":1667,"type":"anime","name":"Foch Films","url":"https:\/\/myanimelist.net\/anime\/producer\/1667\/Foch_Films"}],"genres":[{"mal_id":1,"type":"anime","name":"Action","url":"https:\/\/myanimelist.net\/anime\/genre\/1\/Action"},{"mal_id":10,"type":"anime","name":"Fantasy","url":"https:\/\/myanimelist.net\/anime\/genre\/10\/Fantasy"}],"explicit_genres":[],"themes":[{"mal_id":23,"type":"anime","name":"School","url":"https:\/\/myanimelist.net\/anime\/genre\/23\/School"}],"demographics":[],"relations":[{"relation":"Adaptation","entry":[{"mal_id":134230,"type":"manga","name":"Quanzhi Fashi","url":"https:\/\/myanimelist.net\/manga\/134230\/Quanzhi_Fashi"}]},{"relation":"Prequel","entry":[{"mal_id":36318,"type":"anime","name":"Quanzhi Fashi II","url":"https:\/\/myanimelist.net\/anime\/36318\/Quanzhi_Fashi_II"}]},{"relation":"Sequel","entry":[{"mal_id":40005,"type":"anime","name":"Quanzhi Fashi IV","url":"https:\/\/myanimelist.net\/anime\/40005\/Quanzhi_Fashi_IV"}]}],"theme":{"openings":["\"Huan Meng (\u5524\u68a6)\" by \u7948Inory"],"endings":["\"Juedi (\u7edd\u5730)\" by ShareYoung (\u9189\u96ea)"]},"external":[{"name":"Official Site","url":"https:\/\/v.qq.com\/detail\/8\/8vdu7i5hr7anq5q.html"},{"name":"AniDB","url":"https:\/\/anidb.net\/perl-bin\/animedb.pl?show=anime&aid=14572"},{"name":"Baidu Baike","url":"https:\/\/baike.baidu.com\/item\/%E5%85%A8%E8%81%8C%E6%B3%95%E5%B8%88%E2%85%A2"}],"streaming":[]}}