{"data":{"mal_id":38555,"url":"https:\/\/myanimelist.net\/anime\/38555\/Otome_Game_no_Hametsu_Flag_shika_Nai_Akuyaku_Reijou_ni_Tensei_shiteshimatta","images":{"jpg":{"image_url":"https:\/\/cdn.myanimelist.net\/images\/anime\/1483\/107061.jpg","small_image_url":"https:\/\/cdn.myanimelist.net\/images\/anime\/1483\/107061t.jpg","large_image_url":"https:\/\/cdn.myanimelist.net\/images\/anime\/1483\/107061l.jpg"},"webp":{"image_url":"https:\/\/cdn.myanimelist.net\/images\/anime\/1483\/107061.webp","small_image_url":"https:\/\/cdn.myanimelist.net\/images\/anime\/1483\/107061t.webp","large_image_url":"https:\/\/cdn.myanimelist.net\/images\/anime\/1483\/107061l.webp"}},"trailer":{"youtube_id":"RyBy8uvaFAo","url":"https:\/\/www.youtube.com\/watch?v=RyBy8uvaFAo","embed_url":"https:\/\/www.youtube.com\/embed\/RyBy8uvaFAo?enablejsapi=1&wmode=opaque&autoplay=1","images":{"image_url":"https:\/\/img.youtube.com\/vi\/RyBy8uvaFAo\/default.jpg","small_image_url":"https:\/\/img.youtube.com\/vi\/RyBy8uvaFAo\/sddefault.jpg","medium_image_url":"https:\/\/img.youtube.com\/vi\/RyBy8uvaFAo\/mqdefault.jpg","large_image_url":"https:\/\/img.youtube.com\/vi\/RyBy8uvaFAo\/hqdefault.jpg","maximum_image_url":"https:\/\/img.youtube.com\/vi\/RyBy8uvaFAo\/maxresdefault.jpg"}},"approved":true,"titles":[{"type":"Default","title":"Otome Game no Hametsu Flag shika Nai Akuyaku Reijou ni Tensei shiteshimatta..."},{"type":"Synonym","title":"Hamefura"},{"type":"Synonym","title":"I Reincarnated into an Otome Game as a Villainess With Only Destruction Flags\u2026"},{"type":"Synonym","title":"Destruction Flag Otome"},{"type":"Japanese","title":"\u4e59\u5973\u30b2\u30fc\u30e0\u306e\u7834\u6ec5\u30d5\u30e9\u30b0\u3057\u304b\u306a\u3044\u60aa\u5f79\u4ee4\u5b22\u306b\u8ee2\u751f\u3057\u3066\u3057\u307e\u3063\u305f\u2026"},{"type":"English","title":"My Next Life as a Villainess: All Routes Lead to Doom!"},{"type":"German","title":"My Next Life as a Villainess: Wie \u00fcberlebe ich in einem Dating-Game?"},{"type":"Spanish","title":"My Next Life as a Villainess: All Routes Lead to Doom!"},{"type":"French","title":"My Next Life as a Villainess: All Routes Lead to Doom!"}],"title":"Otome Game no Hametsu Flag shika Nai Akuyaku Reijou ni Tensei shiteshimatta...","title_english":"My Next Life as a Villainess: All Routes Lead to Doom!","title_japanese":"\u4e59\u5973\u30b2\u30fc\u30e0\u306e\u7834\u6ec5\u30d5\u30e9\u30b0\u3057\u304b\u306a\u3044\u60aa\u5f79\u4ee4\u5b22\u306b\u8ee2\u751f\u3057\u3066\u3057\u307e\u3063\u305f\u2026","title_synonyms":["Hamefura","I Reincarnated into an Otome Game as a Villainess With Only Destruction Flags\u2026","Destruction Flag Otome"],"type":"TV","source":"Light novel","episodes":12,"status":"Finished Airing","airing":false,"aired":{"from":"2020-04-05T00:00:00+00:00","to":"2020-06-21T00:00:00+00:00","prop":{"from":{"day":5,"month":4,"year":2020},"to":{"day":21,"month":6,"year":2020}},"string":"Apr 5, 2020 to Jun 21, 2020"},"duration":"24 min per ep","rating":"PG-13 - Teens 13 or older","score":7.46,"scored_by":234397,"rank":1907,"popularity":500,"members":433954,"favorites":2892,"synopsis":"Most people would prefer being the protagonist of a world full of adventure, be it in a game or in another world. But, unfortunately, a certain girl is not so lucky. Regaining the memories of her past life, she realizes that she was reborn in the world of Fortune Lover\u2014one of the games she used to play.\n\nUnfortunately, the character she was reincarnated into\u2014Catarina Claes\u2014is the game's main antagonist, who faces utter doom in every ending. Using her extensive knowledge of the game, she takes it upon herself to escape from the chains of this accursed destiny.\n\nHowever, this will not be an easy feat, especially since she needs to be cautious as to not set off death flags that may speed up the impending doom she is trying to avoid. Even so, to make a change that will affect the lives of everyone around her, she strives\u2014not as the heroine\u2014but as the villainess.\n\n[Written by MAL Rewrite]","background":null,"season":"spring","year":2020,"broadcast":{"day":"Sundays","time":"01:30","timezone":"Asia\/Tokyo","string":"Sundays at 01:30 (JST)"},"producers":[{"mal_id":143,"type":"anime","name":"Mainichi Broadcasting System","url":"https:\/\/myanimelist.net\/anime\/producer\/143\/Mainichi_Broadcasting_System"},{"mal_id":517,"type":"anime","name":"Asmik Ace","url":"https:\/\/myanimelist.net\/anime\/producer\/517\/Asmik_Ace"},{"mal_id":1344,"type":"anime","name":"King Records","url":"https:\/\/myanimelist.net\/anime\/producer\/1344\/King_Records"},{"mal_id":1582,"type":"anime","name":"Ichijinsha","url":"https:\/\/myanimelist.net\/anime\/producer\/1582\/Ichijinsha"},{"mal_id":1585,"type":"anime","name":"Nichion","url":"https:\/\/myanimelist.net\/anime\/producer\/1585\/Nichion"}],"licensors":[{"mal_id":1468,"type":"anime","name":"Crunchyroll","url":"https:\/\/myanimelist.net\/anime\/producer\/1468\/Crunchyroll"}],"studios":[{"mal_id":300,"type":"anime","name":"SILVER LINK.","url":"https:\/\/myanimelist.net\/anime\/producer\/300\/SILVER_LINK"}],"genres":[{"mal_id":4,"type":"anime","name":"Comedy","url":"https:\/\/myanimelist.net\/anime\/genre\/4\/Comedy"},{"mal_id":10,"type":"anime","name":"Fantasy","url":"https:\/\/myanimelist.net\/anime\/genre\/10\/Fantasy"},{"mal_id":22,"type":"anime","name":"Romance","url":"https:\/\/myanimelist.net\/anime\/genre\/22\/Romance"}],"explicit_genres":[],"themes":[{"mal_id":62,"type":"anime","name":"Isekai","url":"https:\/\/myanimelist.net\/anime\/genre\/62\/Isekai"},{"mal_id":72,"type":"anime","name":"Reincarnation","url":"https:\/\/myanimelist.net\/anime\/genre\/72\/Reincarnation"},{"mal_id":73,"type":"anime","name":"Reverse Harem","url":"https:\/\/myanimelist.net\/anime\/genre\/73\/Reverse_Harem"},{"mal_id":23,"type":"anime","name":"School","url":"https:\/\/myanimelist.net\/anime\/genre\/23\/School"}],"demographics":[{"mal_id":25,"type":"anime","name":"Shoujo","url":"https:\/\/myanimelist.net\/anime\/genre\/25\/Shoujo"}],"relations":[{"relation":"Adaptation","entry":[{"mal_id":103925,"type":"manga","name":"Otome Game no Hametsu Flag shika Nai Akuyaku Reijou ni Tensei shiteshimatta...","url":"https:\/\/myanimelist.net\/manga\/103925\/Otome_Game_no_Hametsu_Flag_shika_Nai_Akuyaku_Reijou_ni_Tensei_shiteshimatta"}]},{"relation":"Other","entry":[{"mal_id":41399,"type":"anime","name":"Katarina Nounai Kaigi","url":"https:\/\/myanimelist.net\/anime\/41399\/Katarina_Nounai_Kaigi"},{"mal_id":42194,"type":"anime","name":"Katarina to Manabou","url":"https:\/\/myanimelist.net\/anime\/42194\/Katarina_to_Manabou"},{"mal_id":49457,"type":"anime","name":"Otome Game no Hametsu Flag shika Nai Akuyaku Reijou ni Tensei shiteshimatta... OVA","url":"https:\/\/myanimelist.net\/anime\/49457\/Otome_Game_no_Hametsu_Flag_shika_Nai_Akuyaku_Reijou_ni_Tensei_shiteshimatta_OVA"},{"mal_id":51036,"type":"anime","name":"Otome Game no Hametsu Flag shika Nai Akuyaku Reijou ni Tensei shiteshimatta... Voice Drama","url":"https:\/\/myanimelist.net\/anime\/51036\/Otome_Game_no_Hametsu_Flag_shika_Nai_Akuyaku_Reijou_ni_Tensei_shiteshimatta_Voice_Drama"}]},{"relation":"Sequel","entry":[{"mal_id":42282,"type":"anime","name":"Otome Game no Hametsu Flag shika Nai Akuyaku Reijou ni Tensei shiteshimatta... X","url":"https:\/\/myanimelist.net\/anime\/42282\/Otome_Game_no_Hametsu_Flag_shika_Nai_Akuyaku_Reijou_ni_Tensei_shiteshimatta_X"}]}],"theme":{"openings":["\"Otome no Route wa Hitotsu janai! (\u4e59\u5973\u306e\u30eb\u30fc\u30c8\u306f\u3072\u3068\u3064\u3058\u3083\u306a\u3044\uff01)\" by angela (eps 1-11)"],"endings":["1: \"BAD END\" by Shouta Aoi (\u84bc\u4e95\u7fd4\u592a) (eps 2-11)","2: \"Otome no Route wa Hitotsu Janai! (\u4e59\u5973\u306e\u30eb\u30fc\u30c8\u306f\u3072\u3068\u3064\u3058\u3083\u306a\u3044\uff01)\" by angela (eps 12)"]},"external":[{"name":"Official Site","url":"https:\/\/hamehura-anime.com\/"},{"name":"AniDB","url":"https:\/\/anidb.net\/perl-bin\/animedb.pl?show=anime&aid=14449"},{"name":"ANN","url":"https:\/\/www.animenewsnetwork.com\/encyclopedia\/anime.php?id=22339"},{"name":"Wikipedia","url":"https:\/\/en.wikipedia.org\/wiki\/My_Next_Life_as_a_Villainess:_All_Routes_Lead_to_Doom!"}],"streaming":[{"name":"Crunchyroll","url":"http:\/\/www.crunchyroll.com\/series-279209"}]}}