{"data":{"mal_id":38804,"url":"https:\/\/myanimelist.net\/anime\/38804\/Kiratto_Pri\u2606chan_Season_2","images":{"jpg":{"image_url":"https:\/\/cdn.myanimelist.net\/images\/anime\/1616\/103082.jpg","small_image_url":"https:\/\/cdn.myanimelist.net\/images\/anime\/1616\/103082t.jpg","large_image_url":"https:\/\/cdn.myanimelist.net\/images\/anime\/1616\/103082l.jpg"},"webp":{"image_url":"https:\/\/cdn.myanimelist.net\/images\/anime\/1616\/103082.webp","small_image_url":"https:\/\/cdn.myanimelist.net\/images\/anime\/1616\/103082t.webp","large_image_url":"https:\/\/cdn.myanimelist.net\/images\/anime\/1616\/103082l.webp"}},"trailer":{"youtube_id":null,"url":null,"embed_url":null,"images":{"image_url":null,"small_image_url":null,"medium_image_url":null,"large_image_url":null,"maximum_image_url":null}},"approved":true,"titles":[{"type":"Default","title":"Kiratto Pri\u2606chan Season 2"},{"type":"Synonym","title":"Kiratto Pri\u2606chan 2nd Season"},{"type":"Japanese","title":"\u30ad\u30e9\u30c3\u3068\u30d7\u30ea\u2606\u30c1\u30e3\u30f3 \u30b7\u30fc\u30ba\u30f32"}],"title":"Kiratto Pri\u2606chan Season 2","title_english":null,"title_japanese":"\u30ad\u30e9\u30c3\u3068\u30d7\u30ea\u2606\u30c1\u30e3\u30f3 \u30b7\u30fc\u30ba\u30f32","title_synonyms":["Kiratto Pri\u2606chan 2nd Season"],"type":"TV","source":"Game","episodes":51,"status":"Finished Airing","airing":false,"aired":{"from":"2019-04-07T00:00:00+00:00","to":"2020-03-29T00:00:00+00:00","prop":{"from":{"day":7,"month":4,"year":2019},"to":{"day":29,"month":3,"year":2020}},"string":"Apr 7, 2019 to Mar 29, 2020"},"duration":"24 min per ep","rating":"PG - Children","score":7.51,"scored_by":766,"rank":1758,"popularity":9819,"members":2852,"favorites":30,"synopsis":"Mirai Momoyama, Emo Moegi, and Rinka Aoba are 2nd year students at Kirarigaoka Middle School in Kirajuku, and together they form an idol group called \"Miracle\u2606Kiratts\"! The popularity of their streaming programs has skyrocketed! One day, a mysterious Pri\u2606Chan idol named \"Dia\" appears, and everyone is given a Jewel Pact. Along with that, she announces the opening of the \"Jewel Auditions\", an event where idols with a jewel-like shine are chosen to become \"Jewel Idols\". Only those who can pass the audition with a sparkling heart can make their \"Kiratto Jewel\" shine, allowing them to receive their \"Jewel Coord\". And out of all of them, only the best \"Jewel Idol\" can wear the long-admired \"Diamond Coord\". Who's going to be?!\n\n(Source: PriChan Wiki, edited)","background":null,"season":"spring","year":2019,"broadcast":{"day":"Sundays","time":"10:00","timezone":"Asia\/Tokyo","string":"Sundays at 10:00 (JST)"},"producers":[],"licensors":[],"studios":[{"mal_id":103,"type":"anime","name":"Tatsunoko Production","url":"https:\/\/myanimelist.net\/anime\/producer\/103\/Tatsunoko_Production"}],"genres":[{"mal_id":4,"type":"anime","name":"Comedy","url":"https:\/\/myanimelist.net\/anime\/genre\/4\/Comedy"},{"mal_id":36,"type":"anime","name":"Slice of Life","url":"https:\/\/myanimelist.net\/anime\/genre\/36\/Slice_of_Life"}],"explicit_genres":[],"themes":[{"mal_id":60,"type":"anime","name":"Idols (Female)","url":"https:\/\/myanimelist.net\/anime\/genre\/60\/Idols_Female"},{"mal_id":19,"type":"anime","name":"Music","url":"https:\/\/myanimelist.net\/anime\/genre\/19\/Music"}],"demographics":[],"relations":[{"relation":"Prequel","entry":[{"mal_id":37178,"type":"anime","name":"Kiratto Pri\u2606chan","url":"https:\/\/myanimelist.net\/anime\/37178\/Kiratto_Pri\u2606chan"}]},{"relation":"Sequel","entry":[{"mal_id":40880,"type":"anime","name":"Kiratto Pri\u2606chan Season 3","url":"https:\/\/myanimelist.net\/anime\/40880\/Kiratto_Pri\u2606chan_Season_3"}]}],"theme":{"openings":["1: \"Diamond Smile (\u30c0\u30a4\u30e4\u30e2\u30f3\u30c9\u30b9\u30de\u30a4\u30eb)\" by Run Girls, Run!","2: \"Kira-List Jewel-ist (\u30ad\u30e9\u30ea\u30b9\u30c8\u30fb\u30b8\u30e5\u30a8\u30ea\u30b9\u30c8)\" by Run Girls, Run!"],"endings":["1: \"Janken Kiratto! Pri\u2606chan (\u3058\u3083\u3093\u3051\u3093\u30ad\u30e9\u30c3\u3068\uff01\u30d7\u30ea\u2606\u30c1\u30e3\u30f3)\" by Mirai Momoyama (Koko Hayashi)","2: \"Brand New Girls\" by Mirai Momoyama (Koko Hayashi), Rinka Aoba (Nanami Atsugi), Meru Shidou (Yuuka Morishima)"]},"external":[{"name":"Official Site","url":"http:\/\/www.tv-tokyo.co.jp\/anime\/prichan\/"},{"name":"AniDB","url":"https:\/\/anidb.net\/perl-bin\/animedb.pl?show=anime&aid=13752"},{"name":"ANN","url":"https:\/\/www.animenewsnetwork.com\/encyclopedia\/anime.php?id=21793"},{"name":"Wikipedia","url":"https:\/\/en.wikipedia.org\/wiki\/Kiratto_Pri_Chan#Anime"}],"streaming":[]}}