{"data":{"mal_id":38816,"url":"https:\/\/myanimelist.net\/anime\/38816\/Hello_World","images":{"jpg":{"image_url":"https:\/\/cdn.myanimelist.net\/images\/anime\/1147\/112650.jpg","small_image_url":"https:\/\/cdn.myanimelist.net\/images\/anime\/1147\/112650t.jpg","large_image_url":"https:\/\/cdn.myanimelist.net\/images\/anime\/1147\/112650l.jpg"},"webp":{"image_url":"https:\/\/cdn.myanimelist.net\/images\/anime\/1147\/112650.webp","small_image_url":"https:\/\/cdn.myanimelist.net\/images\/anime\/1147\/112650t.webp","large_image_url":"https:\/\/cdn.myanimelist.net\/images\/anime\/1147\/112650l.webp"}},"trailer":{"youtube_id":"shoWFRnNoWw","url":"https:\/\/www.youtube.com\/watch?v=shoWFRnNoWw","embed_url":"https:\/\/www.youtube.com\/embed\/shoWFRnNoWw?enablejsapi=1&wmode=opaque&autoplay=1","images":{"image_url":"https:\/\/img.youtube.com\/vi\/shoWFRnNoWw\/default.jpg","small_image_url":"https:\/\/img.youtube.com\/vi\/shoWFRnNoWw\/sddefault.jpg","medium_image_url":"https:\/\/img.youtube.com\/vi\/shoWFRnNoWw\/mqdefault.jpg","large_image_url":"https:\/\/img.youtube.com\/vi\/shoWFRnNoWw\/hqdefault.jpg","maximum_image_url":"https:\/\/img.youtube.com\/vi\/shoWFRnNoWw\/maxresdefault.jpg"}},"approved":true,"titles":[{"type":"Default","title":"Hello World"},{"type":"Japanese","title":"\u30cf\u30ed\u30fc\u30fb\u30ef\u30fc\u30eb\u30c9"}],"title":"Hello World","title_english":null,"title_japanese":"\u30cf\u30ed\u30fc\u30fb\u30ef\u30fc\u30eb\u30c9","title_synonyms":[],"type":"Movie","source":"Original","episodes":1,"status":"Finished Airing","airing":false,"aired":{"from":"2019-09-20T00:00:00+00:00","to":null,"prop":{"from":{"day":20,"month":9,"year":2019},"to":{"day":null,"month":null,"year":null}},"string":"Sep 20, 2019"},"duration":"1 hr 37 min","rating":"PG-13 - Teens 13 or older","score":7.5,"scored_by":108298,"rank":1789,"popularity":946,"members":245296,"favorites":1410,"synopsis":"The year is 2027, and the city of Kyoto has undergone tremendous technological advancement. Within the city live two classmates: Naomi Katagaki, a socially awkward and introverted boy; and Ruri Ichigyou, a girl with a cold personality who is often blunt with people. Despite sharing Ruri's love of reading, Naomi is afraid to approach her due to her unfriendly nature.\n\nOne day, while out on a walk, Naomi witnesses a crimson aurora pierce through the sky for a brief moment before vanishing. Shortly after, he encounters a three-legged crow and a mysterious hooded man, who reveals himself to be Naomi from 10 years in the future, explaining that he has come to change an imminent tragic event that happens to Ruri soon after they start dating. Initially taking his words with a grain of salt, present-day Naomi follows his future self's instructions and starts getting closer to Ruri, determined to save her. Will he be able to change the future?\n\n[Written by MAL Rewrite]","background":null,"season":null,"year":null,"broadcast":{"day":null,"time":null,"timezone":null,"string":null},"producers":[{"mal_id":76,"type":"anime","name":"Yomiuri Telecasting","url":"https:\/\/myanimelist.net\/anime\/producer\/76\/Yomiuri_Telecasting"},{"mal_id":100,"type":"anime","name":"TV Osaka","url":"https:\/\/myanimelist.net\/anime\/producer\/100\/TV_Osaka"},{"mal_id":143,"type":"anime","name":"Mainichi Broadcasting System","url":"https:\/\/myanimelist.net\/anime\/producer\/143\/Mainichi_Broadcasting_System"},{"mal_id":166,"type":"anime","name":"Movic","url":"https:\/\/myanimelist.net\/anime\/producer\/166\/Movic"},{"mal_id":245,"type":"anime","name":"TOHO","url":"https:\/\/myanimelist.net\/anime\/producer\/245\/TOHO"},{"mal_id":647,"type":"anime","name":"Memory-Tech","url":"https:\/\/myanimelist.net\/anime\/producer\/647\/Memory-Tech"},{"mal_id":1211,"type":"anime","name":"Tokyo MX","url":"https:\/\/myanimelist.net\/anime\/producer\/1211\/Tokyo_MX"},{"mal_id":1365,"type":"anime","name":"Shueisha","url":"https:\/\/myanimelist.net\/anime\/producer\/1365\/Shueisha"},{"mal_id":1412,"type":"anime","name":"Kansai Telecasting","url":"https:\/\/myanimelist.net\/anime\/producer\/1412\/Kansai_Telecasting"},{"mal_id":1422,"type":"anime","name":"CyberAgent","url":"https:\/\/myanimelist.net\/anime\/producer\/1422\/CyberAgent"},{"mal_id":1501,"type":"anime","name":"JR East Marketing & Communications","url":"https:\/\/myanimelist.net\/anime\/producer\/1501\/JR_East_Marketing___Communications"},{"mal_id":1777,"type":"anime","name":"LINE Corporation","url":"https:\/\/myanimelist.net\/anime\/producer\/1777\/LINE_Corporation"},{"mal_id":1800,"type":"anime","name":"Marui Group","url":"https:\/\/myanimelist.net\/anime\/producer\/1800\/Marui_Group"},{"mal_id":2031,"type":"anime","name":"Lawson Entertainment","url":"https:\/\/myanimelist.net\/anime\/producer\/2031\/Lawson_Entertainment"},{"mal_id":2138,"type":"anime","name":"Hikari TV","url":"https:\/\/myanimelist.net\/anime\/producer\/2138\/Hikari_TV"}],"licensors":[],"studios":[{"mal_id":894,"type":"anime","name":"Graphinica","url":"https:\/\/myanimelist.net\/anime\/producer\/894\/Graphinica"}],"genres":[{"mal_id":8,"type":"anime","name":"Drama","url":"https:\/\/myanimelist.net\/anime\/genre\/8\/Drama"},{"mal_id":22,"type":"anime","name":"Romance","url":"https:\/\/myanimelist.net\/anime\/genre\/22\/Romance"},{"mal_id":24,"type":"anime","name":"Sci-Fi","url":"https:\/\/myanimelist.net\/anime\/genre\/24\/Sci-Fi"}],"explicit_genres":[],"themes":[],"demographics":[],"relations":[{"relation":"Adaptation","entry":[{"mal_id":121294,"type":"manga","name":"Hello World","url":"https:\/\/myanimelist.net\/manga\/121294\/Hello_World"},{"mal_id":158230,"type":"manga","name":"Hello World","url":"https:\/\/myanimelist.net\/manga\/158230\/Hello_World"}]},{"relation":"Spin-off","entry":[{"mal_id":40295,"type":"anime","name":"Another World","url":"https:\/\/myanimelist.net\/anime\/40295\/Another_World"}]}],"theme":{"openings":["\"Opening Theme feat. AAAMYYY (\u30aa\u30fc\u30d7\u30cb\u30f3\u30b0\u30c6\u30fc\u30de feat.AAAMYYY)\" by Okamoto Sho, Okamoto Kouki featuring AAAMYYY"],"endings":["\"Shinsekai (\u65b0\u4e16\u754c)\" by OKAMOTO'S"]},"external":[{"name":"Official Site","url":"https:\/\/hello-world-movie.com\/"},{"name":"AniDB","url":"https:\/\/anidb.net\/perl-bin\/animedb.pl?show=anime&aid=14532"},{"name":"ANN","url":"https:\/\/www.animenewsnetwork.com\/encyclopedia\/anime.php?id=22139"},{"name":"Wikipedia","url":"https:\/\/en.wikipedia.org\/wiki\/Hello_World_(film)"}],"streaming":[{"name":"Netflix","url":"https:\/\/www.netflix.com\/"}]}}