{"data":{"mal_id":38850,"url":"https:\/\/myanimelist.net\/anime\/38850\/Star\u2606Twinkle_Precure__Hoshi_no_Uta_ni_Omoi_wo_Komete","images":{"jpg":{"image_url":"https:\/\/cdn.myanimelist.net\/images\/anime\/1324\/101596.jpg","small_image_url":"https:\/\/cdn.myanimelist.net\/images\/anime\/1324\/101596t.jpg","large_image_url":"https:\/\/cdn.myanimelist.net\/images\/anime\/1324\/101596l.jpg"},"webp":{"image_url":"https:\/\/cdn.myanimelist.net\/images\/anime\/1324\/101596.webp","small_image_url":"https:\/\/cdn.myanimelist.net\/images\/anime\/1324\/101596t.webp","large_image_url":"https:\/\/cdn.myanimelist.net\/images\/anime\/1324\/101596l.webp"}},"trailer":{"youtube_id":"-TgdU8Fjb-E","url":"https:\/\/www.youtube.com\/watch?v=-TgdU8Fjb-E","embed_url":"https:\/\/www.youtube.com\/embed\/-TgdU8Fjb-E?enablejsapi=1&wmode=opaque&autoplay=1","images":{"image_url":"https:\/\/img.youtube.com\/vi\/-TgdU8Fjb-E\/default.jpg","small_image_url":"https:\/\/img.youtube.com\/vi\/-TgdU8Fjb-E\/sddefault.jpg","medium_image_url":"https:\/\/img.youtube.com\/vi\/-TgdU8Fjb-E\/mqdefault.jpg","large_image_url":"https:\/\/img.youtube.com\/vi\/-TgdU8Fjb-E\/hqdefault.jpg","maximum_image_url":"https:\/\/img.youtube.com\/vi\/-TgdU8Fjb-E\/maxresdefault.jpg"}},"approved":true,"titles":[{"type":"Default","title":"Star\u2606Twinkle Precure: Hoshi no Uta ni Omoi wo Komete"},{"type":"Japanese","title":"\u6620\u753b\u30b9\u30bf\u30fc\u2606\u30c8\u30a5\u30a4\u30f3\u30af\u30eb\u30d7\u30ea\u30ad\u30e5\u30a2 \u661f\u306e\u3046\u305f\u306b\u60f3\u3044\u3092\u3053\u3081\u3066"}],"title":"Star\u2606Twinkle Precure: Hoshi no Uta ni Omoi wo Komete","title_english":null,"title_japanese":"\u6620\u753b\u30b9\u30bf\u30fc\u2606\u30c8\u30a5\u30a4\u30f3\u30af\u30eb\u30d7\u30ea\u30ad\u30e5\u30a2 \u661f\u306e\u3046\u305f\u306b\u60f3\u3044\u3092\u3053\u3081\u3066","title_synonyms":[],"type":"Movie","source":"Original","episodes":1,"status":"Finished Airing","airing":false,"aired":{"from":"2019-10-19T00:00:00+00:00","to":null,"prop":{"from":{"day":19,"month":10,"year":2019},"to":{"day":null,"month":null,"year":null}},"string":"Oct 19, 2019"},"duration":"1 hr 12 min","rating":"G - All Ages","score":7.81,"scored_by":1469,"rank":944,"popularity":8960,"members":3844,"favorites":17,"synopsis":"When a meteor shower causes a mysterious star-shaped alien to land in Lala Hagoromo and Hikaru Hoshina's home, the girls find themselves having to take care of the mischievous creature whom they name \"Yuma.\" Although their relationship gets off to a rocky start, Lala and Yuma eventually connect through their similar passions for music and exploration. \n\nHowever, when strange alien hunters targeting Yuma arrive on Earth, the girls learn that there is more to Yuma than what meets the eye. In protecting Yuma, the Star\u2606Twinkle Precure find themselves entangled in an astronomical battle where the fate of the galaxy is at stake! Will Yuma feel the Precure's emotions through their melody, and can they make the necessary sacrifices to defend everything they love?\n\n[Written by MAL Rewrite]","background":null,"season":null,"year":null,"broadcast":{"day":null,"time":null,"timezone":null,"string":null},"producers":[],"licensors":[],"studios":[{"mal_id":18,"type":"anime","name":"Toei Animation","url":"https:\/\/myanimelist.net\/anime\/producer\/18\/Toei_Animation"}],"genres":[{"mal_id":1,"type":"anime","name":"Action","url":"https:\/\/myanimelist.net\/anime\/genre\/1\/Action"},{"mal_id":10,"type":"anime","name":"Fantasy","url":"https:\/\/myanimelist.net\/anime\/genre\/10\/Fantasy"}],"explicit_genres":[],"themes":[{"mal_id":66,"type":"anime","name":"Mahou Shoujo","url":"https:\/\/myanimelist.net\/anime\/genre\/66\/Mahou_Shoujo"}],"demographics":[],"relations":[{"relation":"Other","entry":[{"mal_id":38578,"type":"anime","name":"Star\u2606Twinkle Precure","url":"https:\/\/myanimelist.net\/anime\/38578\/Star\u2606Twinkle_Precure"}]}],"theme":{"openings":[],"endings":["\"Twinkle Stars\" by Rina Chinen"]},"external":[{"name":"Official Site","url":"https:\/\/www.precure-movie.com\/pc\/"},{"name":"AniDB","url":"https:\/\/anidb.net\/perl-bin\/animedb.pl?show=anime&aid=14544"},{"name":"ANN","url":"https:\/\/www.animenewsnetwork.com\/encyclopedia\/anime.php?id=22254"}],"streaming":[]}}