{"data":{"mal_id":3907,"url":"https:\/\/myanimelist.net\/anime\/3907\/Ginga_Sengoku_Gunyuuden_Rai","images":{"jpg":{"image_url":"https:\/\/cdn.myanimelist.net\/images\/anime\/6\/30829.jpg","small_image_url":"https:\/\/cdn.myanimelist.net\/images\/anime\/6\/30829t.jpg","large_image_url":"https:\/\/cdn.myanimelist.net\/images\/anime\/6\/30829l.jpg"},"webp":{"image_url":"https:\/\/cdn.myanimelist.net\/images\/anime\/6\/30829.webp","small_image_url":"https:\/\/cdn.myanimelist.net\/images\/anime\/6\/30829t.webp","large_image_url":"https:\/\/cdn.myanimelist.net\/images\/anime\/6\/30829l.webp"}},"trailer":{"youtube_id":null,"url":null,"embed_url":null,"images":{"image_url":null,"small_image_url":null,"medium_image_url":null,"large_image_url":null,"maximum_image_url":null}},"approved":true,"titles":[{"type":"Default","title":"Ginga Sengoku Gunyuuden Rai"},{"type":"Synonym","title":"Rai: Galactic Civil War Chronicle"},{"type":"Synonym","title":"Thunder Jet"},{"type":"Synonym","title":"Ginga Sengoku Gun Yuuden Rai"},{"type":"Japanese","title":"\u9280\u6cb3\u6226\u56fd\u7fa4\u96c4\u4f1d\u30e9\u30a4"},{"type":"English","title":"Galaxy Warring State Chronicle Rai"}],"title":"Ginga Sengoku Gunyuuden Rai","title_english":"Galaxy Warring State Chronicle Rai","title_japanese":"\u9280\u6cb3\u6226\u56fd\u7fa4\u96c4\u4f1d\u30e9\u30a4","title_synonyms":["Rai: Galactic Civil War Chronicle","Thunder Jet","Ginga Sengoku Gun Yuuden Rai"],"type":"TV","source":"Manga","episodes":52,"status":"Finished Airing","airing":false,"aired":{"from":"1994-04-08T00:00:00+00:00","to":"1995-03-31T00:00:00+00:00","prop":{"from":{"day":8,"month":4,"year":1994},"to":{"day":31,"month":3,"year":1995}},"string":"Apr 8, 1994 to Mar 31, 1995"},"duration":"25 min per ep","rating":"PG-13 - Teens 13 or older","score":7.9,"scored_by":5086,"rank":748,"popularity":5215,"members":15356,"favorites":88,"synopsis":"Rai is a space opera that fuses feudal Chinese and Japanese customs with vast galaxy spanning empires and space-going societies. The story follows the life and times of the samurai Rai, and the quest of several spacefaring factions for control of territory and, of course, the Empire.","background":null,"season":"spring","year":1994,"broadcast":{"day":"Fridays","time":"18:30","timezone":"Asia\/Tokyo","string":"Fridays at 18:30 (JST)"},"producers":[{"mal_id":16,"type":"anime","name":"TV Tokyo","url":"https:\/\/myanimelist.net\/anime\/producer\/16\/TV_Tokyo"},{"mal_id":153,"type":"anime","name":"SoftX","url":"https:\/\/myanimelist.net\/anime\/producer\/153\/SoftX"}],"licensors":[{"mal_id":311,"type":"anime","name":"Enoki Films","url":"https:\/\/myanimelist.net\/anime\/producer\/311\/Enoki_Films"}],"studios":[{"mal_id":154,"type":"anime","name":"E&G Films","url":"https:\/\/myanimelist.net\/anime\/producer\/154\/E_G_Films"}],"genres":[{"mal_id":2,"type":"anime","name":"Adventure","url":"https:\/\/myanimelist.net\/anime\/genre\/2\/Adventure"},{"mal_id":22,"type":"anime","name":"Romance","url":"https:\/\/myanimelist.net\/anime\/genre\/22\/Romance"},{"mal_id":24,"type":"anime","name":"Sci-Fi","url":"https:\/\/myanimelist.net\/anime\/genre\/24\/Sci-Fi"}],"explicit_genres":[],"themes":[{"mal_id":29,"type":"anime","name":"Space","url":"https:\/\/myanimelist.net\/anime\/genre\/29\/Space"}],"demographics":[{"mal_id":27,"type":"anime","name":"Shounen","url":"https:\/\/myanimelist.net\/anime\/genre\/27\/Shounen"}],"relations":[{"relation":"Adaptation","entry":[{"mal_id":19292,"type":"manga","name":"Ginga Sengoku Gunyuuden Rai","url":"https:\/\/myanimelist.net\/manga\/19292\/Ginga_Sengoku_Gunyuuden_Rai"}]}],"theme":{"openings":["\"Rai Densetsu (\u96f7\u4f1d\u8aac)\" by Atsuo Tanimoto"],"endings":["\"Yume Keshou (\u5922\u5316\u7ca7)\" by Mari Sasaki"]},"external":[{"name":"AniDB","url":"https:\/\/anidb.net\/perl-bin\/animedb.pl?show=anime&aid=1305"},{"name":"ANN","url":"https:\/\/www.animenewsnetwork.com\/encyclopedia\/anime.php?id=2225"},{"name":"Wikipedia","url":"https:\/\/en.wikipedia.org\/wiki\/Ginga_Sengoku_Gun'y%C5%ABden_Rai"}],"streaming":[]}}