{"data":{"mal_id":39166,"url":"https:\/\/myanimelist.net\/anime\/39166\/Girls___Panzer__Saishuushou_Part_3","images":{"jpg":{"image_url":"https:\/\/cdn.myanimelist.net\/images\/anime\/1894\/119214.jpg","small_image_url":"https:\/\/cdn.myanimelist.net\/images\/anime\/1894\/119214t.jpg","large_image_url":"https:\/\/cdn.myanimelist.net\/images\/anime\/1894\/119214l.jpg"},"webp":{"image_url":"https:\/\/cdn.myanimelist.net\/images\/anime\/1894\/119214.webp","small_image_url":"https:\/\/cdn.myanimelist.net\/images\/anime\/1894\/119214t.webp","large_image_url":"https:\/\/cdn.myanimelist.net\/images\/anime\/1894\/119214l.webp"}},"trailer":{"youtube_id":"oHCy6_TjFMw","url":"https:\/\/www.youtube.com\/watch?v=oHCy6_TjFMw","embed_url":"https:\/\/www.youtube.com\/embed\/oHCy6_TjFMw?enablejsapi=1&wmode=opaque&autoplay=1","images":{"image_url":"https:\/\/img.youtube.com\/vi\/oHCy6_TjFMw\/default.jpg","small_image_url":"https:\/\/img.youtube.com\/vi\/oHCy6_TjFMw\/sddefault.jpg","medium_image_url":"https:\/\/img.youtube.com\/vi\/oHCy6_TjFMw\/mqdefault.jpg","large_image_url":"https:\/\/img.youtube.com\/vi\/oHCy6_TjFMw\/hqdefault.jpg","maximum_image_url":"https:\/\/img.youtube.com\/vi\/oHCy6_TjFMw\/maxresdefault.jpg"}},"approved":true,"titles":[{"type":"Default","title":"Girls & Panzer: Saishuushou Part 3"},{"type":"Japanese","title":"\u300e\u30ac\u30fc\u30eb\u30ba\uff06\u30d1\u30f3\u30c4\u30a1\u30fc \u6700\u7d42\u7ae0\u300f\u7b2c3\u8a71"},{"type":"English","title":"Girls und Panzer das Finale \u2013 Part 3"}],"title":"Girls & Panzer: Saishuushou Part 3","title_english":"Girls und Panzer das Finale \u2013 Part 3","title_japanese":"\u300e\u30ac\u30fc\u30eb\u30ba\uff06\u30d1\u30f3\u30c4\u30a1\u30fc \u6700\u7d42\u7ae0\u300f\u7b2c3\u8a71","title_synonyms":[],"type":"Movie","source":"Original","episodes":1,"status":"Finished Airing","airing":false,"aired":{"from":"2021-03-26T00:00:00+00:00","to":null,"prop":{"from":{"day":26,"month":3,"year":2021},"to":{"day":null,"month":null,"year":null}},"string":"Mar 26, 2021"},"duration":"48 min","rating":"PG-13 - Teens 13 or older","score":8.17,"scored_by":10161,"rank":398,"popularity":4262,"members":25177,"favorites":106,"synopsis":"The quarterfinal round of the Winter Continuous Track Cup is in full swing, and each school is going all out. What started as a furious back-and-forth firefight between Ooarai Girls Academy and Chi-Ha-Tan Academy has become a 12-hour jungle slugfest with neither team having the advantage and almost everyone running on fumes. In spite of this, Miho Nishizumi and her teammates continue to fight into the morning, hoping to land a decisive blow before their rivals.\n\nMeanwhile, Kuromorimine Girls Academy\u2014now led by Erika Itsumi\u2014is struggling in its match against Pravda High School. Taking Maho Nishizumi's words of advice to heart, Erika manages to break free of Kuromorimine's rigid, traditional tactics and turn the tide in her favor. At the same time, St. Gloriana Girls College faces off against Anzio High School, while Saunders University High School has a tough fixture with underdog Continuation High School and its mysterious sharpshooter, Jouko. \n\nWith only four semifinal spots up for grabs, the members of each team must give their absolute best performance if they want to survive and successfully make it to the next round!\n\n[Written by MAL Rewrite]","background":null,"season":null,"year":null,"broadcast":{"day":null,"time":null,"timezone":null,"string":null},"producers":[{"mal_id":23,"type":"anime","name":"Bandai Visual","url":"https:\/\/myanimelist.net\/anime\/producer\/23\/Bandai_Visual"},{"mal_id":104,"type":"anime","name":"Lantis","url":"https:\/\/myanimelist.net\/anime\/producer\/104\/Lantis"},{"mal_id":166,"type":"anime","name":"Movic","url":"https:\/\/myanimelist.net\/anime\/producer\/166\/Movic"},{"mal_id":1287,"type":"anime","name":"Q-Tec","url":"https:\/\/myanimelist.net\/anime\/producer\/1287\/Q-Tec"},{"mal_id":1333,"type":"anime","name":"Hakuhodo DY Music & Pictures","url":"https:\/\/myanimelist.net\/anime\/producer\/1333\/Hakuhodo_DY_Music___Pictures"}],"licensors":[{"mal_id":376,"type":"anime","name":"Sentai Filmworks","url":"https:\/\/myanimelist.net\/anime\/producer\/376\/Sentai_Filmworks"}],"studios":[{"mal_id":60,"type":"anime","name":"Actas","url":"https:\/\/myanimelist.net\/anime\/producer\/60\/Actas"}],"genres":[],"explicit_genres":[],"themes":[{"mal_id":52,"type":"anime","name":"CGDCT","url":"https:\/\/myanimelist.net\/anime\/genre\/52\/CGDCT"},{"mal_id":38,"type":"anime","name":"Military","url":"https:\/\/myanimelist.net\/anime\/genre\/38\/Military"},{"mal_id":23,"type":"anime","name":"School","url":"https:\/\/myanimelist.net\/anime\/genre\/23\/School"}],"demographics":[],"relations":[{"relation":"Prequel","entry":[{"mal_id":38081,"type":"anime","name":"Girls & Panzer: Saishuushou Part 2","url":"https:\/\/myanimelist.net\/anime\/38081\/Girls___Panzer__Saishuushou_Part_2"}]},{"relation":"Sequel","entry":[{"mal_id":39167,"type":"anime","name":"Girls & Panzer: Saishuushou Part 4","url":"https:\/\/myanimelist.net\/anime\/39167\/Girls___Panzer__Saishuushou_Part_4"}]},{"relation":"Other","entry":[{"mal_id":49690,"type":"anime","name":"Girls & Panzer: Saishuushou Part 3 Specials","url":"https:\/\/myanimelist.net\/anime\/49690\/Girls___Panzer__Saishuushou_Part_3_Specials"}]}],"theme":{"openings":["\"Grand symphony\" by Sayaka Sasaki (\u4f50\u54b2\u7d17\u82b1)"],"endings":[]},"external":[{"name":"Official Site","url":"http:\/\/girls-und-panzer-finale.jp\/"},{"name":"@garupan","url":"https:\/\/twitter.com\/garupan"},{"name":"AniDB","url":"https:\/\/anidb.net\/perl-bin\/animedb.pl?show=anime&aid=12361"},{"name":"ANN","url":"https:\/\/www.animenewsnetwork.com\/encyclopedia\/anime.php?id=19354"},{"name":"Wikipedia","url":"https:\/\/en.wikipedia.org\/wiki\/Girls_und_Panzer#Anime"},{"name":"Wikipedia","url":"https:\/\/ja.wikipedia.org\/wiki\/%E3%82%AC%E3%83%BC%E3%83%AB%E3%82%BA&%E3%83%91%E3%83%B3%E3%83%84%E3%82%A1%E3%83%BC"},{"name":"Syoboi","url":"https:\/\/cal.syoboi.jp\/tid\/4778"},{"name":"Bangumi","url":"https:\/\/bangumi.tv\/subject\/208826"}],"streaming":[]}}