{"data":{"mal_id":39178,"url":"https:\/\/myanimelist.net\/anime\/39178\/Doupo_Cangqiong_2nd_Season_Specials","images":{"jpg":{"image_url":"https:\/\/cdn.myanimelist.net\/images\/anime\/1504\/99979.jpg","small_image_url":"https:\/\/cdn.myanimelist.net\/images\/anime\/1504\/99979t.jpg","large_image_url":"https:\/\/cdn.myanimelist.net\/images\/anime\/1504\/99979l.jpg"},"webp":{"image_url":"https:\/\/cdn.myanimelist.net\/images\/anime\/1504\/99979.webp","small_image_url":"https:\/\/cdn.myanimelist.net\/images\/anime\/1504\/99979t.webp","large_image_url":"https:\/\/cdn.myanimelist.net\/images\/anime\/1504\/99979l.webp"}},"trailer":{"youtube_id":null,"url":null,"embed_url":null,"images":{"image_url":null,"small_image_url":null,"medium_image_url":null,"large_image_url":null,"maximum_image_url":null}},"approved":true,"titles":[{"type":"Default","title":"Doupo Cangqiong 2nd Season Specials"},{"type":"Synonym","title":"Battle Through the Heavens 2nd Season Specials: Song of Desert"},{"type":"Japanese","title":"\u6597\u7834\u82cd\u7a79\u7279\u522b\u7bc72\u6c99\u4e4b\u6f9c\u6b4c"},{"type":"English","title":"Fights Break Sphere 2nd Season Specials: Song of Desert"}],"title":"Doupo Cangqiong 2nd Season Specials","title_english":"Fights Break Sphere 2nd Season Specials: Song of Desert","title_japanese":"\u6597\u7834\u82cd\u7a79\u7279\u522b\u7bc72\u6c99\u4e4b\u6f9c\u6b4c","title_synonyms":["Battle Through the Heavens 2nd Season Specials: Song of Desert"],"type":"ONA","source":"Novel","episodes":3,"status":"Finished Airing","airing":false,"aired":{"from":"2019-04-14T00:00:00+00:00","to":"2019-04-28T00:00:00+00:00","prop":{"from":{"day":14,"month":4,"year":2019},"to":{"day":28,"month":4,"year":2019}},"string":"Apr 14, 2019 to Apr 28, 2019"},"duration":"25 min per ep","rating":"PG-13 - Teens 13 or older","score":7.53,"scored_by":1955,"rank":1676,"popularity":8951,"members":3851,"favorites":14,"synopsis":"The tale of Ice Emperor and his journey as a mercenary. The story tells a story of twin Queen Medusas and their intervention with the Ice Emperor.","background":null,"season":null,"year":null,"broadcast":{"day":null,"time":null,"timezone":null,"string":null},"producers":[{"mal_id":1727,"type":"anime","name":"Tencent Penguin Pictures","url":"https:\/\/myanimelist.net\/anime\/producer\/1727\/Tencent_Penguin_Pictures"},{"mal_id":1728,"type":"anime","name":"China Literature Limited","url":"https:\/\/myanimelist.net\/anime\/producer\/1728\/China_Literature_Limited"}],"licensors":[],"studios":[{"mal_id":1827,"type":"anime","name":"Motion Magic","url":"https:\/\/myanimelist.net\/anime\/producer\/1827\/Motion_Magic"}],"genres":[{"mal_id":1,"type":"anime","name":"Action","url":"https:\/\/myanimelist.net\/anime\/genre\/1\/Action"},{"mal_id":2,"type":"anime","name":"Adventure","url":"https:\/\/myanimelist.net\/anime\/genre\/2\/Adventure"},{"mal_id":10,"type":"anime","name":"Fantasy","url":"https:\/\/myanimelist.net\/anime\/genre\/10\/Fantasy"}],"explicit_genres":[],"themes":[{"mal_id":6,"type":"anime","name":"Mythology","url":"https:\/\/myanimelist.net\/anime\/genre\/6\/Mythology"}],"demographics":[],"relations":[{"relation":"Parent story","entry":[{"mal_id":37176,"type":"anime","name":"Doupo Cangqiong 2nd Season","url":"https:\/\/myanimelist.net\/anime\/37176\/Doupo_Cangqiong_2nd_Season"}]}],"theme":{"openings":[],"endings":[]},"external":[{"name":"Official Site","url":"https:\/\/v.qq.com\/detail\/n\/nmtlbs839079ajj.html"}],"streaming":[]}}