{"data":{"mal_id":3927,"url":"https:\/\/myanimelist.net\/anime\/3927\/Kidou_Senshi_Gundam_00_Second_Season","images":{"jpg":{"image_url":"https:\/\/cdn.myanimelist.net\/images\/anime\/9\/12782.jpg","small_image_url":"https:\/\/cdn.myanimelist.net\/images\/anime\/9\/12782t.jpg","large_image_url":"https:\/\/cdn.myanimelist.net\/images\/anime\/9\/12782l.jpg"},"webp":{"image_url":"https:\/\/cdn.myanimelist.net\/images\/anime\/9\/12782.webp","small_image_url":"https:\/\/cdn.myanimelist.net\/images\/anime\/9\/12782t.webp","large_image_url":"https:\/\/cdn.myanimelist.net\/images\/anime\/9\/12782l.webp"}},"trailer":{"youtube_id":"xW2ABXyl_jc","url":"https:\/\/www.youtube.com\/watch?v=xW2ABXyl_jc","embed_url":"https:\/\/www.youtube.com\/embed\/xW2ABXyl_jc?enablejsapi=1&wmode=opaque&autoplay=1","images":{"image_url":"https:\/\/img.youtube.com\/vi\/xW2ABXyl_jc\/default.jpg","small_image_url":"https:\/\/img.youtube.com\/vi\/xW2ABXyl_jc\/sddefault.jpg","medium_image_url":"https:\/\/img.youtube.com\/vi\/xW2ABXyl_jc\/mqdefault.jpg","large_image_url":"https:\/\/img.youtube.com\/vi\/xW2ABXyl_jc\/hqdefault.jpg","maximum_image_url":"https:\/\/img.youtube.com\/vi\/xW2ABXyl_jc\/maxresdefault.jpg"}},"approved":true,"titles":[{"type":"Default","title":"Kidou Senshi Gundam 00 Second Season"},{"type":"Synonym","title":"Kidou Senshi Gundam 00 2nd Season"},{"type":"Synonym","title":"Mobile Suit Gundam 00 2nd Season"},{"type":"Synonym","title":"Gundam 00 S2"},{"type":"Japanese","title":"\u6a5f\u52d5\u6226\u58eb\u30ac\u30f3\u30c0\u30e000 \u30bb\u30ab\u30f3\u30c9\u30b7\u30fc\u30ba\u30f3"},{"type":"English","title":"Mobile Suit Gundam 00: Second Season"},{"type":"German","title":"Mbile Suit Gundam 00: Second Season"},{"type":"Spanish","title":"Mobile Suit Gundam 00 Temporada 2"},{"type":"French","title":"Mobile Suit Gundam 00: Saison 2"}],"title":"Kidou Senshi Gundam 00 Second Season","title_english":"Mobile Suit Gundam 00: Second Season","title_japanese":"\u6a5f\u52d5\u6226\u58eb\u30ac\u30f3\u30c0\u30e000 \u30bb\u30ab\u30f3\u30c9\u30b7\u30fc\u30ba\u30f3","title_synonyms":["Kidou Senshi Gundam 00 2nd Season","Mobile Suit Gundam 00 2nd Season","Gundam 00 S2"],"type":"TV","source":"Original","episodes":25,"status":"Finished Airing","airing":false,"aired":{"from":"2008-10-05T00:00:00+00:00","to":"2009-03-29T00:00:00+00:00","prop":{"from":{"day":5,"month":10,"year":2008},"to":{"day":29,"month":3,"year":2009}},"string":"Oct 5, 2008 to Mar 29, 2009"},"duration":"24 min per ep","rating":"R - 17+ (violence & profanity)","score":8.08,"scored_by":93026,"rank":504,"popularity":1481,"members":149105,"favorites":1378,"synopsis":"In the year 2311 AD, a world that once saw itself full of inter-continental conflict now stands unified, led by the Earth Sphere Federation (ESF). The ESF established a preventative military task force known as the A-Laws, tasking them with shutting down violent terrorist organizations. As they gain more and more legal authority, the A-Laws begin to twist the law to fit their own agenda, ruling the citizens of Earth with a heavy hand.\n\nIn response to the fascistic behavior of the A-Laws, the anti-terrorist group Celestial Being reappears. Led by state-of-the-art mobile suits known as Gundam, the pilots of Celestial Being wage a new war with the A-Laws, aiming to stop their tyrannical abuse of power.\n\nSetsuna F. Seiei, pilot of the Gundam Exia, helps to lead the charge along with his fellow Gundam Meisters Lockon Stratos, Allelujah Haptism, and Tieria Erde. But in the process, Setsuna stumbles upon a conspiratorial plot spearheaded by a new faction, the Innovators, and must contend with his own old wounds and ghosts of the past in order to save a world that despises him.\n\n[Written by MAL Rewrite]","background":null,"season":"fall","year":2008,"broadcast":{"day":null,"time":null,"timezone":null,"string":"Unknown"},"producers":[{"mal_id":143,"type":"anime","name":"Mainichi Broadcasting System","url":"https:\/\/myanimelist.net\/anime\/producer\/143\/Mainichi_Broadcasting_System"}],"licensors":[{"mal_id":217,"type":"anime","name":"Nozomi Entertainment","url":"https:\/\/myanimelist.net\/anime\/producer\/217\/Nozomi_Entertainment"}],"studios":[{"mal_id":14,"type":"anime","name":"Sunrise","url":"https:\/\/myanimelist.net\/anime\/producer\/14\/Sunrise"}],"genres":[{"mal_id":1,"type":"anime","name":"Action","url":"https:\/\/myanimelist.net\/anime\/genre\/1\/Action"},{"mal_id":8,"type":"anime","name":"Drama","url":"https:\/\/myanimelist.net\/anime\/genre\/8\/Drama"},{"mal_id":24,"type":"anime","name":"Sci-Fi","url":"https:\/\/myanimelist.net\/anime\/genre\/24\/Sci-Fi"}],"explicit_genres":[],"themes":[{"mal_id":18,"type":"anime","name":"Mecha","url":"https:\/\/myanimelist.net\/anime\/genre\/18\/Mecha"},{"mal_id":38,"type":"anime","name":"Military","url":"https:\/\/myanimelist.net\/anime\/genre\/38\/Military"},{"mal_id":29,"type":"anime","name":"Space","url":"https:\/\/myanimelist.net\/anime\/genre\/29\/Space"}],"demographics":[],"relations":[{"relation":"Adaptation","entry":[{"mal_id":18440,"type":"manga","name":"Kidou Senshi Gundam 00 Second Season","url":"https:\/\/myanimelist.net\/manga\/18440\/Kidou_Senshi_Gundam_00_Second_Season"},{"mal_id":19033,"type":"manga","name":"Kidou Senshi Gundam 00 2nd.Season","url":"https:\/\/myanimelist.net\/manga\/19033\/Kidou_Senshi_Gundam_00_2ndSeason"},{"mal_id":20477,"type":"manga","name":"Kidou Senshi Gundam 00 Second Season","url":"https:\/\/myanimelist.net\/manga\/20477\/Kidou_Senshi_Gundam_00_Second_Season"}]},{"relation":"Prequel","entry":[{"mal_id":2581,"type":"anime","name":"Kidou Senshi Gundam 00","url":"https:\/\/myanimelist.net\/anime\/2581\/Kidou_Senshi_Gundam_00"}]},{"relation":"Sequel","entry":[{"mal_id":6288,"type":"anime","name":"Kidou Senshi Gundam 00 Movie: A Wakening of the Trailblazer","url":"https:\/\/myanimelist.net\/anime\/6288\/Kidou_Senshi_Gundam_00_Movie__A_Wakening_of_the_Trailblazer"}]}],"theme":{"openings":["1: \"Hakanaku mo Towa no Kanashi\" by UVERworld (eps 2-13)","2: \"Namida no Mukou\" by Stereopony (eps 14-25)"],"endings":["1: \"Hakanaku mo Towa no Kanashi\" by UVERworld (eps 1)","2: \"Prototype\" by Chiaki Ishikawa (eps 2-13)","3: \"TOMORROW\" by Ayumi Tsunematsu (eps 14)","4: \"trust you\" by Yuna Ito (eps 15-24)","5: \"DAYBREAK'S BELL\" by L'Arc~en~Ciel (eps 25)"]},"external":[{"name":"Official Site","url":"http:\/\/www.gundam00.net\/"},{"name":"AniDB","url":"https:\/\/anidb.net\/perl-bin\/animedb.pl?show=anime&aid=5903"},{"name":"ANN","url":"https:\/\/www.animenewsnetwork.com\/encyclopedia\/anime.php?id=10157"},{"name":"Wikipedia","url":"http:\/\/en.wikipedia.org\/wiki\/Gundam_00"}],"streaming":[{"name":"Crunchyroll","url":"http:\/\/www.crunchyroll.com\/series-272729"}]}}