{"data":{"mal_id":39469,"url":"https:\/\/myanimelist.net\/anime\/39469\/Tsugu_Tsugumomo","images":{"jpg":{"image_url":"https:\/\/cdn.myanimelist.net\/images\/anime\/1997\/106184.jpg","small_image_url":"https:\/\/cdn.myanimelist.net\/images\/anime\/1997\/106184t.jpg","large_image_url":"https:\/\/cdn.myanimelist.net\/images\/anime\/1997\/106184l.jpg"},"webp":{"image_url":"https:\/\/cdn.myanimelist.net\/images\/anime\/1997\/106184.webp","small_image_url":"https:\/\/cdn.myanimelist.net\/images\/anime\/1997\/106184t.webp","large_image_url":"https:\/\/cdn.myanimelist.net\/images\/anime\/1997\/106184l.webp"}},"trailer":{"youtube_id":"9fltzagl8CE","url":"https:\/\/www.youtube.com\/watch?v=9fltzagl8CE","embed_url":"https:\/\/www.youtube.com\/embed\/9fltzagl8CE?enablejsapi=1&wmode=opaque&autoplay=1","images":{"image_url":"https:\/\/img.youtube.com\/vi\/9fltzagl8CE\/default.jpg","small_image_url":"https:\/\/img.youtube.com\/vi\/9fltzagl8CE\/sddefault.jpg","medium_image_url":"https:\/\/img.youtube.com\/vi\/9fltzagl8CE\/mqdefault.jpg","large_image_url":"https:\/\/img.youtube.com\/vi\/9fltzagl8CE\/hqdefault.jpg","maximum_image_url":"https:\/\/img.youtube.com\/vi\/9fltzagl8CE\/maxresdefault.jpg"}},"approved":true,"titles":[{"type":"Default","title":"Tsugu Tsugumomo"},{"type":"Japanese","title":"\u7d99\u3064\u3050\u3082\u3082"},{"type":"German","title":"Tsugumomo 2"},{"type":"Spanish","title":"Tsugumomo 2"},{"type":"French","title":"Tsugumomo 2"}],"title":"Tsugu Tsugumomo","title_english":null,"title_japanese":"\u7d99\u3064\u3050\u3082\u3082","title_synonyms":[],"type":"TV","source":"Manga","episodes":12,"status":"Finished Airing","airing":false,"aired":{"from":"2020-04-05T00:00:00+00:00","to":"2020-06-21T00:00:00+00:00","prop":{"from":{"day":5,"month":4,"year":2020},"to":{"day":21,"month":6,"year":2020}},"string":"Apr 5, 2020 to Jun 21, 2020"},"duration":"24 min per ep","rating":"R+ - Mild Nudity","score":7.43,"scored_by":39246,"rank":2048,"popularity":1918,"members":106675,"favorites":345,"synopsis":"When \"ordinary boy\" Kagami Kazuya meets the beautiful tsukumogami Kiriha, his life gets turned upside-down. As a \"Taboo Child\" who draws the supernatural towards him, he receives orders from the God of the Land, Kukuri, to become an exorcist and defeat these evil forces. And so, he and Kiriha do battle.\n\nTo find out information on these supernatural beings, Kazuya and his friends set up a counselor's club at school. But behind the typical-seeming troubles he hears about, he uncovers a major plot to target Kukuri...\n\nIn addition to the sadistic-yet-beautiful tsukumogami Kiriha, the situation draws other girls to Kazuya to join the fray!\n\n(Source: Crunchyroll)","background":null,"season":"spring","year":2020,"broadcast":{"day":"Sundays","time":"21:30","timezone":"Asia\/Tokyo","string":"Sundays at 21:30 (JST)"},"producers":[{"mal_id":2671,"type":"anime","name":"Saber Links","url":"https:\/\/myanimelist.net\/anime\/producer\/2671\/Saber_Links"}],"licensors":[{"mal_id":1468,"type":"anime","name":"Crunchyroll","url":"https:\/\/myanimelist.net\/anime\/producer\/1468\/Crunchyroll"}],"studios":[{"mal_id":1379,"type":"anime","name":"Zero-G","url":"https:\/\/myanimelist.net\/anime\/producer\/1379\/Zero-G"}],"genres":[{"mal_id":1,"type":"anime","name":"Action","url":"https:\/\/myanimelist.net\/anime\/genre\/1\/Action"},{"mal_id":4,"type":"anime","name":"Comedy","url":"https:\/\/myanimelist.net\/anime\/genre\/4\/Comedy"},{"mal_id":37,"type":"anime","name":"Supernatural","url":"https:\/\/myanimelist.net\/anime\/genre\/37\/Supernatural"},{"mal_id":9,"type":"anime","name":"Ecchi","url":"https:\/\/myanimelist.net\/anime\/genre\/9\/Ecchi"}],"explicit_genres":[],"themes":[{"mal_id":35,"type":"anime","name":"Harem","url":"https:\/\/myanimelist.net\/anime\/genre\/35\/Harem"},{"mal_id":6,"type":"anime","name":"Mythology","url":"https:\/\/myanimelist.net\/anime\/genre\/6\/Mythology"},{"mal_id":23,"type":"anime","name":"School","url":"https:\/\/myanimelist.net\/anime\/genre\/23\/School"}],"demographics":[],"relations":[{"relation":"Adaptation","entry":[{"mal_id":14369,"type":"manga","name":"Tsugumomo","url":"https:\/\/myanimelist.net\/manga\/14369\/Tsugumomo"}]},{"relation":"Prequel","entry":[{"mal_id":34019,"type":"anime","name":"Tsugumomo","url":"https:\/\/myanimelist.net\/anime\/34019\/Tsugumomo"}]},{"relation":"Other","entry":[{"mal_id":48672,"type":"anime","name":"Tsugu Tsugumomo Mini Anime","url":"https:\/\/myanimelist.net\/anime\/48672\/Tsugu_Tsugumomo_Mini_Anime"}]}],"theme":{"openings":["\"Kaze Fukeba Tsukiyo no Hate ni (\u98a8\u5439\u3051\u3070\u6708\u591c\u306e\u679c\u3066\u306b)\" by AOP"],"endings":["\"Haru, Kanade (\u6625\u3001\u594f\u3067)\" by Haruka Toujou"]},"external":[{"name":"Official Site","url":"http:\/\/tsugumomo.com\/"},{"name":"AniDB","url":"https:\/\/anidb.net\/perl-bin\/animedb.pl?show=anime&aid=14728"},{"name":"ANN","url":"https:\/\/www.animenewsnetwork.com\/encyclopedia\/anime.php?id=22978"},{"name":"Wikipedia","url":"https:\/\/en.wikipedia.org\/wiki\/Tsugumomo#Anime"}],"streaming":[{"name":"Crunchyroll","url":"http:\/\/www.crunchyroll.com\/series-272961"}]}}