{"data":{"mal_id":39538,"url":"https:\/\/myanimelist.net\/anime\/39538\/Hoozuki_no_Reitetsu_2nd_Season_OVA","images":{"jpg":{"image_url":"https:\/\/cdn.myanimelist.net\/images\/anime\/1226\/107100.jpg","small_image_url":"https:\/\/cdn.myanimelist.net\/images\/anime\/1226\/107100t.jpg","large_image_url":"https:\/\/cdn.myanimelist.net\/images\/anime\/1226\/107100l.jpg"},"webp":{"image_url":"https:\/\/cdn.myanimelist.net\/images\/anime\/1226\/107100.webp","small_image_url":"https:\/\/cdn.myanimelist.net\/images\/anime\/1226\/107100t.webp","large_image_url":"https:\/\/cdn.myanimelist.net\/images\/anime\/1226\/107100l.webp"}},"trailer":{"youtube_id":null,"url":null,"embed_url":null,"images":{"image_url":null,"small_image_url":null,"medium_image_url":null,"large_image_url":null,"maximum_image_url":null}},"approved":true,"titles":[{"type":"Default","title":"Hoozuki no Reitetsu 2nd Season OVA"},{"type":"Synonym","title":"Cool-headed Hoozuki 2nd Season OVA"},{"type":"Synonym","title":"Hozuki no Reitetsu 2nd Season OVA"},{"type":"Japanese","title":"\u9b3c\u706f\u306e\u51b7\u5fb9 \u7b2c2\u671f OAD"}],"title":"Hoozuki no Reitetsu 2nd Season OVA","title_english":null,"title_japanese":"\u9b3c\u706f\u306e\u51b7\u5fb9 \u7b2c2\u671f OAD","title_synonyms":["Cool-headed Hoozuki 2nd Season OVA","Hozuki no Reitetsu 2nd Season OVA"],"type":"OVA","source":"Manga","episodes":3,"status":"Finished Airing","airing":false,"aired":{"from":"2019-09-20T00:00:00+00:00","to":"2020-09-01T00:00:00+00:00","prop":{"from":{"day":20,"month":9,"year":2019},"to":{"day":1,"month":9,"year":2020}},"string":"Sep 20, 2019 to Sep 1, 2020"},"duration":"22 min per ep","rating":"PG-13 - Teens 13 or older","score":7.51,"scored_by":1167,"rank":1752,"popularity":7779,"members":5682,"favorites":9,"synopsis":"Bundled with the limited editions of 29th, 30th, and 31st volumes of the Hoozuki no Reitetsu manga.","background":null,"season":null,"year":null,"broadcast":{"day":null,"time":null,"timezone":null,"string":null},"producers":[],"licensors":[],"studios":[{"mal_id":1295,"type":"anime","name":"PINE JAM","url":"https:\/\/myanimelist.net\/anime\/producer\/1295\/PINE_JAM"}],"genres":[{"mal_id":4,"type":"anime","name":"Comedy","url":"https:\/\/myanimelist.net\/anime\/genre\/4\/Comedy"},{"mal_id":10,"type":"anime","name":"Fantasy","url":"https:\/\/myanimelist.net\/anime\/genre\/10\/Fantasy"}],"explicit_genres":[],"themes":[{"mal_id":6,"type":"anime","name":"Mythology","url":"https:\/\/myanimelist.net\/anime\/genre\/6\/Mythology"}],"demographics":[{"mal_id":42,"type":"anime","name":"Seinen","url":"https:\/\/myanimelist.net\/anime\/genre\/42\/Seinen"}],"relations":[{"relation":"Adaptation","entry":[{"mal_id":36113,"type":"manga","name":"Hoozuki no Reitetsu","url":"https:\/\/myanimelist.net\/manga\/36113\/Hoozuki_no_Reitetsu"}]},{"relation":"Other","entry":[{"mal_id":37029,"type":"anime","name":"Hoozuki no Reitetsu 2nd Season: Sono Ni","url":"https:\/\/myanimelist.net\/anime\/37029\/Hoozuki_no_Reitetsu_2nd_Season__Sono_Ni"}]}],"theme":{"openings":[],"endings":["\"Jigoku no Sata mo Kimi Shidai (\u5730\u7344\u306e\u6c99\u6c70\u3082\u541b\u6b21\u7b2c)\" by Jigoku no Sata All Stars (Hiroki Yasumoto, Takashi Nagasako, Yumiko Kobayashi, Tetsuya Kakihara, Touko Aoyama, Eri Kitamura x YOUR SONG IS GOOD)"]},"external":[{"name":"Official Site","url":"http:\/\/www.hozukino-reitetsu.com\/oad2\/"},{"name":"Wikipedia","url":"http:\/\/en.wikipedia.org\/wiki\/H%C5%8Dzuki_no_Reitetsu"}],"streaming":[]}}