{"data":{"mal_id":39569,"url":"https:\/\/myanimelist.net\/anime\/39569\/Sora_no_Aosa_wo_Shiru_Hito_yo","images":{"jpg":{"image_url":"https:\/\/cdn.myanimelist.net\/images\/anime\/1468\/102527.jpg","small_image_url":"https:\/\/cdn.myanimelist.net\/images\/anime\/1468\/102527t.jpg","large_image_url":"https:\/\/cdn.myanimelist.net\/images\/anime\/1468\/102527l.jpg"},"webp":{"image_url":"https:\/\/cdn.myanimelist.net\/images\/anime\/1468\/102527.webp","small_image_url":"https:\/\/cdn.myanimelist.net\/images\/anime\/1468\/102527t.webp","large_image_url":"https:\/\/cdn.myanimelist.net\/images\/anime\/1468\/102527l.webp"}},"trailer":{"youtube_id":"xhBQyCoE-dg","url":"https:\/\/www.youtube.com\/watch?v=xhBQyCoE-dg","embed_url":"https:\/\/www.youtube.com\/embed\/xhBQyCoE-dg?enablejsapi=1&wmode=opaque&autoplay=1","images":{"image_url":"https:\/\/img.youtube.com\/vi\/xhBQyCoE-dg\/default.jpg","small_image_url":"https:\/\/img.youtube.com\/vi\/xhBQyCoE-dg\/sddefault.jpg","medium_image_url":"https:\/\/img.youtube.com\/vi\/xhBQyCoE-dg\/mqdefault.jpg","large_image_url":"https:\/\/img.youtube.com\/vi\/xhBQyCoE-dg\/hqdefault.jpg","maximum_image_url":"https:\/\/img.youtube.com\/vi\/xhBQyCoE-dg\/maxresdefault.jpg"}},"approved":true,"titles":[{"type":"Default","title":"Sora no Aosa wo Shiru Hito yo"},{"type":"Synonym","title":"The Person Who Knows How Blue the Sky Is"},{"type":"Japanese","title":"\u7a7a\u306e\u9752\u3055\u3092\u77e5\u308b\u4eba\u3088"},{"type":"English","title":"Her Blue Sky"},{"type":"German","title":"Her Blue Sky"},{"type":"Spanish","title":"Her Blue Sky"}],"title":"Sora no Aosa wo Shiru Hito yo","title_english":"Her Blue Sky","title_japanese":"\u7a7a\u306e\u9752\u3055\u3092\u77e5\u308b\u4eba\u3088","title_synonyms":["The Person Who Knows How Blue the Sky Is"],"type":"Movie","source":"Original","episodes":1,"status":"Finished Airing","airing":false,"aired":{"from":"2019-10-11T00:00:00+00:00","to":null,"prop":{"from":{"day":11,"month":10,"year":2019},"to":{"day":null,"month":null,"year":null}},"string":"Oct 11, 2019"},"duration":"1 hr 46 min","rating":"PG-13 - Teens 13 or older","score":7.48,"scored_by":39653,"rank":1870,"popularity":1856,"members":111823,"favorites":371,"synopsis":"High school student Aoi Aioi lives with her elder sister, Akane, after a tragic accident took their parents away 13 years ago. Because Akane has since been taking care of her single-handedly, Aoi wants to move to Tokyo after her graduation to relieve her sister's burden and pursue a musical career, inspired by Akane's ex-boyfriend Shinnosuke \"Shinno\" Kanamuro. Shinno was part of a band until he left for Tokyo to become a professional guitarist after the sisters' parents passed away, and he was never to be seen again.\n\nOne afternoon, while Aoi practices her bass in a guest house, she gets startled by the 18-year-old version of Shinno from 13 years ago! As if by coincidence, the current 31-year-old Shinno also returns to the town, but he has changed drastically. There are now two Shinno's in existence, but why is the Shinno from the past present?\n\nSora no Aosa wo Shiru Hito yo revolves around these four individuals as they confront their inner feelings toward each other and make decisions that will affect their lives from here on out.\n\n[Written by MAL Rewrite]","background":null,"season":null,"year":null,"broadcast":{"day":null,"time":null,"timezone":null,"string":null},"producers":[{"mal_id":17,"type":"anime","name":"Aniplex","url":"https:\/\/myanimelist.net\/anime\/producer\/17\/Aniplex"},{"mal_id":169,"type":"anime","name":"Fuji TV","url":"https:\/\/myanimelist.net\/anime\/producer\/169\/Fuji_TV"},{"mal_id":245,"type":"anime","name":"TOHO","url":"https:\/\/myanimelist.net\/anime\/producer\/245\/TOHO"},{"mal_id":1696,"type":"anime","name":"Kadokawa","url":"https:\/\/myanimelist.net\/anime\/producer\/1696\/Kadokawa"},{"mal_id":1956,"type":"anime","name":"STORY","url":"https:\/\/myanimelist.net\/anime\/producer\/1956\/STORY"}],"licensors":[],"studios":[{"mal_id":1835,"type":"anime","name":"CloverWorks","url":"https:\/\/myanimelist.net\/anime\/producer\/1835\/CloverWorks"}],"genres":[{"mal_id":8,"type":"anime","name":"Drama","url":"https:\/\/myanimelist.net\/anime\/genre\/8\/Drama"},{"mal_id":22,"type":"anime","name":"Romance","url":"https:\/\/myanimelist.net\/anime\/genre\/22\/Romance"},{"mal_id":37,"type":"anime","name":"Supernatural","url":"https:\/\/myanimelist.net\/anime\/genre\/37\/Supernatural"}],"explicit_genres":[],"themes":[{"mal_id":19,"type":"anime","name":"Music","url":"https:\/\/myanimelist.net\/anime\/genre\/19\/Music"},{"mal_id":78,"type":"anime","name":"Time Travel","url":"https:\/\/myanimelist.net\/anime\/genre\/78\/Time_Travel"}],"demographics":[],"relations":[{"relation":"Adaptation","entry":[{"mal_id":133259,"type":"manga","name":"Sora no Aosa wo Shiru Hito yo","url":"https:\/\/myanimelist.net\/manga\/133259\/Sora_no_Aosa_wo_Shiru_Hito_yo"}]},{"relation":"Alternative setting","entry":[{"mal_id":9989,"type":"anime","name":"Ano Hi Mita Hana no Namae wo Bokutachi wa Mada Shiranai.","url":"https:\/\/myanimelist.net\/anime\/9989\/Ano_Hi_Mita_Hana_no_Namae_wo_Bokutachi_wa_Mada_Shiranai"}]}],"theme":{"openings":["\"Sora no Aosa wo Shiru Hito yo (\u7a7a\u306e\u9752\u3055\u3092\u77e5\u308b\u4eba\u3088)\" by Aimyon"],"endings":["\"Aoi (\u8475)\" by Aimyon (\u3042\u3044\u307f\u3087\u3093)"]},"external":[{"name":"Official Site","url":"https:\/\/soraaoproject.jp\/"},{"name":"AniDB","url":"https:\/\/anidb.net\/perl-bin\/animedb.pl?show=anime&aid=14779"},{"name":"ANN","url":"https:\/\/www.animenewsnetwork.com\/encyclopedia\/anime.php?id=22015"},{"name":"Wikipedia","url":"https:\/\/en.wikipedia.org\/wiki\/Her_Blue_Sky"}],"streaming":[{"name":"Netflix","url":"https:\/\/www.netflix.com\/"}]}}