{"data":{"mal_id":39570,"url":"https:\/\/myanimelist.net\/anime\/39570\/High_Score_Girl_II","images":{"jpg":{"image_url":"https:\/\/cdn.myanimelist.net\/images\/anime\/1560\/99904.jpg","small_image_url":"https:\/\/cdn.myanimelist.net\/images\/anime\/1560\/99904t.jpg","large_image_url":"https:\/\/cdn.myanimelist.net\/images\/anime\/1560\/99904l.jpg"},"webp":{"image_url":"https:\/\/cdn.myanimelist.net\/images\/anime\/1560\/99904.webp","small_image_url":"https:\/\/cdn.myanimelist.net\/images\/anime\/1560\/99904t.webp","large_image_url":"https:\/\/cdn.myanimelist.net\/images\/anime\/1560\/99904l.webp"}},"trailer":{"youtube_id":"2CQkLZVLTvc","url":"https:\/\/www.youtube.com\/watch?v=2CQkLZVLTvc","embed_url":"https:\/\/www.youtube.com\/embed\/2CQkLZVLTvc?enablejsapi=1&wmode=opaque&autoplay=1","images":{"image_url":"https:\/\/img.youtube.com\/vi\/2CQkLZVLTvc\/default.jpg","small_image_url":"https:\/\/img.youtube.com\/vi\/2CQkLZVLTvc\/sddefault.jpg","medium_image_url":"https:\/\/img.youtube.com\/vi\/2CQkLZVLTvc\/mqdefault.jpg","large_image_url":"https:\/\/img.youtube.com\/vi\/2CQkLZVLTvc\/hqdefault.jpg","maximum_image_url":"https:\/\/img.youtube.com\/vi\/2CQkLZVLTvc\/maxresdefault.jpg"}},"approved":true,"titles":[{"type":"Default","title":"High Score Girl II"},{"type":"Synonym","title":"High Score Girl 2"},{"type":"Japanese","title":"\u30cf\u30a4\u30b9\u30b3\u30a2\u30ac\u30fc\u30eb II"},{"type":"English","title":"Hi Score Girl II"},{"type":"German","title":"High Score Girl Staffel 2"},{"type":"Spanish","title":"High Score Girl Temporada 2"},{"type":"French","title":"High Score Girl Saison 2"}],"title":"High Score Girl II","title_english":"Hi Score Girl II","title_japanese":"\u30cf\u30a4\u30b9\u30b3\u30a2\u30ac\u30fc\u30eb II","title_synonyms":["High Score Girl 2"],"type":"TV","source":"Manga","episodes":9,"status":"Finished Airing","airing":false,"aired":{"from":"2019-10-26T00:00:00+00:00","to":"2019-12-21T00:00:00+00:00","prop":{"from":{"day":26,"month":10,"year":2019},"to":{"day":21,"month":12,"year":2019}},"string":"Oct 26, 2019 to Dec 21, 2019"},"duration":"23 min per ep","rating":"PG-13 - Teens 13 or older","score":7.96,"scored_by":78020,"rank":661,"popularity":1613,"members":133390,"favorites":848,"synopsis":"The year is 1996, and second-year high school students Haruo Yaguchi, Akira Oono, and Koharu Hidaka live their lives as passionately about video games as they were five years ago. Brought together by arcade games, what began as a healthy rivalry and friendship has turned into something more. As they endeavour towards understanding their unfamiliar feelings, they work with allies, navigate high school, and find that, although life has its many challenges, there's always a game or two they can rely on.\n\n[Written by MAL Rewrite]","background":null,"season":"fall","year":2019,"broadcast":{"day":"Saturdays","time":"01:05","timezone":"Asia\/Tokyo","string":"Saturdays at 01:05 (JST)"},"producers":[{"mal_id":58,"type":"anime","name":"Square Enix","url":"https:\/\/myanimelist.net\/anime\/producer\/58\/Square_Enix"},{"mal_id":143,"type":"anime","name":"Mainichi Broadcasting System","url":"https:\/\/myanimelist.net\/anime\/producer\/143\/Mainichi_Broadcasting_System"},{"mal_id":306,"type":"anime","name":"Magic Capsule","url":"https:\/\/myanimelist.net\/anime\/producer\/306\/Magic_Capsule"},{"mal_id":415,"type":"anime","name":"Warner Bros. Japan","url":"https:\/\/myanimelist.net\/anime\/producer\/415\/Warner_Bros_Japan"},{"mal_id":460,"type":"anime","name":"KlockWorx","url":"https:\/\/myanimelist.net\/anime\/producer\/460\/KlockWorx"},{"mal_id":1261,"type":"anime","name":"Good Smile Company","url":"https:\/\/myanimelist.net\/anime\/producer\/1261\/Good_Smile_Company"}],"licensors":[],"studios":[{"mal_id":7,"type":"anime","name":"J.C.Staff","url":"https:\/\/myanimelist.net\/anime\/producer\/7\/JCStaff"}],"genres":[{"mal_id":4,"type":"anime","name":"Comedy","url":"https:\/\/myanimelist.net\/anime\/genre\/4\/Comedy"}],"explicit_genres":[],"themes":[{"mal_id":64,"type":"anime","name":"Love Polygon","url":"https:\/\/myanimelist.net\/anime\/genre\/64\/Love_Polygon"},{"mal_id":74,"type":"anime","name":"Romantic Subtext","url":"https:\/\/myanimelist.net\/anime\/genre\/74\/Romantic_Subtext"},{"mal_id":23,"type":"anime","name":"School","url":"https:\/\/myanimelist.net\/anime\/genre\/23\/School"},{"mal_id":79,"type":"anime","name":"Video Game","url":"https:\/\/myanimelist.net\/anime\/genre\/79\/Video_Game"}],"demographics":[{"mal_id":42,"type":"anime","name":"Seinen","url":"https:\/\/myanimelist.net\/anime\/genre\/42\/Seinen"}],"relations":[{"relation":"Adaptation","entry":[{"mal_id":44501,"type":"manga","name":"High Score Girl","url":"https:\/\/myanimelist.net\/manga\/44501\/High_Score_Girl"}]},{"relation":"Prequel","entry":[{"mal_id":38422,"type":"anime","name":"High Score Girl: Extra Stage","url":"https:\/\/myanimelist.net\/anime\/38422\/High_Score_Girl__Extra_Stage"}]}],"theme":{"openings":["\"flash\" by sora tob sakana"],"endings":["\"Unknown World Map (\u30a2\u30f3\u30ce\u30a6\u30f3\u30fb\u30ef\u30fc\u30eb\u30c9\u30de\u30c3\u30d7)\" by Etsuko Yakushimaru"]},"external":[{"name":"Official Site","url":"http:\/\/hi-score-girl.com\/"},{"name":"AniDB","url":"https:\/\/anidb.net\/perl-bin\/animedb.pl?show=anime&aid=14780"},{"name":"ANN","url":"https:\/\/www.animenewsnetwork.com\/encyclopedia\/anime.php?id=22466"},{"name":"Wikipedia","url":"https:\/\/en.wikipedia.org\/wiki\/Hi_Score_Girl#Anime"}],"streaming":[]}}