{"data":{"mal_id":396,"url":"https:\/\/myanimelist.net\/anime\/396\/Seikai_no_Senki","images":{"jpg":{"image_url":"https:\/\/cdn.myanimelist.net\/images\/anime\/11\/61111.jpg","small_image_url":"https:\/\/cdn.myanimelist.net\/images\/anime\/11\/61111t.jpg","large_image_url":"https:\/\/cdn.myanimelist.net\/images\/anime\/11\/61111l.jpg"},"webp":{"image_url":"https:\/\/cdn.myanimelist.net\/images\/anime\/11\/61111.webp","small_image_url":"https:\/\/cdn.myanimelist.net\/images\/anime\/11\/61111t.webp","large_image_url":"https:\/\/cdn.myanimelist.net\/images\/anime\/11\/61111l.webp"}},"trailer":{"youtube_id":"iANf6R4q8kg","url":"https:\/\/www.youtube.com\/watch?v=iANf6R4q8kg","embed_url":"https:\/\/www.youtube.com\/embed\/iANf6R4q8kg?enablejsapi=1&wmode=opaque&autoplay=1","images":{"image_url":"https:\/\/img.youtube.com\/vi\/iANf6R4q8kg\/default.jpg","small_image_url":"https:\/\/img.youtube.com\/vi\/iANf6R4q8kg\/sddefault.jpg","medium_image_url":"https:\/\/img.youtube.com\/vi\/iANf6R4q8kg\/mqdefault.jpg","large_image_url":"https:\/\/img.youtube.com\/vi\/iANf6R4q8kg\/hqdefault.jpg","maximum_image_url":"https:\/\/img.youtube.com\/vi\/iANf6R4q8kg\/maxresdefault.jpg"}},"approved":true,"titles":[{"type":"Default","title":"Seikai no Senki"},{"type":"Synonym","title":"Battle Flag of the Stars"},{"type":"Synonym","title":"Crest of the Stars"},{"type":"Japanese","title":"\u661f\u754c\u306e\u6226\u65d7"},{"type":"English","title":"Banner of the Stars"}],"title":"Seikai no Senki","title_english":"Banner of the Stars","title_japanese":"\u661f\u754c\u306e\u6226\u65d7","title_synonyms":["Battle Flag of the Stars","Crest of the Stars"],"type":"TV","source":"Light novel","episodes":13,"status":"Finished Airing","airing":false,"aired":{"from":"2000-04-14T00:00:00+00:00","to":"2000-07-14T00:00:00+00:00","prop":{"from":{"day":14,"month":4,"year":2000},"to":{"day":14,"month":7,"year":2000}},"string":"Apr 14, 2000 to Jul 14, 2000"},"duration":"25 min per ep","rating":"PG-13 - Teens 13 or older","score":7.66,"scored_by":14380,"rank":1282,"popularity":3714,"members":33401,"favorites":275,"synopsis":"Three years since the end of their intergalactic excursion, both Lafiel Abriel and Jinto Linn have reunited; Lafiel as the captain of the attack ship Basroil and Jinto as her supply officer. The restart of the war between the Abh Empire and the Triple Alliance thrusts the inexperienced duo into the forefront of the deadly conflict.\n\nAs the catastrophic battle between pure humankind and their greatest creation, the Abh, rages on, both sides accept that their conflict is not merely about territory, but about settling the inherent differences between themselves.\n\n[Written by MAL Rewrite]","background":null,"season":"spring","year":2000,"broadcast":{"day":null,"time":null,"timezone":null,"string":"Unknown"},"producers":[{"mal_id":23,"type":"anime","name":"Bandai Visual","url":"https:\/\/myanimelist.net\/anime\/producer\/23\/Bandai_Visual"},{"mal_id":33,"type":"anime","name":"WOWOW","url":"https:\/\/myanimelist.net\/anime\/producer\/33\/WOWOW"}],"licensors":[{"mal_id":102,"type":"anime","name":"Funimation","url":"https:\/\/myanimelist.net\/anime\/producer\/102\/Funimation"},{"mal_id":233,"type":"anime","name":"Bandai Entertainment","url":"https:\/\/myanimelist.net\/anime\/producer\/233\/Bandai_Entertainment"}],"studios":[{"mal_id":14,"type":"anime","name":"Sunrise","url":"https:\/\/myanimelist.net\/anime\/producer\/14\/Sunrise"}],"genres":[{"mal_id":1,"type":"anime","name":"Action","url":"https:\/\/myanimelist.net\/anime\/genre\/1\/Action"},{"mal_id":22,"type":"anime","name":"Romance","url":"https:\/\/myanimelist.net\/anime\/genre\/22\/Romance"},{"mal_id":24,"type":"anime","name":"Sci-Fi","url":"https:\/\/myanimelist.net\/anime\/genre\/24\/Sci-Fi"}],"explicit_genres":[],"themes":[{"mal_id":38,"type":"anime","name":"Military","url":"https:\/\/myanimelist.net\/anime\/genre\/38\/Military"},{"mal_id":29,"type":"anime","name":"Space","url":"https:\/\/myanimelist.net\/anime\/genre\/29\/Space"}],"demographics":[],"relations":[{"relation":"Adaptation","entry":[{"mal_id":11039,"type":"manga","name":"Seikai no Senki","url":"https:\/\/myanimelist.net\/manga\/11039\/Seikai_no_Senki"}]},{"relation":"Prequel","entry":[{"mal_id":290,"type":"anime","name":"Seikai no Monshou","url":"https:\/\/myanimelist.net\/anime\/290\/Seikai_no_Monshou"}]},{"relation":"Sequel","entry":[{"mal_id":397,"type":"anime","name":"Seikai no Senki II","url":"https:\/\/myanimelist.net\/anime\/397\/Seikai_no_Senki_II"}]},{"relation":"Summary","entry":[{"mal_id":399,"type":"anime","name":"Seikai no Senki Special","url":"https:\/\/myanimelist.net\/anime\/399\/Seikai_no_Senki_Special"}]}],"theme":{"openings":["\"Seikai no Senki (\u661f\u754c\u306e\u6226\u65d7)\" by Hattori Katsuhisa"],"endings":["\"Pink\" by YUAMU"]},"external":[{"name":"Official Site","url":"http:\/\/www.sunrise-inc.co.jp\/seikai\/"},{"name":"AniDB","url":"https:\/\/anidb.net\/perl-bin\/animedb.pl?show=anime&aid=4"},{"name":"ANN","url":"https:\/\/www.animenewsnetwork.com\/encyclopedia\/anime.php?id=447"},{"name":"Wikipedia","url":"http:\/\/en.wikipedia.org\/wiki\/Banner_of_the_Stars"}],"streaming":[{"name":"Crunchyroll","url":"http:\/\/www.crunchyroll.com\/series-283181"}]}}