{"data":{"mal_id":39651,"url":"https:\/\/myanimelist.net\/anime\/39651\/Mob_Psycho_100__Dai_Ikkai_Rei_toka_Soudansho_Ian_Ryokou_-_Kokoro_Mitasu_Iyashi_no_Tabi","images":{"jpg":{"image_url":"https:\/\/cdn.myanimelist.net\/images\/anime\/1605\/119301.jpg","small_image_url":"https:\/\/cdn.myanimelist.net\/images\/anime\/1605\/119301t.jpg","large_image_url":"https:\/\/cdn.myanimelist.net\/images\/anime\/1605\/119301l.jpg"},"webp":{"image_url":"https:\/\/cdn.myanimelist.net\/images\/anime\/1605\/119301.webp","small_image_url":"https:\/\/cdn.myanimelist.net\/images\/anime\/1605\/119301t.webp","large_image_url":"https:\/\/cdn.myanimelist.net\/images\/anime\/1605\/119301l.webp"}},"trailer":{"youtube_id":"x2wIub86shk","url":"https:\/\/www.youtube.com\/watch?v=x2wIub86shk","embed_url":"https:\/\/www.youtube.com\/embed\/x2wIub86shk?enablejsapi=1&wmode=opaque&autoplay=1","images":{"image_url":"https:\/\/img.youtube.com\/vi\/x2wIub86shk\/default.jpg","small_image_url":"https:\/\/img.youtube.com\/vi\/x2wIub86shk\/sddefault.jpg","medium_image_url":"https:\/\/img.youtube.com\/vi\/x2wIub86shk\/mqdefault.jpg","large_image_url":"https:\/\/img.youtube.com\/vi\/x2wIub86shk\/hqdefault.jpg","maximum_image_url":"https:\/\/img.youtube.com\/vi\/x2wIub86shk\/maxresdefault.jpg"}},"approved":true,"titles":[{"type":"Default","title":"Mob Psycho 100: Dai Ikkai Rei toka Soudansho Ian Ryokou - Kokoro Mitasu Iyashi no Tabi"},{"type":"Synonym","title":"Mob Psycho 100 II: The First Spirits and Such Company Trip ~A Journey that Mends the Heart and Heals the Soul~"},{"type":"Japanese","title":"\u30e2\u30d6\u30b5\u30a4\u30b3100 \u7b2c\u4e00\u56de\u970a\u3068\u304b\u76f8\u8ac7\u6240\u6170\u5b89\u65c5\u884c\uff5e\u30b3\u30b3\u30ed\u6e80\u305f\u3059\u7652\u3084\u3057\u306e\u65c5\uff5e"},{"type":"English","title":"Mob Psycho 100 II: The Spirits and Such Consultation Office's First Company Outing ~A Healing Trip That Warms the Heart~"}],"title":"Mob Psycho 100: Dai Ikkai Rei toka Soudansho Ian Ryokou - Kokoro Mitasu Iyashi no Tabi","title_english":"Mob Psycho 100 II: The Spirits and Such Consultation Office's First Company Outing ~A Healing Trip That Warms the Heart~","title_japanese":"\u30e2\u30d6\u30b5\u30a4\u30b3100 \u7b2c\u4e00\u56de\u970a\u3068\u304b\u76f8\u8ac7\u6240\u6170\u5b89\u65c5\u884c\uff5e\u30b3\u30b3\u30ed\u6e80\u305f\u3059\u7652\u3084\u3057\u306e\u65c5\uff5e","title_synonyms":["Mob Psycho 100 II: The First Spirits and Such Company Trip ~A Journey that Mends the Heart and Heals the Soul~"],"type":"OVA","source":"Original","episodes":1,"status":"Finished Airing","airing":false,"aired":{"from":"2019-09-25T00:00:00+00:00","to":null,"prop":{"from":{"day":25,"month":9,"year":2019},"to":{"day":null,"month":null,"year":null}},"string":"Sep 25, 2019"},"duration":"24 min","rating":"PG-13 - Teens 13 or older","score":7.64,"scored_by":59125,"rank":1312,"popularity":1974,"members":101996,"favorites":77,"synopsis":"The staff of the Spirits and Such Consultation Office\u2014Arataka Reigen, Shigeo \"Mob\" Kageyama, Ritsu Kageyama, Katsuya Serizawa, and the spirit Ekubo\u2014head to the Zebra Prefecture for a relaxing hot spring vacation. Their all-expenses-paid trip is sponsored by the owner of the Ibogami Hot Springs, who has asked Reigen to investigate claims of paranormal activity in the area.\n\nOn the train ride to the inn, the exhausted Reigen and Serizawa quickly fall asleep, only to wake up and discover that they have been transported to a ghostly parallel world! Bewildered about how they got there, Reigen and Serizawa must find a way to escape in time to enjoy their day off.\n\n[Written by MAL Rewrite]","background":null,"season":null,"year":null,"broadcast":{"day":null,"time":null,"timezone":null,"string":null},"producers":[{"mal_id":415,"type":"anime","name":"Warner Bros. Japan","url":"https:\/\/myanimelist.net\/anime\/producer\/415\/Warner_Bros_Japan"},{"mal_id":460,"type":"anime","name":"KlockWorx","url":"https:\/\/myanimelist.net\/anime\/producer\/460\/KlockWorx"},{"mal_id":843,"type":"anime","name":"BS Fuji","url":"https:\/\/myanimelist.net\/anime\/producer\/843\/BS_Fuji"},{"mal_id":1333,"type":"anime","name":"Hakuhodo DY Music & Pictures","url":"https:\/\/myanimelist.net\/anime\/producer\/1333\/Hakuhodo_DY_Music___Pictures"},{"mal_id":1430,"type":"anime","name":"Shogakukan","url":"https:\/\/myanimelist.net\/anime\/producer\/1430\/Shogakukan"}],"licensors":[],"studios":[{"mal_id":4,"type":"anime","name":"Bones","url":"https:\/\/myanimelist.net\/anime\/producer\/4\/Bones"}],"genres":[{"mal_id":1,"type":"anime","name":"Action","url":"https:\/\/myanimelist.net\/anime\/genre\/1\/Action"},{"mal_id":4,"type":"anime","name":"Comedy","url":"https:\/\/myanimelist.net\/anime\/genre\/4\/Comedy"},{"mal_id":37,"type":"anime","name":"Supernatural","url":"https:\/\/myanimelist.net\/anime\/genre\/37\/Supernatural"}],"explicit_genres":[],"themes":[{"mal_id":31,"type":"anime","name":"Super Power","url":"https:\/\/myanimelist.net\/anime\/genre\/31\/Super_Power"}],"demographics":[],"relations":[{"relation":"Parent story","entry":[{"mal_id":37510,"type":"anime","name":"Mob Psycho 100 II","url":"https:\/\/myanimelist.net\/anime\/37510\/Mob_Psycho_100_II"}]}],"theme":{"openings":[],"endings":["\"Ikiru Hitobito (\u3044\u304d\u308b\u3072\u3068\u3073\u3068)\" by sajou no hana"]},"external":[{"name":"AniDB","url":"https:\/\/anidb.net\/perl-bin\/animedb.pl?show=anime&aid=14941"},{"name":"ANN","url":"https:\/\/www.animenewsnetwork.com\/encyclopedia\/anime.php?id=22493"},{"name":"Wikipedia","url":"https:\/\/en.wikipedia.org\/wiki\/Mob_Psycho_100"}],"streaming":[]}}