{"data":{"mal_id":3965,"url":"https:\/\/myanimelist.net\/anime\/3965\/Nodame_Cantabile__Nodame_to_Chiaki_no_Umi_Monogatari","images":{"jpg":{"image_url":"https:\/\/cdn.myanimelist.net\/images\/anime\/3\/11970.jpg","small_image_url":"https:\/\/cdn.myanimelist.net\/images\/anime\/3\/11970t.jpg","large_image_url":"https:\/\/cdn.myanimelist.net\/images\/anime\/3\/11970l.jpg"},"webp":{"image_url":"https:\/\/cdn.myanimelist.net\/images\/anime\/3\/11970.webp","small_image_url":"https:\/\/cdn.myanimelist.net\/images\/anime\/3\/11970t.webp","large_image_url":"https:\/\/cdn.myanimelist.net\/images\/anime\/3\/11970l.webp"}},"trailer":{"youtube_id":null,"url":null,"embed_url":null,"images":{"image_url":null,"small_image_url":null,"medium_image_url":null,"large_image_url":null,"maximum_image_url":null}},"approved":true,"titles":[{"type":"Default","title":"Nodame Cantabile: Nodame to Chiaki no Umi Monogatari"},{"type":"Synonym","title":"Nodame and Chiaki Summer Tales"},{"type":"Synonym","title":"Nodame Cantabile Special"},{"type":"Japanese","title":"\u306e\u3060\u3081\u30ab\u30f3\u30bf\u30fc\u30d3\u30ec\u300c\u306e\u3060\u3081\u3068\u5343\u79cb\u306e\u6d77\u7269\u8a9e\u300d"}],"title":"Nodame Cantabile: Nodame to Chiaki no Umi Monogatari","title_english":null,"title_japanese":"\u306e\u3060\u3081\u30ab\u30f3\u30bf\u30fc\u30d3\u30ec\u300c\u306e\u3060\u3081\u3068\u5343\u79cb\u306e\u6d77\u7269\u8a9e\u300d","title_synonyms":["Nodame and Chiaki Summer Tales","Nodame Cantabile Special"],"type":"Special","source":"Manga","episodes":1,"status":"Finished Airing","airing":false,"aired":{"from":"2007-10-05T00:00:00+00:00","to":null,"prop":{"from":{"day":5,"month":10,"year":2007},"to":{"day":null,"month":null,"year":null}},"string":"Oct 5, 2007"},"duration":"14 min","rating":"G - All Ages","score":7.35,"scored_by":15925,"rank":2402,"popularity":4012,"members":28599,"favorites":14,"synopsis":"World-class conductor Franz von Stresemann sends his favorite music students Shinichi Chiaki, Megumi \"Nodame\" Noda, Ryuutarou Mine, and Masumi Okuyama to the Nina Lutz Music Festival in Nagano to study under other famous masters. During their car ride, Chiaki is irritated by his friends' antics, but later wakes up from a nap to discover that they took a detour to a beach in Niigata. Mine tans under the bright sun while Nodame and Masumi enjoy a refreshing swim; Chiaki sits inside the beach club, trying his best to hide his fear of the sea. When Nodame suggests renting an inflatable boat to row over to a small island, will Chiaki be able to keep his secret?\n\n[Written by MAL Rewrite]","background":null,"season":null,"year":null,"broadcast":{"day":null,"time":null,"timezone":null,"string":null},"producers":[],"licensors":[],"studios":[{"mal_id":7,"type":"anime","name":"J.C.Staff","url":"https:\/\/myanimelist.net\/anime\/producer\/7\/JCStaff"}],"genres":[{"mal_id":4,"type":"anime","name":"Comedy","url":"https:\/\/myanimelist.net\/anime\/genre\/4\/Comedy"},{"mal_id":22,"type":"anime","name":"Romance","url":"https:\/\/myanimelist.net\/anime\/genre\/22\/Romance"}],"explicit_genres":[],"themes":[{"mal_id":50,"type":"anime","name":"Adult Cast","url":"https:\/\/myanimelist.net\/anime\/genre\/50\/Adult_Cast"}],"demographics":[{"mal_id":43,"type":"anime","name":"Josei","url":"https:\/\/myanimelist.net\/anime\/genre\/43\/Josei"}],"relations":[{"relation":"Parent story","entry":[{"mal_id":1698,"type":"anime","name":"Nodame Cantabile","url":"https:\/\/myanimelist.net\/anime\/1698\/Nodame_Cantabile"}]}],"theme":{"openings":["\"Allegro Cantabile Sound\" by SUEMITSU & THE SUEMITH"],"endings":["\"Sagittarius\" by SUEMITSU & THE NODAME ORCHESTRA"]},"external":[{"name":"Official Site","url":"http:\/\/www.nodame-anime.com\/"},{"name":"AniDB","url":"https:\/\/anidb.net\/perl-bin\/animedb.pl?show=anime&aid=4691"},{"name":"Wikipedia","url":"http:\/\/en.wikipedia.org\/wiki\/Nodame_Cantabile"}],"streaming":[]}}