{"data":{"mal_id":39705,"url":"https:\/\/myanimelist.net\/anime\/39705\/One_Punch_Man_2nd_Season_Specials","images":{"jpg":{"image_url":"https:\/\/cdn.myanimelist.net\/images\/anime\/1618\/103829.jpg","small_image_url":"https:\/\/cdn.myanimelist.net\/images\/anime\/1618\/103829t.jpg","large_image_url":"https:\/\/cdn.myanimelist.net\/images\/anime\/1618\/103829l.jpg"},"webp":{"image_url":"https:\/\/cdn.myanimelist.net\/images\/anime\/1618\/103829.webp","small_image_url":"https:\/\/cdn.myanimelist.net\/images\/anime\/1618\/103829t.webp","large_image_url":"https:\/\/cdn.myanimelist.net\/images\/anime\/1618\/103829l.webp"}},"trailer":{"youtube_id":"5TdSebmJJUM","url":"https:\/\/www.youtube.com\/watch?v=5TdSebmJJUM","embed_url":"https:\/\/www.youtube.com\/embed\/5TdSebmJJUM?enablejsapi=1&wmode=opaque&autoplay=1","images":{"image_url":"https:\/\/img.youtube.com\/vi\/5TdSebmJJUM\/default.jpg","small_image_url":"https:\/\/img.youtube.com\/vi\/5TdSebmJJUM\/sddefault.jpg","medium_image_url":"https:\/\/img.youtube.com\/vi\/5TdSebmJJUM\/mqdefault.jpg","large_image_url":"https:\/\/img.youtube.com\/vi\/5TdSebmJJUM\/hqdefault.jpg","maximum_image_url":"https:\/\/img.youtube.com\/vi\/5TdSebmJJUM\/maxresdefault.jpg"}},"approved":true,"titles":[{"type":"Default","title":"One Punch Man 2nd Season Specials"},{"type":"Japanese","title":"\u30ef\u30f3\u30d1\u30f3\u30de\u30f3 SEASON 2 OVA 2"},{"type":"English","title":"One Punch Man Season 2 Specials"}],"title":"One Punch Man 2nd Season Specials","title_english":"One Punch Man Season 2 Specials","title_japanese":"\u30ef\u30f3\u30d1\u30f3\u30de\u30f3 SEASON 2 OVA 2","title_synonyms":[],"type":"Special","source":"Web manga","episodes":6,"status":"Finished Airing","airing":false,"aired":{"from":"2019-10-25T00:00:00+00:00","to":"2020-03-27T00:00:00+00:00","prop":{"from":{"day":25,"month":10,"year":2019},"to":{"day":27,"month":3,"year":2020}},"string":"Oct 25, 2019 to Mar 27, 2020"},"duration":"12 min per ep","rating":"R - 17+ (violence & profanity)","score":7.39,"scored_by":56073,"rank":2215,"popularity":1681,"members":127015,"favorites":149,"synopsis":"Short anime specials included in the One Punch Man 2nd Season BD &amp; DVD.","background":null,"season":null,"year":null,"broadcast":{"day":null,"time":null,"timezone":null,"string":null},"producers":[],"licensors":[{"mal_id":119,"type":"anime","name":"VIZ Media","url":"https:\/\/myanimelist.net\/anime\/producer\/119\/VIZ_Media"}],"studios":[{"mal_id":7,"type":"anime","name":"J.C.Staff","url":"https:\/\/myanimelist.net\/anime\/producer\/7\/JCStaff"}],"genres":[{"mal_id":1,"type":"anime","name":"Action","url":"https:\/\/myanimelist.net\/anime\/genre\/1\/Action"},{"mal_id":4,"type":"anime","name":"Comedy","url":"https:\/\/myanimelist.net\/anime\/genre\/4\/Comedy"}],"explicit_genres":[],"themes":[{"mal_id":50,"type":"anime","name":"Adult Cast","url":"https:\/\/myanimelist.net\/anime\/genre\/50\/Adult_Cast"},{"mal_id":20,"type":"anime","name":"Parody","url":"https:\/\/myanimelist.net\/anime\/genre\/20\/Parody"},{"mal_id":31,"type":"anime","name":"Super Power","url":"https:\/\/myanimelist.net\/anime\/genre\/31\/Super_Power"}],"demographics":[{"mal_id":42,"type":"anime","name":"Seinen","url":"https:\/\/myanimelist.net\/anime\/genre\/42\/Seinen"}],"relations":[{"relation":"Parent story","entry":[{"mal_id":34134,"type":"anime","name":"One Punch Man 2nd Season","url":"https:\/\/myanimelist.net\/anime\/34134\/One_Punch_Man_2nd_Season"}]}],"theme":{"openings":[],"endings":["\"Chizu ga Nakutemo Modoru kara (\u5730\u56f3\u304c\u7121\u304f\u3066\u3082\u623b\u308b\u304b\u3089)\" by Makoto Furukawa"]},"external":[{"name":"Official Site","url":"http:\/\/onepunchman-anime.net\/goods\/#\/bd"},{"name":"AniDB","url":"https:\/\/anidb.net\/perl-bin\/animedb.pl?show=anime&aid=12430"},{"name":"ANN","url":"https:\/\/www.animenewsnetwork.com\/encyclopedia\/anime.php?id=24088"}],"streaming":[]}}