{"data":{"mal_id":40028,"url":"https:\/\/myanimelist.net\/anime\/40028\/Shingeki_no_Kyojin__The_Final_Season","images":{"jpg":{"image_url":"https:\/\/cdn.myanimelist.net\/images\/anime\/1000\/110531.jpg","small_image_url":"https:\/\/cdn.myanimelist.net\/images\/anime\/1000\/110531t.jpg","large_image_url":"https:\/\/cdn.myanimelist.net\/images\/anime\/1000\/110531l.jpg"},"webp":{"image_url":"https:\/\/cdn.myanimelist.net\/images\/anime\/1000\/110531.webp","small_image_url":"https:\/\/cdn.myanimelist.net\/images\/anime\/1000\/110531t.webp","large_image_url":"https:\/\/cdn.myanimelist.net\/images\/anime\/1000\/110531l.webp"}},"trailer":{"youtube_id":"SlNpRThS9t8","url":"https:\/\/www.youtube.com\/watch?v=SlNpRThS9t8","embed_url":"https:\/\/www.youtube.com\/embed\/SlNpRThS9t8?enablejsapi=1&wmode=opaque&autoplay=1","images":{"image_url":"https:\/\/img.youtube.com\/vi\/SlNpRThS9t8\/default.jpg","small_image_url":"https:\/\/img.youtube.com\/vi\/SlNpRThS9t8\/sddefault.jpg","medium_image_url":"https:\/\/img.youtube.com\/vi\/SlNpRThS9t8\/mqdefault.jpg","large_image_url":"https:\/\/img.youtube.com\/vi\/SlNpRThS9t8\/hqdefault.jpg","maximum_image_url":"https:\/\/img.youtube.com\/vi\/SlNpRThS9t8\/maxresdefault.jpg"}},"approved":true,"titles":[{"type":"Default","title":"Shingeki no Kyojin: The Final Season"},{"type":"Synonym","title":"Shingeki no Kyojin Season 4"},{"type":"Synonym","title":"Attack on Titan Season 4"},{"type":"Japanese","title":"\u9032\u6483\u306e\u5de8\u4eba The Final Season"},{"type":"English","title":"Attack on Titan: Final Season"},{"type":"German","title":"Attack on Titan Final Season"},{"type":"Spanish","title":"Ataque a los Titanes Temporada Final"},{"type":"French","title":"L'Attaque des Titans Saison Finale"}],"title":"Shingeki no Kyojin: The Final Season","title_english":"Attack on Titan: Final Season","title_japanese":"\u9032\u6483\u306e\u5de8\u4eba The Final Season","title_synonyms":["Shingeki no Kyojin Season 4","Attack on Titan Season 4"],"type":"TV","source":"Manga","episodes":16,"status":"Finished Airing","airing":false,"aired":{"from":"2020-12-07T00:00:00+00:00","to":"2021-03-29T00:00:00+00:00","prop":{"from":{"day":7,"month":12,"year":2020},"to":{"day":29,"month":3,"year":2021}},"string":"Dec 7, 2020 to Mar 29, 2021"},"duration":"23 min per ep","rating":"R - 17+ (violence & profanity)","score":8.79,"scored_by":1261006,"rank":36,"popularity":39,"members":1906977,"favorites":51737,"synopsis":"Gabi Braun and Falco Grice have been training their entire lives to inherit one of the seven Titans under Marley's control and aid their nation in eradicating the Eldians on Paradis. However, just as all seems well for the two cadets, their peace is suddenly shaken by the arrival of Eren Yeager and the remaining members of the Survey Corps.\n\nHaving finally reached the Yeager family basement and learned about the dark history surrounding the Titans, the Survey Corps has at long last found the answer they so desperately fought to uncover. With the truth now in their hands, the group set out for the world beyond the walls.\n\nIn Shingeki no Kyojin: The Final Season, two utterly different worlds collide as each party pursues its own agenda in the long-awaited conclusion to Paradis' fight for freedom.\n\n[Written by MAL Rewrite]","background":"Shingeki no Kyojin: The Final Season adapts content from volumes 23-28 of Hajime Isayama's award-winning manga.","season":"winter","year":2021,"broadcast":{"day":"Mondays","time":"00:10","timezone":"Asia\/Tokyo","string":"Mondays at 00:10 (JST)"},"producers":[{"mal_id":10,"type":"anime","name":"Production I.G","url":"https:\/\/myanimelist.net\/anime\/producer\/10\/Production_IG"},{"mal_id":53,"type":"anime","name":"Dentsu","url":"https:\/\/myanimelist.net\/anime\/producer\/53\/Dentsu"},{"mal_id":143,"type":"anime","name":"Mainichi Broadcasting System","url":"https:\/\/myanimelist.net\/anime\/producer\/143\/Mainichi_Broadcasting_System"},{"mal_id":144,"type":"anime","name":"Pony Canyon","url":"https:\/\/myanimelist.net\/anime\/producer\/144\/Pony_Canyon"},{"mal_id":159,"type":"anime","name":"Kodansha","url":"https:\/\/myanimelist.net\/anime\/producer\/159\/Kodansha"},{"mal_id":1499,"type":"anime","name":"Techno Sound","url":"https:\/\/myanimelist.net\/anime\/producer\/1499\/Techno_Sound"},{"mal_id":1557,"type":"anime","name":"Pony Canyon Enterprises","url":"https:\/\/myanimelist.net\/anime\/producer\/1557\/Pony_Canyon_Enterprises"}],"licensors":[{"mal_id":102,"type":"anime","name":"Funimation","url":"https:\/\/myanimelist.net\/anime\/producer\/102\/Funimation"}],"studios":[{"mal_id":569,"type":"anime","name":"MAPPA","url":"https:\/\/myanimelist.net\/anime\/producer\/569\/MAPPA"}],"genres":[{"mal_id":1,"type":"anime","name":"Action","url":"https:\/\/myanimelist.net\/anime\/genre\/1\/Action"},{"mal_id":8,"type":"anime","name":"Drama","url":"https:\/\/myanimelist.net\/anime\/genre\/8\/Drama"},{"mal_id":41,"type":"anime","name":"Suspense","url":"https:\/\/myanimelist.net\/anime\/genre\/41\/Suspense"}],"explicit_genres":[],"themes":[{"mal_id":58,"type":"anime","name":"Gore","url":"https:\/\/myanimelist.net\/anime\/genre\/58\/Gore"},{"mal_id":38,"type":"anime","name":"Military","url":"https:\/\/myanimelist.net\/anime\/genre\/38\/Military"},{"mal_id":76,"type":"anime","name":"Survival","url":"https:\/\/myanimelist.net\/anime\/genre\/76\/Survival"}],"demographics":[{"mal_id":27,"type":"anime","name":"Shounen","url":"https:\/\/myanimelist.net\/anime\/genre\/27\/Shounen"}],"relations":[{"relation":"Adaptation","entry":[{"mal_id":23390,"type":"manga","name":"Shingeki no Kyojin","url":"https:\/\/myanimelist.net\/manga\/23390\/Shingeki_no_Kyojin"}]},{"relation":"Prequel","entry":[{"mal_id":38524,"type":"anime","name":"Shingeki no Kyojin Season 3 Part 2","url":"https:\/\/myanimelist.net\/anime\/38524\/Shingeki_no_Kyojin_Season_3_Part_2"}]},{"relation":"Sequel","entry":[{"mal_id":48583,"type":"anime","name":"Shingeki no Kyojin: The Final Season Part 2","url":"https:\/\/myanimelist.net\/anime\/48583\/Shingeki_no_Kyojin__The_Final_Season_Part_2"}]},{"relation":"Side story","entry":[{"mal_id":49627,"type":"anime","name":"Shingeki no Kyojin: The Final Season Specials","url":"https:\/\/myanimelist.net\/anime\/49627\/Shingeki_no_Kyojin__The_Final_Season_Specials"}]},{"relation":"Summary","entry":[{"mal_id":51241,"type":"anime","name":"20-pun de Oitsukeru: Shingeki no Kyojin","url":"https:\/\/myanimelist.net\/anime\/51241\/20-pun_de_Oitsukeru__Shingeki_no_Kyojin"}]},{"relation":"Other","entry":[{"mal_id":51618,"type":"anime","name":"Boku no Sensou","url":"https:\/\/myanimelist.net\/anime\/51618\/Boku_no_Sensou"}]}],"theme":{"openings":["\"Boku no Sensou (\u50d5\u306e\u6226\u4e89)\" by Shinsei Kamattechan (\u795e\u8056\u304b\u307e\u3063\u3066\u3061\u3083\u3093)"],"endings":["\"Shougeki (\u885d\u6483)\" by Yuuko Andou (\u5b89\u85e4\u88d5\u5b50)"]},"external":[{"name":"Official Site","url":"https:\/\/shingeki.tv\/final\/"},{"name":"@anime_shingeki","url":"https:\/\/twitter.com\/anime_shingeki"},{"name":"AniDB","url":"https:\/\/anidb.net\/perl-bin\/animedb.pl?show=anime&aid=14977"},{"name":"ANN","url":"https:\/\/www.animenewsnetwork.com\/encyclopedia\/anime.php?id=22277"},{"name":"Wikipedia","url":"https:\/\/en.wikipedia.org\/wiki\/Attack_on_Titan_(TV_series)#2020%E2%80%932021_final_season"},{"name":"Wikipedia","url":"https:\/\/ja.wikipedia.org\/wiki\/%E9%80%B2%E6%92%83%E3%81%AE%E5%B7%A8%E4%BA%BA_%28%E3%82%A2%E3%83%8B%E3%83%A1%29"},{"name":"Syoboi","url":"https:\/\/cal.syoboi.jp\/tid\/5827"},{"name":"Bangumi","url":"https:\/\/bangumi.tv\/subject\/285666"}],"streaming":[{"name":"Crunchyroll","url":"http:\/\/www.crunchyroll.com\/series-254209"},{"name":"Netflix","url":"https:\/\/www.netflix.com\/title\/70299043"}]}}