{"data":{"mal_id":40052,"url":"https:\/\/myanimelist.net\/anime\/40052\/Great_Pretender","images":{"jpg":{"image_url":"https:\/\/cdn.myanimelist.net\/images\/anime\/1418\/107954.jpg","small_image_url":"https:\/\/cdn.myanimelist.net\/images\/anime\/1418\/107954t.jpg","large_image_url":"https:\/\/cdn.myanimelist.net\/images\/anime\/1418\/107954l.jpg"},"webp":{"image_url":"https:\/\/cdn.myanimelist.net\/images\/anime\/1418\/107954.webp","small_image_url":"https:\/\/cdn.myanimelist.net\/images\/anime\/1418\/107954t.webp","large_image_url":"https:\/\/cdn.myanimelist.net\/images\/anime\/1418\/107954l.webp"}},"trailer":{"youtube_id":"dr5yBBAR9Tg","url":"https:\/\/www.youtube.com\/watch?v=dr5yBBAR9Tg","embed_url":"https:\/\/www.youtube.com\/embed\/dr5yBBAR9Tg?enablejsapi=1&wmode=opaque&autoplay=1","images":{"image_url":"https:\/\/img.youtube.com\/vi\/dr5yBBAR9Tg\/default.jpg","small_image_url":"https:\/\/img.youtube.com\/vi\/dr5yBBAR9Tg\/sddefault.jpg","medium_image_url":"https:\/\/img.youtube.com\/vi\/dr5yBBAR9Tg\/mqdefault.jpg","large_image_url":"https:\/\/img.youtube.com\/vi\/dr5yBBAR9Tg\/hqdefault.jpg","maximum_image_url":"https:\/\/img.youtube.com\/vi\/dr5yBBAR9Tg\/maxresdefault.jpg"}},"approved":true,"titles":[{"type":"Default","title":"Great Pretender"}],"title":"Great Pretender","title_english":null,"title_japanese":null,"title_synonyms":[],"type":"TV","source":"Original","episodes":23,"status":"Finished Airing","airing":false,"aired":{"from":"2020-07-09T00:00:00+00:00","to":"2020-12-17T00:00:00+00:00","prop":{"from":{"day":9,"month":7,"year":2020},"to":{"day":17,"month":12,"year":2020}},"string":"Jul 9, 2020 to Dec 17, 2020"},"duration":"23 min per ep","rating":"R - 17+ (violence & profanity)","score":8.22,"scored_by":308020,"rank":327,"popularity":316,"members":635679,"favorites":9673,"synopsis":"A series of unfortunate events has led Makoto \"Edamame\" Edamura to adopt the life of crime\u2014pickpocketing and scamming others for a living. However, after swindling a seemingly clueless tourist, Makoto discovers that he was the one tricked and, to make matters worse, that the police are now after him. \n\nWhile making his escape, he runs into the tourist once again, who turns out to be a fellow con man named Laurent Thierry, and ends up following him to Los Angeles. In an attempt to defend his self-proclaimed title of \"Japan's Greatest Swindler,\" Makoto challenges his rival to determine the better scammer. Accepting the competition, Laurent drops them off outside a huge mansion and claims that their target will be the biggest mafia boss on the West Coast.\n\nJumping from city to city, Great Pretender follows the endeavors of Makoto alongside the cunning Laurent and his colorful associates in the world of international high-stakes fraud. Soon, Makoto realizes that he got more than what he bargained for as his self-declared skills are continually put to the test.\n\n[Written by MAL Rewrite]","background":null,"season":"summer","year":2020,"broadcast":{"day":"Thursdays","time":"00:55","timezone":"Asia\/Tokyo","string":"Thursdays at 00:55 (JST)"},"producers":[{"mal_id":10,"type":"anime","name":"Production I.G","url":"https:\/\/myanimelist.net\/anime\/producer\/10\/Production_IG"},{"mal_id":169,"type":"anime","name":"Fuji TV","url":"https:\/\/myanimelist.net\/anime\/producer\/169\/Fuji_TV"},{"mal_id":843,"type":"anime","name":"BS Fuji","url":"https:\/\/myanimelist.net\/anime\/producer\/843\/BS_Fuji"},{"mal_id":1143,"type":"anime","name":"TOHO animation","url":"https:\/\/myanimelist.net\/anime\/producer\/1143\/TOHO_animation"},{"mal_id":1488,"type":"anime","name":"Hakuhodo DY Media Partners","url":"https:\/\/myanimelist.net\/anime\/producer\/1488\/Hakuhodo_DY_Media_Partners"}],"licensors":[],"studios":[{"mal_id":858,"type":"anime","name":"Wit Studio","url":"https:\/\/myanimelist.net\/anime\/producer\/858\/Wit_Studio"}],"genres":[{"mal_id":1,"type":"anime","name":"Action","url":"https:\/\/myanimelist.net\/anime\/genre\/1\/Action"},{"mal_id":2,"type":"anime","name":"Adventure","url":"https:\/\/myanimelist.net\/anime\/genre\/2\/Adventure"},{"mal_id":7,"type":"anime","name":"Mystery","url":"https:\/\/myanimelist.net\/anime\/genre\/7\/Mystery"}],"explicit_genres":[],"themes":[{"mal_id":50,"type":"anime","name":"Adult Cast","url":"https:\/\/myanimelist.net\/anime\/genre\/50\/Adult_Cast"}],"demographics":[],"relations":[{"relation":"Adaptation","entry":[{"mal_id":127039,"type":"manga","name":"Great Pretender","url":"https:\/\/myanimelist.net\/manga\/127039\/Great_Pretender"}]}],"theme":{"openings":["\"G.P.\" by Yutaka Yamada"],"endings":["\"The Great Pretender\" by Freddie Mercury"]},"external":[{"name":"Official Site","url":"http:\/\/www.greatpretender.jp\/"},{"name":"@GrePre_anime","url":"https:\/\/twitter.com\/GrePre_anime"},{"name":"AniDB","url":"https:\/\/anidb.net\/perl-bin\/animedb.pl?show=anime&aid=14990"},{"name":"ANN","url":"https:\/\/www.animenewsnetwork.com\/encyclopedia\/anime.php?id=22317"},{"name":"Wikipedia","url":"https:\/\/en.wikipedia.org\/wiki\/Great_Pretender_(TV_series)"},{"name":"Wikipedia","url":"https:\/\/ja.wikipedia.org\/wiki\/GREAT_PRETENDER"},{"name":"Syoboi","url":"https:\/\/cal.syoboi.jp\/tid\/5716"}],"streaming":[{"name":"Netflix","url":"https:\/\/www.netflix.com\/"}]}}