{"data":{"mal_id":40211,"url":"https:\/\/myanimelist.net\/anime\/40211\/Luo_Xiao_Hei_Zhan_Ji_Movie","images":{"jpg":{"image_url":"https:\/\/cdn.myanimelist.net\/images\/anime\/1480\/123374.jpg","small_image_url":"https:\/\/cdn.myanimelist.net\/images\/anime\/1480\/123374t.jpg","large_image_url":"https:\/\/cdn.myanimelist.net\/images\/anime\/1480\/123374l.jpg"},"webp":{"image_url":"https:\/\/cdn.myanimelist.net\/images\/anime\/1480\/123374.webp","small_image_url":"https:\/\/cdn.myanimelist.net\/images\/anime\/1480\/123374t.webp","large_image_url":"https:\/\/cdn.myanimelist.net\/images\/anime\/1480\/123374l.webp"}},"trailer":{"youtube_id":"G9oTNGF1OZE","url":"https:\/\/www.youtube.com\/watch?v=G9oTNGF1OZE","embed_url":"https:\/\/www.youtube.com\/embed\/G9oTNGF1OZE?enablejsapi=1&wmode=opaque&autoplay=1","images":{"image_url":"https:\/\/img.youtube.com\/vi\/G9oTNGF1OZE\/default.jpg","small_image_url":"https:\/\/img.youtube.com\/vi\/G9oTNGF1OZE\/sddefault.jpg","medium_image_url":"https:\/\/img.youtube.com\/vi\/G9oTNGF1OZE\/mqdefault.jpg","large_image_url":"https:\/\/img.youtube.com\/vi\/G9oTNGF1OZE\/hqdefault.jpg","maximum_image_url":"https:\/\/img.youtube.com\/vi\/G9oTNGF1OZE\/maxresdefault.jpg"}},"approved":true,"titles":[{"type":"Default","title":"Luo Xiao Hei Zhan Ji (Movie)"},{"type":"Synonym","title":"The Legend of Luoxiaohei"},{"type":"Japanese","title":"\u7f85\u5c0f\u9ed1\u6230\u8a18"},{"type":"English","title":"The Legend of Hei"},{"type":"Spanish","title":"La Leyenda de Hei"}],"title":"Luo Xiao Hei Zhan Ji (Movie)","title_english":"The Legend of Hei","title_japanese":"\u7f85\u5c0f\u9ed1\u6230\u8a18","title_synonyms":["The Legend of Luoxiaohei"],"type":"Movie","source":"Original","episodes":1,"status":"Finished Airing","airing":false,"aired":{"from":"2019-09-07T00:00:00+00:00","to":null,"prop":{"from":{"day":7,"month":9,"year":2019},"to":{"day":null,"month":null,"year":null}},"string":"Sep 7, 2019"},"duration":"1 hr 41 min","rating":"G - All Ages","score":8,"scored_by":8647,"rank":605,"popularity":4251,"members":25254,"favorites":351,"synopsis":"Luo Xiaohei is a young monster who normally takes the form of a small black cat. Living freely in the forests, gradual deforestation and human development force him to flee and find a new home. Wandering the city streets, the black cat struggles to survive until he encounters Feng Xi, a fellow monster who takes Xiaohei to an isolated island inhabited by a small group of monsters. Excited to find what he thinks is his new home, Xiaohei lives with the monsters for only a short time before Wuxian, a human Guild Executor, arrives on the island in pursuit of Feng Xi.\n\nFeng Xi and his companions manage to teleport off the island, leaving Xiaohei and Wuxian alone. Though Xiaohei refuses to cooperate with the man who attacked his friends, Wuxian forces the black cat to travel to the Guild along with him. Embarking on an uncertain journey, Xiaohei is exposed to a new perspective on the relations between humans and monsters in a rapidly changing world.\n\n[Written by MAL Rewrite]","background":"Luo Xiao Hei Zhan Ji (Movie) is the prequel feature film to the web anime of the same name. The film was released in Chinese and Japanese theaters on September 7, 2019. On December 15, 2020, it was announced that the movie will be set to release in North America and Canada by Shout! Studios and Play Big.","season":null,"year":null,"broadcast":{"day":null,"time":null,"timezone":null,"string":null},"producers":[],"licensors":[],"studios":[{"mal_id":2513,"type":"anime","name":"HMCH","url":"https:\/\/myanimelist.net\/anime\/producer\/2513\/HMCH"}],"genres":[{"mal_id":2,"type":"anime","name":"Adventure","url":"https:\/\/myanimelist.net\/anime\/genre\/2\/Adventure"},{"mal_id":8,"type":"anime","name":"Drama","url":"https:\/\/myanimelist.net\/anime\/genre\/8\/Drama"},{"mal_id":10,"type":"anime","name":"Fantasy","url":"https:\/\/myanimelist.net\/anime\/genre\/10\/Fantasy"}],"explicit_genres":[],"themes":[],"demographics":[],"relations":[{"relation":"Sequel","entry":[{"mal_id":33443,"type":"anime","name":"Luo Xiao Hei Zhan Ji","url":"https:\/\/myanimelist.net\/anime\/33443\/Luo_Xiao_Hei_Zhan_Ji"}]}],"theme":{"openings":[],"endings":["1: \"Xu (\u5618)\" by Ai Suo (\u827e\u7d22)","J1: \"Unity\" by LMYK"]},"external":[{"name":"Official Site","url":"https:\/\/luoxiaohei-movie.com\/"},{"name":"YouTube","url":"https:\/\/www.youtube.com\/watch?v=wkmD3lLIjq4"},{"name":"AniDB","url":"https:\/\/anidb.net\/perl-bin\/animedb.pl?show=anime&aid=15253"},{"name":"Wikipedia","url":"https:\/\/en.wikipedia.org\/wiki\/The_Legend_of_Hei"},{"name":"Wikipedia","url":"https:\/\/zh.wikipedia.org\/wiki\/%E7%BD%97%E5%B0%8F%E9%BB%91%E6%88%98%E8%AE%B0_(%E7%94%B5%E5%BD%B1)"},{"name":"Syoboi","url":"https:\/\/cal.syoboi.jp\/tid\/6061"},{"name":"Bangumi","url":"https:\/\/bangumi.tv\/subject\/159725"},{"name":"Baidu Baike","url":"https:\/\/baike.baidu.com\/item\/%E7%BD%97%E5%B0%8F%E9%BB%91%E6%88%98%E8%AE%B0\/22902442"}],"streaming":[{"name":"Netflix","url":"https:\/\/www.netflix.com\/"}]}}