{"data":{"mal_id":40221,"url":"https:\/\/myanimelist.net\/anime\/40221\/Kami_no_Tou","images":{"jpg":{"image_url":"https:\/\/cdn.myanimelist.net\/images\/anime\/1702\/106229.jpg","small_image_url":"https:\/\/cdn.myanimelist.net\/images\/anime\/1702\/106229t.jpg","large_image_url":"https:\/\/cdn.myanimelist.net\/images\/anime\/1702\/106229l.jpg"},"webp":{"image_url":"https:\/\/cdn.myanimelist.net\/images\/anime\/1702\/106229.webp","small_image_url":"https:\/\/cdn.myanimelist.net\/images\/anime\/1702\/106229t.webp","large_image_url":"https:\/\/cdn.myanimelist.net\/images\/anime\/1702\/106229l.webp"}},"trailer":{"youtube_id":"RNyClma6awo","url":"https:\/\/www.youtube.com\/watch?v=RNyClma6awo","embed_url":"https:\/\/www.youtube.com\/embed\/RNyClma6awo?enablejsapi=1&wmode=opaque&autoplay=1","images":{"image_url":"https:\/\/img.youtube.com\/vi\/RNyClma6awo\/default.jpg","small_image_url":"https:\/\/img.youtube.com\/vi\/RNyClma6awo\/sddefault.jpg","medium_image_url":"https:\/\/img.youtube.com\/vi\/RNyClma6awo\/mqdefault.jpg","large_image_url":"https:\/\/img.youtube.com\/vi\/RNyClma6awo\/hqdefault.jpg","maximum_image_url":"https:\/\/img.youtube.com\/vi\/RNyClma6awo\/maxresdefault.jpg"}},"approved":true,"titles":[{"type":"Default","title":"Kami no Tou"},{"type":"Synonym","title":"Sin-ui Tap"},{"type":"Japanese","title":"\u795e\u4e4b\u5854 -Tower of God-"},{"type":"English","title":"Tower of God"},{"type":"German","title":"Tower of God"},{"type":"Spanish","title":"Tower of God"},{"type":"French","title":"Tower of God"}],"title":"Kami no Tou","title_english":"Tower of God","title_japanese":"\u795e\u4e4b\u5854 -Tower of God-","title_synonyms":["Sin-ui Tap"],"type":"TV","source":"Web manga","episodes":13,"status":"Finished Airing","airing":false,"aired":{"from":"2020-04-02T00:00:00+00:00","to":"2020-06-25T00:00:00+00:00","prop":{"from":{"day":2,"month":4,"year":2020},"to":{"day":25,"month":6,"year":2020}},"string":"Apr 2, 2020 to Jun 25, 2020"},"duration":"23 min per ep","rating":"PG-13 - Teens 13 or older","score":7.55,"scored_by":519758,"rank":1591,"popularity":181,"members":892845,"favorites":6316,"synopsis":"There is a tower that summons chosen people called \"Regulars\" with the promise of granting their deepest desires. Whether it be wealth, fame, authority, or something that surpasses them all\u2014everything awaits those who reach the top.\n\nTwenty-Fifth Bam is a boy who had only known a dark cave, a dirty cloth, and an unreachable light his entire life. So when a girl named Rachel came to him through the light, his entire world changed. Becoming close friends with Rachel, he learned various things about the outside world from her. But when Rachel says she must leave him to climb the Tower, his world shatters around him. Vowing to follow after her no matter what it takes, he sets his sight on the tower, and a miracle occurs.\n\nThus begins the journey of Bam, a young boy who was not chosen by the Tower but opened its gates by himself. They call his kind \"Irregulars\"\u2014beings that have shaken the very foundation of the Tower each time they set foot inside it.\n\n[Written by MAL Rewrite]","background":null,"season":"spring","year":2020,"broadcast":{"day":"Thursdays","time":"00:30","timezone":"Asia\/Tokyo","string":"Thursdays at 00:30 (JST)"},"producers":[{"mal_id":167,"type":"anime","name":"Sega","url":"https:\/\/myanimelist.net\/anime\/producer\/167\/Sega"},{"mal_id":1468,"type":"anime","name":"Crunchyroll","url":"https:\/\/myanimelist.net\/anime\/producer\/1468\/Crunchyroll"},{"mal_id":2018,"type":"anime","name":"Rialto Entertainment","url":"https:\/\/myanimelist.net\/anime\/producer\/2018\/Rialto_Entertainment"},{"mal_id":2019,"type":"anime","name":"Sola Entertainment","url":"https:\/\/myanimelist.net\/anime\/producer\/2019\/Sola_Entertainment"},{"mal_id":2044,"type":"anime","name":"Naver Webtoons","url":"https:\/\/myanimelist.net\/anime\/producer\/2044\/Naver_Webtoons"},{"mal_id":2369,"type":"anime","name":"IRMA LA DOUCE","url":"https:\/\/myanimelist.net\/anime\/producer\/2369\/IRMA_LA_DOUCE"}],"licensors":[{"mal_id":119,"type":"anime","name":"VIZ Media","url":"https:\/\/myanimelist.net\/anime\/producer\/119\/VIZ_Media"}],"studios":[{"mal_id":94,"type":"anime","name":"Telecom Animation Film","url":"https:\/\/myanimelist.net\/anime\/producer\/94\/Telecom_Animation_Film"}],"genres":[{"mal_id":1,"type":"anime","name":"Action","url":"https:\/\/myanimelist.net\/anime\/genre\/1\/Action"},{"mal_id":2,"type":"anime","name":"Adventure","url":"https:\/\/myanimelist.net\/anime\/genre\/2\/Adventure"},{"mal_id":8,"type":"anime","name":"Drama","url":"https:\/\/myanimelist.net\/anime\/genre\/8\/Drama"},{"mal_id":10,"type":"anime","name":"Fantasy","url":"https:\/\/myanimelist.net\/anime\/genre\/10\/Fantasy"},{"mal_id":7,"type":"anime","name":"Mystery","url":"https:\/\/myanimelist.net\/anime\/genre\/7\/Mystery"}],"explicit_genres":[],"themes":[],"demographics":[],"relations":[{"relation":"Adaptation","entry":[{"mal_id":122663,"type":"manga","name":"Tower of God","url":"https:\/\/myanimelist.net\/manga\/122663\/Tower_of_God"}]},{"relation":"Summary","entry":[{"mal_id":52554,"type":"anime","name":"15-fun de Wakaru: Kami no Tou","url":"https:\/\/myanimelist.net\/anime\/52554\/15-fun_de_Wakaru__Kami_no_Tou"}]},{"relation":"Sequel","entry":[{"mal_id":52635,"type":"anime","name":"Kami no Tou 2nd Season","url":"https:\/\/myanimelist.net\/anime\/52635\/Kami_no_Tou_2nd_Season"}]}],"theme":{"openings":["\"TOP\" by Stray Kids (eps 1-12)"],"endings":["1: \"SLUMP\" by Stray Kids (eps 1-12)","2: \"TOP\" by Stray Kids (eps 13)"]},"external":[{"name":"Official Site","url":"https:\/\/tog-anime.com\/"},{"name":"AniDB","url":"https:\/\/anidb.net\/perl-bin\/animedb.pl?show=anime&aid=15391"},{"name":"ANN","url":"https:\/\/www.animenewsnetwork.com\/encyclopedia\/anime.php?id=23068"},{"name":"Wikipedia","url":"https:\/\/en.wikipedia.org\/wiki\/Tower_of_God"}],"streaming":[{"name":"Crunchyroll","url":"http:\/\/www.crunchyroll.com\/series-279180"},{"name":"Netflix","url":"https:\/\/www.netflix.com\/"}]}}