{"data":{"mal_id":40262,"url":"https:\/\/myanimelist.net\/anime\/40262\/Haikyuu_Riku_vs_Kuu","images":{"jpg":{"image_url":"https:\/\/cdn.myanimelist.net\/images\/anime\/1527\/102671.jpg","small_image_url":"https:\/\/cdn.myanimelist.net\/images\/anime\/1527\/102671t.jpg","large_image_url":"https:\/\/cdn.myanimelist.net\/images\/anime\/1527\/102671l.jpg"},"webp":{"image_url":"https:\/\/cdn.myanimelist.net\/images\/anime\/1527\/102671.webp","small_image_url":"https:\/\/cdn.myanimelist.net\/images\/anime\/1527\/102671t.webp","large_image_url":"https:\/\/cdn.myanimelist.net\/images\/anime\/1527\/102671l.webp"}},"trailer":{"youtube_id":"EAK3qhkL8d8","url":"https:\/\/www.youtube.com\/watch?v=EAK3qhkL8d8","embed_url":"https:\/\/www.youtube.com\/embed\/EAK3qhkL8d8?enablejsapi=1&wmode=opaque&autoplay=1","images":{"image_url":"https:\/\/img.youtube.com\/vi\/EAK3qhkL8d8\/default.jpg","small_image_url":"https:\/\/img.youtube.com\/vi\/EAK3qhkL8d8\/sddefault.jpg","medium_image_url":"https:\/\/img.youtube.com\/vi\/EAK3qhkL8d8\/mqdefault.jpg","large_image_url":"https:\/\/img.youtube.com\/vi\/EAK3qhkL8d8\/hqdefault.jpg","maximum_image_url":"https:\/\/img.youtube.com\/vi\/EAK3qhkL8d8\/maxresdefault.jpg"}},"approved":true,"titles":[{"type":"Default","title":"Haikyuu!! Riku vs. Kuu"},{"type":"Synonym","title":"Haikyuu!! Jump Festa 2020 Special"},{"type":"Synonym","title":"Haikyuu!! OVA"},{"type":"Synonym","title":"Haikyuu!!: Land vs Sky"},{"type":"Synonym","title":"Haikyuu!!: The Volleyball Way"},{"type":"Synonym","title":"Haikyuu!!: Ball no Michi"},{"type":"Japanese","title":"\u30cf\u30a4\u30ad\u30e5\u30fc!! \u9678VS\u7a7a"},{"type":"English","title":"Haikyu!! Land vs. Air"},{"type":"German","title":"Haikyu!! Land vs. Air"},{"type":"Spanish","title":"Haikyu!! Land vs. Air"},{"type":"French","title":"Haikyu!! Land vs. Air"}],"title":"Haikyuu!! Riku vs. Kuu","title_english":"Haikyu!! Land vs. Air","title_japanese":"\u30cf\u30a4\u30ad\u30e5\u30fc!! \u9678VS\u7a7a","title_synonyms":["Haikyuu!! Jump Festa 2020 Special","Haikyuu!! OVA","Haikyuu!!: Land vs Sky","Haikyuu!!: The Volleyball Way","Haikyuu!!: Ball no Michi"],"type":"OVA","source":"Manga","episodes":2,"status":"Finished Airing","airing":false,"aired":{"from":"2020-01-22T00:00:00+00:00","to":null,"prop":{"from":{"day":22,"month":1,"year":2020},"to":{"day":null,"month":null,"year":null}},"string":"Jan 22, 2020"},"duration":"22 min per ep","rating":"PG-13 - Teens 13 or older","score":7.83,"scored_by":167789,"rank":896,"popularity":802,"members":290683,"favorites":597,"synopsis":"An intense battle rages on at the Tokyo Qualifiers for the three remaining spots in the national volleyball competition. Nekoma High School, Fukurodani High School, Nohebi Academy, and Itachiyama Academy all passionately strive to participate in the tournament. Despite various issues on the court, Nekoma especially wishes to prove they are worthy of moving on to the national level. \n\nAs the teams aim to secure their place by overcoming both their opponents and their own weaknesses, the Tokyo Qualifiers determine which teams will reign victorious and join the national competition.\n\n[Written by MAL Rewrite]","background":null,"season":null,"year":null,"broadcast":{"day":null,"time":null,"timezone":null,"string":null},"producers":[{"mal_id":53,"type":"anime","name":"Dentsu","url":"https:\/\/myanimelist.net\/anime\/producer\/53\/Dentsu"},{"mal_id":143,"type":"anime","name":"Mainichi Broadcasting System","url":"https:\/\/myanimelist.net\/anime\/producer\/143\/Mainichi_Broadcasting_System"},{"mal_id":166,"type":"anime","name":"Movic","url":"https:\/\/myanimelist.net\/anime\/producer\/166\/Movic"},{"mal_id":757,"type":"anime","name":"Sony Music Entertainment","url":"https:\/\/myanimelist.net\/anime\/producer\/757\/Sony_Music_Entertainment"},{"mal_id":1143,"type":"anime","name":"TOHO animation","url":"https:\/\/myanimelist.net\/anime\/producer\/1143\/TOHO_animation"},{"mal_id":1365,"type":"anime","name":"Shueisha","url":"https:\/\/myanimelist.net\/anime\/producer\/1365\/Shueisha"}],"licensors":[{"mal_id":376,"type":"anime","name":"Sentai Filmworks","url":"https:\/\/myanimelist.net\/anime\/producer\/376\/Sentai_Filmworks"}],"studios":[{"mal_id":10,"type":"anime","name":"Production I.G","url":"https:\/\/myanimelist.net\/anime\/producer\/10\/Production_IG"}],"genres":[{"mal_id":30,"type":"anime","name":"Sports","url":"https:\/\/myanimelist.net\/anime\/genre\/30\/Sports"}],"explicit_genres":[],"themes":[{"mal_id":23,"type":"anime","name":"School","url":"https:\/\/myanimelist.net\/anime\/genre\/23\/School"},{"mal_id":77,"type":"anime","name":"Team Sports","url":"https:\/\/myanimelist.net\/anime\/genre\/77\/Team_Sports"}],"demographics":[{"mal_id":27,"type":"anime","name":"Shounen","url":"https:\/\/myanimelist.net\/anime\/genre\/27\/Shounen"}],"relations":[{"relation":"Adaptation","entry":[{"mal_id":35243,"type":"manga","name":"Haikyuu!!","url":"https:\/\/myanimelist.net\/manga\/35243\/Haikyuu"}]},{"relation":"Prequel","entry":[{"mal_id":32935,"type":"anime","name":"Haikyuu!! Karasuno Koukou vs. Shiratorizawa Gakuen Koukou","url":"https:\/\/myanimelist.net\/anime\/32935\/Haikyuu_Karasuno_Koukou_vs_Shiratorizawa_Gakuen_Koukou"}]},{"relation":"Sequel","entry":[{"mal_id":38883,"type":"anime","name":"Haikyuu!! To the Top","url":"https:\/\/myanimelist.net\/anime\/38883\/Haikyuu_To_the_Top"}]}],"theme":{"openings":[],"endings":[]},"external":[{"name":"Official Site","url":"https:\/\/haikyu.jp\/bd\/ova.html"},{"name":"AniDB","url":"https:\/\/anidb.net\/perl-bin\/animedb.pl?show=anime&aid=15045"},{"name":"ANN","url":"https:\/\/www.animenewsnetwork.com\/encyclopedia\/anime.php?id=22972"},{"name":"Wikipedia","url":"https:\/\/en.wikipedia.org\/wiki\/Haikyu!!"}],"streaming":[{"name":"Crunchyroll","url":"http:\/\/www.crunchyroll.com\/series-260265"}]}}