{"data":{"mal_id":40417,"url":"https:\/\/myanimelist.net\/anime\/40417\/Fruits_Basket_2nd_Season","images":{"jpg":{"image_url":"https:\/\/cdn.myanimelist.net\/images\/anime\/1972\/111635.jpg","small_image_url":"https:\/\/cdn.myanimelist.net\/images\/anime\/1972\/111635t.jpg","large_image_url":"https:\/\/cdn.myanimelist.net\/images\/anime\/1972\/111635l.jpg"},"webp":{"image_url":"https:\/\/cdn.myanimelist.net\/images\/anime\/1972\/111635.webp","small_image_url":"https:\/\/cdn.myanimelist.net\/images\/anime\/1972\/111635t.webp","large_image_url":"https:\/\/cdn.myanimelist.net\/images\/anime\/1972\/111635l.webp"}},"trailer":{"youtube_id":"yBBePKQTWFE","url":"https:\/\/www.youtube.com\/watch?v=yBBePKQTWFE","embed_url":"https:\/\/www.youtube.com\/embed\/yBBePKQTWFE?enablejsapi=1&wmode=opaque&autoplay=1","images":{"image_url":"https:\/\/img.youtube.com\/vi\/yBBePKQTWFE\/default.jpg","small_image_url":"https:\/\/img.youtube.com\/vi\/yBBePKQTWFE\/sddefault.jpg","medium_image_url":"https:\/\/img.youtube.com\/vi\/yBBePKQTWFE\/mqdefault.jpg","large_image_url":"https:\/\/img.youtube.com\/vi\/yBBePKQTWFE\/hqdefault.jpg","maximum_image_url":"https:\/\/img.youtube.com\/vi\/yBBePKQTWFE\/maxresdefault.jpg"}},"approved":true,"titles":[{"type":"Default","title":"Fruits Basket 2nd Season"},{"type":"Synonym","title":"Fruits Basket (2019) 2nd Season"},{"type":"Synonym","title":"Furuba"},{"type":"Synonym","title":"Fruits Basket (Kouhen)"},{"type":"Japanese","title":"\u30d5\u30eb\u30fc\u30c4\u30d0\u30b9\u30b1\u30c3\u30c8 2nd season"},{"type":"English","title":"Fruits Basket 2nd Season"},{"type":"German","title":"Fruits Basket Staffel 2"},{"type":"Spanish","title":"Fruits Basket Temporada 2"},{"type":"French","title":"Fruits Basket Sasion 2"}],"title":"Fruits Basket 2nd Season","title_english":"Fruits Basket 2nd Season","title_japanese":"\u30d5\u30eb\u30fc\u30c4\u30d0\u30b9\u30b1\u30c3\u30c8 2nd season","title_synonyms":["Fruits Basket (2019) 2nd Season","Furuba","Fruits Basket (Kouhen)"],"type":"TV","source":"Manga","episodes":25,"status":"Finished Airing","airing":false,"aired":{"from":"2020-04-07T00:00:00+00:00","to":"2020-09-22T00:00:00+00:00","prop":{"from":{"day":7,"month":4,"year":2020},"to":{"day":22,"month":9,"year":2020}},"string":"Apr 7, 2020 to Sep 22, 2020"},"duration":"23 min per ep","rating":"PG-13 - Teens 13 or older","score":8.55,"scored_by":248795,"rank":106,"popularity":438,"members":488695,"favorites":5892,"synopsis":"A year has passed since Tooru Honda began living in the Souma residence, and she has since created stronger relationships with its inhabitants Shigure, Kyou, and Yuki. She has also grown closer to the rest of the Souma family and has become familiar with their ancestral secret, having helped them with many of their personal issues. The closer Tooru gets, however, the more she begins to realize that their secret holds a darker truth than she first presumed.\n\nSummer is approaching and Tooru is invited to spend her days with the Soumas, mainly Kyou and Yuki. Tooru wishes for an easy-going vacation, but her close relationships with the two boys and the rest of the Soumas may prove to cause trouble. As they grow more intimate, their carefree time together is hindered by older hardships and feelings from the past that begin to resurface. The Eternal Banquet also dawns on the members of the zodiac, and they must tend to their duties alongside the unnerving head of the family, Akito Souma.\n\nWith the banquet approaching and a plethora of feelings to be solved, will Tooru's life with the Soumas remain peaceful, or will she find herself in a situation from which she cannot escape?\n\n[Written by MAL Rewrite]","background":null,"season":"spring","year":2020,"broadcast":{"day":"Tuesdays","time":"01:30","timezone":"Asia\/Tokyo","string":"Tuesdays at 01:30 (JST)"},"producers":[{"mal_id":16,"type":"anime","name":"TV Tokyo","url":"https:\/\/myanimelist.net\/anime\/producer\/16\/TV_Tokyo"},{"mal_id":100,"type":"anime","name":"TV Osaka","url":"https:\/\/myanimelist.net\/anime\/producer\/100\/TV_Osaka"},{"mal_id":139,"type":"anime","name":"Nihon Ad Systems","url":"https:\/\/myanimelist.net\/anime\/producer\/139\/Nihon_Ad_Systems"},{"mal_id":148,"type":"anime","name":"Hakusensha","url":"https:\/\/myanimelist.net\/anime\/producer\/148\/Hakusensha"},{"mal_id":1284,"type":"anime","name":"Avex Pictures","url":"https:\/\/myanimelist.net\/anime\/producer\/1284\/Avex_Pictures"},{"mal_id":2174,"type":"anime","name":"TMS Music","url":"https:\/\/myanimelist.net\/anime\/producer\/2174\/TMS_Music"},{"mal_id":2495,"type":"anime","name":"8PAN","url":"https:\/\/myanimelist.net\/anime\/producer\/2495\/8PAN"}],"licensors":[{"mal_id":102,"type":"anime","name":"Funimation","url":"https:\/\/myanimelist.net\/anime\/producer\/102\/Funimation"}],"studios":[{"mal_id":73,"type":"anime","name":"TMS Entertainment","url":"https:\/\/myanimelist.net\/anime\/producer\/73\/TMS_Entertainment"}],"genres":[{"mal_id":8,"type":"anime","name":"Drama","url":"https:\/\/myanimelist.net\/anime\/genre\/8\/Drama"},{"mal_id":22,"type":"anime","name":"Romance","url":"https:\/\/myanimelist.net\/anime\/genre\/22\/Romance"},{"mal_id":37,"type":"anime","name":"Supernatural","url":"https:\/\/myanimelist.net\/anime\/genre\/37\/Supernatural"}],"explicit_genres":[],"themes":[{"mal_id":23,"type":"anime","name":"School","url":"https:\/\/myanimelist.net\/anime\/genre\/23\/School"}],"demographics":[{"mal_id":25,"type":"anime","name":"Shoujo","url":"https:\/\/myanimelist.net\/anime\/genre\/25\/Shoujo"}],"relations":[{"relation":"Adaptation","entry":[{"mal_id":102,"type":"manga","name":"Fruits Basket","url":"https:\/\/myanimelist.net\/manga\/102\/Fruits_Basket"}]},{"relation":"Prequel","entry":[{"mal_id":38680,"type":"anime","name":"Fruits Basket 1st Season","url":"https:\/\/myanimelist.net\/anime\/38680\/Fruits_Basket_1st_Season"}]},{"relation":"Sequel","entry":[{"mal_id":42938,"type":"anime","name":"Fruits Basket: The Final","url":"https:\/\/myanimelist.net\/anime\/42938\/Fruits_Basket__The_Final"}]},{"relation":"Side story","entry":[{"mal_id":49310,"type":"anime","name":"Fruits Basket: Prelude","url":"https:\/\/myanimelist.net\/anime\/49310\/Fruits_Basket__Prelude"}]},{"relation":"Summary","entry":[{"mal_id":49310,"type":"anime","name":"Fruits Basket: Prelude","url":"https:\/\/myanimelist.net\/anime\/49310\/Fruits_Basket__Prelude"}]}],"theme":{"openings":["1: \"Prism\" by AmPm ft. Miyuna (eps 1-13)","2: \"HOME\" by Asako Toki (\u571f\u5c90\u9ebb\u5b50) (eps 14-25)"],"endings":["1: \"ad meliora\" by THE CHARM PARK (eps 1-6, 8-13)","2: \"Haseru Mirai (\u99b3\u305b\u308b\u672a\u6765)\" by Uta Arii (\u30a6\u30bf\u30fb\u30a2\u30ea\u30a3) (eps 7)","3: \"Eden\" by MONKEY MAJIK (eps 14-25)"]},"external":[{"name":"Official Site","url":"https:\/\/fruba.jp\/"},{"name":"@fruba_PR","url":"https:\/\/twitter.com\/fruba_PR"},{"name":"AniDB","url":"https:\/\/anidb.net\/perl-bin\/animedb.pl?show=anime&aid=14988"},{"name":"ANN","url":"https:\/\/www.animenewsnetwork.com\/encyclopedia\/anime.php?id=22588"},{"name":"Wikipedia","url":"https:\/\/en.wikipedia.org\/wiki\/Fruits_Basket_(2019_TV_series)"},{"name":"Wikipedia","url":"https:\/\/ja.wikipedia.org\/wiki\/%E3%83%95%E3%83%AB%E3%83%BC%E3%83%84%E3%83%90%E3%82%B9%E3%82%B1%E3%83%83%E3%83%88_%28%E6%BC%AB%E7%94%BB%29"},{"name":"Syoboi","url":"https:\/\/cal.syoboi.jp\/tid\/5610"}],"streaming":[{"name":"Crunchyroll","url":"http:\/\/www.crunchyroll.com\/series-277778"},{"name":"Netflix","url":"https:\/\/www.netflix.com\/"}]}}