{"data":{"mal_id":40665,"url":"https:\/\/myanimelist.net\/anime\/40665\/Shoujo\u2606Kageki_Revue_Starlight__Rondo_Rondo_Rondo","images":{"jpg":{"image_url":"https:\/\/cdn.myanimelist.net\/images\/anime\/1542\/108494.jpg","small_image_url":"https:\/\/cdn.myanimelist.net\/images\/anime\/1542\/108494t.jpg","large_image_url":"https:\/\/cdn.myanimelist.net\/images\/anime\/1542\/108494l.jpg"},"webp":{"image_url":"https:\/\/cdn.myanimelist.net\/images\/anime\/1542\/108494.webp","small_image_url":"https:\/\/cdn.myanimelist.net\/images\/anime\/1542\/108494t.webp","large_image_url":"https:\/\/cdn.myanimelist.net\/images\/anime\/1542\/108494l.webp"}},"trailer":{"youtube_id":"xYTvHO-YaFM","url":"https:\/\/www.youtube.com\/watch?v=xYTvHO-YaFM","embed_url":"https:\/\/www.youtube.com\/embed\/xYTvHO-YaFM?enablejsapi=1&wmode=opaque&autoplay=1","images":{"image_url":"https:\/\/img.youtube.com\/vi\/xYTvHO-YaFM\/default.jpg","small_image_url":"https:\/\/img.youtube.com\/vi\/xYTvHO-YaFM\/sddefault.jpg","medium_image_url":"https:\/\/img.youtube.com\/vi\/xYTvHO-YaFM\/mqdefault.jpg","large_image_url":"https:\/\/img.youtube.com\/vi\/xYTvHO-YaFM\/hqdefault.jpg","maximum_image_url":"https:\/\/img.youtube.com\/vi\/xYTvHO-YaFM\/maxresdefault.jpg"}},"approved":true,"titles":[{"type":"Default","title":"Shoujo\u2606Kageki Revue Starlight: Rondo Rondo Rondo"},{"type":"Synonym","title":"Saiseisan Soushuuhen Shoujo\u2606Kageki Revue Starlight"},{"type":"Japanese","title":"\u5c11\u5973\u2606\u6b4c\u5287 \u30ec\u30f4\u30e5\u30fc\u30b9\u30bf\u30a1\u30e9\u30a4\u30c8 \u30ed\u30f3\u30c9\u30fb\u30ed\u30f3\u30c9\u30fb\u30ed\u30f3\u30c9"}],"title":"Shoujo\u2606Kageki Revue Starlight: Rondo Rondo Rondo","title_english":null,"title_japanese":"\u5c11\u5973\u2606\u6b4c\u5287 \u30ec\u30f4\u30e5\u30fc\u30b9\u30bf\u30a1\u30e9\u30a4\u30c8 \u30ed\u30f3\u30c9\u30fb\u30ed\u30f3\u30c9\u30fb\u30ed\u30f3\u30c9","title_synonyms":["Saiseisan Soushuuhen Shoujo\u2606Kageki Revue Starlight"],"type":"Movie","source":"Original","episodes":1,"status":"Finished Airing","airing":false,"aired":{"from":"2020-08-07T00:00:00+00:00","to":null,"prop":{"from":{"day":7,"month":8,"year":2020},"to":{"day":null,"month":null,"year":null}},"string":"Aug 7, 2020"},"duration":"2 hr","rating":"PG-13 - Teens 13 or older","score":7.59,"scored_by":2313,"rank":1476,"popularity":7088,"members":7183,"favorites":26,"synopsis":"At the performing arts division of Seishou Music Academy, the ever-evolving stage threads the lives of its students together as they tirelessly hone their craft. Yet, as the girls prepare for a new rendition of the previous year's performance, the carefree Karen Aijou begins to settle for a smaller role. However, her waning passion is reignited by the return of her childhood friend Hikari Kagura, whose sudden transfer to the academy triggers a flurry of changes in the class dynamics.\n\nSubsequently, Karen chances upon a secret battleground underneath the school, which houses a set of auditions that will crown its ultimate victor as \"Top Star.\" As she dives headfirst into these enigmatic trials, Karen begins to learn about the tribulations that come with vying for the top. Even if fate wills them apart, Karen and Hikari must fight in hopes of fulfilling their childhood promise: to become stars together.\n\n[Written by MAL Rewrite]","background":"Shoujo\u2606Kageki Revue Starlight: Rondo Rondo Rondo serves as an abridged compilation of the original anime series. Its theatrical release was initially set for May 29, 2020, but was delayed to August 7, 2020 due to the COVID-19 pandemic.","season":null,"year":null,"broadcast":{"day":null,"time":null,"timezone":null,"string":null},"producers":[{"mal_id":775,"type":"anime","name":"Bushiroad","url":"https:\/\/myanimelist.net\/anime\/producer\/775\/Bushiroad"}],"licensors":[],"studios":[{"mal_id":290,"type":"anime","name":"Kinema Citrus","url":"https:\/\/myanimelist.net\/anime\/producer\/290\/Kinema_Citrus"}],"genres":[],"explicit_genres":[],"themes":[{"mal_id":19,"type":"anime","name":"Music","url":"https:\/\/myanimelist.net\/anime\/genre\/19\/Music"},{"mal_id":70,"type":"anime","name":"Performing Arts","url":"https:\/\/myanimelist.net\/anime\/genre\/70\/Performing_Arts"},{"mal_id":23,"type":"anime","name":"School","url":"https:\/\/myanimelist.net\/anime\/genre\/23\/School"}],"demographics":[],"relations":[{"relation":"Full story","entry":[{"mal_id":35503,"type":"anime","name":"Shoujo\u2606Kageki Revue Starlight","url":"https:\/\/myanimelist.net\/anime\/35503\/Shoujo\u2606Kageki_Revue_Starlight"}]},{"relation":"Sequel","entry":[{"mal_id":40664,"type":"anime","name":"Shoujo\u2606Kageki Revue Starlight Movie","url":"https:\/\/myanimelist.net\/anime\/40664\/Shoujo\u2606Kageki_Revue_Starlight_Movie"}]}],"theme":{"openings":[],"endings":["\"Saisei Sanbika (\u518d\u751f\u8b83\u7f8e\u66f2)\" by Starlight Kukugumi"]},"external":[{"name":"Official Site","url":"https:\/\/cinema.revuestarlight.com\/"},{"name":"AniDB","url":"https:\/\/anidb.net\/perl-bin\/animedb.pl?show=anime&aid=15254"},{"name":"ANN","url":"https:\/\/www.animenewsnetwork.com\/encyclopedia\/anime.php?id=22992"},{"name":"Wikipedia","url":"https:\/\/en.wikipedia.org\/wiki\/Revue_Starlight"}],"streaming":[]}}