{"data":{"mal_id":40685,"url":"https:\/\/myanimelist.net\/anime\/40685\/Super_Cub","images":{"jpg":{"image_url":"https:\/\/cdn.myanimelist.net\/images\/anime\/1776\/111172.jpg","small_image_url":"https:\/\/cdn.myanimelist.net\/images\/anime\/1776\/111172t.jpg","large_image_url":"https:\/\/cdn.myanimelist.net\/images\/anime\/1776\/111172l.jpg"},"webp":{"image_url":"https:\/\/cdn.myanimelist.net\/images\/anime\/1776\/111172.webp","small_image_url":"https:\/\/cdn.myanimelist.net\/images\/anime\/1776\/111172t.webp","large_image_url":"https:\/\/cdn.myanimelist.net\/images\/anime\/1776\/111172l.webp"}},"trailer":{"youtube_id":"NbWU6B0qjMY","url":"https:\/\/www.youtube.com\/watch?v=NbWU6B0qjMY","embed_url":"https:\/\/www.youtube.com\/embed\/NbWU6B0qjMY?enablejsapi=1&wmode=opaque&autoplay=1","images":{"image_url":"https:\/\/img.youtube.com\/vi\/NbWU6B0qjMY\/default.jpg","small_image_url":"https:\/\/img.youtube.com\/vi\/NbWU6B0qjMY\/sddefault.jpg","medium_image_url":"https:\/\/img.youtube.com\/vi\/NbWU6B0qjMY\/mqdefault.jpg","large_image_url":"https:\/\/img.youtube.com\/vi\/NbWU6B0qjMY\/hqdefault.jpg","maximum_image_url":"https:\/\/img.youtube.com\/vi\/NbWU6B0qjMY\/maxresdefault.jpg"}},"approved":true,"titles":[{"type":"Default","title":"Super Cub"},{"type":"Japanese","title":"\u30b9\u30fc\u30d1\u30fc\u30ab\u30d6"},{"type":"English","title":"Super Cub"}],"title":"Super Cub","title_english":"Super Cub","title_japanese":"\u30b9\u30fc\u30d1\u30fc\u30ab\u30d6","title_synonyms":[],"type":"TV","source":"Light novel","episodes":12,"status":"Finished Airing","airing":false,"aired":{"from":"2021-04-07T00:00:00+00:00","to":"2021-06-23T00:00:00+00:00","prop":{"from":{"day":7,"month":4,"year":2021},"to":{"day":23,"month":6,"year":2021}},"string":"Apr 7, 2021 to Jun 23, 2021"},"duration":"24 min per ep","rating":"PG-13 - Teens 13 or older","score":7.44,"scored_by":44765,"rank":1989,"popularity":1870,"members":110788,"favorites":920,"synopsis":"Koguma, a reserved second-year high school student, has nothing\u2014no parents, hobbies, friends, or goals. On her way home one afternoon, she visits a vehicle shop in hopes of acquiring a motor scooter. With only enough money to make ends meet, she is disheartened by the price tags and prepares to turn back. However, as she is about to leave, the shop's owner offers her a pre-owned Honda Super Cub for ten thousand yen. Believing that the motorcycle will help brighten her monotonous world, she accepts the deal. As Koguma journeys through her town on small adventures with her Super Cub, she begins to build irreplaceable friendships and eagerly advances toward her new life.\n\n[Written by MAL Rewrite]","background":null,"season":"spring","year":2021,"broadcast":{"day":"Wednesdays","time":"23:00","timezone":"Asia\/Tokyo","string":"Wednesdays at 23:00 (JST)"},"producers":[{"mal_id":1639,"type":"anime","name":"Chiptune","url":"https:\/\/myanimelist.net\/anime\/producer\/1639\/Chiptune"},{"mal_id":1696,"type":"anime","name":"Kadokawa","url":"https:\/\/myanimelist.net\/anime\/producer\/1696\/Kadokawa"},{"mal_id":1840,"type":"anime","name":"Bandai Namco Arts","url":"https:\/\/myanimelist.net\/anime\/producer\/1840\/Bandai_Namco_Arts"}],"licensors":[{"mal_id":102,"type":"anime","name":"Funimation","url":"https:\/\/myanimelist.net\/anime\/producer\/102\/Funimation"}],"studios":[{"mal_id":1997,"type":"anime","name":"Studio Kai","url":"https:\/\/myanimelist.net\/anime\/producer\/1997\/Studio_Kai"}],"genres":[{"mal_id":36,"type":"anime","name":"Slice of Life","url":"https:\/\/myanimelist.net\/anime\/genre\/36\/Slice_of_Life"}],"explicit_genres":[],"themes":[{"mal_id":52,"type":"anime","name":"CGDCT","url":"https:\/\/myanimelist.net\/anime\/genre\/52\/CGDCT"},{"mal_id":63,"type":"anime","name":"Iyashikei","url":"https:\/\/myanimelist.net\/anime\/genre\/63\/Iyashikei"},{"mal_id":23,"type":"anime","name":"School","url":"https:\/\/myanimelist.net\/anime\/genre\/23\/School"}],"demographics":[],"relations":[{"relation":"Adaptation","entry":[{"mal_id":122739,"type":"manga","name":"Super Cub","url":"https:\/\/myanimelist.net\/manga\/122739\/Super_Cub"}]}],"theme":{"openings":["\"Mahou no Kaze (\u307e\u307b\u3046\u306e\u304b\u305c)\" by Akane Kumada"],"endings":["\"Haru e no Dengon (\u6625\u3078\u306e\u4f1d\u8a00)\" by Yuki Yomichi, Ayaka Nanase, Natsumi Hioka"]},"external":[{"name":"Official Site","url":"https:\/\/supercub-anime.com\/"},{"name":"@supercub_anime","url":"https:\/\/twitter.com\/supercub_anime"},{"name":"AniDB","url":"https:\/\/anidb.net\/perl-bin\/animedb.pl?show=anime&aid=15260"},{"name":"ANN","url":"https:\/\/www.animenewsnetwork.com\/encyclopedia\/anime.php?id=23261"},{"name":"Wikipedia","url":"https:\/\/en.wikipedia.org\/wiki\/Super_Cub_(novel_series)#Anime"},{"name":"Wikipedia","url":"https:\/\/ja.wikipedia.org\/wiki\/%E3%82%B9%E3%83%BC%E3%83%91%E3%83%BC%E3%82%AB%E3%83%96_(%E5%B0%8F%E8%AA%AC)#%E3%83%86%E3%83%AC%E3%83%93%E3%82%A2%E3%83%8B%E3%83%A1"},{"name":"Syoboi","url":"https:\/\/cal.syoboi.jp\/tid\/5943"}],"streaming":[{"name":"Crunchyroll","url":"http:\/\/www.crunchyroll.com\/series-281258"},{"name":"Funimation","url":"https:\/\/www.funimation.com\/shows\/super-cub"},{"name":"Netflix","url":"https:\/\/www.netflix.com\/"},{"name":"Bahamut Anime Crazy","url":"https:\/\/ani.gamer.com.tw\/"},{"name":"Muse Asia","url":"https:\/\/www.youtube.com\/channel\/UCGbshtvS9t-8CW11W7TooQg"},{"name":"Wakanim","url":"https:\/\/www.wakanim.tv\/"}]}}