{"data":{"mal_id":40776,"url":"https:\/\/myanimelist.net\/anime\/40776\/Haikyuu_To_the_Top_Part_2","images":{"jpg":{"image_url":"https:\/\/cdn.myanimelist.net\/images\/anime\/1453\/106768.jpg","small_image_url":"https:\/\/cdn.myanimelist.net\/images\/anime\/1453\/106768t.jpg","large_image_url":"https:\/\/cdn.myanimelist.net\/images\/anime\/1453\/106768l.jpg"},"webp":{"image_url":"https:\/\/cdn.myanimelist.net\/images\/anime\/1453\/106768.webp","small_image_url":"https:\/\/cdn.myanimelist.net\/images\/anime\/1453\/106768t.webp","large_image_url":"https:\/\/cdn.myanimelist.net\/images\/anime\/1453\/106768l.webp"}},"trailer":{"youtube_id":"QiMriorA2UY","url":"https:\/\/www.youtube.com\/watch?v=QiMriorA2UY","embed_url":"https:\/\/www.youtube.com\/embed\/QiMriorA2UY?enablejsapi=1&wmode=opaque&autoplay=1","images":{"image_url":"https:\/\/img.youtube.com\/vi\/QiMriorA2UY\/default.jpg","small_image_url":"https:\/\/img.youtube.com\/vi\/QiMriorA2UY\/sddefault.jpg","medium_image_url":"https:\/\/img.youtube.com\/vi\/QiMriorA2UY\/mqdefault.jpg","large_image_url":"https:\/\/img.youtube.com\/vi\/QiMriorA2UY\/hqdefault.jpg","maximum_image_url":"https:\/\/img.youtube.com\/vi\/QiMriorA2UY\/maxresdefault.jpg"}},"approved":true,"titles":[{"type":"Default","title":"Haikyuu!! To the Top Part 2"},{"type":"Synonym","title":"Haikyu!! TO THE TOP 2nd-cour"},{"type":"Synonym","title":"Haikyu!! TO THE TOP Part 2"},{"type":"Japanese","title":"\u30cf\u30a4\u30ad\u30e5\u30fc TO THE TOP \u7b2c2\u30af\u30fc\u30eb"},{"type":"English","title":"Haikyu!! To the Top 2nd-cour"},{"type":"German","title":"Haikyu!! Vierte Staffel 4"},{"type":"Spanish","title":"Haikyu!! Los Ases del V\u00f3ley Temporada 4"},{"type":"French","title":"Haikyu!! Saison 4 Cour 2"}],"title":"Haikyuu!! To the Top Part 2","title_english":"Haikyu!! To the Top 2nd-cour","title_japanese":"\u30cf\u30a4\u30ad\u30e5\u30fc TO THE TOP \u7b2c2\u30af\u30fc\u30eb","title_synonyms":["Haikyu!! TO THE TOP 2nd-cour","Haikyu!! TO THE TOP Part 2"],"type":"TV","source":"Manga","episodes":12,"status":"Finished Airing","airing":false,"aired":{"from":"2020-10-03T00:00:00+00:00","to":"2020-12-19T00:00:00+00:00","prop":{"from":{"day":3,"month":10,"year":2020},"to":{"day":19,"month":12,"year":2020}},"string":"Oct 3, 2020 to Dec 19, 2020"},"duration":"23 min per ep","rating":"PG-13 - Teens 13 or older","score":8.55,"scored_by":461842,"rank":107,"popularity":233,"members":781864,"favorites":6014,"synopsis":"Once called a fallen powerhouse and known as \"Flightless Crows,\" Karasuno High School has finally taken flight at nationals. With a comprehensive performance against Tsubakihara Academy in their first match, the team is now facing its toughest opponent yet: the runners-up of the last Spring Tournament, Inarizaki High School. Furthermore, dealing with the formidable twin Miya brothers only makes things more difficult for Karasuno.\n\nAs soon as the match begins, Karasuno is overwhelmed by all the noise and jeers from the supporters of Inarizaki High but rekindles its strength thanks to its own loyal fans. Karasuno also gains some momentum by utilizing an attack centered on Shouyou Hinata, but the eccentric play of Atsumu and Osamu Miya delivers an unexpected blow that leaves their opponent astounded.\n\nThings are bound to get intense as the match progresses between these two teams. Will Karasuno be able to defeat Inarizaki High and overcome the hurdles that threaten its pursuit to the top?\n\n[Written by MAL Rewrite]","background":null,"season":"fall","year":2020,"broadcast":{"day":"Saturdays","time":"02:25","timezone":"Asia\/Tokyo","string":"Saturdays at 02:25 (JST)"},"producers":[{"mal_id":53,"type":"anime","name":"Dentsu","url":"https:\/\/myanimelist.net\/anime\/producer\/53\/Dentsu"},{"mal_id":143,"type":"anime","name":"Mainichi Broadcasting System","url":"https:\/\/myanimelist.net\/anime\/producer\/143\/Mainichi_Broadcasting_System"},{"mal_id":166,"type":"anime","name":"Movic","url":"https:\/\/myanimelist.net\/anime\/producer\/166\/Movic"},{"mal_id":757,"type":"anime","name":"Sony Music Entertainment","url":"https:\/\/myanimelist.net\/anime\/producer\/757\/Sony_Music_Entertainment"},{"mal_id":1143,"type":"anime","name":"TOHO animation","url":"https:\/\/myanimelist.net\/anime\/producer\/1143\/TOHO_animation"},{"mal_id":1365,"type":"anime","name":"Shueisha","url":"https:\/\/myanimelist.net\/anime\/producer\/1365\/Shueisha"}],"licensors":[{"mal_id":376,"type":"anime","name":"Sentai Filmworks","url":"https:\/\/myanimelist.net\/anime\/producer\/376\/Sentai_Filmworks"}],"studios":[{"mal_id":10,"type":"anime","name":"Production I.G","url":"https:\/\/myanimelist.net\/anime\/producer\/10\/Production_IG"}],"genres":[{"mal_id":30,"type":"anime","name":"Sports","url":"https:\/\/myanimelist.net\/anime\/genre\/30\/Sports"}],"explicit_genres":[],"themes":[{"mal_id":23,"type":"anime","name":"School","url":"https:\/\/myanimelist.net\/anime\/genre\/23\/School"},{"mal_id":77,"type":"anime","name":"Team Sports","url":"https:\/\/myanimelist.net\/anime\/genre\/77\/Team_Sports"}],"demographics":[{"mal_id":27,"type":"anime","name":"Shounen","url":"https:\/\/myanimelist.net\/anime\/genre\/27\/Shounen"}],"relations":[{"relation":"Adaptation","entry":[{"mal_id":35243,"type":"manga","name":"Haikyuu!!","url":"https:\/\/myanimelist.net\/manga\/35243\/Haikyuu"}]},{"relation":"Prequel","entry":[{"mal_id":38883,"type":"anime","name":"Haikyuu!! To the Top","url":"https:\/\/myanimelist.net\/anime\/38883\/Haikyuu_To_the_Top"}]},{"relation":"Sequel","entry":[{"mal_id":52742,"type":"anime","name":"Haikyuu!! Movie: Gomisuteba no Kessen","url":"https:\/\/myanimelist.net\/anime\/52742\/Haikyuu_Movie__Gomisuteba_no_Kessen"}]}],"theme":{"openings":["\"Toppakou (\u7a81\u7834\u53e3)\" by SUPER BEAVER"],"endings":["1: \"One Day\" by SPYAIR (eps 1-11)","2: \"Imagination\" by SPYAIR (eps 12)"]},"external":[{"name":"Official Site","url":"https:\/\/haikyu.jp\/"},{"name":"@animehaikyu_com","url":"https:\/\/twitter.com\/animehaikyu_com"},{"name":"AniDB","url":"https:\/\/anidb.net\/perl-bin\/animedb.pl?show=anime&aid=15283"},{"name":"ANN","url":"https:\/\/www.animenewsnetwork.com\/encyclopedia\/anime.php?id=23165"},{"name":"Wikipedia","url":"https:\/\/en.wikipedia.org\/wiki\/Haikyu!!_(season_4)"},{"name":"Wikipedia","url":"https:\/\/ja.wikipedia.org\/wiki\/%E3%83%8F%E3%82%A4%E3%82%AD%E3%83%A5%E3%83%BC%21%21"},{"name":"Syoboi","url":"https:\/\/cal.syoboi.jp\/tid\/5782"}],"streaming":[{"name":"Crunchyroll","url":"http:\/\/www.crunchyroll.com\/series-260265"}]}}