{"data":{"mal_id":40814,"url":"https:\/\/myanimelist.net\/anime\/40814\/Seitokai_Yakuindomo_Movie_2","images":{"jpg":{"image_url":"https:\/\/cdn.myanimelist.net\/images\/anime\/1738\/116883.jpg","small_image_url":"https:\/\/cdn.myanimelist.net\/images\/anime\/1738\/116883t.jpg","large_image_url":"https:\/\/cdn.myanimelist.net\/images\/anime\/1738\/116883l.jpg"},"webp":{"image_url":"https:\/\/cdn.myanimelist.net\/images\/anime\/1738\/116883.webp","small_image_url":"https:\/\/cdn.myanimelist.net\/images\/anime\/1738\/116883t.webp","large_image_url":"https:\/\/cdn.myanimelist.net\/images\/anime\/1738\/116883l.webp"}},"trailer":{"youtube_id":"SxRyCwcvBsA","url":"https:\/\/www.youtube.com\/watch?v=SxRyCwcvBsA","embed_url":"https:\/\/www.youtube.com\/embed\/SxRyCwcvBsA?enablejsapi=1&wmode=opaque&autoplay=1","images":{"image_url":"https:\/\/img.youtube.com\/vi\/SxRyCwcvBsA\/default.jpg","small_image_url":"https:\/\/img.youtube.com\/vi\/SxRyCwcvBsA\/sddefault.jpg","medium_image_url":"https:\/\/img.youtube.com\/vi\/SxRyCwcvBsA\/mqdefault.jpg","large_image_url":"https:\/\/img.youtube.com\/vi\/SxRyCwcvBsA\/hqdefault.jpg","maximum_image_url":"https:\/\/img.youtube.com\/vi\/SxRyCwcvBsA\/maxresdefault.jpg"}},"approved":true,"titles":[{"type":"Default","title":"Seitokai Yakuindomo Movie 2"},{"type":"Synonym","title":"Gekijouban Seitokai Yakuindomo 2"},{"type":"Japanese","title":"\u5287\u5834\u7248 \u751f\u5f92\u4f1a\u5f79\u54e1\u5171 2"}],"title":"Seitokai Yakuindomo Movie 2","title_english":null,"title_japanese":"\u5287\u5834\u7248 \u751f\u5f92\u4f1a\u5f79\u54e1\u5171 2","title_synonyms":["Gekijouban Seitokai Yakuindomo 2"],"type":"Movie","source":"4-koma manga","episodes":1,"status":"Finished Airing","airing":false,"aired":{"from":"2021-01-01T00:00:00+00:00","to":null,"prop":{"from":{"day":1,"month":1,"year":2021},"to":{"day":null,"month":null,"year":null}},"string":"Jan 1, 2021"},"duration":"1 hr 18 min","rating":"R - 17+ (violence & profanity)","score":7.78,"scored_by":8841,"rank":998,"popularity":3853,"members":31170,"favorites":49,"synopsis":null,"background":null,"season":null,"year":null,"broadcast":{"day":null,"time":null,"timezone":null,"string":null},"producers":[{"mal_id":1255,"type":"anime","name":"Glovision","url":"https:\/\/myanimelist.net\/anime\/producer\/1255\/Glovision"},{"mal_id":1344,"type":"anime","name":"King Records","url":"https:\/\/myanimelist.net\/anime\/producer\/1344\/King_Records"}],"licensors":[{"mal_id":376,"type":"anime","name":"Sentai Filmworks","url":"https:\/\/myanimelist.net\/anime\/producer\/376\/Sentai_Filmworks"}],"studios":[{"mal_id":309,"type":"anime","name":"GoHands","url":"https:\/\/myanimelist.net\/anime\/producer\/309\/GoHands"}],"genres":[{"mal_id":4,"type":"anime","name":"Comedy","url":"https:\/\/myanimelist.net\/anime\/genre\/4\/Comedy"}],"explicit_genres":[],"themes":[{"mal_id":57,"type":"anime","name":"Gag Humor","url":"https:\/\/myanimelist.net\/anime\/genre\/57\/Gag_Humor"},{"mal_id":23,"type":"anime","name":"School","url":"https:\/\/myanimelist.net\/anime\/genre\/23\/School"}],"demographics":[{"mal_id":27,"type":"anime","name":"Shounen","url":"https:\/\/myanimelist.net\/anime\/genre\/27\/Shounen"}],"relations":[{"relation":"Adaptation","entry":[{"mal_id":14110,"type":"manga","name":"Seitokai Yakuindomo","url":"https:\/\/myanimelist.net\/manga\/14110\/Seitokai_Yakuindomo"}]},{"relation":"Prequel","entry":[{"mal_id":34504,"type":"anime","name":"Seitokai Yakuindomo Movie","url":"https:\/\/myanimelist.net\/anime\/34504\/Seitokai_Yakuindomo_Movie"}]}],"theme":{"openings":["\"Hanasaku\u2606Saikyou Legend Days (\u82b1\u54b2\u304f\u2606\u6700\u5f37\u30ec\u30b8\u30a7\u30f3\u30c9Days)\" by Triple Booking"],"endings":["\"Shounen Shoujo Attention (\u5c11\u5e74\u5c11\u5973\u30a2\u30c6\u30f3\u30b7\u30e7\u30f3)\" by Triple Booking"]},"external":[{"name":"Official Site","url":"http:\/\/king-cr.jp\/special\/seitokai_G2\/"},{"name":"@seitokai0428","url":"https:\/\/twitter.com\/seitokai0428"},{"name":"AniDB","url":"https:\/\/anidb.net\/perl-bin\/animedb.pl?show=anime&aid=15294"},{"name":"ANN","url":"https:\/\/www.animenewsnetwork.com\/encyclopedia\/anime.php?id=23501"},{"name":"Wikipedia","url":"https:\/\/en.wikipedia.org\/wiki\/Seitokai_Yakuindomo#Anime"},{"name":"Wikipedia","url":"https:\/\/ja.wikipedia.org\/wiki\/%E7%94%9F%E5%BE%92%E4%BC%9A%E5%BD%B9%E5%93%A1%E5%85%B1"},{"name":"Syoboi","url":"https:\/\/cal.syoboi.jp\/tid\/6363"},{"name":"Bangumi","url":"https:\/\/bangumi.tv\/subject\/295918"}],"streaming":[]}}