{"data":{"mal_id":40815,"url":"https:\/\/myanimelist.net\/anime\/40815\/Honzuki_no_Gekokujou__Shisho_ni_Naru_Tame_ni_wa_Shudan_wo_Erandeiraremasen_2nd_Season","images":{"jpg":{"image_url":"https:\/\/cdn.myanimelist.net\/images\/anime\/1464\/107998.jpg","small_image_url":"https:\/\/cdn.myanimelist.net\/images\/anime\/1464\/107998t.jpg","large_image_url":"https:\/\/cdn.myanimelist.net\/images\/anime\/1464\/107998l.jpg"},"webp":{"image_url":"https:\/\/cdn.myanimelist.net\/images\/anime\/1464\/107998.webp","small_image_url":"https:\/\/cdn.myanimelist.net\/images\/anime\/1464\/107998t.webp","large_image_url":"https:\/\/cdn.myanimelist.net\/images\/anime\/1464\/107998l.webp"}},"trailer":{"youtube_id":"bD53ze25S_E","url":"https:\/\/www.youtube.com\/watch?v=bD53ze25S_E","embed_url":"https:\/\/www.youtube.com\/embed\/bD53ze25S_E?enablejsapi=1&wmode=opaque&autoplay=1","images":{"image_url":"https:\/\/img.youtube.com\/vi\/bD53ze25S_E\/default.jpg","small_image_url":"https:\/\/img.youtube.com\/vi\/bD53ze25S_E\/sddefault.jpg","medium_image_url":"https:\/\/img.youtube.com\/vi\/bD53ze25S_E\/mqdefault.jpg","large_image_url":"https:\/\/img.youtube.com\/vi\/bD53ze25S_E\/hqdefault.jpg","maximum_image_url":"https:\/\/img.youtube.com\/vi\/bD53ze25S_E\/maxresdefault.jpg"}},"approved":true,"titles":[{"type":"Default","title":"Honzuki no Gekokujou: Shisho ni Naru Tame ni wa Shudan wo Erandeiraremasen 2nd Season"},{"type":"Synonym","title":"Ascendance of a Bookworm 2nd Season"},{"type":"Japanese","title":"\u672c\u597d\u304d\u306e\u4e0b\u524b\u4e0a \uff5e\u53f8\u66f8\u306b\u306a\u308b\u305f\u3081\u306b\u306f\u624b\u6bb5\u3092\u9078\u3093\u3067\u3044\u3089\u308c\u307e\u305b\u3093\uff5e \u7b2c2\u671f"},{"type":"English","title":"Ascendance of a Bookworm Season 2"},{"type":"German","title":"Ascendance of a Bookworm Staffel 2"},{"type":"Spanish","title":"Ascendance of a Bookworm Temporada 2"},{"type":"French","title":"Ascendance of a Bookworm Saison 2"}],"title":"Honzuki no Gekokujou: Shisho ni Naru Tame ni wa Shudan wo Erandeiraremasen 2nd Season","title_english":"Ascendance of a Bookworm Season 2","title_japanese":"\u672c\u597d\u304d\u306e\u4e0b\u524b\u4e0a \uff5e\u53f8\u66f8\u306b\u306a\u308b\u305f\u3081\u306b\u306f\u624b\u6bb5\u3092\u9078\u3093\u3067\u3044\u3089\u308c\u307e\u305b\u3093\uff5e \u7b2c2\u671f","title_synonyms":["Ascendance of a Bookworm 2nd Season"],"type":"TV","source":"Light novel","episodes":12,"status":"Finished Airing","airing":false,"aired":{"from":"2020-04-05T00:00:00+00:00","to":"2020-06-21T00:00:00+00:00","prop":{"from":{"day":5,"month":4,"year":2020},"to":{"day":21,"month":6,"year":2020}},"string":"Apr 5, 2020 to Jun 21, 2020"},"duration":"23 min per ep","rating":"PG-13 - Teens 13 or older","score":8.1,"scored_by":119407,"rank":479,"popularity":1146,"members":201477,"favorites":798,"synopsis":"When Myne learns that the Holy Church is in need of mana for their relics, she sees it as her chance to be cured of her life-threatening mana disorder. After seeing their bountiful library, she throws herself headfirst into the Church's grasp and begs to join their order. In exchange for her service and her unusually bountiful supply of mana, Myne is given the blue robes of a noble-born apprentice priestess, despite being a commoner. To Myne, all this talk of mana and nobility is trivial, as she now has access to an unlimited supply of books!\n\nAs Myne transitions into the next phase of her life in this new world, she soon learns that achieving her dream has come at a heavy cost. Noble society is severe, unforgiving, and fueled by politics and neglect. She must now deal with the class conflict between the noble-born blue robes and the common-born grey robes, the High Priest's attempts to oust her, and constant behavioral issues from her new retainers. With the help of her family, friends, and the enigmatic Head Priest whose loyalties and motives remain unknown, Myne seeks to overcome these obstacles and continue on the path to becoming her ideal self\u2014the ultimate librarian!\n\n[Written by MAL Rewrite]","background":null,"season":"spring","year":2020,"broadcast":{"day":"Sundays","time":"02:10","timezone":"Asia\/Tokyo","string":"Sundays at 02:10 (JST)"},"producers":[{"mal_id":33,"type":"anime","name":"WOWOW","url":"https:\/\/myanimelist.net\/anime\/producer\/33\/WOWOW"},{"mal_id":79,"type":"anime","name":"Genco","url":"https:\/\/myanimelist.net\/anime\/producer\/79\/Genco"},{"mal_id":135,"type":"anime","name":"MediaNet","url":"https:\/\/myanimelist.net\/anime\/producer\/135\/MediaNet"},{"mal_id":460,"type":"anime","name":"KlockWorx","url":"https:\/\/myanimelist.net\/anime\/producer\/460\/KlockWorx"},{"mal_id":464,"type":"anime","name":"flying DOG","url":"https:\/\/myanimelist.net\/anime\/producer\/464\/flying_DOG"},{"mal_id":843,"type":"anime","name":"BS Fuji","url":"https:\/\/myanimelist.net\/anime\/producer\/843\/BS_Fuji"},{"mal_id":1492,"type":"anime","name":"Yomiuri TV Enterprise","url":"https:\/\/myanimelist.net\/anime\/producer\/1492\/Yomiuri_TV_Enterprise"},{"mal_id":1500,"type":"anime","name":"ABC Animation","url":"https:\/\/myanimelist.net\/anime\/producer\/1500\/ABC_Animation"},{"mal_id":1933,"type":"anime","name":"Happinet","url":"https:\/\/myanimelist.net\/anime\/producer\/1933\/Happinet"},{"mal_id":1987,"type":"anime","name":"Tokyo Animator Gakuin","url":"https:\/\/myanimelist.net\/anime\/producer\/1987\/Tokyo_Animator_Gakuin"},{"mal_id":1988,"type":"anime","name":"TO Books","url":"https:\/\/myanimelist.net\/anime\/producer\/1988\/TO_Books"},{"mal_id":1989,"type":"anime","name":"JTB Next Creation","url":"https:\/\/myanimelist.net\/anime\/producer\/1989\/JTB_Next_Creation"}],"licensors":[{"mal_id":1468,"type":"anime","name":"Crunchyroll","url":"https:\/\/myanimelist.net\/anime\/producer\/1468\/Crunchyroll"}],"studios":[{"mal_id":30,"type":"anime","name":"Ajia-do","url":"https:\/\/myanimelist.net\/anime\/producer\/30\/Ajia-do"}],"genres":[{"mal_id":10,"type":"anime","name":"Fantasy","url":"https:\/\/myanimelist.net\/anime\/genre\/10\/Fantasy"}],"explicit_genres":[],"themes":[{"mal_id":62,"type":"anime","name":"Isekai","url":"https:\/\/myanimelist.net\/anime\/genre\/62\/Isekai"},{"mal_id":72,"type":"anime","name":"Reincarnation","url":"https:\/\/myanimelist.net\/anime\/genre\/72\/Reincarnation"}],"demographics":[],"relations":[{"relation":"Adaptation","entry":[{"mal_id":86119,"type":"manga","name":"Honzuki no Gekokujou: Shisho ni Naru Tame ni wa Shudan wo Erandeiraremasen","url":"https:\/\/myanimelist.net\/manga\/86119\/Honzuki_no_Gekokujou__Shisho_ni_Naru_Tame_ni_wa_Shudan_wo_Erandeiraremasen"}]},{"relation":"Prequel","entry":[{"mal_id":39468,"type":"anime","name":"Honzuki no Gekokujou: Shisho ni Naru Tame ni wa Shudan wo Erandeiraremasen","url":"https:\/\/myanimelist.net\/anime\/39468\/Honzuki_no_Gekokujou__Shisho_ni_Naru_Tame_ni_wa_Shudan_wo_Erandeiraremasen"}]},{"relation":"Sequel","entry":[{"mal_id":42429,"type":"anime","name":"Honzuki no Gekokujou: Shisho ni Naru Tame ni wa Shudan wo Erandeiraremasen 3rd Season","url":"https:\/\/myanimelist.net\/anime\/42429\/Honzuki_no_Gekokujou__Shisho_ni_Naru_Tame_ni_wa_Shudan_wo_Erandeiraremasen_3rd_Season"}]},{"relation":"Summary","entry":[{"mal_id":51616,"type":"anime","name":"Honzuki no Gekokujou: Shisho ni Naru Tame ni wa Shudan wo Erandeiraremasen Recap","url":"https:\/\/myanimelist.net\/anime\/51616\/Honzuki_no_Gekokujou__Shisho_ni_Naru_Tame_ni_wa_Shudan_wo_Erandeiraremasen_Recap"}]}],"theme":{"openings":["\"Tsumujikaze (\u3064\u3080\u3058\u304b\u305c)\" by Sumire Morohoshi"],"endings":["\"Ephemera wo Atsumete (\u30a8\u30d5\u30a7\u30e1\u30e9\u3092\u3042\u3064\u3081\u3066)\" by Minori Suzuki"]},"external":[{"name":"Official Site","url":"https:\/\/www.booklove-anime.jp"},{"name":"@anime_booklove","url":"https:\/\/twitter.com\/anime_booklove"},{"name":"AniDB","url":"https:\/\/anidb.net\/perl-bin\/animedb.pl?show=anime&aid=15293"},{"name":"ANN","url":"https:\/\/www.animenewsnetwork.com\/encyclopedia\/anime.php?id=23026"},{"name":"Wikipedia","url":"https:\/\/en.wikipedia.org\/wiki\/Ascendance_of_a_Bookworm"},{"name":"Wikipedia","url":"https:\/\/ja.wikipedia.org\/wiki\/%E6%9C%AC%E5%A5%BD%E3%81%8D%E3%81%AE%E4%B8%8B%E5%89%8B%E4%B8%8A"},{"name":"Syoboi","url":"https:\/\/cal.syoboi.jp\/tid\/5600"}],"streaming":[{"name":"Crunchyroll","url":"http:\/\/www.crunchyroll.com\/series-278618"}]}}