{"data":{"mal_id":40907,"url":"https:\/\/myanimelist.net\/anime\/40907\/World_Trigger_2nd_Season","images":{"jpg":{"image_url":"https:\/\/cdn.myanimelist.net\/images\/anime\/1598\/110462.jpg","small_image_url":"https:\/\/cdn.myanimelist.net\/images\/anime\/1598\/110462t.jpg","large_image_url":"https:\/\/cdn.myanimelist.net\/images\/anime\/1598\/110462l.jpg"},"webp":{"image_url":"https:\/\/cdn.myanimelist.net\/images\/anime\/1598\/110462.webp","small_image_url":"https:\/\/cdn.myanimelist.net\/images\/anime\/1598\/110462t.webp","large_image_url":"https:\/\/cdn.myanimelist.net\/images\/anime\/1598\/110462l.webp"}},"trailer":{"youtube_id":"iQkrKjQ7qn4","url":"https:\/\/www.youtube.com\/watch?v=iQkrKjQ7qn4","embed_url":"https:\/\/www.youtube.com\/embed\/iQkrKjQ7qn4?enablejsapi=1&wmode=opaque&autoplay=1","images":{"image_url":"https:\/\/img.youtube.com\/vi\/iQkrKjQ7qn4\/default.jpg","small_image_url":"https:\/\/img.youtube.com\/vi\/iQkrKjQ7qn4\/sddefault.jpg","medium_image_url":"https:\/\/img.youtube.com\/vi\/iQkrKjQ7qn4\/mqdefault.jpg","large_image_url":"https:\/\/img.youtube.com\/vi\/iQkrKjQ7qn4\/hqdefault.jpg","maximum_image_url":"https:\/\/img.youtube.com\/vi\/iQkrKjQ7qn4\/maxresdefault.jpg"}},"approved":true,"titles":[{"type":"Default","title":"World Trigger 2nd Season"},{"type":"Japanese","title":"\u30ef\u30fc\u30eb\u30c9\u30c8\u30ea\u30ac\u30fc"},{"type":"German","title":"World Trigger Staffel 2"},{"type":"Spanish","title":"World Trigger Temporada 2"},{"type":"French","title":"World Trigger Saison 2"}],"title":"World Trigger 2nd Season","title_english":null,"title_japanese":"\u30ef\u30fc\u30eb\u30c9\u30c8\u30ea\u30ac\u30fc","title_synonyms":[],"type":"TV","source":"Manga","episodes":12,"status":"Finished Airing","airing":false,"aired":{"from":"2021-01-10T00:00:00+00:00","to":"2021-04-04T00:00:00+00:00","prop":{"from":{"day":10,"month":1,"year":2021},"to":{"day":4,"month":4,"year":2021}},"string":"Jan 10, 2021 to Apr 4, 2021"},"duration":"23 min per ep","rating":"PG-13 - Teens 13 or older","score":8.06,"scored_by":54362,"rank":524,"popularity":1520,"members":144162,"favorites":771,"synopsis":"After successfully holding off the invasion by Aftokrator, the Border Defense Agency prepares an away mission into the Neighbor's dimension. However, like in previous scouting expeditions, only A-rank teams are certain to secure a spot. As the B-rank wars continue, Osamu Mikumo and the rest of Tamakoma-2 quickly fight to the top in an attempt to obtain a promotion before the operation begins.\n\nMeanwhile, a new Neighbor ship approaches Border Headquarters. Noticing that the attackers are targeting the Border Expedition Ship, forces are hastily sent to combat them. However, with fewer squads available due to the proceeding rank wars, the organization is sent into disarray. This latest offensive from the Neighbors shrouds the fate of the all-important expedition ship in uncertainty.\n\n[Written by MAL Rewrite]","background":"World Trigger 2nd Season was released on Blu-ray and DVD from August 11, 2021 to September 29, 2021.","season":"winter","year":2021,"broadcast":{"day":"Sundays","time":"01:30","timezone":"Asia\/Tokyo","string":"Sundays at 01:30 (JST)"},"producers":[{"mal_id":55,"type":"anime","name":"TV Asahi","url":"https:\/\/myanimelist.net\/anime\/producer\/55\/TV_Asahi"}],"licensors":[],"studios":[{"mal_id":18,"type":"anime","name":"Toei Animation","url":"https:\/\/myanimelist.net\/anime\/producer\/18\/Toei_Animation"}],"genres":[{"mal_id":1,"type":"anime","name":"Action","url":"https:\/\/myanimelist.net\/anime\/genre\/1\/Action"},{"mal_id":24,"type":"anime","name":"Sci-Fi","url":"https:\/\/myanimelist.net\/anime\/genre\/24\/Sci-Fi"}],"explicit_genres":[],"themes":[],"demographics":[{"mal_id":27,"type":"anime","name":"Shounen","url":"https:\/\/myanimelist.net\/anime\/genre\/27\/Shounen"}],"relations":[{"relation":"Adaptation","entry":[{"mal_id":48151,"type":"manga","name":"World Trigger","url":"https:\/\/myanimelist.net\/manga\/48151\/World_Trigger"}]},{"relation":"Prequel","entry":[{"mal_id":24405,"type":"anime","name":"World Trigger","url":"https:\/\/myanimelist.net\/anime\/24405\/World_Trigger"}]},{"relation":"Sequel","entry":[{"mal_id":44940,"type":"anime","name":"World Trigger 3rd Season","url":"https:\/\/myanimelist.net\/anime\/44940\/World_Trigger_3rd_Season"}]}],"theme":{"openings":["\"Force\" by TOMORROW X TOGETHER"],"endings":["\"Mirai Eigou (\u672a\u6765\u6c38\u52ab)\" by Kami wa Saikoro wo Furanai (\u795e\u306f\u30b5\u30a4\u30b3\u30ed\u3092\u632f\u3089\u306a\u3044)"]},"external":[{"name":"Official Site","url":"http:\/\/www.toei-anim.co.jp\/tv\/wt\/"},{"name":"@Anime_W_Trigger","url":"https:\/\/twitter.com\/Anime_W_Trigger"},{"name":"AniDB","url":"https:\/\/anidb.net\/perl-bin\/animedb.pl?show=anime&aid=15322"},{"name":"ANN","url":"https:\/\/www.animenewsnetwork.com\/encyclopedia\/anime.php?id=23782"},{"name":"Wikipedia","url":"https:\/\/en.wikipedia.org\/wiki\/World_Trigger#Anime"},{"name":"Wikipedia","url":"https:\/\/ja.wikipedia.org\/wiki\/%E3%83%AF%E3%83%BC%E3%83%AB%E3%83%89%E3%83%88%E3%83%AA%E3%82%AC%E3%83%BC"},{"name":"Syoboi","url":"https:\/\/cal.syoboi.jp\/tid\/5895"},{"name":"Bangumi","url":"https:\/\/bangumi.tv\/subject\/296875"}],"streaming":[{"name":"Crunchyroll","url":"http:\/\/www.crunchyroll.com\/series-263191"},{"name":"Anime Digital Network","url":"https:\/\/animedigitalnetwork.fr\/"}]}}