{"data":{"mal_id":40935,"url":"https:\/\/myanimelist.net\/anime\/40935\/Beastars_2nd_Season","images":{"jpg":{"image_url":"https:\/\/cdn.myanimelist.net\/images\/anime\/1097\/109646.jpg","small_image_url":"https:\/\/cdn.myanimelist.net\/images\/anime\/1097\/109646t.jpg","large_image_url":"https:\/\/cdn.myanimelist.net\/images\/anime\/1097\/109646l.jpg"},"webp":{"image_url":"https:\/\/cdn.myanimelist.net\/images\/anime\/1097\/109646.webp","small_image_url":"https:\/\/cdn.myanimelist.net\/images\/anime\/1097\/109646t.webp","large_image_url":"https:\/\/cdn.myanimelist.net\/images\/anime\/1097\/109646l.webp"}},"trailer":{"youtube_id":"8t0ctEki7Dg","url":"https:\/\/www.youtube.com\/watch?v=8t0ctEki7Dg","embed_url":"https:\/\/www.youtube.com\/embed\/8t0ctEki7Dg?enablejsapi=1&wmode=opaque&autoplay=1","images":{"image_url":"https:\/\/img.youtube.com\/vi\/8t0ctEki7Dg\/default.jpg","small_image_url":"https:\/\/img.youtube.com\/vi\/8t0ctEki7Dg\/sddefault.jpg","medium_image_url":"https:\/\/img.youtube.com\/vi\/8t0ctEki7Dg\/mqdefault.jpg","large_image_url":"https:\/\/img.youtube.com\/vi\/8t0ctEki7Dg\/hqdefault.jpg","maximum_image_url":"https:\/\/img.youtube.com\/vi\/8t0ctEki7Dg\/maxresdefault.jpg"}},"approved":true,"titles":[{"type":"Default","title":"Beastars 2nd Season"},{"type":"Japanese","title":"BEASTARS 2\u671f"}],"title":"Beastars 2nd Season","title_english":null,"title_japanese":"BEASTARS 2\u671f","title_synonyms":[],"type":"TV","source":"Manga","episodes":12,"status":"Finished Airing","airing":false,"aired":{"from":"2021-01-07T00:00:00+00:00","to":"2021-03-25T00:00:00+00:00","prop":{"from":{"day":7,"month":1,"year":2021},"to":{"day":25,"month":3,"year":2021}},"string":"Jan 7, 2021 to Mar 25, 2021"},"duration":"22 min per ep","rating":"R - 17+ (violence & profanity)","score":7.79,"scored_by":218353,"rank":975,"popularity":512,"members":426594,"favorites":2169,"synopsis":"\"Beastar\"\u2014a title awarded to beasts who prove their excellence through fighting inequality to unite carnivores and herbivores in an anthropomorphic animal society. Cherryton Academy has gone five years without one such leader. However, following the murder of an alpaca within the school boundaries, the growing tension between the different species poses a greater need for a Beastar to ensure peace and harmony. \n\nWhen Louis, the prime candidate for this prestigious role, rejects the offer and leaves the academy, the student council declares to honor any student who captures the culprit of the aforementioned murder as Beastar. Meanwhile, Legoshi's sense of duty as a strong wolf who must protect the weak pushes him to investigate the incident. To further complicate his life, he struggles to manage his complex feelings for the white rabbit, Haru.\n\n[Written by MAL Rewrite]","background":null,"season":"winter","year":2021,"broadcast":{"day":"Thursdays","time":"00:55","timezone":"Asia\/Tokyo","string":"Thursdays at 00:55 (JST)"},"producers":[{"mal_id":166,"type":"anime","name":"Movic","url":"https:\/\/myanimelist.net\/anime\/producer\/166\/Movic"},{"mal_id":169,"type":"anime","name":"Fuji TV","url":"https:\/\/myanimelist.net\/anime\/producer\/169\/Fuji_TV"},{"mal_id":230,"type":"anime","name":"Bandai","url":"https:\/\/myanimelist.net\/anime\/producer\/230\/Bandai"},{"mal_id":843,"type":"anime","name":"BS Fuji","url":"https:\/\/myanimelist.net\/anime\/producer\/843\/BS_Fuji"},{"mal_id":1143,"type":"anime","name":"TOHO animation","url":"https:\/\/myanimelist.net\/anime\/producer\/1143\/TOHO_animation"},{"mal_id":1287,"type":"anime","name":"Q-Tec","url":"https:\/\/myanimelist.net\/anime\/producer\/1287\/Q-Tec"},{"mal_id":1373,"type":"anime","name":"Akita Shoten","url":"https:\/\/myanimelist.net\/anime\/producer\/1373\/Akita_Shoten"},{"mal_id":1488,"type":"anime","name":"Hakuhodo DY Media Partners","url":"https:\/\/myanimelist.net\/anime\/producer\/1488\/Hakuhodo_DY_Media_Partners"},{"mal_id":1992,"type":"anime","name":"Bandai Spirits","url":"https:\/\/myanimelist.net\/anime\/producer\/1992\/Bandai_Spirits"},{"mal_id":2229,"type":"anime","name":"Toho Music","url":"https:\/\/myanimelist.net\/anime\/producer\/2229\/Toho_Music"}],"licensors":[],"studios":[{"mal_id":1109,"type":"anime","name":"Orange","url":"https:\/\/myanimelist.net\/anime\/producer\/1109\/Orange"}],"genres":[{"mal_id":8,"type":"anime","name":"Drama","url":"https:\/\/myanimelist.net\/anime\/genre\/8\/Drama"}],"explicit_genres":[],"themes":[{"mal_id":51,"type":"anime","name":"Anthropomorphic","url":"https:\/\/myanimelist.net\/anime\/genre\/51\/Anthropomorphic"},{"mal_id":40,"type":"anime","name":"Psychological","url":"https:\/\/myanimelist.net\/anime\/genre\/40\/Psychological"},{"mal_id":23,"type":"anime","name":"School","url":"https:\/\/myanimelist.net\/anime\/genre\/23\/School"}],"demographics":[{"mal_id":27,"type":"anime","name":"Shounen","url":"https:\/\/myanimelist.net\/anime\/genre\/27\/Shounen"}],"relations":[{"relation":"Adaptation","entry":[{"mal_id":103701,"type":"manga","name":"Beastars","url":"https:\/\/myanimelist.net\/manga\/103701\/Beastars"}]},{"relation":"Prequel","entry":[{"mal_id":39195,"type":"anime","name":"Beastars","url":"https:\/\/myanimelist.net\/anime\/39195\/Beastars"}]},{"relation":"Other","entry":[{"mal_id":47351,"type":"anime","name":"Kaibutsu","url":"https:\/\/myanimelist.net\/anime\/47351\/Kaibutsu"},{"mal_id":48554,"type":"anime","name":"Yasashii Suisei","url":"https:\/\/myanimelist.net\/anime\/48554\/Yasashii_Suisei"}]},{"relation":"Sequel","entry":[{"mal_id":49469,"type":"anime","name":"Beastars Final Season","url":"https:\/\/myanimelist.net\/anime\/49469\/Beastars_Final_Season"}]}],"theme":{"openings":["\"Kaibutsu (\u602a\u7269)\" by YOASOBI","2: \"Yasashii Suisei (\u512a\u3057\u3044\u5f57\u661f)\" by YOASOBI (eps 12)"],"endings":["1: \"Kaibutsu (\u602a\u7269)\" by YOASOBI (eps 1)","2: \"Yasashii Suisei (\u512a\u3057\u3044\u5f57\u661f)\" by YOASOBI (eps 2-)"]},"external":[{"name":"Official Site","url":"https:\/\/bst-anime.com\/"},{"name":"@bst_anime","url":"https:\/\/twitter.com\/bst_anime"},{"name":"AniDB","url":"https:\/\/anidb.net\/perl-bin\/animedb.pl?show=anime&aid=15330"},{"name":"ANN","url":"https:\/\/www.animenewsnetwork.com\/encyclopedia\/anime.php?id=23749"},{"name":"Wikipedia","url":"https:\/\/en.wikipedia.org\/wiki\/Beastars#Anime"},{"name":"Wikipedia","url":"https:\/\/ja.wikipedia.org\/wiki\/BEASTARS"},{"name":"Syoboi","url":"https:\/\/cal.syoboi.jp\/tid\/5846"},{"name":"Bangumi","url":"https:\/\/bangumi.tv\/subject\/297224"}],"streaming":[{"name":"Netflix","url":"https:\/\/www.netflix.com\/"}]}}