{"data":{"mal_id":41061,"url":"https:\/\/myanimelist.net\/anime\/41061\/Heya_Camp\u25b3__Sauna_to_Gohan_to_Sanrin_Bike","images":{"jpg":{"image_url":"https:\/\/cdn.myanimelist.net\/images\/anime\/1909\/105734.jpg","small_image_url":"https:\/\/cdn.myanimelist.net\/images\/anime\/1909\/105734t.jpg","large_image_url":"https:\/\/cdn.myanimelist.net\/images\/anime\/1909\/105734l.jpg"},"webp":{"image_url":"https:\/\/cdn.myanimelist.net\/images\/anime\/1909\/105734.webp","small_image_url":"https:\/\/cdn.myanimelist.net\/images\/anime\/1909\/105734t.webp","large_image_url":"https:\/\/cdn.myanimelist.net\/images\/anime\/1909\/105734l.webp"}},"trailer":{"youtube_id":"m2phYLQ5zqU","url":"https:\/\/www.youtube.com\/watch?v=m2phYLQ5zqU","embed_url":"https:\/\/www.youtube.com\/embed\/m2phYLQ5zqU?enablejsapi=1&wmode=opaque&autoplay=1","images":{"image_url":"https:\/\/img.youtube.com\/vi\/m2phYLQ5zqU\/default.jpg","small_image_url":"https:\/\/img.youtube.com\/vi\/m2phYLQ5zqU\/sddefault.jpg","medium_image_url":"https:\/\/img.youtube.com\/vi\/m2phYLQ5zqU\/mqdefault.jpg","large_image_url":"https:\/\/img.youtube.com\/vi\/m2phYLQ5zqU\/hqdefault.jpg","maximum_image_url":"https:\/\/img.youtube.com\/vi\/m2phYLQ5zqU\/maxresdefault.jpg"}},"approved":true,"titles":[{"type":"Default","title":"Heya Camp\u25b3: Sauna to Gohan to Sanrin Bike"},{"type":"Synonym","title":"Room Camp: Sauna"},{"type":"Synonym","title":"Rice"},{"type":"Synonym","title":"and a Three-Wheeled Motorcycle"},{"type":"Japanese","title":"\u3078\u3084\u30ad\u30e3\u30f3\u25b3\u300c\u30b5\u30a6\u30ca\u3068\u3054\u306f\u3093\u3068\u4e09\u8f2a\u30d0\u30a4\u30af\u300d"},{"type":"English","title":"Room Camp: Saunas and Grub and Three-Wheeler Bikes"},{"type":"German","title":"Room Camp Folge SP \u2013 Sauna, Mahl und Motordreirad"},{"type":"Spanish","title":"Room Camp Episodio Especial: Sauna, Parrila y Moto de tres Ruedas"},{"type":"French","title":"Room Camp \u00c9pisode SP \u2013 Sauna et Casse-cro\u00fbte et Trois Roues"}],"title":"Heya Camp\u25b3: Sauna to Gohan to Sanrin Bike","title_english":"Room Camp: Saunas and Grub and Three-Wheeler Bikes","title_japanese":"\u3078\u3084\u30ad\u30e3\u30f3\u25b3\u300c\u30b5\u30a6\u30ca\u3068\u3054\u306f\u3093\u3068\u4e09\u8f2a\u30d0\u30a4\u30af\u300d","title_synonyms":["Room Camp: Sauna","Rice","and a Three-Wheeled Motorcycle"],"type":"Special","source":"Manga","episodes":1,"status":"Finished Airing","airing":false,"aired":{"from":"2020-05-27T00:00:00+00:00","to":null,"prop":{"from":{"day":27,"month":5,"year":2020},"to":{"day":null,"month":null,"year":null}},"string":"May 27, 2020"},"duration":"11 min","rating":"PG-13 - Teens 13 or older","score":7.55,"scored_by":9700,"rank":1631,"popularity":4888,"members":18373,"favorites":12,"synopsis":"Upon returning from school one day, Rin Shima encounters an unfamiliar three-wheeled motorcycle parked outside her house. After asking her father about it, she learns that the vehicle is a temporary loaner while her moped undergoes its annual maintenance.  \n\nWith arrangements to go camping at Yatsugatake the next day, Rin has no choice but to utilize the three-wheeler. As she embarks on her trip, Rin's traveling experience soon shifts gears, and she discovers a refined driving performance on new unexplored roads.\n\n[Written by MAL Rewrite]","background":"Heya Camp\u25b3: Sauna to Gohan to Sanrin Bike is an adaptation of a manga chapter created in collaboration with Yamaha Motor Company. The special was included as an extra with the Blu-ray\/DVD release of Heya Camp\u25b3.","season":null,"year":null,"broadcast":{"day":null,"time":null,"timezone":null,"string":null},"producers":[],"licensors":[],"studios":[{"mal_id":1075,"type":"anime","name":"C-Station","url":"https:\/\/myanimelist.net\/anime\/producer\/1075\/C-Station"}],"genres":[{"mal_id":36,"type":"anime","name":"Slice of Life","url":"https:\/\/myanimelist.net\/anime\/genre\/36\/Slice_of_Life"}],"explicit_genres":[],"themes":[{"mal_id":52,"type":"anime","name":"CGDCT","url":"https:\/\/myanimelist.net\/anime\/genre\/52\/CGDCT"},{"mal_id":63,"type":"anime","name":"Iyashikei","url":"https:\/\/myanimelist.net\/anime\/genre\/63\/Iyashikei"}],"demographics":[],"relations":[{"relation":"Adaptation","entry":[{"mal_id":94376,"type":"manga","name":"Yuru Camp\u25b3","url":"https:\/\/myanimelist.net\/manga\/94376\/Yuru_Camp\u25b3"}]},{"relation":"Other","entry":[{"mal_id":38476,"type":"anime","name":"Heya Camp\u25b3","url":"https:\/\/myanimelist.net\/anime\/38476\/Heya_Camp\u25b3"}]}],"theme":{"openings":[],"endings":[]},"external":[{"name":"Official Site","url":"https:\/\/yurucamp.jp\/news\/information\/5471"},{"name":"AniDB","url":"https:\/\/anidb.net\/perl-bin\/animedb.pl?show=anime&aid=14439"},{"name":"ANN","url":"https:\/\/www.animenewsnetwork.com\/encyclopedia\/anime.php?id=22482"},{"name":"Wikipedia","url":"https:\/\/en.wikipedia.org\/wiki\/Laid-Back_Camp"}],"streaming":[]}}