{"data":{"mal_id":4107,"url":"https:\/\/myanimelist.net\/anime\/4107\/Tengen_Toppa_Gurren_Lagann_Movie_1__Gurren-hen","images":{"jpg":{"image_url":"https:\/\/cdn.myanimelist.net\/images\/anime\/1270\/115752.jpg","small_image_url":"https:\/\/cdn.myanimelist.net\/images\/anime\/1270\/115752t.jpg","large_image_url":"https:\/\/cdn.myanimelist.net\/images\/anime\/1270\/115752l.jpg"},"webp":{"image_url":"https:\/\/cdn.myanimelist.net\/images\/anime\/1270\/115752.webp","small_image_url":"https:\/\/cdn.myanimelist.net\/images\/anime\/1270\/115752t.webp","large_image_url":"https:\/\/cdn.myanimelist.net\/images\/anime\/1270\/115752l.webp"}},"trailer":{"youtube_id":null,"url":null,"embed_url":null,"images":{"image_url":null,"small_image_url":null,"medium_image_url":null,"large_image_url":null,"maximum_image_url":null}},"approved":true,"titles":[{"type":"Default","title":"Tengen Toppa Gurren Lagann Movie 1: Gurren-hen"},{"type":"Synonym","title":"Gekijouban Tengen Toppa Gurren Lagann: Guren-hen"},{"type":"Synonym","title":"Tengen Toppa Gurren Lagann the Movie"},{"type":"Japanese","title":"\u5287\u5834\u7248 \u5929\u5143\u7a81\u7834\u30b0\u30ec\u30f3\u30e9\u30ac\u30f3 \u7d05\u84ee\u7bc7"},{"type":"English","title":"Gurren Lagann The Movie: Childhood's End"},{"type":"Spanish","title":"Gurren Lagann: El Fin de la Infancia"}],"title":"Tengen Toppa Gurren Lagann Movie 1: Gurren-hen","title_english":"Gurren Lagann The Movie: Childhood's End","title_japanese":"\u5287\u5834\u7248 \u5929\u5143\u7a81\u7834\u30b0\u30ec\u30f3\u30e9\u30ac\u30f3 \u7d05\u84ee\u7bc7","title_synonyms":["Gekijouban Tengen Toppa Gurren Lagann: Guren-hen","Tengen Toppa Gurren Lagann the Movie"],"type":"Movie","source":"Original","episodes":1,"status":"Finished Airing","airing":false,"aired":{"from":"2008-09-06T00:00:00+00:00","to":null,"prop":{"from":{"day":6,"month":9,"year":2008},"to":{"day":null,"month":null,"year":null}},"string":"Sep 6, 2008"},"duration":"1 hr 52 min","rating":"PG-13 - Teens 13 or older","score":8.16,"scored_by":80264,"rank":403,"popularity":1396,"members":161125,"favorites":403,"synopsis":"Animation studio Gainax presented a website for the release of a movie adaptation of the Tengen Toppa Gurren Lagann TV series in the fall of 2008. Both the original director and series script editor will return to work on the new project. Gainax will also be hosting four events to celebrate this occasion at this year's Tokyo International Anime Fair, featuring voice actors from the anime.","background":null,"season":null,"year":null,"broadcast":{"day":null,"time":null,"timezone":null,"string":null},"producers":[{"mal_id":17,"type":"anime","name":"Aniplex","url":"https:\/\/myanimelist.net\/anime\/producer\/17\/Aniplex"}],"licensors":[{"mal_id":493,"type":"anime","name":"Aniplex of America","url":"https:\/\/myanimelist.net\/anime\/producer\/493\/Aniplex_of_America"}],"studios":[{"mal_id":6,"type":"anime","name":"Gainax","url":"https:\/\/myanimelist.net\/anime\/producer\/6\/Gainax"}],"genres":[{"mal_id":1,"type":"anime","name":"Action","url":"https:\/\/myanimelist.net\/anime\/genre\/1\/Action"},{"mal_id":24,"type":"anime","name":"Sci-Fi","url":"https:\/\/myanimelist.net\/anime\/genre\/24\/Sci-Fi"}],"explicit_genres":[],"themes":[{"mal_id":18,"type":"anime","name":"Mecha","url":"https:\/\/myanimelist.net\/anime\/genre\/18\/Mecha"}],"demographics":[],"relations":[{"relation":"Alternative version","entry":[{"mal_id":2001,"type":"anime","name":"Tengen Toppa Gurren Lagann","url":"https:\/\/myanimelist.net\/anime\/2001\/Tengen_Toppa_Gurren_Lagann"}]},{"relation":"Sequel","entry":[{"mal_id":4565,"type":"anime","name":"Tengen Toppa Gurren Lagann Movie 2: Lagann-hen","url":"https:\/\/myanimelist.net\/anime\/4565\/Tengen_Toppa_Gurren_Lagann_Movie_2__Lagann-hen"}]},{"relation":"Other","entry":[{"mal_id":5947,"type":"anime","name":"Tengen Toppa Gurren Lagann Movie Zenyasai: Viral no Amai Yume","url":"https:\/\/myanimelist.net\/anime\/5947\/Tengen_Toppa_Gurren_Lagann_Movie_Zenyasai__Viral_no_Amai_Yume"}]}],"theme":{"openings":[],"endings":["\"Tsuzuku Sekai (\u7d9a\u304f\u4e16\u754c)\" by Shoko Nakagawa"]},"external":[{"name":"Official Site","url":"http:\/\/www.gurren-lagann-movie.net\/"},{"name":"AniDB","url":"https:\/\/anidb.net\/perl-bin\/animedb.pl?show=anime&aid=5783"},{"name":"ANN","url":"https:\/\/www.animenewsnetwork.com\/encyclopedia\/anime.php?id=9601"},{"name":"Wikipedia","url":"https:\/\/en.wikipedia.org\/wiki\/Gurren_Lagann#Anime_films"},{"name":"Wikipedia","url":"https:\/\/ja.wikipedia.org\/wiki\/%E5%A4%A9%E5%85%83%E7%AA%81%E7%A0%B4%E3%82%B0%E3%83%AC%E3%83%B3%E3%83%A9%E3%82%AC%E3%83%B3#.E5.8A.87.E5.A0.B4.E7.89.88"},{"name":"Syoboi","url":"https:\/\/cal.syoboi.jp\/tid\/1830"},{"name":"Bangumi","url":"https:\/\/bangumi.tv\/subject\/3995"}],"streaming":[]}}