{"data":{"mal_id":41084,"url":"https:\/\/myanimelist.net\/anime\/41084\/Made_in_Abyss__Retsujitsu_no_Ougonkyou","images":{"jpg":{"image_url":"https:\/\/cdn.myanimelist.net\/images\/anime\/1864\/122519.jpg","small_image_url":"https:\/\/cdn.myanimelist.net\/images\/anime\/1864\/122519t.jpg","large_image_url":"https:\/\/cdn.myanimelist.net\/images\/anime\/1864\/122519l.jpg"},"webp":{"image_url":"https:\/\/cdn.myanimelist.net\/images\/anime\/1864\/122519.webp","small_image_url":"https:\/\/cdn.myanimelist.net\/images\/anime\/1864\/122519t.webp","large_image_url":"https:\/\/cdn.myanimelist.net\/images\/anime\/1864\/122519l.webp"}},"trailer":{"youtube_id":"CWZz5x-XCA8","url":"https:\/\/www.youtube.com\/watch?v=CWZz5x-XCA8","embed_url":"https:\/\/www.youtube.com\/embed\/CWZz5x-XCA8?enablejsapi=1&wmode=opaque&autoplay=1","images":{"image_url":"https:\/\/img.youtube.com\/vi\/CWZz5x-XCA8\/default.jpg","small_image_url":"https:\/\/img.youtube.com\/vi\/CWZz5x-XCA8\/sddefault.jpg","medium_image_url":"https:\/\/img.youtube.com\/vi\/CWZz5x-XCA8\/mqdefault.jpg","large_image_url":"https:\/\/img.youtube.com\/vi\/CWZz5x-XCA8\/hqdefault.jpg","maximum_image_url":"https:\/\/img.youtube.com\/vi\/CWZz5x-XCA8\/maxresdefault.jpg"}},"approved":true,"titles":[{"type":"Default","title":"Made in Abyss: Retsujitsu no Ougonkyou"},{"type":"Japanese","title":"\u30e1\u30a4\u30c9\u30a4\u30f3\u30a2\u30d3\u30b9 \u70c8\u65e5\u306e\u9ec4\u91d1\u90f7"},{"type":"English","title":"Made in Abyss: The Golden City of the Scorching Sun"}],"title":"Made in Abyss: Retsujitsu no Ougonkyou","title_english":"Made in Abyss: The Golden City of the Scorching Sun","title_japanese":"\u30e1\u30a4\u30c9\u30a4\u30f3\u30a2\u30d3\u30b9 \u70c8\u65e5\u306e\u9ec4\u91d1\u90f7","title_synonyms":[],"type":"TV","source":"Web manga","episodes":12,"status":"Finished Airing","airing":false,"aired":{"from":"2022-07-06T00:00:00+00:00","to":"2022-09-28T00:00:00+00:00","prop":{"from":{"day":6,"month":7,"year":2022},"to":{"day":28,"month":9,"year":2022}},"string":"Jul 6, 2022 to Sep 28, 2022"},"duration":"25 min per ep","rating":"R - 17+ (violence & profanity)","score":8.65,"scored_by":178609,"rank":72,"popularity":531,"members":411833,"favorites":5641,"synopsis":"After surviving the brutal challenges of Idofront, Riko now possesses a White Whistle, allowing her to descend into the Abyss's sixth layer\u2014The Capital of the Unreturned. Alongside Reg and Nanachi, Riko begins to explore the uncharted domain, where the ruins of the promised Golden City are located.\n\nAs the trio starts to adapt to the harsh environment, they soon encounter dangerous creatures and treacherous landscapes. Their expedition leads them to a village inhabited by strange beings known as \"hollows.\" Despite the creeping sense of unease that welcomes them, the three venture onward to uncover the mysteries of the settlement and long-lost legacies of the forgotten adventurers who once descended into the horrors of the unexplored Abyss.\n\n[Written by MAL Rewrite]","background":"Made in Abyss: Retsujitsu no Ougonkyou was released on Blu-ray and DVD in Japan from October 26, 2022 to December 23, 2022.","season":"summer","year":2022,"broadcast":{"day":"Wednesdays","time":"22:30","timezone":"Asia\/Tokyo","string":"Wednesdays at 22:30 (JST)"},"producers":[{"mal_id":238,"type":"anime","name":"AT-X","url":"https:\/\/myanimelist.net\/anime\/producer\/238\/AT-X"},{"mal_id":332,"type":"anime","name":"Takeshobo","url":"https:\/\/myanimelist.net\/anime\/producer\/332\/Takeshobo"},{"mal_id":1551,"type":"anime","name":"Kadokawa Media House","url":"https:\/\/myanimelist.net\/anime\/producer\/1551\/Kadokawa_Media_House"},{"mal_id":1587,"type":"anime","name":"Cygames","url":"https:\/\/myanimelist.net\/anime\/producer\/1587\/Cygames"},{"mal_id":1696,"type":"anime","name":"Kadokawa","url":"https:\/\/myanimelist.net\/anime\/producer\/1696\/Kadokawa"},{"mal_id":2095,"type":"anime","name":"Global Solutions","url":"https:\/\/myanimelist.net\/anime\/producer\/2095\/Global_Solutions"},{"mal_id":2106,"type":"anime","name":"Sony Music Solutions","url":"https:\/\/myanimelist.net\/anime\/producer\/2106\/Sony_Music_Solutions"},{"mal_id":2369,"type":"anime","name":"IRMA LA DOUCE","url":"https:\/\/myanimelist.net\/anime\/producer\/2369\/IRMA_LA_DOUCE"}],"licensors":[{"mal_id":376,"type":"anime","name":"Sentai Filmworks","url":"https:\/\/myanimelist.net\/anime\/producer\/376\/Sentai_Filmworks"}],"studios":[{"mal_id":290,"type":"anime","name":"Kinema Citrus","url":"https:\/\/myanimelist.net\/anime\/producer\/290\/Kinema_Citrus"}],"genres":[{"mal_id":2,"type":"anime","name":"Adventure","url":"https:\/\/myanimelist.net\/anime\/genre\/2\/Adventure"},{"mal_id":8,"type":"anime","name":"Drama","url":"https:\/\/myanimelist.net\/anime\/genre\/8\/Drama"},{"mal_id":10,"type":"anime","name":"Fantasy","url":"https:\/\/myanimelist.net\/anime\/genre\/10\/Fantasy"},{"mal_id":7,"type":"anime","name":"Mystery","url":"https:\/\/myanimelist.net\/anime\/genre\/7\/Mystery"},{"mal_id":24,"type":"anime","name":"Sci-Fi","url":"https:\/\/myanimelist.net\/anime\/genre\/24\/Sci-Fi"},{"mal_id":41,"type":"anime","name":"Suspense","url":"https:\/\/myanimelist.net\/anime\/genre\/41\/Suspense"}],"explicit_genres":[],"themes":[{"mal_id":58,"type":"anime","name":"Gore","url":"https:\/\/myanimelist.net\/anime\/genre\/58\/Gore"},{"mal_id":76,"type":"anime","name":"Survival","url":"https:\/\/myanimelist.net\/anime\/genre\/76\/Survival"}],"demographics":[],"relations":[{"relation":"Adaptation","entry":[{"mal_id":91941,"type":"manga","name":"Made in Abyss","url":"https:\/\/myanimelist.net\/manga\/91941\/Made_in_Abyss"}]},{"relation":"Prequel","entry":[{"mal_id":36862,"type":"anime","name":"Made in Abyss Movie 3: Fukaki Tamashii no Reimei","url":"https:\/\/myanimelist.net\/anime\/36862\/Made_in_Abyss_Movie_3__Fukaki_Tamashii_no_Reimei"}]},{"relation":"Other","entry":[{"mal_id":52149,"type":"anime","name":"Made in Abyss: Retsujitsu no Ougonkyou - Papa to Issho","url":"https:\/\/myanimelist.net\/anime\/52149\/Made_in_Abyss__Retsujitsu_no_Ougonkyou_-_Papa_to_Issho"}]},{"relation":"Sequel","entry":[{"mal_id":54250,"type":"anime","name":"Made in Abyss: Retsujitsu no Ougonkyou (Zoku-hen)","url":"https:\/\/myanimelist.net\/anime\/54250\/Made_in_Abyss__Retsujitsu_no_Ougonkyou_Zoku-hen"}]}],"theme":{"openings":["1: \"GRAVITY\" by Arn\u00f3r Dan (eps 1)","2: \"Katachi (\u304b\u305f\u3061)\" by Riko Azuna (eps 2-6,8-9,11-12)"],"endings":["\"Endless Embrace\" by MYTH & ROID"]},"external":[{"name":"Official Site","url":"http:\/\/miabyss.com\/"},{"name":"@miabyss_anime","url":"https:\/\/twitter.com\/miabyss_anime"},{"name":"AniDB","url":"https:\/\/anidb.net\/perl-bin\/animedb.pl?show=anime&aid=15359"},{"name":"ANN","url":"https:\/\/www.animenewsnetwork.com\/encyclopedia\/anime.php?id=24357"},{"name":"Wikipedia","url":"https:\/\/en.wikipedia.org\/wiki\/Made_in_Abyss"},{"name":"Wikipedia","url":"https:\/\/ja.wikipedia.org\/wiki\/%E3%83%A1%E3%82%A4%E3%83%89%E3%82%A4%E3%83%B3%E3%82%A2%E3%83%93%E3%82%B9"},{"name":"Syoboi","url":"https:\/\/cal.syoboi.jp\/tid\/6378"},{"name":"Bangumi","url":"https:\/\/bangumi.tv\/subject\/298477"},{"name":"Baidu Baike","url":"https:\/\/baike.baidu.com\/item\/%E6%9D%A5%E8%87%AA%E6%B7%B1%E6%B8%8A%EF%BC%9A%E7%83%88%E6%97%A5%E7%9A%84%E9%BB%84%E9%87%91%E4%B9%A1\/56914785"},{"name":"Douban","url":"https:\/\/movie.douban.com\/subject\/30475135\/"}],"streaming":[{"name":"Crunchyroll","url":"http:\/\/www.crunchyroll.com\/series-282920"},{"name":"Disney+","url":"https:\/\/www.disneyplus.com\/"},{"name":"HIDIVE","url":"https:\/\/www.hidive.com\/"},{"name":"Animax Korea","url":"https:\/\/www.animaxtv.co.kr"},{"name":"Bahamut Anime Crazy","url":"https:\/\/ani.gamer.com.tw\/"},{"name":"Bilibili Global","url":"https:\/\/www.bilibili.tv\/en\/index"},{"name":"CatchPlay","url":"https:\/\/www.catchplay.com\/"},{"name":"MeWatch","url":"https:\/\/www.mewatch.sg\/"},{"name":"Muse Asia","url":"https:\/\/www.youtube.com\/channel\/UCGbshtvS9t-8CW11W7TooQg"},{"name":"Pops","url":"https:\/\/pops.tv\/"},{"name":"ProSieben MAXX","url":"https:\/\/www.prosiebenmaxx.de\/"},{"name":"Selecta Visi\u00f3n","url":"http:\/\/www.selecta-vision.com\/"},{"name":"Sushiroll","url":"https:\/\/sushiroll.co.id\/"},{"name":"Upstream","url":"https:\/\/www.upstream.ph\/"},{"name":"Wakanim","url":"https:\/\/www.wakanim.tv\/"}]}}