{"data":{"mal_id":4114,"url":"https:\/\/myanimelist.net\/anime\/4114\/Onegai_My_Melody__Kurukuru_Shuffle","images":{"jpg":{"image_url":"https:\/\/cdn.myanimelist.net\/images\/anime\/7\/68499.jpg","small_image_url":"https:\/\/cdn.myanimelist.net\/images\/anime\/7\/68499t.jpg","large_image_url":"https:\/\/cdn.myanimelist.net\/images\/anime\/7\/68499l.jpg"},"webp":{"image_url":"https:\/\/cdn.myanimelist.net\/images\/anime\/7\/68499.webp","small_image_url":"https:\/\/cdn.myanimelist.net\/images\/anime\/7\/68499t.webp","large_image_url":"https:\/\/cdn.myanimelist.net\/images\/anime\/7\/68499l.webp"}},"trailer":{"youtube_id":null,"url":null,"embed_url":null,"images":{"image_url":null,"small_image_url":null,"medium_image_url":null,"large_image_url":null,"maximum_image_url":null}},"approved":true,"titles":[{"type":"Default","title":"Onegai My Melody: Kurukuru Shuffle!"},{"type":"Japanese","title":"\u304a\u306d\u304c\u3044\u30de\u30a4\u30e1\u30ed\u30c7\u30a3 \u304f\u308b\u304f\u308b\u30b7\u30e3\u30c3\u30d5\u30eb\uff01"}],"title":"Onegai My Melody: Kurukuru Shuffle!","title_english":null,"title_japanese":"\u304a\u306d\u304c\u3044\u30de\u30a4\u30e1\u30ed\u30c7\u30a3 \u304f\u308b\u304f\u308b\u30b7\u30e3\u30c3\u30d5\u30eb\uff01","title_synonyms":[],"type":"TV","source":"Unknown","episodes":52,"status":"Finished Airing","airing":false,"aired":{"from":"2006-04-02T00:00:00+00:00","to":"2007-03-25T00:00:00+00:00","prop":{"from":{"day":2,"month":4,"year":2006},"to":{"day":25,"month":3,"year":2007}},"string":"Apr 2, 2006 to Mar 25, 2007"},"duration":"22 min per ep","rating":"PG - Children","score":7.33,"scored_by":1587,"rank":2492,"popularity":7842,"members":5581,"favorites":30,"synopsis":"A continuation of Onegai My Melody.","background":null,"season":"spring","year":2006,"broadcast":{"day":"Sundays","time":"09:30","timezone":"Asia\/Tokyo","string":"Sundays at 09:30 (JST)"},"producers":[{"mal_id":150,"type":"anime","name":"Sanrio","url":"https:\/\/myanimelist.net\/anime\/producer\/150\/Sanrio"}],"licensors":[],"studios":[{"mal_id":126,"type":"anime","name":"Studio Comet","url":"https:\/\/myanimelist.net\/anime\/producer\/126\/Studio_Comet"}],"genres":[{"mal_id":4,"type":"anime","name":"Comedy","url":"https:\/\/myanimelist.net\/anime\/genre\/4\/Comedy"},{"mal_id":10,"type":"anime","name":"Fantasy","url":"https:\/\/myanimelist.net\/anime\/genre\/10\/Fantasy"}],"explicit_genres":[],"themes":[],"demographics":[],"relations":[{"relation":"Prequel","entry":[{"mal_id":2489,"type":"anime","name":"Onegai My Melody","url":"https:\/\/myanimelist.net\/anime\/2489\/Onegai_My_Melody"}]},{"relation":"Sequel","entry":[{"mal_id":5520,"type":"anime","name":"Onegai My Melody Sukkiri\u266a","url":"https:\/\/myanimelist.net\/anime\/5520\/Onegai_My_Melody_Sukkiri\u266a"}]}],"theme":{"openings":["1: \"Koi\u2665Kuru (\u30b3\u30a4\u2665\u30af\u30eb)\" by Marina Kuroki (eps 1-52)"],"endings":["1: \"Hare \u2606 Sora (\u30cf\u30ec\u2606\u30bd\u30e9)\" by MY MELODIES (eps 1-27)","2: \"kuru kuru kuru\" by Rei Sakuma (eps 28)","3: \"Ore wa usamimi kamen (\u304a\u308c\u306f\u30a6\u30b5\u30df\u30df\u4eee\u9762)\" by Ryotaro Okiayu (eps 29)","4: \"Dream! Dream! Dream! (\u30c9\u30ea\u30fc\u30e0!\u30c9\u30ea\u30fc\u30e0!\u30c9\u30ea\u30fc\u30e0!)\" by Yume no Uta to Yumebouei shoujo-tai (eps 30)","5: \"Romy no Yume (\u30ed\u30df\u30fc\u306e\u5922)\" by Junko Takeuchi (eps 31)","6: \"Te Wo Tsunagou (\u624b\u3092\u3064\u306a\u3054\u3046)\" by MY MELODIES to Mary Land no Nkama-tachi (eps 32-52)"]},"external":[{"name":"Official Site","url":"http:\/\/www.tv-osaka.co.jp\/mymelo_kurukuru\/"},{"name":"AniDB","url":"https:\/\/anidb.net\/perl-bin\/animedb.pl?show=anime&aid=4333"},{"name":"ANN","url":"https:\/\/www.animenewsnetwork.com\/encyclopedia\/anime.php?id=6254"},{"name":"Wikipedia","url":"http:\/\/ja.wikipedia.org\/wiki\/\u304a\u306d\u304c\u3044\u30de\u30a4\u30e1\u30ed\u30c7\u30a3_\u301c\u304f\u308b\u304f\u308b\u30b7\u30e3\u30c3\u30d5\u30eb!\u301c"}],"streaming":[]}}