{"data":{"mal_id":41141,"url":"https:\/\/myanimelist.net\/anime\/41141\/Princess_Principal__Crown_Handler_Movie_3","images":{"jpg":{"image_url":"https:\/\/cdn.myanimelist.net\/images\/anime\/1570\/130995.jpg","small_image_url":"https:\/\/cdn.myanimelist.net\/images\/anime\/1570\/130995t.jpg","large_image_url":"https:\/\/cdn.myanimelist.net\/images\/anime\/1570\/130995l.jpg"},"webp":{"image_url":"https:\/\/cdn.myanimelist.net\/images\/anime\/1570\/130995.webp","small_image_url":"https:\/\/cdn.myanimelist.net\/images\/anime\/1570\/130995t.webp","large_image_url":"https:\/\/cdn.myanimelist.net\/images\/anime\/1570\/130995l.webp"}},"trailer":{"youtube_id":"Ryvkmlf3Bno","url":"https:\/\/www.youtube.com\/watch?v=Ryvkmlf3Bno","embed_url":"https:\/\/www.youtube.com\/embed\/Ryvkmlf3Bno?enablejsapi=1&wmode=opaque&autoplay=1","images":{"image_url":"https:\/\/img.youtube.com\/vi\/Ryvkmlf3Bno\/default.jpg","small_image_url":"https:\/\/img.youtube.com\/vi\/Ryvkmlf3Bno\/sddefault.jpg","medium_image_url":"https:\/\/img.youtube.com\/vi\/Ryvkmlf3Bno\/mqdefault.jpg","large_image_url":"https:\/\/img.youtube.com\/vi\/Ryvkmlf3Bno\/hqdefault.jpg","maximum_image_url":"https:\/\/img.youtube.com\/vi\/Ryvkmlf3Bno\/maxresdefault.jpg"}},"approved":true,"titles":[{"type":"Default","title":"Princess Principal: Crown Handler Movie 3"},{"type":"Japanese","title":"\u30d7\u30ea\u30f3\u30bb\u30b9\u30fb\u30d7\u30ea\u30f3\u30b7\u30d1\u30eb Crown Handler \u7b2c3\u7ae0"},{"type":"English","title":"Princess Principal: Crown Handler - Chapter 3"}],"title":"Princess Principal: Crown Handler Movie 3","title_english":"Princess Principal: Crown Handler - Chapter 3","title_japanese":"\u30d7\u30ea\u30f3\u30bb\u30b9\u30fb\u30d7\u30ea\u30f3\u30b7\u30d1\u30eb Crown Handler \u7b2c3\u7ae0","title_synonyms":[],"type":"Movie","source":"Original","episodes":1,"status":"Finished Airing","airing":false,"aired":{"from":"2023-04-07T00:00:00+00:00","to":null,"prop":{"from":{"day":7,"month":4,"year":2023},"to":{"day":null,"month":null,"year":null}},"string":"Apr 7, 2023"},"duration":"1 hr","rating":"R - 17+ (violence & profanity)","score":7.61,"scored_by":1610,"rank":1404,"popularity":6212,"members":9932,"favorites":18,"synopsis":"While the funeral of the assassinated Prince Edward, who was the first in line to succeed the throne, is being held, the nobles of the Kingdom of Albion discuss topics such as whether the second-in-line Princess Mary or the third-in-line Duke of Arkham, Prince Richard, will succeed the throne, and how the Duke of Normandy will act.\n\nThe Duke of Arkham asks Princess if she will side with him or the Duke of Normandy. While wishing to change the world so that all people are equal, Princess is shaken by the Duke of Arkham, who is the mastermind behind Edward's assassination. Meanwhile, Ange and Dorothy are given a mission to infiltrate as Mary's maids and investigate the state of the royal family by the Commonwealth's control. Mary is crushed and exhausted due to the pressure of becoming first in line to the throne. As chaos surrounds the succession to the throne, the Duke of Arkham's plot finally begins to unfold.\n\nThe darkness writhing in the Kingdom of Albion begins to swallow up Team White Pigeon.\n\n(Source: Official site, translated)","background":null,"season":null,"year":null,"broadcast":{"day":null,"time":null,"timezone":null,"string":null},"producers":[],"licensors":[{"mal_id":376,"type":"anime","name":"Sentai Filmworks","url":"https:\/\/myanimelist.net\/anime\/producer\/376\/Sentai_Filmworks"}],"studios":[{"mal_id":60,"type":"anime","name":"Actas","url":"https:\/\/myanimelist.net\/anime\/producer\/60\/Actas"}],"genres":[{"mal_id":1,"type":"anime","name":"Action","url":"https:\/\/myanimelist.net\/anime\/genre\/1\/Action"},{"mal_id":7,"type":"anime","name":"Mystery","url":"https:\/\/myanimelist.net\/anime\/genre\/7\/Mystery"}],"explicit_genres":[],"themes":[{"mal_id":13,"type":"anime","name":"Historical","url":"https:\/\/myanimelist.net\/anime\/genre\/13\/Historical"}],"demographics":[],"relations":[{"relation":"Prequel","entry":[{"mal_id":41140,"type":"anime","name":"Princess Principal: Crown Handler Movie 2","url":"https:\/\/myanimelist.net\/anime\/41140\/Princess_Principal__Crown_Handler_Movie_2"}]},{"relation":"Sequel","entry":[{"mal_id":57093,"type":"anime","name":"Princess Principal: Crown Handler Movie 4","url":"https:\/\/myanimelist.net\/anime\/57093\/Princess_Principal__Crown_Handler_Movie_4"}]}],"theme":{"openings":[],"endings":["\"Nowhere Land\" by Ange (CV: Aoi Koga), Princess (CV: Akira Sekine), Dorothy (CV: You Taichi), Beatrice (CV: Akari Kageyama), Chise (CV: Nozomi Furuki)"]},"external":[{"name":"Official Site","url":"https:\/\/pripri-anime.jp\/"},{"name":"@pripri_anime","url":"https:\/\/twitter.com\/pripri_anime"},{"name":"AniDB","url":"https:\/\/anidb.net\/perl-bin\/animedb.pl?show=anime&aid=14064"},{"name":"ANN","url":"https:\/\/www.animenewsnetwork.com\/encyclopedia\/anime.php?id=23071"},{"name":"Wikipedia","url":"https:\/\/en.wikipedia.org\/wiki\/Princess_Principal"},{"name":"Wikipedia","url":"https:\/\/ja.wikipedia.org\/wiki\/%E3%83%97%E3%83%AA%E3%83%B3%E3%82%BB%E3%82%B9%E3%83%BB%E3%83%97%E3%83%AA%E3%83%B3%E3%82%B7%E3%83%91%E3%83%AB#%E5%8A%87%E5%A0%B4%E7%89%88"},{"name":"Bangumi","url":"https:\/\/bangumi.tv\/subject\/244930"},{"name":"Douban","url":"https:\/\/movie.douban.com\/subject\/35705784\/"}],"streaming":[]}}