{"data":{"mal_id":41168,"url":"https:\/\/myanimelist.net\/anime\/41168\/Nakitai_Watashi_wa_Neko_wo_Kaburu","images":{"jpg":{"image_url":"https:\/\/cdn.myanimelist.net\/images\/anime\/1045\/106389.jpg","small_image_url":"https:\/\/cdn.myanimelist.net\/images\/anime\/1045\/106389t.jpg","large_image_url":"https:\/\/cdn.myanimelist.net\/images\/anime\/1045\/106389l.jpg"},"webp":{"image_url":"https:\/\/cdn.myanimelist.net\/images\/anime\/1045\/106389.webp","small_image_url":"https:\/\/cdn.myanimelist.net\/images\/anime\/1045\/106389t.webp","large_image_url":"https:\/\/cdn.myanimelist.net\/images\/anime\/1045\/106389l.webp"}},"trailer":{"youtube_id":"irZZkLW1Ygk","url":"https:\/\/www.youtube.com\/watch?v=irZZkLW1Ygk","embed_url":"https:\/\/www.youtube.com\/embed\/irZZkLW1Ygk?enablejsapi=1&wmode=opaque&autoplay=1","images":{"image_url":"https:\/\/img.youtube.com\/vi\/irZZkLW1Ygk\/default.jpg","small_image_url":"https:\/\/img.youtube.com\/vi\/irZZkLW1Ygk\/sddefault.jpg","medium_image_url":"https:\/\/img.youtube.com\/vi\/irZZkLW1Ygk\/mqdefault.jpg","large_image_url":"https:\/\/img.youtube.com\/vi\/irZZkLW1Ygk\/hqdefault.jpg","maximum_image_url":"https:\/\/img.youtube.com\/vi\/irZZkLW1Ygk\/maxresdefault.jpg"}},"approved":true,"titles":[{"type":"Default","title":"Nakitai Watashi wa Neko wo Kaburu"},{"type":"Synonym","title":"Nakineko"},{"type":"Japanese","title":"\u6ce3\u304d\u305f\u3044\u79c1\u306f\u732b\u3092\u304b\u3076\u308b"},{"type":"English","title":"A Whisker Away"},{"type":"German","title":"Um ein Schnurrhaar"},{"type":"Spanish","title":"Amor de Gata"},{"type":"French","title":"Loin de Moi, Pr\u00e8s de Toi"}],"title":"Nakitai Watashi wa Neko wo Kaburu","title_english":"A Whisker Away","title_japanese":"\u6ce3\u304d\u305f\u3044\u79c1\u306f\u732b\u3092\u304b\u3076\u308b","title_synonyms":["Nakineko"],"type":"Movie","source":"Original","episodes":1,"status":"Finished Airing","airing":false,"aired":{"from":"2020-06-18T00:00:00+00:00","to":null,"prop":{"from":{"day":18,"month":6,"year":2020},"to":{"day":null,"month":null,"year":null}},"string":"Jun 18, 2020"},"duration":"1 hr 44 min","rating":"PG-13 - Teens 13 or older","score":7.34,"scored_by":254081,"rank":2420,"popularity":526,"members":415006,"favorites":1836,"synopsis":"Miyo Sasaki is an energetic high school girl who comes from a broken family consisting of her unconfident father and an overly invested stepmother, whose attempts at connecting with Miyo come across as bothersome. Seeing Kento Hinode as a refuge from all her personal issues, she cannot help herself from forcing her unorthodox demonstrations of love onto her crush.\n\nWhile Miyo is unable to get Kento's attention as herself, she manages to succeed by interacting with him in the form of a white cat, affectionately nicknamed \"Tarou\" by Kento. But Miyo soon realizes that she cannot help Kento with the various problems she overhears in her cat form and is now caught between two tough choices. Will she continue her relationship with him as a cat, or will she reveal her identity and risk what they have in order to help him as her human self?\n\n[Written by MAL Rewrite]","background":"Winner of the Excellence Award at the 24th Japan Media Arts Festival.","season":null,"year":null,"broadcast":{"day":null,"time":null,"timezone":null,"string":null},"producers":[{"mal_id":169,"type":"anime","name":"Fuji TV","url":"https:\/\/myanimelist.net\/anime\/producer\/169\/Fuji_TV"},{"mal_id":245,"type":"anime","name":"TOHO","url":"https:\/\/myanimelist.net\/anime\/producer\/245\/TOHO"},{"mal_id":843,"type":"anime","name":"BS Fuji","url":"https:\/\/myanimelist.net\/anime\/producer\/843\/BS_Fuji"},{"mal_id":1143,"type":"anime","name":"TOHO animation","url":"https:\/\/myanimelist.net\/anime\/producer\/1143\/TOHO_animation"},{"mal_id":1397,"type":"anime","name":"Universal Music Japan","url":"https:\/\/myanimelist.net\/anime\/producer\/1397\/Universal_Music_Japan"},{"mal_id":1556,"type":"anime","name":"Fuji Creative","url":"https:\/\/myanimelist.net\/anime\/producer\/1556\/Fuji_Creative"},{"mal_id":1696,"type":"anime","name":"Kadokawa","url":"https:\/\/myanimelist.net\/anime\/producer\/1696\/Kadokawa"},{"mal_id":1697,"type":"anime","name":"KDDI","url":"https:\/\/myanimelist.net\/anime\/producer\/1697\/KDDI"},{"mal_id":1747,"type":"anime","name":"Twin Engine","url":"https:\/\/myanimelist.net\/anime\/producer\/1747\/Twin_Engine"},{"mal_id":2131,"type":"anime","name":"Dentsu Meitetsu Communications","url":"https:\/\/myanimelist.net\/anime\/producer\/2131\/Dentsu_Meitetsu_Communications"}],"licensors":[],"studios":[{"mal_id":1033,"type":"anime","name":"Studio Colorido","url":"https:\/\/myanimelist.net\/anime\/producer\/1033\/Studio_Colorido"}],"genres":[{"mal_id":46,"type":"anime","name":"Award Winning","url":"https:\/\/myanimelist.net\/anime\/genre\/46\/Award_Winning"},{"mal_id":8,"type":"anime","name":"Drama","url":"https:\/\/myanimelist.net\/anime\/genre\/8\/Drama"},{"mal_id":22,"type":"anime","name":"Romance","url":"https:\/\/myanimelist.net\/anime\/genre\/22\/Romance"},{"mal_id":37,"type":"anime","name":"Supernatural","url":"https:\/\/myanimelist.net\/anime\/genre\/37\/Supernatural"}],"explicit_genres":[],"themes":[{"mal_id":23,"type":"anime","name":"School","url":"https:\/\/myanimelist.net\/anime\/genre\/23\/School"}],"demographics":[],"relations":[{"relation":"Adaptation","entry":[{"mal_id":134765,"type":"manga","name":"Nakitai Watashi wa Neko wo Kaburu","url":"https:\/\/myanimelist.net\/manga\/134765\/Nakitai_Watashi_wa_Neko_wo_Kaburu"}]}],"theme":{"openings":["\"Hana ni Bourei (\u82b1\u306b\u4ea1\u970a)\" by Yorushika (\u30e8\u30eb\u30b7\u30ab)"],"endings":["\"Usotsuki (\u5618\u6708)\" by Yorushika (\u30e8\u30eb\u30b7\u30ab)"]},"external":[{"name":"Official Site","url":"https:\/\/nakineko-movie.com\/news\/?id=14"},{"name":"AniDB","url":"https:\/\/anidb.net\/perl-bin\/animedb.pl?show=anime&aid=15373"},{"name":"ANN","url":"https:\/\/www.animenewsnetwork.com\/encyclopedia\/anime.php?id=23007"},{"name":"Wikipedia","url":"https:\/\/ja.wikipedia.org\/wiki\/%E6%B3%A3%E3%81%8D%E3%81%9F%E3%81%84%E7%A7%81%E3%81%AF%E7%8C%AB%E3%82%92%E3%81%8B%E3%81%B6%E3%82%8B"}],"streaming":[{"name":"Netflix","url":"https:\/\/www.netflix.com\/"}]}}