{"data":{"mal_id":41402,"url":"https:\/\/myanimelist.net\/anime\/41402\/Mairimashita_Iruma-kun_2nd_Season","images":{"jpg":{"image_url":"https:\/\/cdn.myanimelist.net\/images\/anime\/1527\/113656.jpg","small_image_url":"https:\/\/cdn.myanimelist.net\/images\/anime\/1527\/113656t.jpg","large_image_url":"https:\/\/cdn.myanimelist.net\/images\/anime\/1527\/113656l.jpg"},"webp":{"image_url":"https:\/\/cdn.myanimelist.net\/images\/anime\/1527\/113656.webp","small_image_url":"https:\/\/cdn.myanimelist.net\/images\/anime\/1527\/113656t.webp","large_image_url":"https:\/\/cdn.myanimelist.net\/images\/anime\/1527\/113656l.webp"}},"trailer":{"youtube_id":"NxqfMRZfVTA","url":"https:\/\/www.youtube.com\/watch?v=NxqfMRZfVTA","embed_url":"https:\/\/www.youtube.com\/embed\/NxqfMRZfVTA?enablejsapi=1&wmode=opaque&autoplay=1","images":{"image_url":"https:\/\/img.youtube.com\/vi\/NxqfMRZfVTA\/default.jpg","small_image_url":"https:\/\/img.youtube.com\/vi\/NxqfMRZfVTA\/sddefault.jpg","medium_image_url":"https:\/\/img.youtube.com\/vi\/NxqfMRZfVTA\/mqdefault.jpg","large_image_url":"https:\/\/img.youtube.com\/vi\/NxqfMRZfVTA\/hqdefault.jpg","maximum_image_url":"https:\/\/img.youtube.com\/vi\/NxqfMRZfVTA\/maxresdefault.jpg"}},"approved":true,"titles":[{"type":"Default","title":"Mairimashita! Iruma-kun 2nd Season"},{"type":"Synonym","title":"Welcome to Demon School! Iruma-kun 2nd Season"},{"type":"Japanese","title":"\u9b54\u5165\u308a\u307e\u3057\u305f\uff01\u5165\u9593\u304f\u3093"},{"type":"English","title":"Welcome to Demon School! Iruma-kun Season 2"},{"type":"German","title":"Welcome to Demon School! Iruma-kun Staffel 2"},{"type":"Spanish","title":"Welcome to Demon School! Iruma-kun Temporada 2"},{"type":"French","title":"Welcome to Demon School! Iruma-kun Saison 2"}],"title":"Mairimashita! Iruma-kun 2nd Season","title_english":"Welcome to Demon School! Iruma-kun Season 2","title_japanese":"\u9b54\u5165\u308a\u307e\u3057\u305f\uff01\u5165\u9593\u304f\u3093","title_synonyms":["Welcome to Demon School! Iruma-kun 2nd Season"],"type":"TV","source":"Manga","episodes":21,"status":"Finished Airing","airing":false,"aired":{"from":"2021-04-17T00:00:00+00:00","to":"2021-09-11T00:00:00+00:00","prop":{"from":{"day":17,"month":4,"year":2021},"to":{"day":11,"month":9,"year":2021}},"string":"Apr 17, 2021 to Sep 11, 2021"},"duration":"24 min per ep","rating":"PG-13 - Teens 13 or older","score":8.05,"scored_by":149695,"rank":546,"popularity":757,"members":303837,"favorites":2348,"synopsis":"After many trials and tribulations, Iruma Suzuki is finally happily living among demons despite having to hide his true identity as a human. Even more so, he has now found his ambition in life: keep ranking up in this world!\n\nHowever, that plan is halted when Iruma's club is temporarily dismissed, and he is forced to be part of the student council, known for its strictness toward rowdy students. Its cold-hearted president is Amelie Azazel, Iruma's friend. Although Iruma is not used to following their rigid schedule and many rules, he still wants to prove himself and help Amelie alongside all of the other members of the council. \n\nBut trouble arises when Amelie's personality completely changes due to strange circumstances, putting the student council's reputation in jeopardy. Will Iruma be able to save them and avoid having the whole school turn into pure chaos?\n\n[Written by MAL Rewrite]","background":null,"season":"spring","year":2021,"broadcast":{"day":"Saturdays","time":"17:35","timezone":"Asia\/Tokyo","string":"Saturdays at 17:35 (JST)"},"producers":[{"mal_id":111,"type":"anime","name":"NHK","url":"https:\/\/myanimelist.net\/anime\/producer\/111\/NHK"},{"mal_id":1797,"type":"anime","name":"NHK Enterprises","url":"https:\/\/myanimelist.net\/anime\/producer\/1797\/NHK_Enterprises"}],"licensors":[],"studios":[{"mal_id":1258,"type":"anime","name":"Bandai Namco Pictures","url":"https:\/\/myanimelist.net\/anime\/producer\/1258\/Bandai_Namco_Pictures"}],"genres":[{"mal_id":4,"type":"anime","name":"Comedy","url":"https:\/\/myanimelist.net\/anime\/genre\/4\/Comedy"},{"mal_id":10,"type":"anime","name":"Fantasy","url":"https:\/\/myanimelist.net\/anime\/genre\/10\/Fantasy"}],"explicit_genres":[],"themes":[{"mal_id":62,"type":"anime","name":"Isekai","url":"https:\/\/myanimelist.net\/anime\/genre\/62\/Isekai"},{"mal_id":6,"type":"anime","name":"Mythology","url":"https:\/\/myanimelist.net\/anime\/genre\/6\/Mythology"},{"mal_id":23,"type":"anime","name":"School","url":"https:\/\/myanimelist.net\/anime\/genre\/23\/School"}],"demographics":[{"mal_id":27,"type":"anime","name":"Shounen","url":"https:\/\/myanimelist.net\/anime\/genre\/27\/Shounen"}],"relations":[{"relation":"Adaptation","entry":[{"mal_id":104241,"type":"manga","name":"Mairimashita! Iruma-kun","url":"https:\/\/myanimelist.net\/manga\/104241\/Mairimashita_Iruma-kun"}]},{"relation":"Prequel","entry":[{"mal_id":39196,"type":"anime","name":"Mairimashita! Iruma-kun","url":"https:\/\/myanimelist.net\/anime\/39196\/Mairimashita_Iruma-kun"}]},{"relation":"Sequel","entry":[{"mal_id":49784,"type":"anime","name":"Mairimashita! Iruma-kun 3rd Season","url":"https:\/\/myanimelist.net\/anime\/49784\/Mairimashita_Iruma-kun_3rd_Season"}]}],"theme":{"openings":["\"No! No! Satisfaction!\" by DA PUMP"],"endings":["\"Kokoro Showtime (\u30b3\u30b3\u30ed\u30b7\u30e7\u30fc\u30bf\u30a4\u30e0)\" by Amatsuki"]},"external":[{"name":"Official Site","url":"http:\/\/www6.nhk.or.jp\/anime\/program\/detail.html?i=iruma"},{"name":"@nep_irumakun","url":"https:\/\/twitter.com\/nep_irumakun"},{"name":"AniDB","url":"https:\/\/anidb.net\/perl-bin\/animedb.pl?show=anime&aid=15428"},{"name":"ANN","url":"https:\/\/www.animenewsnetwork.com\/encyclopedia\/anime.php?id=24018"},{"name":"Wikipedia","url":"https:\/\/en.wikipedia.org\/wiki\/Mairimashita!_Iruma-kun"},{"name":"Wikipedia","url":"https:\/\/ja.wikipedia.org\/wiki\/%E9%AD%94%E5%85%A5%E3%82%8A%E3%81%BE%E3%81%97%E3%81%9F!%E5%85%A5%E9%96%93%E3%81%8F%E3%82%93#%E3%83%86%E3%83%AC%E3%83%93%E3%82%A2%E3%83%8B%E3%83%A1"},{"name":"Syoboi","url":"https:\/\/cal.syoboi.jp\/tid\/5997"},{"name":"Bangumi","url":"https:\/\/bgm.tv\/subject\/301740"},{"name":"Baidu Baike","url":"https:\/\/baike.baidu.com\/item\/%E5%85%A5%E9%97%B4%E5%90%8C%E5%AD%A6%E5%85%A5%E9%AD%94%E4%BA%86%E7%AC%AC%E4%BA%8C%E5%AD%A3?fromModule=lemma_search-box"},{"name":"Douban","url":"https:\/\/movie.douban.com\/subject\/34992794\/"}],"streaming":[{"name":"Crunchyroll","url":"http:\/\/www.crunchyroll.com\/series-278607"},{"name":"Bahamut Anime Crazy","url":"https:\/\/ani.gamer.com.tw\/"},{"name":"Muse Asia","url":"https:\/\/www.youtube.com\/channel\/UCGbshtvS9t-8CW11W7TooQg"}]}}