{"data":{"mal_id":41457,"url":"https:\/\/myanimelist.net\/anime\/41457\/86","images":{"jpg":{"image_url":"https:\/\/cdn.myanimelist.net\/images\/anime\/1987\/117507.jpg","small_image_url":"https:\/\/cdn.myanimelist.net\/images\/anime\/1987\/117507t.jpg","large_image_url":"https:\/\/cdn.myanimelist.net\/images\/anime\/1987\/117507l.jpg"},"webp":{"image_url":"https:\/\/cdn.myanimelist.net\/images\/anime\/1987\/117507.webp","small_image_url":"https:\/\/cdn.myanimelist.net\/images\/anime\/1987\/117507t.webp","large_image_url":"https:\/\/cdn.myanimelist.net\/images\/anime\/1987\/117507l.webp"}},"trailer":{"youtube_id":"WVegRUOgkPM","url":"https:\/\/www.youtube.com\/watch?v=WVegRUOgkPM","embed_url":"https:\/\/www.youtube.com\/embed\/WVegRUOgkPM?enablejsapi=1&wmode=opaque&autoplay=1","images":{"image_url":"https:\/\/img.youtube.com\/vi\/WVegRUOgkPM\/default.jpg","small_image_url":"https:\/\/img.youtube.com\/vi\/WVegRUOgkPM\/sddefault.jpg","medium_image_url":"https:\/\/img.youtube.com\/vi\/WVegRUOgkPM\/mqdefault.jpg","large_image_url":"https:\/\/img.youtube.com\/vi\/WVegRUOgkPM\/hqdefault.jpg","maximum_image_url":"https:\/\/img.youtube.com\/vi\/WVegRUOgkPM\/maxresdefault.jpg"}},"approved":true,"titles":[{"type":"Default","title":"86"},{"type":"Synonym","title":"Eighty Six"},{"type":"Japanese","title":"86\u2015\u30a8\u30a4\u30c6\u30a3\u30b7\u30c3\u30af\u30b9\u2015"},{"type":"English","title":"86 Eighty-Six"},{"type":"German","title":"86 Eighty-Six"},{"type":"Spanish","title":"86 Eighty-Six"},{"type":"French","title":"86 Eighty-Six"}],"title":"86","title_english":"86 Eighty-Six","title_japanese":"86\u2015\u30a8\u30a4\u30c6\u30a3\u30b7\u30c3\u30af\u30b9\u2015","title_synonyms":["Eighty Six"],"type":"TV","source":"Light novel","episodes":11,"status":"Finished Airing","airing":false,"aired":{"from":"2021-04-11T00:00:00+00:00","to":"2021-06-20T00:00:00+00:00","prop":{"from":{"day":11,"month":4,"year":2021},"to":{"day":20,"month":6,"year":2021}},"string":"Apr 11, 2021 to Jun 20, 2021"},"duration":"23 min per ep","rating":"R - 17+ (violence & profanity)","score":8.29,"scored_by":372676,"rank":259,"popularity":258,"members":726531,"favorites":18628,"synopsis":"According to the Republic of San Magnolia, their ongoing war against the Giadian Empire has no casualties\u2014however, that is mere propaganda. While the silver-haired Alba of the Republic's eighty-five sectors live safely behind protective walls, those of different appearances are interned in a secret eighty-sixth faction. Known within the military as the Eighty-Six, they are forced to fight against the Empire's autonomous Legion under the command of the Republican \"Handlers.\"\n\nVladilena Miliz\u00e9 is assigned to the Spearhead squadron to replace their previous Handler. Shunned by her peers for being a fellow Eighty-Six supporter, she continues to fight against their inhumane discrimination. Shinei Nouzen is the captain of the Spearhead squadron. Infamous for being the sole survivor of every squadron he's been in, he insists on shouldering the names and wishes of his fallen comrades. When the fates of these young souls from two different worlds collide, will it ignite the spark that lights their path to salvation, or will they burn themselves in the flames of despair?\n\n[Written by MAL Rewrite]","background":null,"season":"spring","year":2021,"broadcast":{"day":"Sundays","time":"00:00","timezone":"Asia\/Tokyo","string":"Sundays at 00:00 (JST)"},"producers":[{"mal_id":17,"type":"anime","name":"Aniplex","url":"https:\/\/myanimelist.net\/anime\/producer\/17\/Aniplex"},{"mal_id":1696,"type":"anime","name":"Kadokawa","url":"https:\/\/myanimelist.net\/anime\/producer\/1696\/Kadokawa"},{"mal_id":1992,"type":"anime","name":"Bandai Spirits","url":"https:\/\/myanimelist.net\/anime\/producer\/1992\/Bandai_Spirits"}],"licensors":[],"studios":[{"mal_id":56,"type":"anime","name":"A-1 Pictures","url":"https:\/\/myanimelist.net\/anime\/producer\/56\/A-1_Pictures"}],"genres":[{"mal_id":1,"type":"anime","name":"Action","url":"https:\/\/myanimelist.net\/anime\/genre\/1\/Action"},{"mal_id":8,"type":"anime","name":"Drama","url":"https:\/\/myanimelist.net\/anime\/genre\/8\/Drama"},{"mal_id":24,"type":"anime","name":"Sci-Fi","url":"https:\/\/myanimelist.net\/anime\/genre\/24\/Sci-Fi"}],"explicit_genres":[],"themes":[{"mal_id":18,"type":"anime","name":"Mecha","url":"https:\/\/myanimelist.net\/anime\/genre\/18\/Mecha"},{"mal_id":38,"type":"anime","name":"Military","url":"https:\/\/myanimelist.net\/anime\/genre\/38\/Military"}],"demographics":[],"relations":[{"relation":"Adaptation","entry":[{"mal_id":104039,"type":"manga","name":"86","url":"https:\/\/myanimelist.net\/manga\/104039\/86"}]},{"relation":"Sequel","entry":[{"mal_id":48569,"type":"anime","name":"86 Part 2","url":"https:\/\/myanimelist.net\/anime\/48569\/86_Part_2"}]},{"relation":"Summary","entry":[{"mal_id":49235,"type":"anime","name":"86 Special Edition: Senya ni Akaku Hinageshi no Saku","url":"https:\/\/myanimelist.net\/anime\/49235\/86_Special_Edition__Senya_ni_Akaku_Hinageshi_no_Saku"}]}],"theme":{"openings":["\"3-pun 29-byou (3\u520629\u79d2)\" by hitorie"],"endings":["1: \"3-pun 29-byou (3\u520629\u79d2)\" by hitorie (eps 1)","2: \"Avid\" by SawanoHiroyuki[nZk]:mizuki (eps 2-3, 5, 7, 10, 11)","3: \"Hands Up to the Sky\" by SawanoHiroyuki[nZk]:Laco (eps 4,6,8)"]},"external":[{"name":"Official Site","url":"https:\/\/anime-86.com\/"},{"name":"@anime_eightysix","url":"https:\/\/twitter.com\/anime_eightysix"},{"name":"AniDB","url":"https:\/\/anidb.net\/perl-bin\/animedb.pl?show=anime&aid=15441"},{"name":"ANN","url":"https:\/\/www.animenewsnetwork.com\/encyclopedia\/anime.php?id=23089"},{"name":"Wikipedia","url":"https:\/\/en.wikipedia.org\/wiki\/86_(novel_series)#Anime"},{"name":"Wikipedia","url":"https:\/\/ja.wikipedia.org\/wiki\/86-%E3%82%A8%E3%82%A4%E3%83%86%E3%82%A3%E3%82%B7%E3%83%83%E3%82%AF%E3%82%B9-#%E3%83%86%E3%83%AC%E3%83%93%E3%82%A2%E3%83%8B%E3%83%A1"},{"name":"Syoboi","url":"https:\/\/cal.syoboi.jp\/tid\/5973"},{"name":"Bangumi","url":"https:\/\/bgm.tv\/subject\/302189"},{"name":"Baidu Baike","url":"https:\/\/baike.baidu.com\/item\/86%E2%80%95%E4%B8%8D%E5%AD%98%E5%9C%A8%E7%9A%84%E6%88%98%E5%8C%BA%E2%80%95\/24615140?fromModule=lemma-qiyi_sense-lemma&fromtitle=86%20-%E4%B8%8D%E5%AD%98%E5%9C%A8%E7%9A%84%E6%88%98%E5%8C%BA-&fromid=59427432"},{"name":"Douban","url":"https:\/\/movie.douban.com\/subject\/33392923\/"}],"streaming":[{"name":"Crunchyroll","url":"http:\/\/www.crunchyroll.com\/series-281196"},{"name":"Bahamut Anime Crazy","url":"https:\/\/ani.gamer.com.tw\/"},{"name":"Bilibili","url":"https:\/\/www.bilibili.com\/"},{"name":"iQIYI","url":"https:\/\/www.iq.com\/"}]}}