{"data":{"mal_id":41487,"url":"https:\/\/myanimelist.net\/anime\/41487\/Tensei_shitara_Slime_Datta_Ken_2nd_Season_Part_2","images":{"jpg":{"image_url":"https:\/\/cdn.myanimelist.net\/images\/anime\/1033\/118296.jpg","small_image_url":"https:\/\/cdn.myanimelist.net\/images\/anime\/1033\/118296t.jpg","large_image_url":"https:\/\/cdn.myanimelist.net\/images\/anime\/1033\/118296l.jpg"},"webp":{"image_url":"https:\/\/cdn.myanimelist.net\/images\/anime\/1033\/118296.webp","small_image_url":"https:\/\/cdn.myanimelist.net\/images\/anime\/1033\/118296t.webp","large_image_url":"https:\/\/cdn.myanimelist.net\/images\/anime\/1033\/118296l.webp"}},"trailer":{"youtube_id":"nle-73CcG1k","url":"https:\/\/www.youtube.com\/watch?v=nle-73CcG1k","embed_url":"https:\/\/www.youtube.com\/embed\/nle-73CcG1k?enablejsapi=1&wmode=opaque&autoplay=1","images":{"image_url":"https:\/\/img.youtube.com\/vi\/nle-73CcG1k\/default.jpg","small_image_url":"https:\/\/img.youtube.com\/vi\/nle-73CcG1k\/sddefault.jpg","medium_image_url":"https:\/\/img.youtube.com\/vi\/nle-73CcG1k\/mqdefault.jpg","large_image_url":"https:\/\/img.youtube.com\/vi\/nle-73CcG1k\/hqdefault.jpg","maximum_image_url":"https:\/\/img.youtube.com\/vi\/nle-73CcG1k\/maxresdefault.jpg"}},"approved":true,"titles":[{"type":"Default","title":"Tensei shitara Slime Datta Ken 2nd Season Part 2"},{"type":"Synonym","title":"Tensura 2"},{"type":"Japanese","title":"\u8ee2\u751f\u3057\u305f\u3089\u30b9\u30e9\u30a4\u30e0\u3060\u3063\u305f\u4ef6"},{"type":"English","title":"That Time I Got Reincarnated as a Slime Season 2 Part 2"},{"type":"German","title":"Meine Wiedergeburt als Schleim in einer anderen Welt Staffel 2 Teil 2"},{"type":"Spanish","title":"That Time I Got Reincarnated as a Slime Temporada 2 Parte 2"},{"type":"French","title":"Moi, Quand Je Me R\u00e9incarne en Slime Saison 2 Partie 2"}],"title":"Tensei shitara Slime Datta Ken 2nd Season Part 2","title_english":"That Time I Got Reincarnated as a Slime Season 2 Part 2","title_japanese":"\u8ee2\u751f\u3057\u305f\u3089\u30b9\u30e9\u30a4\u30e0\u3060\u3063\u305f\u4ef6","title_synonyms":["Tensura 2"],"type":"TV","source":"Manga","episodes":12,"status":"Finished Airing","airing":false,"aired":{"from":"2021-07-06T00:00:00+00:00","to":"2021-09-21T00:00:00+00:00","prop":{"from":{"day":6,"month":7,"year":2021},"to":{"day":21,"month":9,"year":2021}},"string":"Jul 6, 2021 to Sep 21, 2021"},"duration":"23 min per ep","rating":"PG-13 - Teens 13 or older","score":8.33,"scored_by":409038,"rank":228,"popularity":264,"members":715174,"favorites":10683,"synopsis":"The nation of Tempest is in a festive mood after successfully overcoming the surprise attack from the Falmuth Army and the Western Holy Church. Beyond the festivities lies a meeting between Tempest and its allies to decide the future of the Nation of Monsters. The aftermath of the Falmuth invasion, Milim Nava's suspicious behavior, and the disappearance of Demon Lord Carrion\u2014the problems seem to keep on piling up.\n\nRimuru Tempest, now awakened as a True Demon Lord, decides to go on the offensive against Clayman. With the fully revived Storm Dragon Veldora, Ultimate Skill Raphael, and other powerful comrades, the ruler of the Tempest is confident in taking down his enemies one by one until he can face the man pulling the strings.\n\n[Written by MAL Rewrite]","background":null,"season":"summer","year":2021,"broadcast":{"day":"Tuesdays","time":"23:00","timezone":"Asia\/Tokyo","string":"Tuesdays at 23:00 (JST)"},"producers":[{"mal_id":159,"type":"anime","name":"Kodansha","url":"https:\/\/myanimelist.net\/anime\/producer\/159\/Kodansha"},{"mal_id":1416,"type":"anime","name":"BS11","url":"https:\/\/myanimelist.net\/anime\/producer\/1416\/BS11"},{"mal_id":1840,"type":"anime","name":"Bandai Namco Arts","url":"https:\/\/myanimelist.net\/anime\/producer\/1840\/Bandai_Namco_Arts"},{"mal_id":1896,"type":"anime","name":"Micro Magazine Publishing","url":"https:\/\/myanimelist.net\/anime\/producer\/1896\/Micro_Magazine_Publishing"},{"mal_id":1992,"type":"anime","name":"Bandai Spirits","url":"https:\/\/myanimelist.net\/anime\/producer\/1992\/Bandai_Spirits"},{"mal_id":2106,"type":"anime","name":"Sony Music Solutions","url":"https:\/\/myanimelist.net\/anime\/producer\/2106\/Sony_Music_Solutions"},{"mal_id":2232,"type":"anime","name":"ADK Marketing Solutions","url":"https:\/\/myanimelist.net\/anime\/producer\/2232\/ADK_Marketing_Solutions"}],"licensors":[{"mal_id":1468,"type":"anime","name":"Crunchyroll","url":"https:\/\/myanimelist.net\/anime\/producer\/1468\/Crunchyroll"}],"studios":[{"mal_id":441,"type":"anime","name":"8bit","url":"https:\/\/myanimelist.net\/anime\/producer\/441\/8bit"}],"genres":[{"mal_id":1,"type":"anime","name":"Action","url":"https:\/\/myanimelist.net\/anime\/genre\/1\/Action"},{"mal_id":2,"type":"anime","name":"Adventure","url":"https:\/\/myanimelist.net\/anime\/genre\/2\/Adventure"},{"mal_id":4,"type":"anime","name":"Comedy","url":"https:\/\/myanimelist.net\/anime\/genre\/4\/Comedy"},{"mal_id":10,"type":"anime","name":"Fantasy","url":"https:\/\/myanimelist.net\/anime\/genre\/10\/Fantasy"}],"explicit_genres":[],"themes":[{"mal_id":62,"type":"anime","name":"Isekai","url":"https:\/\/myanimelist.net\/anime\/genre\/62\/Isekai"},{"mal_id":72,"type":"anime","name":"Reincarnation","url":"https:\/\/myanimelist.net\/anime\/genre\/72\/Reincarnation"}],"demographics":[{"mal_id":27,"type":"anime","name":"Shounen","url":"https:\/\/myanimelist.net\/anime\/genre\/27\/Shounen"}],"relations":[{"relation":"Adaptation","entry":[{"mal_id":87609,"type":"manga","name":"Tensei shitara Slime Datta Ken","url":"https:\/\/myanimelist.net\/manga\/87609\/Tensei_shitara_Slime_Datta_Ken"}]},{"relation":"Prequel","entry":[{"mal_id":39551,"type":"anime","name":"Tensei shitara Slime Datta Ken 2nd Season","url":"https:\/\/myanimelist.net\/anime\/39551\/Tensei_shitara_Slime_Datta_Ken_2nd_Season"},{"mal_id":49318,"type":"anime","name":"Tensei shitara Slime Datta Ken 2nd Season: Kanwa - Veldora Nikki 2","url":"https:\/\/myanimelist.net\/anime\/49318\/Tensei_shitara_Slime_Datta_Ken_2nd_Season__Kanwa_-_Veldora_Nikki_2"}]},{"relation":"Side story","entry":[{"mal_id":49877,"type":"anime","name":"Tensei shitara Slime Datta Ken Movie: Guren no Kizuna-hen","url":"https:\/\/myanimelist.net\/anime\/49877\/Tensei_shitara_Slime_Datta_Ken_Movie__Guren_no_Kizuna-hen"}]},{"relation":"Sequel","entry":[{"mal_id":53580,"type":"anime","name":"Tensei shitara Slime Datta Ken 3rd Season","url":"https:\/\/myanimelist.net\/anime\/53580\/Tensei_shitara_Slime_Datta_Ken_3rd_Season"}]},{"relation":"Other","entry":[{"mal_id":54050,"type":"anime","name":"He Wei Dao x Guan Yu Wo Zhuan Sheng Bian Cheng Shi Lai Mu Zhe Dang Shi","url":"https:\/\/myanimelist.net\/anime\/54050\/He_Wei_Dao_x_Guan_Yu_Wo_Zhuan_Sheng_Bian_Cheng_Shi_Lai_Mu_Zhe_Dang_Shi"}]}],"theme":{"openings":["\"Like Flames\" by MindaRyn"],"endings":["\"Reincarnate\" by Takuma Terashima"]},"external":[{"name":"Official Site","url":"https:\/\/www.ten-sura.com\/anime\/tensura"},{"name":"@ten_sura_anime","url":"https:\/\/twitter.com\/ten_sura_anime"},{"name":"AniDB","url":"https:\/\/anidb.net\/perl-bin\/animedb.pl?show=anime&aid=15456"},{"name":"ANN","url":"https:\/\/www.animenewsnetwork.com\/encyclopedia\/anime.php?id=24212"},{"name":"Wikipedia","url":"https:\/\/en.wikipedia.org\/wiki\/That_Time_I_Got_Reincarnated_as_a_Slime"},{"name":"Wikipedia","url":"https:\/\/ja.wikipedia.org\/wiki\/%E8%BB%A2%E7%94%9F%E3%81%97%E3%81%9F%E3%82%89%E3%82%B9%E3%83%A9%E3%82%A4%E3%83%A0%E3%81%A0%E3%81%A3%E3%81%9F%E4%BB%B6#%E3%82%A2%E3%83%8B%E3%83%A1"},{"name":"Syoboi","url":"https:\/\/cal.syoboi.jp\/tid\/6024"}],"streaming":[{"name":"Crunchyroll","url":"http:\/\/www.crunchyroll.com\/series-277041"},{"name":"Funimation","url":"https:\/\/www.funimation.com\/"},{"name":"Aniplus TV","url":"http:\/\/www.aniplustv.com\/"},{"name":"Bahamut Anime Crazy","url":"https:\/\/ani.gamer.com.tw\/"},{"name":"Bilibili","url":"https:\/\/www.bilibili.com\/"},{"name":"Laftel","url":"https:\/\/laftel.net\/"},{"name":"Muse Asia","url":"https:\/\/www.youtube.com\/channel\/UCGbshtvS9t-8CW11W7TooQg"},{"name":"Wakanim","url":"https:\/\/www.wakanim.tv\/"},{"name":"iQIYI","url":"https:\/\/www.iq.com\/"}]}}