{"data":{"mal_id":41590,"url":"https:\/\/myanimelist.net\/anime\/41590\/Re_Zero_kara_Hajimeru_Isekai_Seikatsu_-_Hyouketsu_no_Kizuna_-_Manner_Movie","images":{"jpg":{"image_url":"https:\/\/cdn.myanimelist.net\/images\/anime\/1599\/106827.jpg","small_image_url":"https:\/\/cdn.myanimelist.net\/images\/anime\/1599\/106827t.jpg","large_image_url":"https:\/\/cdn.myanimelist.net\/images\/anime\/1599\/106827l.jpg"},"webp":{"image_url":"https:\/\/cdn.myanimelist.net\/images\/anime\/1599\/106827.webp","small_image_url":"https:\/\/cdn.myanimelist.net\/images\/anime\/1599\/106827t.webp","large_image_url":"https:\/\/cdn.myanimelist.net\/images\/anime\/1599\/106827l.webp"}},"trailer":{"youtube_id":null,"url":null,"embed_url":null,"images":{"image_url":null,"small_image_url":null,"medium_image_url":null,"large_image_url":null,"maximum_image_url":null}},"approved":true,"titles":[{"type":"Default","title":"Re:Zero kara Hajimeru Isekai Seikatsu - Hyouketsu no Kizuna - Manner Movie"},{"type":"Synonym","title":"Re:ZERO: Starting Life in Another World - Frozen Bonds - Manner Movie"},{"type":"Japanese","title":"Re:\u30bc\u30ed\u304b\u3089\u59cb\u3081\u308b\u7570\u4e16\u754c\u751f\u6d3b \u6c37\u7d50\u306e\u7d46 \u30de\u30ca\u30fc\u30e0\u30fc\u30d3\u30fc"},{"type":"English","title":"Re:ZERO -Starting Life in Another World- The Frozen Bond: Manner Movie"},{"type":"German","title":"Re.ZERO, Starting Life In Another World, B\u00fcnde aus Eis"},{"type":"Spanish","title":"Re:ZERO -Starting Life in Another World- The Frozen Bond"},{"type":"French","title":"Re:ZERO -Starting Life in Another World- The Frozen Bond"}],"title":"Re:Zero kara Hajimeru Isekai Seikatsu - Hyouketsu no Kizuna - Manner Movie","title_english":"Re:ZERO -Starting Life in Another World- The Frozen Bond: Manner Movie","title_japanese":"Re:\u30bc\u30ed\u304b\u3089\u59cb\u3081\u308b\u7570\u4e16\u754c\u751f\u6d3b \u6c37\u7d50\u306e\u7d46 \u30de\u30ca\u30fc\u30e0\u30fc\u30d3\u30fc","title_synonyms":["Re:ZERO: Starting Life in Another World - Frozen Bonds - Manner Movie"],"type":"Movie","source":"Light novel","episodes":1,"status":"Finished Airing","airing":false,"aired":{"from":"2019-11-08T00:00:00+00:00","to":null,"prop":{"from":{"day":8,"month":11,"year":2019},"to":{"day":null,"month":null,"year":null}},"string":"Nov 8, 2019"},"duration":"3 min","rating":"G - All Ages","score":7.51,"scored_by":16241,"rank":1766,"popularity":3443,"members":39084,"favorites":74,"synopsis":"A manner movie shown before Re:Zero kara Hajimeru Isekai Seikatsu - Hyouketsu no Kizuna.","background":null,"season":null,"year":null,"broadcast":{"day":null,"time":null,"timezone":null,"string":null},"producers":[{"mal_id":314,"type":"anime","name":"White Fox","url":"https:\/\/myanimelist.net\/anime\/producer\/314\/White_Fox"}],"licensors":[],"studios":[{"mal_id":443,"type":"anime","name":"Studio PuYUKAI","url":"https:\/\/myanimelist.net\/anime\/producer\/443\/Studio_PuYUKAI"}],"genres":[{"mal_id":10,"type":"anime","name":"Fantasy","url":"https:\/\/myanimelist.net\/anime\/genre\/10\/Fantasy"}],"explicit_genres":[],"themes":[],"demographics":[],"relations":[{"relation":"Other","entry":[{"mal_id":38414,"type":"anime","name":"Re:Zero kara Hajimeru Isekai Seikatsu - Hyouketsu no Kizuna","url":"https:\/\/myanimelist.net\/anime\/38414\/Re_Zero_kara_Hajimeru_Isekai_Seikatsu_-_Hyouketsu_no_Kizuna"}]}],"theme":{"openings":[],"endings":[]},"external":[{"name":"Official Site","url":"http:\/\/re-zero-anime.jp\/hyoketsu\/"},{"name":"AniDB","url":"https:\/\/anidb.net\/perl-bin\/animedb.pl?show=anime&aid=13430"},{"name":"Wikipedia","url":"https:\/\/en.wikipedia.org\/wiki\/Re:Zero_kara_Hajimeru_Isekai_Seikatsu"}],"streaming":[]}}