{"data":{"mal_id":41595,"url":"https:\/\/myanimelist.net\/anime\/41595\/Tiger___Bunny_2","images":{"jpg":{"image_url":"https:\/\/cdn.myanimelist.net\/images\/anime\/1678\/121388.jpg","small_image_url":"https:\/\/cdn.myanimelist.net\/images\/anime\/1678\/121388t.jpg","large_image_url":"https:\/\/cdn.myanimelist.net\/images\/anime\/1678\/121388l.jpg"},"webp":{"image_url":"https:\/\/cdn.myanimelist.net\/images\/anime\/1678\/121388.webp","small_image_url":"https:\/\/cdn.myanimelist.net\/images\/anime\/1678\/121388t.webp","large_image_url":"https:\/\/cdn.myanimelist.net\/images\/anime\/1678\/121388l.webp"}},"trailer":{"youtube_id":"2myXnqhuMUg","url":"https:\/\/www.youtube.com\/watch?v=2myXnqhuMUg","embed_url":"https:\/\/www.youtube.com\/embed\/2myXnqhuMUg?enablejsapi=1&wmode=opaque&autoplay=1","images":{"image_url":"https:\/\/img.youtube.com\/vi\/2myXnqhuMUg\/default.jpg","small_image_url":"https:\/\/img.youtube.com\/vi\/2myXnqhuMUg\/sddefault.jpg","medium_image_url":"https:\/\/img.youtube.com\/vi\/2myXnqhuMUg\/mqdefault.jpg","large_image_url":"https:\/\/img.youtube.com\/vi\/2myXnqhuMUg\/hqdefault.jpg","maximum_image_url":"https:\/\/img.youtube.com\/vi\/2myXnqhuMUg\/maxresdefault.jpg"}},"approved":true,"titles":[{"type":"Default","title":"Tiger & Bunny 2"},{"type":"Synonym","title":"Tiger and Bunny 2"},{"type":"Synonym","title":"Taibani 2"},{"type":"Japanese","title":"TIGER & BUNNY 2"}],"title":"Tiger & Bunny 2","title_english":null,"title_japanese":"TIGER & BUNNY 2","title_synonyms":["Tiger and Bunny 2","Taibani 2"],"type":"ONA","source":"Original","episodes":13,"status":"Finished Airing","airing":false,"aired":{"from":"2022-04-08T00:00:00+00:00","to":null,"prop":{"from":{"day":8,"month":4,"year":2022},"to":{"day":null,"month":null,"year":null}},"string":"Apr 8, 2022"},"duration":"24 min per ep","rating":"PG-13 - Teens 13 or older","score":7.43,"scored_by":6982,"rank":2044,"popularity":4520,"members":21943,"favorites":92,"synopsis":"With Kotetsu back on the First League, the buddy system is now the big new project of HeroTV. Two heroes fighting crime back to back due to the popularity of the famous duo: Wild Tiger and Barnaby Brooks Jr.\n\nWith new heroes protecting Sternbild City, the ability of both veteran and rookies will be put to the test as they find what it means to rely on others to do to what is best for the city they are trying to protect.","background":null,"season":null,"year":null,"broadcast":{"day":null,"time":null,"timezone":null,"string":null},"producers":[{"mal_id":1233,"type":"anime","name":"Bandai Namco Entertainment","url":"https:\/\/myanimelist.net\/anime\/producer\/1233\/Bandai_Namco_Entertainment"},{"mal_id":1390,"type":"anime","name":"Toy's Factory","url":"https:\/\/myanimelist.net\/anime\/producer\/1390\/Toys_Factory"},{"mal_id":2232,"type":"anime","name":"ADK Marketing Solutions","url":"https:\/\/myanimelist.net\/anime\/producer\/2232\/ADK_Marketing_Solutions"}],"licensors":[],"studios":[{"mal_id":1258,"type":"anime","name":"Bandai Namco Pictures","url":"https:\/\/myanimelist.net\/anime\/producer\/1258\/Bandai_Namco_Pictures"}],"genres":[{"mal_id":1,"type":"anime","name":"Action","url":"https:\/\/myanimelist.net\/anime\/genre\/1\/Action"},{"mal_id":4,"type":"anime","name":"Comedy","url":"https:\/\/myanimelist.net\/anime\/genre\/4\/Comedy"},{"mal_id":7,"type":"anime","name":"Mystery","url":"https:\/\/myanimelist.net\/anime\/genre\/7\/Mystery"}],"explicit_genres":[],"themes":[{"mal_id":50,"type":"anime","name":"Adult Cast","url":"https:\/\/myanimelist.net\/anime\/genre\/50\/Adult_Cast"},{"mal_id":31,"type":"anime","name":"Super Power","url":"https:\/\/myanimelist.net\/anime\/genre\/31\/Super_Power"}],"demographics":[],"relations":[{"relation":"Adaptation","entry":[{"mal_id":154838,"type":"manga","name":"Tiger & Bunny 2 The Comic","url":"https:\/\/myanimelist.net\/manga\/154838\/Tiger___Bunny_2_The_Comic"}]},{"relation":"Prequel","entry":[{"mal_id":12017,"type":"anime","name":"Tiger & Bunny Movie 2: The Rising","url":"https:\/\/myanimelist.net\/anime\/12017\/Tiger___Bunny_Movie_2__The_Rising"}]},{"relation":"Sequel","entry":[{"mal_id":52291,"type":"anime","name":"Tiger & Bunny 2 Part 2","url":"https:\/\/myanimelist.net\/anime\/52291\/Tiger___Bunny_2_Part_2"}]}],"theme":{"openings":["\"kaleido proud fiesta\" by UNISON SQUARE GARDEN"],"endings":["\"AIDA\" by ano"]},"external":[{"name":"Official Site","url":"http:\/\/www.tigerandbunny.net\/"},{"name":"@TIGERandBUNNY","url":"https:\/\/twitter.com\/TIGERandBUNNY"},{"name":"AniDB","url":"https:\/\/anidb.net\/perl-bin\/animedb.pl?show=anime&aid=13713"},{"name":"ANN","url":"https:\/\/www.animenewsnetwork.com\/encyclopedia\/anime.php?id=24222"},{"name":"Wikipedia","url":"https:\/\/en.wikipedia.org\/wiki\/Tiger_&_Bunny#Anime"},{"name":"Wikipedia","url":"https:\/\/ja.wikipedia.org\/wiki\/TIGER_&_BUNNY"},{"name":"Syoboi","url":"https:\/\/cal.syoboi.jp\/tid\/6349"}],"streaming":[{"name":"Netflix","url":"https:\/\/www.netflix.com\/"}]}}