{"data":{"mal_id":4163,"url":"https:\/\/myanimelist.net\/anime\/4163\/Seto_no_Hanayome_OVA","images":{"jpg":{"image_url":"https:\/\/cdn.myanimelist.net\/images\/anime\/6\/22426.jpg","small_image_url":"https:\/\/cdn.myanimelist.net\/images\/anime\/6\/22426t.jpg","large_image_url":"https:\/\/cdn.myanimelist.net\/images\/anime\/6\/22426l.jpg"},"webp":{"image_url":"https:\/\/cdn.myanimelist.net\/images\/anime\/6\/22426.webp","small_image_url":"https:\/\/cdn.myanimelist.net\/images\/anime\/6\/22426t.webp","large_image_url":"https:\/\/cdn.myanimelist.net\/images\/anime\/6\/22426l.webp"}},"trailer":{"youtube_id":null,"url":null,"embed_url":null,"images":{"image_url":null,"small_image_url":null,"medium_image_url":null,"large_image_url":null,"maximum_image_url":null}},"approved":true,"titles":[{"type":"Default","title":"Seto no Hanayome OVA"},{"type":"Synonym","title":"Seto no Hanayome Jin"},{"type":"Synonym","title":"Seto no Hanayome Gi"},{"type":"Japanese","title":"\u702c\u6238\u306e\u82b1\u5ac1 OVA"},{"type":"English","title":"My Bride is a Mermaid OVA"}],"title":"Seto no Hanayome OVA","title_english":"My Bride is a Mermaid OVA","title_japanese":"\u702c\u6238\u306e\u82b1\u5ac1 OVA","title_synonyms":["Seto no Hanayome Jin","Seto no Hanayome Gi"],"type":"OVA","source":"Manga","episodes":2,"status":"Finished Airing","airing":false,"aired":{"from":"2008-11-03T00:00:00+00:00","to":"2009-01-05T00:00:00+00:00","prop":{"from":{"day":3,"month":11,"year":2008},"to":{"day":5,"month":1,"year":2009}},"string":"Nov 3, 2008 to Jan 5, 2009"},"duration":"29 min per ep","rating":"PG-13 - Teens 13 or older","score":7.82,"scored_by":28070,"rank":906,"popularity":2923,"members":52829,"favorites":29,"synopsis":"The Seto no Hanayome OVAs are new stand alone shorts with characters from the series and also two new ones. It is now the third year of school, San and Luna's dads are still being over protective. All the while Nagasumi has his hands full trying to keep everyone around him under control and rescuing damsels in distress. \n\n(Source: ANN)","background":null,"season":null,"year":null,"broadcast":{"day":null,"time":null,"timezone":null,"string":null},"producers":[],"licensors":[],"studios":[{"mal_id":3,"type":"anime","name":"Gonzo","url":"https:\/\/myanimelist.net\/anime\/producer\/3\/Gonzo"},{"mal_id":48,"type":"anime","name":"AIC","url":"https:\/\/myanimelist.net\/anime\/producer\/48\/AIC"}],"genres":[{"mal_id":4,"type":"anime","name":"Comedy","url":"https:\/\/myanimelist.net\/anime\/genre\/4\/Comedy"},{"mal_id":22,"type":"anime","name":"Romance","url":"https:\/\/myanimelist.net\/anime\/genre\/22\/Romance"}],"explicit_genres":[],"themes":[{"mal_id":20,"type":"anime","name":"Parody","url":"https:\/\/myanimelist.net\/anime\/genre\/20\/Parody"},{"mal_id":23,"type":"anime","name":"School","url":"https:\/\/myanimelist.net\/anime\/genre\/23\/School"}],"demographics":[{"mal_id":27,"type":"anime","name":"Shounen","url":"https:\/\/myanimelist.net\/anime\/genre\/27\/Shounen"}],"relations":[{"relation":"Adaptation","entry":[{"mal_id":759,"type":"manga","name":"Seto no Hanayome","url":"https:\/\/myanimelist.net\/manga\/759\/Seto_no_Hanayome"}]},{"relation":"Prequel","entry":[{"mal_id":2104,"type":"anime","name":"Seto no Hanayome","url":"https:\/\/myanimelist.net\/anime\/2104\/Seto_no_Hanayome"}]},{"relation":"Spin-off","entry":[{"mal_id":7041,"type":"anime","name":"Seto no Hanayome OVA Specials","url":"https:\/\/myanimelist.net\/anime\/7041\/Seto_no_Hanayome_OVA_Specials"}]}],"theme":{"openings":["1: \"Zettai Otome (\u7d76\u5bfe\u4e59\u5973)\" by SUN&LUNAR","2: \"Tenshi Ranman Love Power (\u5929\u4f7f\u721b\u6f2b Love Power)\" by Momoi Halko, Nogawa Sakura, Morinaga Rika & Kitamura Eri"],"endings":["1: \"Mirai e Go (\u672a\u6765\u3078Go)\" by DEKABANCHO","2: \"Kakehashi (\u68af -\u304b\u3051\u306f\u3057-)\" by SUN&LUNAR"]},"external":[{"name":"Official Site","url":"http:\/\/www.setonohanayome.com\/"},{"name":"AniDB","url":"https:\/\/anidb.net\/perl-bin\/animedb.pl?show=anime&aid=6126"},{"name":"ANN","url":"https:\/\/www.animenewsnetwork.com\/encyclopedia\/anime.php?id=9694"},{"name":"Wikipedia","url":"http:\/\/en.wikipedia.org\/wiki\/Seto_no_hanayome#OVA"}],"streaming":[]}}