{"data":{"mal_id":4182,"url":"https:\/\/myanimelist.net\/anime\/4182\/Darker_than_Black__Kuro_no_Keiyakusha_-_Sakura_no_Hana_no_Mankai_no_Shita","images":{"jpg":{"image_url":"https:\/\/cdn.myanimelist.net\/images\/anime\/3\/32729.jpg","small_image_url":"https:\/\/cdn.myanimelist.net\/images\/anime\/3\/32729t.jpg","large_image_url":"https:\/\/cdn.myanimelist.net\/images\/anime\/3\/32729l.jpg"},"webp":{"image_url":"https:\/\/cdn.myanimelist.net\/images\/anime\/3\/32729.webp","small_image_url":"https:\/\/cdn.myanimelist.net\/images\/anime\/3\/32729t.webp","large_image_url":"https:\/\/cdn.myanimelist.net\/images\/anime\/3\/32729l.webp"}},"trailer":{"youtube_id":null,"url":null,"embed_url":null,"images":{"image_url":null,"small_image_url":null,"medium_image_url":null,"large_image_url":null,"maximum_image_url":null}},"approved":true,"titles":[{"type":"Default","title":"Darker than Black: Kuro no Keiyakusha - Sakura no Hana no Mankai no Shita"},{"type":"Synonym","title":"Darker than Black Episode 26"},{"type":"Synonym","title":"DTB"},{"type":"Synonym","title":"Darker than Black: Kuro no Keiyakusha Special"},{"type":"Japanese","title":"DARKER THAN BLACK -\u9ed2\u306e\u5951\u7d04\u8005- \u685c\u306e\u82b1\u306e\u6e80\u958b\u306e\u4e0b"},{"type":"English","title":"Darker Than Black Episode 26: Beneath the Fully Bloomed Cherry Blossoms"},{"type":"German","title":"Darker Than Black: Unter Voll Erbl\u00fchten Kirschb\u00e4umen"}],"title":"Darker than Black: Kuro no Keiyakusha - Sakura no Hana no Mankai no Shita","title_english":"Darker Than Black Episode 26: Beneath the Fully Bloomed Cherry Blossoms","title_japanese":"DARKER THAN BLACK -\u9ed2\u306e\u5951\u7d04\u8005- \u685c\u306e\u82b1\u306e\u6e80\u958b\u306e\u4e0b","title_synonyms":["Darker than Black Episode 26","DTB","Darker than Black: Kuro no Keiyakusha Special"],"type":"Special","source":"Original","episodes":1,"status":"Finished Airing","airing":false,"aired":{"from":"2008-03-26T00:00:00+00:00","to":null,"prop":{"from":{"day":26,"month":3,"year":2008},"to":{"day":null,"month":null,"year":null}},"string":"Mar 26, 2008"},"duration":"23 min","rating":"R - 17+ (violence & profanity)","score":7.54,"scored_by":79216,"rank":1639,"popularity":1564,"members":139223,"favorites":191,"synopsis":"A side-story of Darker than Black, also called Episode 26, that takes place during the events of Kuro no Keiyakusha. \n\nThe Syndicate has another job for Hei and his team. This assignment involves the sought after possessions of a dead contractor, which are believed to have been buried beneath a cherry tree. Meanwhile, Misaki Kirihara and her team plan a trip to the Cherry Blossom festival.\n\n[Written by MAL Rewrite]","background":"This episode represents episode 9 on the Darker than Black DVDs.","season":null,"year":null,"broadcast":{"day":null,"time":null,"timezone":null,"string":null},"producers":[{"mal_id":17,"type":"anime","name":"Aniplex","url":"https:\/\/myanimelist.net\/anime\/producer\/17\/Aniplex"},{"mal_id":58,"type":"anime","name":"Square Enix","url":"https:\/\/myanimelist.net\/anime\/producer\/58\/Square_Enix"}],"licensors":[{"mal_id":102,"type":"anime","name":"Funimation","url":"https:\/\/myanimelist.net\/anime\/producer\/102\/Funimation"}],"studios":[{"mal_id":4,"type":"anime","name":"Bones","url":"https:\/\/myanimelist.net\/anime\/producer\/4\/Bones"}],"genres":[{"mal_id":4,"type":"anime","name":"Comedy","url":"https:\/\/myanimelist.net\/anime\/genre\/4\/Comedy"},{"mal_id":24,"type":"anime","name":"Sci-Fi","url":"https:\/\/myanimelist.net\/anime\/genre\/24\/Sci-Fi"}],"explicit_genres":[],"themes":[{"mal_id":20,"type":"anime","name":"Parody","url":"https:\/\/myanimelist.net\/anime\/genre\/20\/Parody"}],"demographics":[],"relations":[{"relation":"Parent story","entry":[{"mal_id":2025,"type":"anime","name":"Darker than Black: Kuro no Keiyakusha","url":"https:\/\/myanimelist.net\/anime\/2025\/Darker_than_Black__Kuro_no_Keiyakusha"}]}],"theme":{"openings":["\"Kakusei Heroism ~The Hero without a Name~\" by An Cafe"],"endings":["\"Dreams\" by HIGH and MIGHTY COLOR"]},"external":[{"name":"Official Site","url":"http:\/\/www.d-black.net\/"},{"name":"AniDB","url":"https:\/\/anidb.net\/perl-bin\/animedb.pl?show=anime&aid=4906"},{"name":"Wikipedia","url":"http:\/\/en.wikipedia.org\/wiki\/Darker_than_Black"}],"streaming":[]}}