{"data":{"mal_id":42203,"url":"https:\/\/myanimelist.net\/anime\/42203\/Re_Zero_kara_Hajimeru_Isekai_Seikatsu_2nd_Season_Part_2","images":{"jpg":{"image_url":"https:\/\/cdn.myanimelist.net\/images\/anime\/1724\/117421.jpg","small_image_url":"https:\/\/cdn.myanimelist.net\/images\/anime\/1724\/117421t.jpg","large_image_url":"https:\/\/cdn.myanimelist.net\/images\/anime\/1724\/117421l.jpg"},"webp":{"image_url":"https:\/\/cdn.myanimelist.net\/images\/anime\/1724\/117421.webp","small_image_url":"https:\/\/cdn.myanimelist.net\/images\/anime\/1724\/117421t.webp","large_image_url":"https:\/\/cdn.myanimelist.net\/images\/anime\/1724\/117421l.webp"}},"trailer":{"youtube_id":"cG68UqKqYq0","url":"https:\/\/www.youtube.com\/watch?v=cG68UqKqYq0","embed_url":"https:\/\/www.youtube.com\/embed\/cG68UqKqYq0?enablejsapi=1&wmode=opaque&autoplay=1","images":{"image_url":"https:\/\/img.youtube.com\/vi\/cG68UqKqYq0\/default.jpg","small_image_url":"https:\/\/img.youtube.com\/vi\/cG68UqKqYq0\/sddefault.jpg","medium_image_url":"https:\/\/img.youtube.com\/vi\/cG68UqKqYq0\/mqdefault.jpg","large_image_url":"https:\/\/img.youtube.com\/vi\/cG68UqKqYq0\/hqdefault.jpg","maximum_image_url":"https:\/\/img.youtube.com\/vi\/cG68UqKqYq0\/maxresdefault.jpg"}},"approved":true,"titles":[{"type":"Default","title":"Re:Zero kara Hajimeru Isekai Seikatsu 2nd Season Part 2"},{"type":"Synonym","title":"Re: Life in a different world from zero 2nd Season"},{"type":"Synonym","title":"ReZero 2nd Season"},{"type":"Synonym","title":"Re:Zero - Starting Life in Another World 2"},{"type":"Japanese","title":"Re\uff1a\u30bc\u30ed\u304b\u3089\u59cb\u3081\u308b\u7570\u4e16\u754c\u751f\u6d3b"},{"type":"English","title":"Re:ZERO -Starting Life in Another World- Season 2 Part 2"},{"type":"German","title":"Re:ZERO -Starting Life in Another World- Season 2 Part 2"},{"type":"Spanish","title":"Re:Zero -Empezar de cero en un mundo diferente- Temporada 2"},{"type":"French","title":"Re:Zero-Starting Life in Another World-Part 2\/2"}],"title":"Re:Zero kara Hajimeru Isekai Seikatsu 2nd Season Part 2","title_english":"Re:ZERO -Starting Life in Another World- Season 2 Part 2","title_japanese":"Re\uff1a\u30bc\u30ed\u304b\u3089\u59cb\u3081\u308b\u7570\u4e16\u754c\u751f\u6d3b","title_synonyms":["Re: Life in a different world from zero 2nd Season","ReZero 2nd Season","Re:Zero - Starting Life in Another World 2"],"type":"TV","source":"Light novel","episodes":12,"status":"Finished Airing","airing":false,"aired":{"from":"2021-01-06T00:00:00+00:00","to":"2021-03-24T00:00:00+00:00","prop":{"from":{"day":6,"month":1,"year":2021},"to":{"day":24,"month":3,"year":2021}},"string":"Jan 6, 2021 to Mar 24, 2021"},"duration":"29 min per ep","rating":"R - 17+ (violence & profanity)","score":8.44,"scored_by":493985,"rank":159,"popularity":194,"members":849298,"favorites":12188,"synopsis":"After a stern yet compelling speech by Otto Suwen, Subaru Natsuki solemnly swears that he will successfully make it through this timeline and save everyone he can along the way. The first step toward achieving this goal is to help Emilia work through her past; however, that is easier said than done. Feeling as if she has been lied to by everyone around her, it will be difficult for Emilia to trust anyone, even Subaru, her self-proclaimed knight.\n\nRe:Zero kara Hajimeru Isekai Seikatsu 2nd Season Part 2 presents the culmination of Subaru's experiences with the Sanctuary and its people, along with his unwillingness to give up hope on saving them.\n\n[Written by MAL Rewrite]","background":"Re:Zero kara Hajimeru Isekai Seikatsu 2nd Season Part 2 adapts volumes 13-15 of Tappei Nagatsuki's light novel series of the same title.","season":"winter","year":2021,"broadcast":{"day":"Wednesdays","time":"22:30","timezone":"Asia\/Tokyo","string":"Wednesdays at 22:30 (JST)"},"producers":[{"mal_id":238,"type":"anime","name":"AT-X","url":"https:\/\/myanimelist.net\/anime\/producer\/238\/AT-X"},{"mal_id":647,"type":"anime","name":"Memory-Tech","url":"https:\/\/myanimelist.net\/anime\/producer\/647\/Memory-Tech"},{"mal_id":1333,"type":"anime","name":"Hakuhodo DY Music & Pictures","url":"https:\/\/myanimelist.net\/anime\/producer\/1333\/Hakuhodo_DY_Music___Pictures"},{"mal_id":1551,"type":"anime","name":"Kadokawa Media House","url":"https:\/\/myanimelist.net\/anime\/producer\/1551\/Kadokawa_Media_House"},{"mal_id":1696,"type":"anime","name":"Kadokawa","url":"https:\/\/myanimelist.net\/anime\/producer\/1696\/Kadokawa"}],"licensors":[],"studios":[{"mal_id":314,"type":"anime","name":"White Fox","url":"https:\/\/myanimelist.net\/anime\/producer\/314\/White_Fox"}],"genres":[{"mal_id":8,"type":"anime","name":"Drama","url":"https:\/\/myanimelist.net\/anime\/genre\/8\/Drama"},{"mal_id":10,"type":"anime","name":"Fantasy","url":"https:\/\/myanimelist.net\/anime\/genre\/10\/Fantasy"},{"mal_id":41,"type":"anime","name":"Suspense","url":"https:\/\/myanimelist.net\/anime\/genre\/41\/Suspense"}],"explicit_genres":[],"themes":[{"mal_id":62,"type":"anime","name":"Isekai","url":"https:\/\/myanimelist.net\/anime\/genre\/62\/Isekai"},{"mal_id":40,"type":"anime","name":"Psychological","url":"https:\/\/myanimelist.net\/anime\/genre\/40\/Psychological"},{"mal_id":78,"type":"anime","name":"Time Travel","url":"https:\/\/myanimelist.net\/anime\/genre\/78\/Time_Travel"}],"demographics":[],"relations":[{"relation":"Adaptation","entry":[{"mal_id":74697,"type":"manga","name":"Re:Zero kara Hajimeru Isekai Seikatsu","url":"https:\/\/myanimelist.net\/manga\/74697\/Re_Zero_kara_Hajimeru_Isekai_Seikatsu"}]},{"relation":"Prequel","entry":[{"mal_id":39587,"type":"anime","name":"Re:Zero kara Hajimeru Isekai Seikatsu 2nd Season","url":"https:\/\/myanimelist.net\/anime\/39587\/Re_Zero_kara_Hajimeru_Isekai_Seikatsu_2nd_Season"}]},{"relation":"Sequel","entry":[{"mal_id":54857,"type":"anime","name":"Re:Zero kara Hajimeru Isekai Seikatsu 3rd Season","url":"https:\/\/myanimelist.net\/anime\/54857\/Re_Zero_kara_Hajimeru_Isekai_Seikatsu_3rd_Season"}]}],"theme":{"openings":["\"Long shot\" by Mayu Maeshima (\u524d\u5cf6\u9ebb\u7531) (eps 6, 8)"],"endings":["5: \"Long shot\" by Mayu Maeshima (\u524d\u5cf6\u9ebb\u7531) (eps 12)","1: \"Memento\" by nonoc (eps 1,3)","2: \"Door\" by Emilia (Rie Takahashi) (eps 2)","3: \"Believe in you\" by nonoc (eps 4-6)","4: \"Anata no Shiranai Koto (\u3042\u306a\u305f\u306e\u77e5\u3089\u306a\u3044\u3053\u3068)\" by Ram (Rie Murakawa) (eps 10)"]},"external":[{"name":"Official Site","url":"http:\/\/re-zero-anime.jp\/tv\/"},{"name":"@Rezero_official","url":"https:\/\/twitter.com\/Rezero_official"},{"name":"AniDB","url":"https:\/\/anidb.net\/perl-bin\/animedb.pl?show=anime&aid=15593"},{"name":"ANN","url":"https:\/\/www.animenewsnetwork.com\/encyclopedia\/anime.php?id=23779"},{"name":"Wikipedia","url":"https:\/\/en.wikipedia.org\/wiki\/Re:Zero_%E2%88%92_Starting_Life_in_Another_World#Anime_2"},{"name":"Wikipedia","url":"https:\/\/ja.wikipedia.org\/wiki\/Re:%E3%82%BC%E3%83%AD%E3%81%8B%E3%82%89%E5%A7%8B%E3%82%81%E3%82%8B%E7%95%B0%E4%B8%96%E7%95%8C%E7%94%9F%E6%B4%BB"},{"name":"Syoboi","url":"https:\/\/cal.syoboi.jp\/tid\/5857"},{"name":"Bangumi","url":"https:\/\/bangumi.tv\/subject\/316247"}],"streaming":[{"name":"Crunchyroll","url":"http:\/\/www.crunchyroll.com\/series-269787"},{"name":"Animax Asia","url":"https:\/\/www.animax-asia.com\/"},{"name":"Bahamut Anime Crazy","url":"https:\/\/ani.gamer.com.tw\/"},{"name":"Bilibili","url":"https:\/\/www.bilibili.com\/"},{"name":"Viu","url":"https:\/\/www.hq.viu.com\/"},{"name":"iQIYI","url":"https:\/\/www.iq.com\/"}]}}