{"data":{"mal_id":42310,"url":"https:\/\/myanimelist.net\/anime\/42310\/Cyberpunk__Edgerunners","images":{"jpg":{"image_url":"https:\/\/cdn.myanimelist.net\/images\/anime\/1818\/126435.jpg","small_image_url":"https:\/\/cdn.myanimelist.net\/images\/anime\/1818\/126435t.jpg","large_image_url":"https:\/\/cdn.myanimelist.net\/images\/anime\/1818\/126435l.jpg"},"webp":{"image_url":"https:\/\/cdn.myanimelist.net\/images\/anime\/1818\/126435.webp","small_image_url":"https:\/\/cdn.myanimelist.net\/images\/anime\/1818\/126435t.webp","large_image_url":"https:\/\/cdn.myanimelist.net\/images\/anime\/1818\/126435l.webp"}},"trailer":{"youtube_id":"JtqIas3bYhg","url":"https:\/\/www.youtube.com\/watch?v=JtqIas3bYhg","embed_url":"https:\/\/www.youtube.com\/embed\/JtqIas3bYhg?enablejsapi=1&wmode=opaque&autoplay=1","images":{"image_url":"https:\/\/img.youtube.com\/vi\/JtqIas3bYhg\/default.jpg","small_image_url":"https:\/\/img.youtube.com\/vi\/JtqIas3bYhg\/sddefault.jpg","medium_image_url":"https:\/\/img.youtube.com\/vi\/JtqIas3bYhg\/mqdefault.jpg","large_image_url":"https:\/\/img.youtube.com\/vi\/JtqIas3bYhg\/hqdefault.jpg","maximum_image_url":"https:\/\/img.youtube.com\/vi\/JtqIas3bYhg\/maxresdefault.jpg"}},"approved":true,"titles":[{"type":"Default","title":"Cyberpunk: Edgerunners"},{"type":"Japanese","title":"CYBERPUNK: EDGERUNNERS"}],"title":"Cyberpunk: Edgerunners","title_english":null,"title_japanese":"CYBERPUNK: EDGERUNNERS","title_synonyms":[],"type":"ONA","source":"Game","episodes":10,"status":"Finished Airing","airing":false,"aired":{"from":"2022-09-13T00:00:00+00:00","to":null,"prop":{"from":{"day":13,"month":9,"year":2022},"to":{"day":null,"month":null,"year":null}},"string":"Sep 13, 2022"},"duration":"25 min per ep","rating":"R+ - Mild Nudity","score":8.6,"scored_by":446933,"rank":88,"popularity":297,"members":660082,"favorites":22512,"synopsis":"Dreams are doomed to die in Night City, a futuristic Californian metropolis. As a teenager living in the city's slums, David Martinez is trying to fulfill his mother's lifelong wish for him to reach the top of Arasaka, the world's leading security corporation. To this end, he attends the prestigious Arasaka Academy while his mother works tirelessly to keep their family afloat.\n\nWhen an incident with a street gang leaves David's life in tatters, he stumbles upon Sandevistan cyberware\u2014a prosthetic that grants its wearer superhuman speed. Fueled by rage, David implants the device in his back, using it to exact revenge on one of his tormentors. This gets him expelled from the academy, shattering his hopes of ever making his mother proud.\n\nAfter witnessing David's newfound abilities, the beautiful data thief Lucyna \"Lucy\" Kushinada offers to team up with him, handing him a ticket to salvation. However, associating with Lucy introduces David to the world of Edgerunners\u2014cyborg criminals who will break any law for money. Edgerunners often lose their lives, if the cyberware does not break their minds first; but in his fight for survival inside a corrupt system, David is ready to risk it all.\n\n[Written by MAL Rewrite]","background":"Cyberpunk: Edgerunners is based on the Cyberpunk 2077 video game by CD Projekt Red. The series acts as a prequel to the game's story.","season":null,"year":null,"broadcast":{"day":null,"time":null,"timezone":null,"string":null},"producers":[{"mal_id":2594,"type":"anime","name":"CD Projekt Red","url":"https:\/\/myanimelist.net\/anime\/producer\/2594\/CD_Projekt_Red"}],"licensors":[],"studios":[{"mal_id":803,"type":"anime","name":"Trigger","url":"https:\/\/myanimelist.net\/anime\/producer\/803\/Trigger"}],"genres":[{"mal_id":1,"type":"anime","name":"Action","url":"https:\/\/myanimelist.net\/anime\/genre\/1\/Action"},{"mal_id":24,"type":"anime","name":"Sci-Fi","url":"https:\/\/myanimelist.net\/anime\/genre\/24\/Sci-Fi"}],"explicit_genres":[],"themes":[{"mal_id":58,"type":"anime","name":"Gore","url":"https:\/\/myanimelist.net\/anime\/genre\/58\/Gore"},{"mal_id":40,"type":"anime","name":"Psychological","url":"https:\/\/myanimelist.net\/anime\/genre\/40\/Psychological"}],"demographics":[],"relations":[{"relation":"Other","entry":[{"mal_id":53013,"type":"anime","name":"Let You Down","url":"https:\/\/myanimelist.net\/anime\/53013\/Let_You_Down"}]}],"theme":{"openings":["\"This Fffire\" by Franz Ferdinand"],"endings":["\"Let You Down\" by Dawid Podsiad\u0142o"]},"external":[{"name":"Official Site","url":"https:\/\/www.cyberpunk.net\/ja\/edgerunners"},{"name":"@edgerunners","url":"https:\/\/twitter.com\/edgerunners"},{"name":"AniDB","url":"https:\/\/anidb.net\/perl-bin\/animedb.pl?show=anime&aid=15610"},{"name":"ANN","url":"https:\/\/www.animenewsnetwork.com\/encyclopedia\/anime.php?id=25775"},{"name":"Wikipedia","url":"https:\/\/en.wikipedia.org\/wiki\/Cyberpunk:_Edgerunners"},{"name":"Wikipedia","url":"https:\/\/ja.wikipedia.org\/wiki\/%E3%82%B5%E3%82%A4%E3%83%90%E3%83%BC%E3%83%91%E3%83%B3%E3%82%AF2077"}],"streaming":[]}}