{"data":{"mal_id":42351,"url":"https:\/\/myanimelist.net\/anime\/42351\/Senpai_ga_Uzai_Kouhai_no_Hanashi","images":{"jpg":{"image_url":"https:\/\/cdn.myanimelist.net\/images\/anime\/1055\/118890.jpg","small_image_url":"https:\/\/cdn.myanimelist.net\/images\/anime\/1055\/118890t.jpg","large_image_url":"https:\/\/cdn.myanimelist.net\/images\/anime\/1055\/118890l.jpg"},"webp":{"image_url":"https:\/\/cdn.myanimelist.net\/images\/anime\/1055\/118890.webp","small_image_url":"https:\/\/cdn.myanimelist.net\/images\/anime\/1055\/118890t.webp","large_image_url":"https:\/\/cdn.myanimelist.net\/images\/anime\/1055\/118890l.webp"}},"trailer":{"youtube_id":"6jHQlaQXQSs","url":"https:\/\/www.youtube.com\/watch?v=6jHQlaQXQSs","embed_url":"https:\/\/www.youtube.com\/embed\/6jHQlaQXQSs?enablejsapi=1&wmode=opaque&autoplay=1","images":{"image_url":"https:\/\/img.youtube.com\/vi\/6jHQlaQXQSs\/default.jpg","small_image_url":"https:\/\/img.youtube.com\/vi\/6jHQlaQXQSs\/sddefault.jpg","medium_image_url":"https:\/\/img.youtube.com\/vi\/6jHQlaQXQSs\/mqdefault.jpg","large_image_url":"https:\/\/img.youtube.com\/vi\/6jHQlaQXQSs\/hqdefault.jpg","maximum_image_url":"https:\/\/img.youtube.com\/vi\/6jHQlaQXQSs\/maxresdefault.jpg"}},"approved":true,"titles":[{"type":"Default","title":"Senpai ga Uzai Kouhai no Hanashi"},{"type":"Japanese","title":"\u5148\u8f29\u304c\u3046\u3056\u3044\u5f8c\u8f29\u306e\u8a71"},{"type":"English","title":"My Senpai is Annoying"}],"title":"Senpai ga Uzai Kouhai no Hanashi","title_english":"My Senpai is Annoying","title_japanese":"\u5148\u8f29\u304c\u3046\u3056\u3044\u5f8c\u8f29\u306e\u8a71","title_synonyms":[],"type":"TV","source":"Web manga","episodes":12,"status":"Finished Airing","airing":false,"aired":{"from":"2021-10-10T00:00:00+00:00","to":"2021-12-26T00:00:00+00:00","prop":{"from":{"day":10,"month":10,"year":2021},"to":{"day":26,"month":12,"year":2021}},"string":"Oct 10, 2021 to Dec 26, 2021"},"duration":"23 min per ep","rating":"PG-13 - Teens 13 or older","score":7.59,"scored_by":147826,"rank":1474,"popularity":723,"members":318865,"favorites":1694,"synopsis":"At a certain trading company, saleswoman Futaba Igarashi has managed to hold her respectable job for almost two years thanks to the guidance of her senior coworker\u2014Harumi Takeda. However, due to Igarashi's short stature, Takeda often teases her and treats her like a kid, leaving Igarashi constantly annoyed by his antics.\n\nDespite this, Igarashi notices Takeda's reliability as he is always ready to help whenever something at their workplace goes awry. As Igarashi and Takeda spend more time together, their relationship soon develops further than simply being coworkers at the office.\n\n[Written by MAL Rewrite]","background":"Senpai ga Uzai Kouhai no Hanashi was released on Blu-ray from November 24, 2021 to February 23, 2022.","season":"fall","year":2021,"broadcast":{"day":"Sundays","time":"01:00","timezone":"Asia\/Tokyo","string":"Sundays at 01:00 (JST)"},"producers":[{"mal_id":166,"type":"anime","name":"Movic","url":"https:\/\/myanimelist.net\/anime\/producer\/166\/Movic"},{"mal_id":460,"type":"anime","name":"KlockWorx","url":"https:\/\/myanimelist.net\/anime\/producer\/460\/KlockWorx"},{"mal_id":1344,"type":"anime","name":"King Records","url":"https:\/\/myanimelist.net\/anime\/producer\/1344\/King_Records"},{"mal_id":1582,"type":"anime","name":"Ichijinsha","url":"https:\/\/myanimelist.net\/anime\/producer\/1582\/Ichijinsha"},{"mal_id":1671,"type":"anime","name":"DMM pictures","url":"https:\/\/myanimelist.net\/anime\/producer\/1671\/DMM_pictures"}],"licensors":[{"mal_id":102,"type":"anime","name":"Funimation","url":"https:\/\/myanimelist.net\/anime\/producer\/102\/Funimation"}],"studios":[{"mal_id":95,"type":"anime","name":"Doga Kobo","url":"https:\/\/myanimelist.net\/anime\/producer\/95\/Doga_Kobo"}],"genres":[{"mal_id":4,"type":"anime","name":"Comedy","url":"https:\/\/myanimelist.net\/anime\/genre\/4\/Comedy"}],"explicit_genres":[],"themes":[{"mal_id":50,"type":"anime","name":"Adult Cast","url":"https:\/\/myanimelist.net\/anime\/genre\/50\/Adult_Cast"},{"mal_id":74,"type":"anime","name":"Romantic Subtext","url":"https:\/\/myanimelist.net\/anime\/genre\/74\/Romantic_Subtext"},{"mal_id":48,"type":"anime","name":"Workplace","url":"https:\/\/myanimelist.net\/anime\/genre\/48\/Workplace"}],"demographics":[],"relations":[{"relation":"Adaptation","entry":[{"mal_id":113560,"type":"manga","name":"Senpai ga Uzai Kouhai no Hanashi","url":"https:\/\/myanimelist.net\/manga\/113560\/Senpai_ga_Uzai_Kouhai_no_Hanashi"}]}],"theme":{"openings":["\"Annoying! San San Week! (\u30a2\u30ce\u30fc\u30a4\u30f3\u30b0\uff01\u3055\u3093\u3055\u3093\u30a6\u30a3\u30fc\u30af\uff01)\" by Futaba Igarashi (CV: Tomori Kusunoki), Touko Sakurai (CV: Saori Hayami), Natsumi Kurobe (CV: Reina Aoyama), Mona Tsukishiro (CV: Aoi Koga)"],"endings":["\"Niji ga Kakaru Made no Hanashi (\u8679\u304c\u67b6\u304b\u308b\u307e\u3067\u306e\u8a71) \" by Yui Horie"]},"external":[{"name":"Official Site","url":"https:\/\/senpaiga-uzai-anime.com\/"},{"name":"@uzai_anime","url":"https:\/\/twitter.com\/uzai_anime"},{"name":"AniDB","url":"https:\/\/anidb.net\/perl-bin\/animedb.pl?show=anime&aid=15621"},{"name":"ANN","url":"https:\/\/www.animenewsnetwork.com\/encyclopedia\/anime.php?id=24027"},{"name":"Wikipedia","url":"https:\/\/en.wikipedia.org\/wiki\/My_Senpai_Is_Annoying#Anime"},{"name":"Wikipedia","url":"https:\/\/ja.wikipedia.org\/wiki\/%E5%85%88%E8%BC%A9%E3%81%8C%E3%81%86%E3%81%96%E3%81%84%E5%BE%8C%E8%BC%A9%E3%81%AE%E8%A9%B1"},{"name":"Syoboi","url":"https:\/\/cal.syoboi.jp\/tid\/6112"},{"name":"Bangumi","url":"https:\/\/bangumi.tv\/subject\/309670"}],"streaming":[{"name":"Crunchyroll","url":"http:\/\/www.crunchyroll.com\/series-283385"},{"name":"Funimation","url":"https:\/\/www.funimation.com\/shows\/my-senpai-is-annoying\/"}]}}