{"data":{"mal_id":427,"url":"https:\/\/myanimelist.net\/anime\/427\/Kaleido_Star","images":{"jpg":{"image_url":"https:\/\/cdn.myanimelist.net\/images\/anime\/1230\/98847.jpg","small_image_url":"https:\/\/cdn.myanimelist.net\/images\/anime\/1230\/98847t.jpg","large_image_url":"https:\/\/cdn.myanimelist.net\/images\/anime\/1230\/98847l.jpg"},"webp":{"image_url":"https:\/\/cdn.myanimelist.net\/images\/anime\/1230\/98847.webp","small_image_url":"https:\/\/cdn.myanimelist.net\/images\/anime\/1230\/98847t.webp","large_image_url":"https:\/\/cdn.myanimelist.net\/images\/anime\/1230\/98847l.webp"}},"trailer":{"youtube_id":"MLFfVCelHwU","url":"https:\/\/www.youtube.com\/watch?v=MLFfVCelHwU","embed_url":"https:\/\/www.youtube.com\/embed\/MLFfVCelHwU?enablejsapi=1&wmode=opaque&autoplay=1","images":{"image_url":"https:\/\/img.youtube.com\/vi\/MLFfVCelHwU\/default.jpg","small_image_url":"https:\/\/img.youtube.com\/vi\/MLFfVCelHwU\/sddefault.jpg","medium_image_url":"https:\/\/img.youtube.com\/vi\/MLFfVCelHwU\/mqdefault.jpg","large_image_url":"https:\/\/img.youtube.com\/vi\/MLFfVCelHwU\/hqdefault.jpg","maximum_image_url":"https:\/\/img.youtube.com\/vi\/MLFfVCelHwU\/maxresdefault.jpg"}},"approved":true,"titles":[{"type":"Default","title":"Kaleido Star"},{"type":"Synonym","title":"Kaleido Star: New Wings"},{"type":"Japanese","title":"\u30ab\u30ec\u30a4\u30c9\u30b9\u30bf\u30fc"},{"type":"English","title":"Kaleido Star"}],"title":"Kaleido Star","title_english":"Kaleido Star","title_japanese":"\u30ab\u30ec\u30a4\u30c9\u30b9\u30bf\u30fc","title_synonyms":["Kaleido Star: New Wings"],"type":"TV","source":"Original","episodes":51,"status":"Finished Airing","airing":false,"aired":{"from":"2003-04-03T00:00:00+00:00","to":"2004-03-27T00:00:00+00:00","prop":{"from":{"day":3,"month":4,"year":2003},"to":{"day":27,"month":3,"year":2004}},"string":"Apr 3, 2003 to Mar 27, 2004"},"duration":"23 min per ep","rating":"PG-13 - Teens 13 or older","score":7.92,"scored_by":35213,"rank":725,"popularity":2226,"members":84226,"favorites":1338,"synopsis":"The Kaleido Stage is known throughout the world for captivating audiences with its amazing acrobatics, innovative routines, and extravagant costumes and sets. It is a place for guests to believe in magic, and Sora Naegino wants nothing more than to be a part of that magic\u2014by becoming an acrobat for the famed circus herself.\n\nTo realize her dream, she travels from Japan to California to audition for a place in the group. However, Sora learns that she needs much more than her natural talent to bring joy to the faces in the crowd. She quickly discovers just how difficult it is to be a professional performer where the stakes\u2014and the stunts\u2014are higher and mistakes spell danger! To put on performances worthy of the Kaleido Stage, she will need to endure rigorous training, unconventional assignments, fierce competition, and the antics of a mischievous spirit named Fool.\n\nCan Sora reach new heights, make new friends, conquer her fears, and surpass her limits to become a Kaleido Star?\n\n[Written by MAL Rewrite]","background":"Kaleido Star premiered Thursday April 3, 2003 at 5:25 PM on TV Tokyo. Starting with episode 27, the show moved to a morning timeslot of Saturdays at 9:30 AM, and added the subtitle \"New Wings\" to the title. \"Special Thanks Dio\" in the end credits refers to Dio Kobayashi, a Japanese circus performer who traveled all over the world. He was invited to the project by its director Satou Junichi and became a special adviser for the show. The character Dio is based on him.","season":"spring","year":2003,"broadcast":{"day":"Saturdays","time":"09:30","timezone":"Asia\/Tokyo","string":"Saturdays at 09:30 (JST)"},"producers":[{"mal_id":10,"type":"anime","name":"Production I.G","url":"https:\/\/myanimelist.net\/anime\/producer\/10\/Production_IG"},{"mal_id":16,"type":"anime","name":"TV Tokyo","url":"https:\/\/myanimelist.net\/anime\/producer\/16\/TV_Tokyo"},{"mal_id":34,"type":"anime","name":"Hal Film Maker","url":"https:\/\/myanimelist.net\/anime\/producer\/34\/Hal_Film_Maker"},{"mal_id":134,"type":"anime","name":"HoriPro","url":"https:\/\/myanimelist.net\/anime\/producer\/134\/HoriPro"},{"mal_id":135,"type":"anime","name":"MediaNet","url":"https:\/\/myanimelist.net\/anime\/producer\/135\/MediaNet"}],"licensors":[{"mal_id":97,"type":"anime","name":"ADV Films","url":"https:\/\/myanimelist.net\/anime\/producer\/97\/ADV_Films"},{"mal_id":102,"type":"anime","name":"Funimation","url":"https:\/\/myanimelist.net\/anime\/producer\/102\/Funimation"}],"studios":[{"mal_id":3,"type":"anime","name":"Gonzo","url":"https:\/\/myanimelist.net\/anime\/producer\/3\/Gonzo"}],"genres":[{"mal_id":4,"type":"anime","name":"Comedy","url":"https:\/\/myanimelist.net\/anime\/genre\/4\/Comedy"},{"mal_id":8,"type":"anime","name":"Drama","url":"https:\/\/myanimelist.net\/anime\/genre\/8\/Drama"},{"mal_id":10,"type":"anime","name":"Fantasy","url":"https:\/\/myanimelist.net\/anime\/genre\/10\/Fantasy"}],"explicit_genres":[],"themes":[{"mal_id":70,"type":"anime","name":"Performing Arts","url":"https:\/\/myanimelist.net\/anime\/genre\/70\/Performing_Arts"}],"demographics":[],"relations":[{"relation":"Sequel","entry":[{"mal_id":428,"type":"anime","name":"Kaleido Star: Aratanaru Tsubasa - Extra Stage","url":"https:\/\/myanimelist.net\/anime\/428\/Kaleido_Star__Aratanaru_Tsubasa_-_Extra_Stage"}]},{"relation":"Spin-off","entry":[{"mal_id":1501,"type":"anime","name":"Kaleido Star: Good da yo! Goood!!","url":"https:\/\/myanimelist.net\/anime\/1501\/Kaleido_Star__Good_da_yo_Goood"}]}],"theme":{"openings":["1: \"Take it Shake it\" by Sugar (eps 1-13)","2: \"Yakusoku no Basho e\" by Chihiro Yonekura (eps 14-26)","3: \"Tattoo Kiss\" by r.o.r\/s (eps 27-51)"],"endings":["1: \"Real Identity\" by Sugar (eps 1-13)","2: \"Boku wa Kokoni Iru\" by SOPHIA (eps 14-26)","3: \"Escape\" by r.o.r\/s (eps 27-50)","4: \"Yakusoku no Basho e (\u7d04\u675f\u306e\u5834\u6240\u3078)\" by Chihiro Yonekura & Kaleido Stars (eps 51)"]},"external":[{"name":"Official Site","url":"www.gonzo.co.jp\/archives\/kaleido-star\/"},{"name":"AniDB","url":"https:\/\/anidb.net\/perl-bin\/animedb.pl?show=anime&aid=635"},{"name":"ANN","url":"https:\/\/www.animenewsnetwork.com\/encyclopedia\/anime.php?id=1805"},{"name":"Wikipedia","url":"http:\/\/en.wikipedia.org\/wiki\/Kaleido_Star"}],"streaming":[{"name":"Crunchyroll","url":"http:\/\/www.crunchyroll.com\/series-274259"},{"name":"Funimation","url":"https:\/\/www.funimation.com\/shows\/kaleido-star"}]}}