{"data":{"mal_id":42847,"url":"https:\/\/myanimelist.net\/anime\/42847\/Ai_no_Utagoe_wo_Kikasete","images":{"jpg":{"image_url":"https:\/\/cdn.myanimelist.net\/images\/anime\/1535\/116583.jpg","small_image_url":"https:\/\/cdn.myanimelist.net\/images\/anime\/1535\/116583t.jpg","large_image_url":"https:\/\/cdn.myanimelist.net\/images\/anime\/1535\/116583l.jpg"},"webp":{"image_url":"https:\/\/cdn.myanimelist.net\/images\/anime\/1535\/116583.webp","small_image_url":"https:\/\/cdn.myanimelist.net\/images\/anime\/1535\/116583t.webp","large_image_url":"https:\/\/cdn.myanimelist.net\/images\/anime\/1535\/116583l.webp"}},"trailer":{"youtube_id":"meJzR1EBFqw","url":"https:\/\/www.youtube.com\/watch?v=meJzR1EBFqw","embed_url":"https:\/\/www.youtube.com\/embed\/meJzR1EBFqw?enablejsapi=1&wmode=opaque&autoplay=1","images":{"image_url":"https:\/\/img.youtube.com\/vi\/meJzR1EBFqw\/default.jpg","small_image_url":"https:\/\/img.youtube.com\/vi\/meJzR1EBFqw\/sddefault.jpg","medium_image_url":"https:\/\/img.youtube.com\/vi\/meJzR1EBFqw\/mqdefault.jpg","large_image_url":"https:\/\/img.youtube.com\/vi\/meJzR1EBFqw\/hqdefault.jpg","maximum_image_url":"https:\/\/img.youtube.com\/vi\/meJzR1EBFqw\/maxresdefault.jpg"}},"approved":true,"titles":[{"type":"Default","title":"Ai no Utagoe wo Kikasete"},{"type":"Japanese","title":"\u30a2\u30a4\u306e\u6b4c\u58f0\u3092\u8074\u304b\u305b\u3066"},{"type":"English","title":"Sing a Bit of Harmony"}],"title":"Ai no Utagoe wo Kikasete","title_english":"Sing a Bit of Harmony","title_japanese":"\u30a2\u30a4\u306e\u6b4c\u58f0\u3092\u8074\u304b\u305b\u3066","title_synonyms":[],"type":"Movie","source":"Original","episodes":1,"status":"Finished Airing","airing":false,"aired":{"from":"2021-10-29T00:00:00+00:00","to":null,"prop":{"from":{"day":29,"month":10,"year":2021},"to":{"day":null,"month":null,"year":null}},"string":"Oct 29, 2021"},"duration":"1 hr 48 min","rating":"PG-13 - Teens 13 or older","score":7.73,"scored_by":20838,"rank":1110,"popularity":2129,"members":91236,"favorites":653,"synopsis":"Satomi Amano is a model student as well as the daughter of the leading project manager of Hoshima, a company that has revolutionized AI technology. However, due to her standing, Satomi's presence has isolated her from her classmates\u2014an obstacle she knows she may never overcome.\n\nOn an otherwise uneventful day, while preparing for school, Satomi uncovers her mother's latest exciting proposition: an AI that will prove whether robots can live alongside humans. Intrigued by how her mother will commence the project, Satomi makes her way to school, but standing in front of the class is none other than the AI herself.\n\nAs the subject of research, Shion Ashimori is tasked to fit in like a normal teenage girl without exposing her true identity. However, Shion has another goal in mind\u2014to make Satomi happy instead. With her talent for singing, Shion strives to compose harmonious melodies that not only connect her with her newfound friends but also dispel the dissonance within Satomi's heart.\n\n[Written by MAL Rewrite]","background":"Ai no Utagoe wo Kikasete won the Audience Award at the Scotland Loves Animation Film Festival in October 2021. The movie was also awarded Best Animation Film at the 2021 New York City Film & Television Festival. In 2022, the film was nominated for the Best Animated Feature Film Award at the 45th Japan Academy Film Prize. The film was co-produced by Funimation.","season":null,"year":null,"broadcast":{"day":null,"time":null,"timezone":null,"string":null},"producers":[{"mal_id":109,"type":"anime","name":"Shochiku","url":"https:\/\/myanimelist.net\/anime\/producer\/109\/Shochiku"},{"mal_id":1840,"type":"anime","name":"Bandai Namco Arts","url":"https:\/\/myanimelist.net\/anime\/producer\/1840\/Bandai_Namco_Arts"}],"licensors":[{"mal_id":102,"type":"anime","name":"Funimation","url":"https:\/\/myanimelist.net\/anime\/producer\/102\/Funimation"}],"studios":[{"mal_id":7,"type":"anime","name":"J.C.Staff","url":"https:\/\/myanimelist.net\/anime\/producer\/7\/JCStaff"}],"genres":[{"mal_id":8,"type":"anime","name":"Drama","url":"https:\/\/myanimelist.net\/anime\/genre\/8\/Drama"},{"mal_id":24,"type":"anime","name":"Sci-Fi","url":"https:\/\/myanimelist.net\/anime\/genre\/24\/Sci-Fi"}],"explicit_genres":[],"themes":[{"mal_id":19,"type":"anime","name":"Music","url":"https:\/\/myanimelist.net\/anime\/genre\/19\/Music"},{"mal_id":23,"type":"anime","name":"School","url":"https:\/\/myanimelist.net\/anime\/genre\/23\/School"}],"demographics":[],"relations":[{"relation":"Adaptation","entry":[{"mal_id":143303,"type":"manga","name":"Ai no Utagoe wo Kikasete","url":"https:\/\/myanimelist.net\/manga\/143303\/Ai_no_Utagoe_wo_Kikasete"}]}],"theme":{"openings":[],"endings":["\"You've Got Friends (\u3042\u306a\u305f\u306b\u306f\u53cb\u9054\u304c\u3044)\" by Tao Tsuchiya"]},"external":[{"name":"Official Site","url":"https:\/\/ainouta.jp\/"},{"name":"@ainouta_movie","url":"https:\/\/twitter.com\/ainouta_movie"},{"name":"AniDB","url":"https:\/\/anidb.net\/perl-bin\/animedb.pl?show=anime&aid=15722"},{"name":"ANN","url":"https:\/\/www.animenewsnetwork.com\/encyclopedia\/anime.php?id=24142"},{"name":"Wikipedia","url":"https:\/\/en.wikipedia.org\/wiki\/Sing_a_Bit_of_Harmony"},{"name":"Wikipedia","url":"https:\/\/ja.wikipedia.org\/wiki\/%E3%82%A2%E3%82%A4%E3%81%AE%E6%AD%8C%E5%A3%B0%E3%82%92%E8%81%B4%E3%81%8B%E3%81%9B%E3%81%A6"},{"name":"Bangumi","url":"https:\/\/bangumi.tv\/subject\/314638"}],"streaming":[]}}