{"data":{"mal_id":42923,"url":"https:\/\/myanimelist.net\/anime\/42923\/SK\u221e","images":{"jpg":{"image_url":"https:\/\/cdn.myanimelist.net\/images\/anime\/1549\/119195.jpg","small_image_url":"https:\/\/cdn.myanimelist.net\/images\/anime\/1549\/119195t.jpg","large_image_url":"https:\/\/cdn.myanimelist.net\/images\/anime\/1549\/119195l.jpg"},"webp":{"image_url":"https:\/\/cdn.myanimelist.net\/images\/anime\/1549\/119195.webp","small_image_url":"https:\/\/cdn.myanimelist.net\/images\/anime\/1549\/119195t.webp","large_image_url":"https:\/\/cdn.myanimelist.net\/images\/anime\/1549\/119195l.webp"}},"trailer":{"youtube_id":"PcS3QIc6ma8","url":"https:\/\/www.youtube.com\/watch?v=PcS3QIc6ma8","embed_url":"https:\/\/www.youtube.com\/embed\/PcS3QIc6ma8?enablejsapi=1&wmode=opaque&autoplay=1","images":{"image_url":"https:\/\/img.youtube.com\/vi\/PcS3QIc6ma8\/default.jpg","small_image_url":"https:\/\/img.youtube.com\/vi\/PcS3QIc6ma8\/sddefault.jpg","medium_image_url":"https:\/\/img.youtube.com\/vi\/PcS3QIc6ma8\/mqdefault.jpg","large_image_url":"https:\/\/img.youtube.com\/vi\/PcS3QIc6ma8\/hqdefault.jpg","maximum_image_url":"https:\/\/img.youtube.com\/vi\/PcS3QIc6ma8\/maxresdefault.jpg"}},"approved":true,"titles":[{"type":"Default","title":"SK\u221e"},{"type":"Synonym","title":"SK Eight"},{"type":"Synonym","title":"Skate"},{"type":"Japanese","title":"SK\u221e \u30a8\u30b9\u30b1\u30fc\u30a8\u30a4\u30c8"},{"type":"English","title":"SK8 the Infinity"},{"type":"German","title":"SK8 the Infinity"},{"type":"French","title":"SK8 the Infinity"}],"title":"SK\u221e","title_english":"SK8 the Infinity","title_japanese":"SK\u221e \u30a8\u30b9\u30b1\u30fc\u30a8\u30a4\u30c8","title_synonyms":["SK Eight","Skate"],"type":"TV","source":"Original","episodes":12,"status":"Finished Airing","airing":false,"aired":{"from":"2021-01-10T00:00:00+00:00","to":"2021-04-04T00:00:00+00:00","prop":{"from":{"day":10,"month":1,"year":2021},"to":{"day":4,"month":4,"year":2021}},"string":"Jan 10, 2021 to Apr 4, 2021"},"duration":"23 min per ep","rating":"PG-13 - Teens 13 or older","score":8.02,"scored_by":272236,"rank":587,"popularity":395,"members":537985,"favorites":12826,"synopsis":"High school student Reki Kyan is passionate about one thing: skateboarding. When night falls, he heads to \"S,\" an illegal underground race inside a mine where skaters compete in highly dangerous situations. After a loss that results in his skateboard being destroyed and his arm being broken, Reki is now incapable of practicing at all.\n\nWhile working, Reki runs into his new classmate, Langa Hasegawa, a half-Canadian and half-Japanese boy with no skateboarding experience whatsoever. Langa is in desperate need of money. After they both visit \"S\" when tasked by Reki's boss, they get into trouble and are forced into a bet that requires Langa to skate in a race. However, the mysterious transfer student holds a trump card that Reki is unaware of, one which might help him win the race in the most unexpected way.\n\n[Written by MAL Rewrite]","background":null,"season":"winter","year":2021,"broadcast":{"day":"Sundays","time":"02:00","timezone":"Asia\/Tokyo","string":"Sundays at 02:00 (JST)"},"producers":[{"mal_id":17,"type":"anime","name":"Aniplex","url":"https:\/\/myanimelist.net\/anime\/producer\/17\/Aniplex"},{"mal_id":166,"type":"anime","name":"Movic","url":"https:\/\/myanimelist.net\/anime\/producer\/166\/Movic"},{"mal_id":1500,"type":"anime","name":"ABC Animation","url":"https:\/\/myanimelist.net\/anime\/producer\/1500\/ABC_Animation"}],"licensors":[{"mal_id":493,"type":"anime","name":"Aniplex of America","url":"https:\/\/myanimelist.net\/anime\/producer\/493\/Aniplex_of_America"}],"studios":[{"mal_id":4,"type":"anime","name":"Bones","url":"https:\/\/myanimelist.net\/anime\/producer\/4\/Bones"}],"genres":[{"mal_id":30,"type":"anime","name":"Sports","url":"https:\/\/myanimelist.net\/anime\/genre\/30\/Sports"}],"explicit_genres":[],"themes":[{"mal_id":3,"type":"anime","name":"Racing","url":"https:\/\/myanimelist.net\/anime\/genre\/3\/Racing"}],"demographics":[],"relations":[{"relation":"Summary","entry":[{"mal_id":48456,"type":"anime","name":"SK\u221e: Crazy Rock Jam","url":"https:\/\/myanimelist.net\/anime\/48456\/SK\u221e__Crazy_Rock_Jam"}]},{"relation":"Other","entry":[{"mal_id":49363,"type":"anime","name":"SK\u221e (OVA)","url":"https:\/\/myanimelist.net\/anime\/49363\/SK\u221e_OVA"}]},{"relation":"Sequel","entry":[{"mal_id":52750,"type":"anime","name":"SK\u221e 2nd Season","url":"https:\/\/myanimelist.net\/anime\/52750\/SK\u221e_2nd_Season"}]}],"theme":{"openings":["\"Paradise\" by Rude-\u03b1"],"endings":["\"Infinity (\u30a4\u30f3\u30d5\u30a3\u30cb\u30c6\u30a3)\" by Yuuri (\u512a\u91cc)"]},"external":[{"name":"Official Site","url":"https:\/\/sk8-anime.com\/"},{"name":"Official Site","url":"https:\/\/sk8-project.com\/"},{"name":"@sk8_project","url":"https:\/\/twitter.com\/sk8_project"},{"name":"AniDB","url":"https:\/\/anidb.net\/perl-bin\/animedb.pl?show=anime&aid=15736"},{"name":"ANN","url":"https:\/\/www.animenewsnetwork.com\/encyclopedia\/anime.php?id=23777"},{"name":"Wikipedia","url":"https:\/\/en.wikipedia.org\/wiki\/SK8_the_Infinity"},{"name":"Wikipedia","url":"https:\/\/ja.wikipedia.org\/wiki\/SK%E2%88%9E_%E3%82%A8%E3%82%B9%E3%82%B1%E3%83%BC%E3%82%A8%E3%82%A4%E3%83%88"},{"name":"Syoboi","url":"https:\/\/cal.syoboi.jp\/tid\/5866"},{"name":"Bangumi","url":"https:\/\/bangumi.tv\/subject\/315456"}],"streaming":[{"name":"Crunchyroll","url":"http:\/\/www.crunchyroll.com\/series-282315"},{"name":"Funimation","url":"https:\/\/www.funimation.com\/shows\/sk8-the-infinity"},{"name":"Bahamut Anime Crazy","url":"https:\/\/ani.gamer.com.tw\/"},{"name":"Bilibili","url":"https:\/\/www.bilibili.com\/"},{"name":"Wakanim","url":"https:\/\/www.wakanim.tv\/"}]}}