{"data":{"mal_id":42956,"url":"https:\/\/myanimelist.net\/anime\/42956\/Hanhua_Riji_2nd_Season","images":{"jpg":{"image_url":"https:\/\/cdn.myanimelist.net\/images\/anime\/1381\/111049.jpg","small_image_url":"https:\/\/cdn.myanimelist.net\/images\/anime\/1381\/111049t.jpg","large_image_url":"https:\/\/cdn.myanimelist.net\/images\/anime\/1381\/111049l.jpg"},"webp":{"image_url":"https:\/\/cdn.myanimelist.net\/images\/anime\/1381\/111049.webp","small_image_url":"https:\/\/cdn.myanimelist.net\/images\/anime\/1381\/111049t.webp","large_image_url":"https:\/\/cdn.myanimelist.net\/images\/anime\/1381\/111049l.webp"}},"trailer":{"youtube_id":"LqkzeoM7e8g","url":"https:\/\/www.youtube.com\/watch?v=LqkzeoM7e8g","embed_url":"https:\/\/www.youtube.com\/embed\/LqkzeoM7e8g?enablejsapi=1&wmode=opaque&autoplay=1","images":{"image_url":"https:\/\/img.youtube.com\/vi\/LqkzeoM7e8g\/default.jpg","small_image_url":"https:\/\/img.youtube.com\/vi\/LqkzeoM7e8g\/sddefault.jpg","medium_image_url":"https:\/\/img.youtube.com\/vi\/LqkzeoM7e8g\/mqdefault.jpg","large_image_url":"https:\/\/img.youtube.com\/vi\/LqkzeoM7e8g\/hqdefault.jpg","maximum_image_url":"https:\/\/img.youtube.com\/vi\/LqkzeoM7e8g\/maxresdefault.jpg"}},"approved":true,"titles":[{"type":"Default","title":"Hanhua Riji 2nd Season"},{"type":"Synonym","title":"Han Hua Ri Ji 2nd Season"},{"type":"Japanese","title":"\u6c49\u5316\u65e5\u8bb0 \u7b2c\u4e8c\u5b63"},{"type":"English","title":"God Troubles Me 2nd Season"}],"title":"Hanhua Riji 2nd Season","title_english":"God Troubles Me 2nd Season","title_japanese":"\u6c49\u5316\u65e5\u8bb0 \u7b2c\u4e8c\u5b63","title_synonyms":["Han Hua Ri Ji 2nd Season"],"type":"ONA","source":"Original","episodes":12,"status":"Finished Airing","airing":false,"aired":{"from":"2020-11-15T00:00:00+00:00","to":"2021-01-24T00:00:00+00:00","prop":{"from":{"day":15,"month":11,"year":2020},"to":{"day":24,"month":1,"year":2021}},"string":"Nov 15, 2020 to Jan 24, 2021"},"duration":"14 min per ep","rating":"PG-13 - Teens 13 or older","score":7.33,"scored_by":1100,"rank":2468,"popularity":10256,"members":2465,"favorites":8,"synopsis":"In the 21st century, due to the rapid development of human society, the originally stable three realms of humans, gods, and demons lost their balance. The gods and Demons urgently launched the salvation plan and decided to send a group of gods and monsters to the human world to find the key to saving the world. Su Moting is a young woman with the status of \"the son of the god and demon\". After being invited out of the house by her parents for the reason of \"independence and self-improvement\", Su Moting met the handsome little cute gods, Tianjixing and Dikui, a mysterious calm cool cat demon. Under the guidance of the land god, the three formed a salvation group and began to perform the funny and heartbreaking nonsense of daily life.","background":null,"season":null,"year":null,"broadcast":{"day":null,"time":null,"timezone":null,"string":null},"producers":[{"mal_id":1414,"type":"anime","name":"bilibili","url":"https:\/\/myanimelist.net\/anime\/producer\/1414\/bilibili"},{"mal_id":2645,"type":"anime","name":"Liyu Culture","url":"https:\/\/myanimelist.net\/anime\/producer\/2645\/Liyu_Culture"},{"mal_id":2731,"type":"anime","name":"Yunyi Animation","url":"https:\/\/myanimelist.net\/anime\/producer\/2731\/Yunyi_Animation_"},{"mal_id":2732,"type":"anime","name":"Haowan Dongman","url":"https:\/\/myanimelist.net\/anime\/producer\/2732\/Haowan_Dongman"},{"mal_id":2733,"type":"anime","name":"Qizhiying Culture","url":"https:\/\/myanimelist.net\/anime\/producer\/2733\/Qizhiying_Culture"}],"licensors":[],"studios":[{"mal_id":1268,"type":"anime","name":"L\u00b2Studio","url":"https:\/\/myanimelist.net\/anime\/producer\/1268\/L%C2%B2Studio"}],"genres":[{"mal_id":4,"type":"anime","name":"Comedy","url":"https:\/\/myanimelist.net\/anime\/genre\/4\/Comedy"},{"mal_id":36,"type":"anime","name":"Slice of Life","url":"https:\/\/myanimelist.net\/anime\/genre\/36\/Slice_of_Life"},{"mal_id":37,"type":"anime","name":"Supernatural","url":"https:\/\/myanimelist.net\/anime\/genre\/37\/Supernatural"}],"explicit_genres":[],"themes":[],"demographics":[],"relations":[{"relation":"Prequel","entry":[{"mal_id":39676,"type":"anime","name":"Hanhua Riji","url":"https:\/\/myanimelist.net\/anime\/39676\/Hanhua_Riji"}]},{"relation":"Sequel","entry":[{"mal_id":50401,"type":"anime","name":"Hanhua Riji 3rd Season","url":"https:\/\/myanimelist.net\/anime\/50401\/Hanhua_Riji_3rd_Season"}]}],"theme":{"openings":[],"endings":[]},"external":[{"name":"bilibili","url":"https:\/\/www.bilibili.com\/bangumi\/media\/md28229502"},{"name":"AniDB","url":"https:\/\/anidb.net\/perl-bin\/animedb.pl?show=anime&aid=16720"},{"name":"Baidu Baike","url":"https:\/\/baike.baidu.com\/item\/%E6%B1%89%E5%8C%96%E6%97%A5%E8%AE%B0\/23219618"}],"streaming":[]}}