{"data":{"mal_id":4312,"url":"https:\/\/myanimelist.net\/anime\/4312\/Hokuto_no_Ken__Toki-den","images":{"jpg":{"image_url":"https:\/\/cdn.myanimelist.net\/images\/anime\/8\/8122.jpg","small_image_url":"https:\/\/cdn.myanimelist.net\/images\/anime\/8\/8122t.jpg","large_image_url":"https:\/\/cdn.myanimelist.net\/images\/anime\/8\/8122l.jpg"},"webp":{"image_url":"https:\/\/cdn.myanimelist.net\/images\/anime\/8\/8122.webp","small_image_url":"https:\/\/cdn.myanimelist.net\/images\/anime\/8\/8122t.webp","large_image_url":"https:\/\/cdn.myanimelist.net\/images\/anime\/8\/8122l.webp"}},"trailer":{"youtube_id":null,"url":null,"embed_url":null,"images":{"image_url":null,"small_image_url":null,"medium_image_url":null,"large_image_url":null,"maximum_image_url":null}},"approved":true,"titles":[{"type":"Default","title":"Hokuto no Ken: Toki-den"},{"type":"Synonym","title":"Shin Kyuuseishu Densetsu Hokuto no Ken Toki-den"},{"type":"Japanese","title":"\u771f\u6551\u4e16\u4e3b\u4f1d\u8aac \u5317\u6597\u306e\u62f3 \u30c8\u30ad\u4f1d"},{"type":"English","title":"Fist of the North Star: The Legend of Toki"},{"type":"German","title":"Fist of the North Star: The Legend of Toki"},{"type":"French","title":"Hokuto No Ken: La L\u00e9gende de Toki"}],"title":"Hokuto no Ken: Toki-den","title_english":"Fist of the North Star: The Legend of Toki","title_japanese":"\u771f\u6551\u4e16\u4e3b\u4f1d\u8aac \u5317\u6597\u306e\u62f3 \u30c8\u30ad\u4f1d","title_synonyms":["Shin Kyuuseishu Densetsu Hokuto no Ken Toki-den"],"type":"OVA","source":"Manga","episodes":1,"status":"Finished Airing","airing":false,"aired":{"from":"2008-03-26T00:00:00+00:00","to":null,"prop":{"from":{"day":26,"month":3,"year":2008},"to":{"day":null,"month":null,"year":null}},"string":"Mar 26, 2008"},"duration":"57 min","rating":"R - 17+ (violence & profanity)","score":7.39,"scored_by":3662,"rank":2204,"popularity":6616,"members":8510,"favorites":13,"synopsis":"The fourth part of the new Hokuto no Ken pentalogy (3 movies, 2 OVAs).","background":null,"season":null,"year":null,"broadcast":{"day":null,"time":null,"timezone":null,"string":null},"producers":[{"mal_id":73,"type":"anime","name":"TMS Entertainment","url":"https:\/\/myanimelist.net\/anime\/producer\/73\/TMS_Entertainment"},{"mal_id":1534,"type":"anime","name":"North Stars Pictures","url":"https:\/\/myanimelist.net\/anime\/producer\/1534\/North_Stars_Pictures"}],"licensors":[{"mal_id":467,"type":"anime","name":"Discotek Media","url":"https:\/\/myanimelist.net\/anime\/producer\/467\/Discotek_Media"}],"studios":[{"mal_id":77,"type":"anime","name":"APPP","url":"https:\/\/myanimelist.net\/anime\/producer\/77\/APPP"}],"genres":[{"mal_id":1,"type":"anime","name":"Action","url":"https:\/\/myanimelist.net\/anime\/genre\/1\/Action"}],"explicit_genres":[],"themes":[{"mal_id":17,"type":"anime","name":"Martial Arts","url":"https:\/\/myanimelist.net\/anime\/genre\/17\/Martial_Arts"}],"demographics":[{"mal_id":27,"type":"anime","name":"Shounen","url":"https:\/\/myanimelist.net\/anime\/genre\/27\/Shounen"}],"relations":[{"relation":"Parent story","entry":[{"mal_id":967,"type":"anime","name":"Hokuto no Ken","url":"https:\/\/myanimelist.net\/anime\/967\/Hokuto_no_Ken"}]},{"relation":"Prequel","entry":[{"mal_id":2174,"type":"anime","name":"Hokuto no Ken: Raoh Gaiden Gekitou-hen","url":"https:\/\/myanimelist.net\/anime\/2174\/Hokuto_no_Ken__Raoh_Gaiden_Gekitou-hen"}]},{"relation":"Sequel","entry":[{"mal_id":5291,"type":"anime","name":"Hokuto no Ken Zero: Kenshirou Den","url":"https:\/\/myanimelist.net\/anime\/5291\/Hokuto_no_Ken_Zero__Kenshirou_Den"}]}],"theme":{"openings":[],"endings":["\"Hanamori no Oka\" by FictionJunction Kaori"]},"external":[{"name":"AniDB","url":"https:\/\/anidb.net\/perl-bin\/animedb.pl?show=anime&aid=3041"},{"name":"ANN","url":"https:\/\/www.animenewsnetwork.com\/encyclopedia\/anime.php?id=5028"}],"streaming":[{"name":"Netflix","url":"https:\/\/www.netflix.com\/"}]}}