{"data":{"mal_id":43556,"url":"https:\/\/myanimelist.net\/anime\/43556\/Tsurune_Movie__Hajimari_no_Issha","images":{"jpg":{"image_url":"https:\/\/cdn.myanimelist.net\/images\/anime\/1485\/123862.jpg","small_image_url":"https:\/\/cdn.myanimelist.net\/images\/anime\/1485\/123862t.jpg","large_image_url":"https:\/\/cdn.myanimelist.net\/images\/anime\/1485\/123862l.jpg"},"webp":{"image_url":"https:\/\/cdn.myanimelist.net\/images\/anime\/1485\/123862.webp","small_image_url":"https:\/\/cdn.myanimelist.net\/images\/anime\/1485\/123862t.webp","large_image_url":"https:\/\/cdn.myanimelist.net\/images\/anime\/1485\/123862l.webp"}},"trailer":{"youtube_id":"qvTVE_S_MZA","url":"https:\/\/www.youtube.com\/watch?v=qvTVE_S_MZA","embed_url":"https:\/\/www.youtube.com\/embed\/qvTVE_S_MZA?enablejsapi=1&wmode=opaque&autoplay=1","images":{"image_url":"https:\/\/img.youtube.com\/vi\/qvTVE_S_MZA\/default.jpg","small_image_url":"https:\/\/img.youtube.com\/vi\/qvTVE_S_MZA\/sddefault.jpg","medium_image_url":"https:\/\/img.youtube.com\/vi\/qvTVE_S_MZA\/mqdefault.jpg","large_image_url":"https:\/\/img.youtube.com\/vi\/qvTVE_S_MZA\/hqdefault.jpg","maximum_image_url":"https:\/\/img.youtube.com\/vi\/qvTVE_S_MZA\/maxresdefault.jpg"}},"approved":true,"titles":[{"type":"Default","title":"Tsurune Movie: Hajimari no Issha"},{"type":"Japanese","title":"\u5287\u5834\u7248\u30c4\u30eb\u30cd \uff0d\u306f\u3058\u307e\u308a\u306e\u4e00\u5c04\uff0d"},{"type":"English","title":"Tsurune the Movie: The First Shot"}],"title":"Tsurune Movie: Hajimari no Issha","title_english":"Tsurune the Movie: The First Shot","title_japanese":"\u5287\u5834\u7248\u30c4\u30eb\u30cd \uff0d\u306f\u3058\u307e\u308a\u306e\u4e00\u5c04\uff0d","title_synonyms":[],"type":"Movie","source":"Light novel","episodes":1,"status":"Finished Airing","airing":false,"aired":{"from":"2022-08-19T00:00:00+00:00","to":null,"prop":{"from":{"day":19,"month":8,"year":2022},"to":{"day":null,"month":null,"year":null}},"string":"Aug 19, 2022"},"duration":"1 hr 42 min","rating":"PG-13 - Teens 13 or older","score":7.36,"scored_by":1162,"rank":2352,"popularity":4880,"members":18489,"favorites":58,"synopsis":"A recap of Tsurune: Kazemai Koukou Kyuudoubu with new scenes.\n\nMinato Narumiya reignites his passion for kyudo, the Japanese martial art of archery. Along with his friends in the school kyudo club, he returns for this feature-length sports anime film.\n\n(Source: HIDIVE)","background":null,"season":null,"year":null,"broadcast":{"day":null,"time":null,"timezone":null,"string":null},"producers":[],"licensors":[{"mal_id":376,"type":"anime","name":"Sentai Filmworks","url":"https:\/\/myanimelist.net\/anime\/producer\/376\/Sentai_Filmworks"}],"studios":[{"mal_id":2,"type":"anime","name":"Kyoto Animation","url":"https:\/\/myanimelist.net\/anime\/producer\/2\/Kyoto_Animation"}],"genres":[{"mal_id":30,"type":"anime","name":"Sports","url":"https:\/\/myanimelist.net\/anime\/genre\/30\/Sports"}],"explicit_genres":[],"themes":[{"mal_id":23,"type":"anime","name":"School","url":"https:\/\/myanimelist.net\/anime\/genre\/23\/School"}],"demographics":[],"relations":[{"relation":"Adaptation","entry":[{"mal_id":114744,"type":"manga","name":"Tsurune: Kazemai Koukou Kyuudoubu","url":"https:\/\/myanimelist.net\/manga\/114744\/Tsurune__Kazemai_Koukou_Kyuudoubu"}]},{"relation":"Full story","entry":[{"mal_id":36653,"type":"anime","name":"Tsurune: Kazemai Koukou Kyuudou-bu","url":"https:\/\/myanimelist.net\/anime\/36653\/Tsurune__Kazemai_Koukou_Kyuudou-bu"}]}],"theme":{"openings":[],"endings":["\"Hand\" by Luck Life"]},"external":[{"name":"Official Site","url":"http:\/\/tsurune.com\/"},{"name":"AniDB","url":"https:\/\/anidb.net\/perl-bin\/animedb.pl?show=anime&aid=15801"},{"name":"ANN","url":"https:\/\/www.animenewsnetwork.com\/encyclopedia\/anime.php?id=24722"},{"name":"Wikipedia","url":"https:\/\/en.wikipedia.org\/wiki\/Tsurune#Anime"},{"name":"Bangumi","url":"https:\/\/bangumi.tv\/subject\/317376"},{"name":"Douban","url":"https:\/\/movie.douban.com\/subject\/35232084\/"}],"streaming":[]}}