{"data":{"mal_id":44059,"url":"https:\/\/myanimelist.net\/anime\/44059\/Puparia","images":{"jpg":{"image_url":"https:\/\/cdn.myanimelist.net\/images\/anime\/1308\/110285.jpg","small_image_url":"https:\/\/cdn.myanimelist.net\/images\/anime\/1308\/110285t.jpg","large_image_url":"https:\/\/cdn.myanimelist.net\/images\/anime\/1308\/110285l.jpg"},"webp":{"image_url":"https:\/\/cdn.myanimelist.net\/images\/anime\/1308\/110285.webp","small_image_url":"https:\/\/cdn.myanimelist.net\/images\/anime\/1308\/110285t.webp","large_image_url":"https:\/\/cdn.myanimelist.net\/images\/anime\/1308\/110285l.webp"}},"trailer":{"youtube_id":null,"url":null,"embed_url":null,"images":{"image_url":null,"small_image_url":null,"medium_image_url":null,"large_image_url":null,"maximum_image_url":null}},"approved":true,"titles":[{"type":"Default","title":"Puparia"},{"type":"Japanese","title":"PUPARIA"},{"type":"English","title":"Puparia"}],"title":"Puparia","title_english":"Puparia","title_japanese":"PUPARIA","title_synonyms":[],"type":"ONA","source":"Original","episodes":1,"status":"Finished Airing","airing":false,"aired":{"from":"2020-11-20T00:00:00+00:00","to":null,"prop":{"from":{"day":20,"month":11,"year":2020},"to":{"day":null,"month":null,"year":null}},"string":"Nov 20, 2020"},"duration":"3 min","rating":"PG-13 - Teens 13 or older","score":7.62,"scored_by":24037,"rank":1392,"popularity":3057,"members":48397,"favorites":310,"synopsis":"Independent short animation by Shingo Tamagawa.","background":null,"season":null,"year":null,"broadcast":{"day":null,"time":null,"timezone":null,"string":null},"producers":[],"licensors":[],"studios":[],"genres":[{"mal_id":5,"type":"anime","name":"Avant Garde","url":"https:\/\/myanimelist.net\/anime\/genre\/5\/Avant_Garde"}],"explicit_genres":[],"themes":[],"demographics":[],"relations":[],"theme":{"openings":[],"endings":[]},"external":[{"name":"AniDB","url":"https:\/\/anidb.net\/perl-bin\/animedb.pl?show=anime&aid=15868"}],"streaming":[]}}