{"data":{"mal_id":44070,"url":"https:\/\/myanimelist.net\/anime\/44070\/Tian_Guan_Cifu_Special","images":{"jpg":{"image_url":"https:\/\/cdn.myanimelist.net\/images\/anime\/1043\/110306.jpg","small_image_url":"https:\/\/cdn.myanimelist.net\/images\/anime\/1043\/110306t.jpg","large_image_url":"https:\/\/cdn.myanimelist.net\/images\/anime\/1043\/110306l.jpg"},"webp":{"image_url":"https:\/\/cdn.myanimelist.net\/images\/anime\/1043\/110306.webp","small_image_url":"https:\/\/cdn.myanimelist.net\/images\/anime\/1043\/110306t.webp","large_image_url":"https:\/\/cdn.myanimelist.net\/images\/anime\/1043\/110306l.webp"}},"trailer":{"youtube_id":"O-584_wk3mw","url":"https:\/\/www.youtube.com\/watch?v=O-584_wk3mw","embed_url":"https:\/\/www.youtube.com\/embed\/O-584_wk3mw?enablejsapi=1&wmode=opaque&autoplay=1","images":{"image_url":"https:\/\/img.youtube.com\/vi\/O-584_wk3mw\/default.jpg","small_image_url":"https:\/\/img.youtube.com\/vi\/O-584_wk3mw\/sddefault.jpg","medium_image_url":"https:\/\/img.youtube.com\/vi\/O-584_wk3mw\/mqdefault.jpg","large_image_url":"https:\/\/img.youtube.com\/vi\/O-584_wk3mw\/hqdefault.jpg","maximum_image_url":"https:\/\/img.youtube.com\/vi\/O-584_wk3mw\/maxresdefault.jpg"}},"approved":true,"titles":[{"type":"Default","title":"Tian Guan Cifu Special"},{"type":"Synonym","title":"TGCF Special"},{"type":"Synonym","title":"Tian Guan Ci Fu Special"},{"type":"Japanese","title":"\u5929\u5b98\u8d50\u798f\u7279\u522b\u8282\u76ee"},{"type":"English","title":"Heaven Official's Blessing Special"}],"title":"Tian Guan Cifu Special","title_english":"Heaven Official's Blessing Special","title_japanese":"\u5929\u5b98\u8d50\u798f\u7279\u522b\u8282\u76ee","title_synonyms":["TGCF Special","Tian Guan Ci Fu Special"],"type":"ONA","source":"Web novel","episodes":1,"status":"Finished Airing","airing":false,"aired":{"from":"2021-02-16T00:00:00+00:00","to":null,"prop":{"from":{"day":16,"month":2,"year":2021},"to":{"day":null,"month":null,"year":null}},"string":"Feb 16, 2021"},"duration":"21 min","rating":"PG-13 - Teens 13 or older","score":8.32,"scored_by":22030,"rank":232,"popularity":3273,"members":42701,"favorites":426,"synopsis":"Xie Lian and Hua Cheng recount their recent adventures during a quiet night at Puqi Shrine. Amidst the serenity, the Crimson Rain Sought Flower reveals a little more about Xie Lian's true character, and an embarrassing memory reminds him of how much he has changed since his previous ascensions. However, no matter how much time has passed, Xie Lian never fails to believe in the good he sees in the people around him. Though the heavens may ridicule him, his words and actions have earned him the most devout of followers.\n\n[Written by MAL Rewrite]","background":"Heaven Official's Blessing (\u5929\u5b98\u8d50\u798f, Tian Guan Cifu) is a donghua based on a Chinese web novel of the same name, written by Mo Xiang Tong Xiu (\u58a8\u9999\u94dc\u81ed). The show falls into the xianxia genre (a fantasy genre influence by Taoism, Buddhism, and Chinese mythology).","season":null,"year":null,"broadcast":{"day":null,"time":null,"timezone":null,"string":null},"producers":[{"mal_id":1414,"type":"anime","name":"bilibili","url":"https:\/\/myanimelist.net\/anime\/producer\/1414\/bilibili"}],"licensors":[],"studios":[{"mal_id":1325,"type":"anime","name":"Haoliners Animation League","url":"https:\/\/myanimelist.net\/anime\/producer\/1325\/Haoliners_Animation_League"}],"genres":[{"mal_id":1,"type":"anime","name":"Action","url":"https:\/\/myanimelist.net\/anime\/genre\/1\/Action"},{"mal_id":2,"type":"anime","name":"Adventure","url":"https:\/\/myanimelist.net\/anime\/genre\/2\/Adventure"},{"mal_id":8,"type":"anime","name":"Drama","url":"https:\/\/myanimelist.net\/anime\/genre\/8\/Drama"},{"mal_id":10,"type":"anime","name":"Fantasy","url":"https:\/\/myanimelist.net\/anime\/genre\/10\/Fantasy"}],"explicit_genres":[],"themes":[{"mal_id":13,"type":"anime","name":"Historical","url":"https:\/\/myanimelist.net\/anime\/genre\/13\/Historical"},{"mal_id":6,"type":"anime","name":"Mythology","url":"https:\/\/myanimelist.net\/anime\/genre\/6\/Mythology"}],"demographics":[],"relations":[{"relation":"Adaptation","entry":[{"mal_id":130826,"type":"manga","name":"Tian Guan Cifu","url":"https:\/\/myanimelist.net\/manga\/130826\/Tian_Guan_Cifu"}]},{"relation":"Prequel","entry":[{"mal_id":40730,"type":"anime","name":"Tian Guan Cifu","url":"https:\/\/myanimelist.net\/anime\/40730\/Tian_Guan_Cifu"}]},{"relation":"Sequel","entry":[{"mal_id":50399,"type":"anime","name":"Tian Guan Cifu Er","url":"https:\/\/myanimelist.net\/anime\/50399\/Tian_Guan_Cifu_Er"}]}],"theme":{"openings":["\"Wu Bie (\u65e0\u522b)\" by Jeff Chang (\u5f20\u4fe1\u54f2)"],"endings":["\"Hong Jue (\u7ea2\u7edd)\" by Hu Xia (\u80e1\u590f)"]},"external":[{"name":"AniDB","url":"https:\/\/anidb.net\/perl-bin\/animedb.pl?show=anime&aid=15648"},{"name":"Wikipedia","url":"https:\/\/en.wikipedia.org\/wiki\/Heaven_Official's_Blessing#Donghua"},{"name":"Wikipedia","url":"https:\/\/ja.wikipedia.org\/wiki\/%E5%A4%A9%E5%AE%98%E8%B3%9C%E7%A6%8F#%E3%82%A2%E3%83%8B%E3%83%A1"},{"name":"Syoboi","url":"https:\/\/cal.syoboi.jp\/tid\/6075"},{"name":"Bangumi","url":"https:\/\/bgm.tv\/subject\/320209"},{"name":"Baidu Baike","url":"https:\/\/baike.baidu.com\/item\/%E5%A4%A9%E5%AE%98%E8%B5%90%E7%A6%8F\/23302392"},{"name":"Douban","url":"https:\/\/movie.douban.com\/subject\/34908091"}],"streaming":[{"name":"Crunchyroll","url":"http:\/\/www.crunchyroll.com\/series-283431"},{"name":"Funimation","url":"https:\/\/www.funimation.com\/shows\/heaven-officials-blessing"}]}}