{"data":{"mal_id":441,"url":"https:\/\/myanimelist.net\/anime\/441\/Shoujo_Kakumei_Utena__Adolescence_Mokushiroku","images":{"jpg":{"image_url":"https:\/\/cdn.myanimelist.net\/images\/anime\/1268\/107516.jpg","small_image_url":"https:\/\/cdn.myanimelist.net\/images\/anime\/1268\/107516t.jpg","large_image_url":"https:\/\/cdn.myanimelist.net\/images\/anime\/1268\/107516l.jpg"},"webp":{"image_url":"https:\/\/cdn.myanimelist.net\/images\/anime\/1268\/107516.webp","small_image_url":"https:\/\/cdn.myanimelist.net\/images\/anime\/1268\/107516t.webp","large_image_url":"https:\/\/cdn.myanimelist.net\/images\/anime\/1268\/107516l.webp"}},"trailer":{"youtube_id":null,"url":null,"embed_url":null,"images":{"image_url":null,"small_image_url":null,"medium_image_url":null,"large_image_url":null,"maximum_image_url":null}},"approved":true,"titles":[{"type":"Default","title":"Shoujo Kakumei Utena: Adolescence Mokushiroku"},{"type":"Synonym","title":"Revolutionary Girl Utena: Adolescence Apocalypse"},{"type":"Japanese","title":"\u5c11\u5973\u9769\u547d\u30a6\u30c6\u30ca\u3000\u30a2\u30c9\u30a5\u30ec\u30bb\u30f3\u30b9\u9ed9\u793a\u9332"},{"type":"English","title":"Revolutionary Girl Utena: The Adolescence of Utena"},{"type":"French","title":"Sh\u00f4jo kakumei Utena: Adolescence mokushiroku"}],"title":"Shoujo Kakumei Utena: Adolescence Mokushiroku","title_english":"Revolutionary Girl Utena: The Adolescence of Utena","title_japanese":"\u5c11\u5973\u9769\u547d\u30a6\u30c6\u30ca\u3000\u30a2\u30c9\u30a5\u30ec\u30bb\u30f3\u30b9\u9ed9\u793a\u9332","title_synonyms":["Revolutionary Girl Utena: Adolescence Apocalypse"],"type":"Movie","source":"Original","episodes":1,"status":"Finished Airing","airing":false,"aired":{"from":"1999-08-14T00:00:00+00:00","to":null,"prop":{"from":{"day":14,"month":8,"year":1999},"to":{"day":null,"month":null,"year":null}},"string":"Aug 14, 1999"},"duration":"1 hr 25 min","rating":"R+ - Mild Nudity","score":7.64,"scored_by":26013,"rank":1319,"popularity":2954,"members":51896,"favorites":638,"synopsis":"All eyes are on Utena Tenjou, a mysterious transfer student to Ohtori Academy. But Utena's eyes seem to be fixed on one familiar face that stands out among the rest\u2014Touga Kiryuu, Utena's childhood friend. Touga knows of Utena's past and possesses knowledge of the Mark of the Rose, a set of unique rings worn by those who compete for the hand of the Rose Bride. The Rose Bride, Himemiya Anthy, belongs to whomever wins her in a duel, and the one that wins all the duels is said to be given the power to bring revolution to the world. Utena is drawn into the duels, but Touga and their complicated history together may end up unraveling everything. Nothing is as it seems in this retelling of the original anime series.\n\n[Written by MAL Rewrite]","background":null,"season":null,"year":null,"broadcast":{"day":null,"time":null,"timezone":null,"string":null},"producers":[{"mal_id":1461,"type":"anime","name":"Audio Tanaka","url":"https:\/\/myanimelist.net\/anime\/producer\/1461\/Audio_Tanaka"}],"licensors":[{"mal_id":217,"type":"anime","name":"Nozomi Entertainment","url":"https:\/\/myanimelist.net\/anime\/producer\/217\/Nozomi_Entertainment"},{"mal_id":284,"type":"anime","name":"Central Park Media","url":"https:\/\/myanimelist.net\/anime\/producer\/284\/Central_Park_Media"}],"studios":[{"mal_id":7,"type":"anime","name":"J.C.Staff","url":"https:\/\/myanimelist.net\/anime\/producer\/7\/JCStaff"}],"genres":[{"mal_id":5,"type":"anime","name":"Avant Garde","url":"https:\/\/myanimelist.net\/anime\/genre\/5\/Avant_Garde"},{"mal_id":8,"type":"anime","name":"Drama","url":"https:\/\/myanimelist.net\/anime\/genre\/8\/Drama"},{"mal_id":10,"type":"anime","name":"Fantasy","url":"https:\/\/myanimelist.net\/anime\/genre\/10\/Fantasy"},{"mal_id":26,"type":"anime","name":"Girls Love","url":"https:\/\/myanimelist.net\/anime\/genre\/26\/Girls_Love"}],"explicit_genres":[],"themes":[{"mal_id":66,"type":"anime","name":"Mahou Shoujo","url":"https:\/\/myanimelist.net\/anime\/genre\/66\/Mahou_Shoujo"},{"mal_id":23,"type":"anime","name":"School","url":"https:\/\/myanimelist.net\/anime\/genre\/23\/School"}],"demographics":[],"relations":[{"relation":"Adaptation","entry":[{"mal_id":931,"type":"manga","name":"Shoujo Kakumei Utena: Adolescence Mokushiroku","url":"https:\/\/myanimelist.net\/manga\/931\/Shoujo_Kakumei_Utena__Adolescence_Mokushiroku"}]},{"relation":"Alternative version","entry":[{"mal_id":440,"type":"anime","name":"Shoujo Kakumei Utena","url":"https:\/\/myanimelist.net\/anime\/440\/Shoujo_Kakumei_Utena"}]}],"theme":{"openings":[],"endings":["\"Fianc\u00e9 ni Naritai\" by Mitsuhiro Oikawa"]},"external":[{"name":"Official Site","url":"http:\/\/www.starchild.co.jp\/special\/gekijyou\/utena.html"},{"name":"AniDB","url":"https:\/\/anidb.net\/perl-bin\/animedb.pl?show=anime&aid=256"},{"name":"ANN","url":"https:\/\/www.animenewsnetwork.com\/encyclopedia\/anime.php?id=91"},{"name":"Wikipedia","url":"http:\/\/en.wikipedia.org\/wiki\/Revolutionary_Girl_Utena#Movie"}],"streaming":[{"name":"Funimation","url":"https:\/\/www.funimation.com\/shows\/revolutionary-girl-utena-adolescence-of-utena"}]}}