{"data":{"mal_id":44412,"url":"https:\/\/myanimelist.net\/anime\/44412\/Doupo_Cangqiong_4th_Season","images":{"jpg":{"image_url":"https:\/\/cdn.myanimelist.net\/images\/anime\/1887\/112452.jpg","small_image_url":"https:\/\/cdn.myanimelist.net\/images\/anime\/1887\/112452t.jpg","large_image_url":"https:\/\/cdn.myanimelist.net\/images\/anime\/1887\/112452l.jpg"},"webp":{"image_url":"https:\/\/cdn.myanimelist.net\/images\/anime\/1887\/112452.webp","small_image_url":"https:\/\/cdn.myanimelist.net\/images\/anime\/1887\/112452t.webp","large_image_url":"https:\/\/cdn.myanimelist.net\/images\/anime\/1887\/112452l.webp"}},"trailer":{"youtube_id":null,"url":null,"embed_url":null,"images":{"image_url":null,"small_image_url":null,"medium_image_url":null,"large_image_url":null,"maximum_image_url":null}},"approved":true,"titles":[{"type":"Default","title":"Doupo Cangqiong 4th Season"},{"type":"Synonym","title":"Battle Through the Heavens 4th Season"},{"type":"Japanese","title":"\u6597\u7834\u82cd\u7a79 \u7b2c\u56db\u5b63"},{"type":"English","title":"Fights Break Sphere 4th Season"}],"title":"Doupo Cangqiong 4th Season","title_english":"Fights Break Sphere 4th Season","title_japanese":"\u6597\u7834\u82cd\u7a79 \u7b2c\u56db\u5b63","title_synonyms":["Battle Through the Heavens 4th Season"],"type":"ONA","source":"Novel","episodes":24,"status":"Finished Airing","airing":false,"aired":{"from":"2021-03-28T00:00:00+00:00","to":"2021-08-29T00:00:00+00:00","prop":{"from":{"day":28,"month":3,"year":2021},"to":{"day":29,"month":8,"year":2021}},"string":"Mar 28, 2021 to Aug 29, 2021"},"duration":"24 min per ep","rating":"PG-13 - Teens 13 or older","score":7.96,"scored_by":3338,"rank":658,"popularity":7267,"members":6711,"favorites":99,"synopsis":"To awaken his teacher Yao Cheng, Xiao Yan travels to the capital for a meeting of the pill masters. His power was immediately noticed, people who wanted to use it, but at the decisive moment Xiao Yan still becomes a champion and defends the honor of the empire. But Xiao Yan is waiting for a meeting, for which he has been preparing for three whole years...","background":null,"season":null,"year":null,"broadcast":{"day":null,"time":null,"timezone":null,"string":null},"producers":[{"mal_id":1727,"type":"anime","name":"Tencent Penguin Pictures","url":"https:\/\/myanimelist.net\/anime\/producer\/1727\/Tencent_Penguin_Pictures"}],"licensors":[],"studios":[{"mal_id":1827,"type":"anime","name":"Motion Magic","url":"https:\/\/myanimelist.net\/anime\/producer\/1827\/Motion_Magic"}],"genres":[{"mal_id":1,"type":"anime","name":"Action","url":"https:\/\/myanimelist.net\/anime\/genre\/1\/Action"},{"mal_id":2,"type":"anime","name":"Adventure","url":"https:\/\/myanimelist.net\/anime\/genre\/2\/Adventure"},{"mal_id":10,"type":"anime","name":"Fantasy","url":"https:\/\/myanimelist.net\/anime\/genre\/10\/Fantasy"},{"mal_id":22,"type":"anime","name":"Romance","url":"https:\/\/myanimelist.net\/anime\/genre\/22\/Romance"},{"mal_id":37,"type":"anime","name":"Supernatural","url":"https:\/\/myanimelist.net\/anime\/genre\/37\/Supernatural"}],"explicit_genres":[],"themes":[{"mal_id":17,"type":"anime","name":"Martial Arts","url":"https:\/\/myanimelist.net\/anime\/genre\/17\/Martial_Arts"},{"mal_id":6,"type":"anime","name":"Mythology","url":"https:\/\/myanimelist.net\/anime\/genre\/6\/Mythology"}],"demographics":[],"relations":[{"relation":"Prequel","entry":[{"mal_id":38436,"type":"anime","name":"Doupo Cangqiong 3rd Season","url":"https:\/\/myanimelist.net\/anime\/38436\/Doupo_Cangqiong_3rd_Season"}]},{"relation":"Sequel","entry":[{"mal_id":49701,"type":"anime","name":"Doupo Cangqiong: San Nian Zhi Yue","url":"https:\/\/myanimelist.net\/anime\/49701\/Doupo_Cangqiong__San_Nian_Zhi_Yue"}]}],"theme":{"openings":["\"\u5c11\u5e74\u6cea\" by \u738b\u6893\u94b0"],"endings":["\u201c\u82b1\u6708\u591c\u201d by \u5b5f\u7f8e\u5c90"]},"external":[{"name":"Official Site","url":"https:\/\/v.qq.com\/detail\/m\/mzc00200p29gosv.html"}],"streaming":[]}}