{"data":{"mal_id":45576,"url":"https:\/\/myanimelist.net\/anime\/45576\/Mushoku_Tensei__Isekai_Ittara_Honki_Dasu_Part_2","images":{"jpg":{"image_url":"https:\/\/cdn.myanimelist.net\/images\/anime\/1028\/117777.jpg","small_image_url":"https:\/\/cdn.myanimelist.net\/images\/anime\/1028\/117777t.jpg","large_image_url":"https:\/\/cdn.myanimelist.net\/images\/anime\/1028\/117777l.jpg"},"webp":{"image_url":"https:\/\/cdn.myanimelist.net\/images\/anime\/1028\/117777.webp","small_image_url":"https:\/\/cdn.myanimelist.net\/images\/anime\/1028\/117777t.webp","large_image_url":"https:\/\/cdn.myanimelist.net\/images\/anime\/1028\/117777l.webp"}},"trailer":{"youtube_id":"BbbRytVhaDs","url":"https:\/\/www.youtube.com\/watch?v=BbbRytVhaDs","embed_url":"https:\/\/www.youtube.com\/embed\/BbbRytVhaDs?enablejsapi=1&wmode=opaque&autoplay=1","images":{"image_url":"https:\/\/img.youtube.com\/vi\/BbbRytVhaDs\/default.jpg","small_image_url":"https:\/\/img.youtube.com\/vi\/BbbRytVhaDs\/sddefault.jpg","medium_image_url":"https:\/\/img.youtube.com\/vi\/BbbRytVhaDs\/mqdefault.jpg","large_image_url":"https:\/\/img.youtube.com\/vi\/BbbRytVhaDs\/hqdefault.jpg","maximum_image_url":"https:\/\/img.youtube.com\/vi\/BbbRytVhaDs\/maxresdefault.jpg"}},"approved":true,"titles":[{"type":"Default","title":"Mushoku Tensei: Isekai Ittara Honki Dasu Part 2"},{"type":"Japanese","title":"\u7121\u8077\u8ee2\u751f \uff5e\u7570\u4e16\u754c\u884c\u3063\u305f\u3089\u672c\u6c17\u3060\u3059\uff5e \u7b2c2\u30af\u30fc\u30eb"},{"type":"English","title":"Mushoku Tensei: Jobless Reincarnation Part 2"}],"title":"Mushoku Tensei: Isekai Ittara Honki Dasu Part 2","title_english":"Mushoku Tensei: Jobless Reincarnation Part 2","title_japanese":"\u7121\u8077\u8ee2\u751f \uff5e\u7570\u4e16\u754c\u884c\u3063\u305f\u3089\u672c\u6c17\u3060\u3059\uff5e \u7b2c2\u30af\u30fc\u30eb","title_synonyms":[],"type":"TV","source":"Light novel","episodes":12,"status":"Finished Airing","airing":false,"aired":{"from":"2021-10-04T00:00:00+00:00","to":"2021-12-20T00:00:00+00:00","prop":{"from":{"day":4,"month":10,"year":2021},"to":{"day":20,"month":12,"year":2021}},"string":"Oct 4, 2021 to Dec 20, 2021"},"duration":"23 min per ep","rating":"R - 17+ (violence & profanity)","score":8.69,"scored_by":528617,"rank":60,"popularity":191,"members":854043,"favorites":18086,"synopsis":"After the mysterious mana calamity, Rudeus Greyrat and his fierce student Eris Boreas Greyrat are teleported to the Demon Continent. There, they team up with their newfound companion Ruijerd Supardia\u2014the former leader of the Superd's Warrior group\u2014to form \"Dead End,\" a successful adventurer party. Making a name for themselves, the trio journeys across the continent to make their way back home to Fittoa.\n\nFollowing the advice he received from the faceless god Hitogami, Rudeus saves Kishirika Kishirisu, the Great Emperor of the Demon World, who rewards him by granting him a strange power. Now, as Rudeus masters the powerful ability that offers a number of new opportunities, it might prove to be more than what he bargained for when unexpected dangers threaten to hinder their travels.\n\n[Written by MAL Rewrite]","background":"Mushoku Tensei: Isekai Ittara Honki Dasu Part 2 adapts chapters 26-51 of Yuka Fujikawa's manga series and volumes 4-6 of Rifujin na Magonote's light novel series of the same title.","season":"fall","year":2021,"broadcast":{"day":"Mondays","time":"00:00","timezone":"Asia\/Tokyo","string":"Mondays at 00:00 (JST)"},"producers":[{"mal_id":61,"type":"anime","name":"Frontier Works","url":"https:\/\/myanimelist.net\/anime\/producer\/61\/Frontier_Works"},{"mal_id":245,"type":"anime","name":"TOHO","url":"https:\/\/myanimelist.net\/anime\/producer\/245\/TOHO"},{"mal_id":1143,"type":"anime","name":"TOHO animation","url":"https:\/\/myanimelist.net\/anime\/producer\/1143\/TOHO_animation"},{"mal_id":1211,"type":"anime","name":"Tokyo MX","url":"https:\/\/myanimelist.net\/anime\/producer\/1211\/Tokyo_MX"},{"mal_id":1333,"type":"anime","name":"Hakuhodo DY Music & Pictures","url":"https:\/\/myanimelist.net\/anime\/producer\/1333\/Hakuhodo_DY_Music___Pictures"},{"mal_id":1416,"type":"anime","name":"BS11","url":"https:\/\/myanimelist.net\/anime\/producer\/1416\/BS11"},{"mal_id":1444,"type":"anime","name":"Egg Firm","url":"https:\/\/myanimelist.net\/anime\/producer\/1444\/Egg_Firm"},{"mal_id":1696,"type":"anime","name":"Kadokawa","url":"https:\/\/myanimelist.net\/anime\/producer\/1696\/Kadokawa"},{"mal_id":2289,"type":"anime","name":"GREE Entertainment","url":"https:\/\/myanimelist.net\/anime\/producer\/2289\/GREE_Entertainment"}],"licensors":[{"mal_id":102,"type":"anime","name":"Funimation","url":"https:\/\/myanimelist.net\/anime\/producer\/102\/Funimation"}],"studios":[{"mal_id":1993,"type":"anime","name":"Studio Bind","url":"https:\/\/myanimelist.net\/anime\/producer\/1993\/Studio_Bind"}],"genres":[{"mal_id":2,"type":"anime","name":"Adventure","url":"https:\/\/myanimelist.net\/anime\/genre\/2\/Adventure"},{"mal_id":8,"type":"anime","name":"Drama","url":"https:\/\/myanimelist.net\/anime\/genre\/8\/Drama"},{"mal_id":10,"type":"anime","name":"Fantasy","url":"https:\/\/myanimelist.net\/anime\/genre\/10\/Fantasy"},{"mal_id":9,"type":"anime","name":"Ecchi","url":"https:\/\/myanimelist.net\/anime\/genre\/9\/Ecchi"}],"explicit_genres":[],"themes":[{"mal_id":62,"type":"anime","name":"Isekai","url":"https:\/\/myanimelist.net\/anime\/genre\/62\/Isekai"},{"mal_id":72,"type":"anime","name":"Reincarnation","url":"https:\/\/myanimelist.net\/anime\/genre\/72\/Reincarnation"}],"demographics":[],"relations":[{"relation":"Adaptation","entry":[{"mal_id":70261,"type":"manga","name":"Mushoku Tensei: Isekai Ittara Honki Dasu","url":"https:\/\/myanimelist.net\/manga\/70261\/Mushoku_Tensei__Isekai_Ittara_Honki_Dasu"}]},{"relation":"Prequel","entry":[{"mal_id":39535,"type":"anime","name":"Mushoku Tensei: Isekai Ittara Honki Dasu","url":"https:\/\/myanimelist.net\/anime\/39535\/Mushoku_Tensei__Isekai_Ittara_Honki_Dasu"}]},{"relation":"Side story","entry":[{"mal_id":50360,"type":"anime","name":"Mushoku Tensei: Isekai Ittara Honki Dasu - Eris no Goblin Toubatsu","url":"https:\/\/myanimelist.net\/anime\/50360\/Mushoku_Tensei__Isekai_Ittara_Honki_Dasu_-_Eris_no_Goblin_Toubatsu"}]},{"relation":"Sequel","entry":[{"mal_id":55818,"type":"anime","name":"Mushoku Tensei II: Isekai Ittara Honki Dasu - Shugo Jutsushi Fitz","url":"https:\/\/myanimelist.net\/anime\/55818\/Mushoku_Tensei_II__Isekai_Ittara_Honki_Dasu_-_Shugo_Jutsushi_Fitz"}]}],"theme":{"openings":["1: \"Mezame no Uta (\u76ee\u899a\u3081\u306e\u5504)\"\" by Yuiko Oohara (eps 1-2)","2: \"Keishou no Uta (\u7d99\u627f\u306e\u5504)\" by Yuiko Oohara (eps 3-4)","3: \"Inori no Uta (\u7948\u308a\u306e\u5504)\" by Yuiko Oohara (eps 5-7)","4: \"Tooku no Komori no Uta (\u9060\u304f\u306e\u5b50\u5b88\u306e\u5504)\" by Yuiko Oohara (eps 8-10)","5: \"Tabibito no Uta: Kikyou (\u65c5\u4eba\u306e\u5504~\u5e30\u90f7~)\" by Yuiko Oohara (eps 11-12)"],"endings":["\"Kaze to Iku Michi (\u98a8\u3068\u884c\u304f\u9053)\" by Yuiko Oohara"]},"external":[{"name":"Official Site","url":"https:\/\/mushokutensei.jp\/"},{"name":"@mushokutensei_A","url":"https:\/\/twitter.com\/mushokutensei_A"},{"name":"AniDB","url":"https:\/\/anidb.net\/perl-bin\/animedb.pl?show=anime&aid=15954"},{"name":"ANN","url":"https:\/\/www.animenewsnetwork.com\/encyclopedia\/anime.php?id=24164"},{"name":"Wikipedia","url":"https:\/\/en.wikipedia.org\/wiki\/Mushoku_Tensei#Anime"},{"name":"Wikipedia","url":"https:\/\/ja.wikipedia.org\/wiki\/%E7%84%A1%E8%81%B7%E8%BB%A2%E7%94%9F_%E3%80%9C%E7%95%B0%E4%B8%96%E7%95%8C%E8%A1%8C%E3%81%A3%E3%81%9F%E3%82%89%E6%9C%AC%E6%B0%97%E3%81%A0%E3%81%99%E3%80%9C"},{"name":"Syoboi","url":"https:\/\/cal.syoboi.jp\/tid\/6113"},{"name":"Bangumi","url":"https:\/\/bangumi.tv\/subject\/325585"}],"streaming":[{"name":"Crunchyroll","url":"http:\/\/www.crunchyroll.com\/series-282332"}]}}