{"data":{"mal_id":45598,"url":"https:\/\/myanimelist.net\/anime\/45598\/Tonikaku_Kawaii__Kaisou","images":{"jpg":{"image_url":"https:\/\/cdn.myanimelist.net\/images\/anime\/1980\/110984.jpg","small_image_url":"https:\/\/cdn.myanimelist.net\/images\/anime\/1980\/110984t.jpg","large_image_url":"https:\/\/cdn.myanimelist.net\/images\/anime\/1980\/110984l.jpg"},"webp":{"image_url":"https:\/\/cdn.myanimelist.net\/images\/anime\/1980\/110984.webp","small_image_url":"https:\/\/cdn.myanimelist.net\/images\/anime\/1980\/110984t.webp","large_image_url":"https:\/\/cdn.myanimelist.net\/images\/anime\/1980\/110984l.webp"}},"trailer":{"youtube_id":null,"url":null,"embed_url":null,"images":{"image_url":null,"small_image_url":null,"medium_image_url":null,"large_image_url":null,"maximum_image_url":null}},"approved":true,"titles":[{"type":"Default","title":"Tonikaku Kawaii: Kaisou"},{"type":"Synonym","title":"Tonikaku Kawaii: Flashbacks"},{"type":"Synonym","title":"Tonikaku Kawaii Episode 12.5"},{"type":"Synonym","title":"Tonikaku Kawaii Recap"},{"type":"Japanese","title":"\u30c8\u30cb\u30ab\u30af\u30ab\u30ef\u30a4\u30a4 \u7dcf\u96c6\u7de8 \u56de\u60f3"},{"type":"English","title":"TONIKAWA: Over The Moon For You - Flashbacks"},{"type":"German","title":"Tonikawa: Over The Moon Folge 12.5 Wiederholungsfolge"},{"type":"Spanish","title":"TONIKAWA: Over The Moon For You. Episodio 12.5: Episodio Especial"},{"type":"French","title":"Tonikawa: Over The Moon For You \u00c9pisode 12.5 Compilation r\u00e9trospective"}],"title":"Tonikaku Kawaii: Kaisou","title_english":"TONIKAWA: Over The Moon For You - Flashbacks","title_japanese":"\u30c8\u30cb\u30ab\u30af\u30ab\u30ef\u30a4\u30a4 \u7dcf\u96c6\u7de8 \u56de\u60f3","title_synonyms":["Tonikaku Kawaii: Flashbacks","Tonikaku Kawaii Episode 12.5","Tonikaku Kawaii Recap"],"type":"Special","source":"Manga","episodes":1,"status":"Finished Airing","airing":false,"aired":{"from":"2020-12-26T00:00:00+00:00","to":null,"prop":{"from":{"day":26,"month":12,"year":2020},"to":{"day":null,"month":null,"year":null}},"string":"Dec 26, 2020"},"duration":"23 min","rating":"PG-13 - Teens 13 or older","score":7.39,"scored_by":29747,"rank":2226,"popularity":2817,"members":56671,"favorites":239,"synopsis":"Recap of all 12 episodes of Tonikaku Kawaii.","background":null,"season":null,"year":null,"broadcast":{"day":null,"time":null,"timezone":null,"string":null},"producers":[{"mal_id":62,"type":"anime","name":"Shogakukan-Shueisha Productions","url":"https:\/\/myanimelist.net\/anime\/producer\/62\/Shogakukan-Shueisha_Productions"},{"mal_id":415,"type":"anime","name":"Warner Bros. Japan","url":"https:\/\/myanimelist.net\/anime\/producer\/415\/Warner_Bros_Japan"},{"mal_id":460,"type":"anime","name":"KlockWorx","url":"https:\/\/myanimelist.net\/anime\/producer\/460\/KlockWorx"},{"mal_id":1430,"type":"anime","name":"Shogakukan","url":"https:\/\/myanimelist.net\/anime\/producer\/1430\/Shogakukan"},{"mal_id":1468,"type":"anime","name":"Crunchyroll","url":"https:\/\/myanimelist.net\/anime\/producer\/1468\/Crunchyroll"}],"licensors":[],"studios":[{"mal_id":35,"type":"anime","name":"Seven Arcs","url":"https:\/\/myanimelist.net\/anime\/producer\/35\/Seven_Arcs"}],"genres":[{"mal_id":4,"type":"anime","name":"Comedy","url":"https:\/\/myanimelist.net\/anime\/genre\/4\/Comedy"},{"mal_id":22,"type":"anime","name":"Romance","url":"https:\/\/myanimelist.net\/anime\/genre\/22\/Romance"}],"explicit_genres":[],"themes":[],"demographics":[{"mal_id":27,"type":"anime","name":"Shounen","url":"https:\/\/myanimelist.net\/anime\/genre\/27\/Shounen"}],"relations":[{"relation":"Full story","entry":[{"mal_id":41389,"type":"anime","name":"Tonikaku Kawaii","url":"https:\/\/myanimelist.net\/anime\/41389\/Tonikaku_Kawaii"}]}],"theme":{"openings":[],"endings":[]},"external":[{"name":"Official Site","url":"http:\/\/tonikawa.com\/news\/news-41\/"},{"name":"AniDB","url":"https:\/\/anidb.net\/perl-bin\/animedb.pl?show=anime&aid=15421"},{"name":"Wikipedia","url":"https:\/\/en.wikipedia.org\/wiki\/Fly_Me_to_the_Moon_(manga)#Anime"}],"streaming":[]}}