{"data":{"mal_id":4565,"url":"https:\/\/myanimelist.net\/anime\/4565\/Tengen_Toppa_Gurren_Lagann_Movie_2__Lagann-hen","images":{"jpg":{"image_url":"https:\/\/cdn.myanimelist.net\/images\/anime\/12\/19698.jpg","small_image_url":"https:\/\/cdn.myanimelist.net\/images\/anime\/12\/19698t.jpg","large_image_url":"https:\/\/cdn.myanimelist.net\/images\/anime\/12\/19698l.jpg"},"webp":{"image_url":"https:\/\/cdn.myanimelist.net\/images\/anime\/12\/19698.webp","small_image_url":"https:\/\/cdn.myanimelist.net\/images\/anime\/12\/19698t.webp","large_image_url":"https:\/\/cdn.myanimelist.net\/images\/anime\/12\/19698l.webp"}},"trailer":{"youtube_id":null,"url":null,"embed_url":null,"images":{"image_url":null,"small_image_url":null,"medium_image_url":null,"large_image_url":null,"maximum_image_url":null}},"approved":true,"titles":[{"type":"Default","title":"Tengen Toppa Gurren Lagann Movie 2: Lagann-hen"},{"type":"Synonym","title":"Tengen Toppa Gurren Lagann Movie 2"},{"type":"Japanese","title":"\u5287\u5834\u7248 \u5929\u5143\u7a81\u7834\u30b0\u30ec\u30f3\u30e9\u30ac\u30f3 \u87ba\u5dcc\u7bc7"},{"type":"English","title":"Gurren Lagann The Movie: The Lights in the Sky are Stars"},{"type":"Spanish","title":"Gurren Lagann Pel\u00edcula II: Las Luces en el Cielo son Estrellas"}],"title":"Tengen Toppa Gurren Lagann Movie 2: Lagann-hen","title_english":"Gurren Lagann The Movie: The Lights in the Sky are Stars","title_japanese":"\u5287\u5834\u7248 \u5929\u5143\u7a81\u7834\u30b0\u30ec\u30f3\u30e9\u30ac\u30f3 \u87ba\u5dcc\u7bc7","title_synonyms":["Tengen Toppa Gurren Lagann Movie 2"],"type":"Movie","source":"Original","episodes":1,"status":"Finished Airing","airing":false,"aired":{"from":"2009-04-22T00:00:00+00:00","to":null,"prop":{"from":{"day":22,"month":4,"year":2009},"to":{"day":null,"month":null,"year":null}},"string":"Apr 22, 2009"},"duration":"2 hr 5 min","rating":"R+ - Mild Nudity","score":8.57,"scored_by":99007,"rank":95,"popularity":1102,"members":211059,"favorites":973,"synopsis":"Humans have enjoyed their lavish, peaceful, and prosperous lives for seven years since the day the almighty Spiral King was defeated\u2014the day they reclaimed their homeland, Earth. However, the boon of this lifestyle leaves them unprepared when an unknown, hostile threat arises due to the ever-growing human population. This calamity is the Anti-Spiral\u2014a fearsome enemy with unparalleled power. \n \nAs the Spiral King's prognosis postulating the destruction of \"The Spiral's World\" begins to come true, the pieces are in place, and Team Dai-Gurren is ready. With his late brother's hope to see a better future for mankind, Simon\u2014along with Nia Teppelin and the rest of the team\u2014is determined to overthrow the mighty Anti-Spiral in order to revive humanity's lost hope.\n\n[Written by MAL Rewrite]","background":null,"season":null,"year":null,"broadcast":{"day":null,"time":null,"timezone":null,"string":null},"producers":[{"mal_id":17,"type":"anime","name":"Aniplex","url":"https:\/\/myanimelist.net\/anime\/producer\/17\/Aniplex"}],"licensors":[{"mal_id":493,"type":"anime","name":"Aniplex of America","url":"https:\/\/myanimelist.net\/anime\/producer\/493\/Aniplex_of_America"}],"studios":[{"mal_id":6,"type":"anime","name":"Gainax","url":"https:\/\/myanimelist.net\/anime\/producer\/6\/Gainax"}],"genres":[{"mal_id":1,"type":"anime","name":"Action","url":"https:\/\/myanimelist.net\/anime\/genre\/1\/Action"},{"mal_id":24,"type":"anime","name":"Sci-Fi","url":"https:\/\/myanimelist.net\/anime\/genre\/24\/Sci-Fi"}],"explicit_genres":[],"themes":[{"mal_id":18,"type":"anime","name":"Mecha","url":"https:\/\/myanimelist.net\/anime\/genre\/18\/Mecha"},{"mal_id":29,"type":"anime","name":"Space","url":"https:\/\/myanimelist.net\/anime\/genre\/29\/Space"},{"mal_id":31,"type":"anime","name":"Super Power","url":"https:\/\/myanimelist.net\/anime\/genre\/31\/Super_Power"}],"demographics":[],"relations":[{"relation":"Alternative version","entry":[{"mal_id":2001,"type":"anime","name":"Tengen Toppa Gurren Lagann","url":"https:\/\/myanimelist.net\/anime\/2001\/Tengen_Toppa_Gurren_Lagann"}]},{"relation":"Prequel","entry":[{"mal_id":4107,"type":"anime","name":"Tengen Toppa Gurren Lagann Movie 1: Gurren-hen","url":"https:\/\/myanimelist.net\/anime\/4107\/Tengen_Toppa_Gurren_Lagann_Movie_1__Gurren-hen"}]}],"theme":{"openings":[],"endings":["\"Namida no Tane, Egao no Hana (\u6d99\u306e\u7a2e\u3001\u7b11\u9854\u306e\u82b1)\" by Shoko Nakagawa"]},"external":[{"name":"Official Site","url":"http:\/\/www.gurren-lagann-movie.net\/"},{"name":"AniDB","url":"https:\/\/anidb.net\/perl-bin\/animedb.pl?show=anime&aid=6325"},{"name":"ANN","url":"https:\/\/www.animenewsnetwork.com\/encyclopedia\/anime.php?id=10576"},{"name":"Wikipedia","url":"http:\/\/en.wikipedia.org\/wiki\/Tengen_Toppa"},{"name":"Wikipedia","url":"https:\/\/ja.wikipedia.org\/wiki\/%E5%A4%A9%E5%85%83%E7%AA%81%E7%A0%B4%E3%82%B0%E3%83%AC%E3%83%B3%E3%83%A9%E3%82%AC%E3%83%B3"},{"name":"Syoboi","url":"https:\/\/cal.syoboi.jp\/tid\/5555"}],"streaming":[]}}