{"data":{"mal_id":467,"url":"https:\/\/myanimelist.net\/anime\/467\/Koukaku_Kidoutai__Stand_Alone_Complex","images":{"jpg":{"image_url":"https:\/\/cdn.myanimelist.net\/images\/anime\/11\/50857.jpg","small_image_url":"https:\/\/cdn.myanimelist.net\/images\/anime\/11\/50857t.jpg","large_image_url":"https:\/\/cdn.myanimelist.net\/images\/anime\/11\/50857l.jpg"},"webp":{"image_url":"https:\/\/cdn.myanimelist.net\/images\/anime\/11\/50857.webp","small_image_url":"https:\/\/cdn.myanimelist.net\/images\/anime\/11\/50857t.webp","large_image_url":"https:\/\/cdn.myanimelist.net\/images\/anime\/11\/50857l.webp"}},"trailer":{"youtube_id":"SY6PNTzQb1A","url":"https:\/\/www.youtube.com\/watch?v=SY6PNTzQb1A","embed_url":"https:\/\/www.youtube.com\/embed\/SY6PNTzQb1A?enablejsapi=1&wmode=opaque&autoplay=1","images":{"image_url":"https:\/\/img.youtube.com\/vi\/SY6PNTzQb1A\/default.jpg","small_image_url":"https:\/\/img.youtube.com\/vi\/SY6PNTzQb1A\/sddefault.jpg","medium_image_url":"https:\/\/img.youtube.com\/vi\/SY6PNTzQb1A\/mqdefault.jpg","large_image_url":"https:\/\/img.youtube.com\/vi\/SY6PNTzQb1A\/hqdefault.jpg","maximum_image_url":"https:\/\/img.youtube.com\/vi\/SY6PNTzQb1A\/maxresdefault.jpg"}},"approved":true,"titles":[{"type":"Default","title":"Koukaku Kidoutai: Stand Alone Complex"},{"type":"Synonym","title":"Ghost in the Shell SAC"},{"type":"Synonym","title":"Ghost in the Shell: Stand Alone Complex"},{"type":"Japanese","title":"\u653b\u6bbb\u6a5f\u52d5\u968a STAND ALONE COMPLEX"},{"type":"English","title":"Ghost in the Shell: Stand Alone Complex"},{"type":"German","title":"Ghost in the Shell: Stand Alone Complex"},{"type":"Spanish","title":"Ghost In The Shell : Stand Alone Complex"},{"type":"French","title":"Ghost in The Shell: Stand Alone Complex"}],"title":"Koukaku Kidoutai: Stand Alone Complex","title_english":"Ghost in the Shell: Stand Alone Complex","title_japanese":"\u653b\u6bbb\u6a5f\u52d5\u968a STAND ALONE COMPLEX","title_synonyms":["Ghost in the Shell SAC","Ghost in the Shell: Stand Alone Complex"],"type":"TV","source":"Manga","episodes":26,"status":"Finished Airing","airing":false,"aired":{"from":"2002-10-01T00:00:00+00:00","to":"2003-10-01T00:00:00+00:00","prop":{"from":{"day":1,"month":10,"year":2002},"to":{"day":1,"month":10,"year":2003}},"string":"Oct 1, 2002 to Oct 1, 2003"},"duration":"25 min per ep","rating":"R - 17+ (violence & profanity)","score":8.42,"scored_by":162188,"rank":167,"popularity":565,"members":390527,"favorites":8508,"synopsis":"In the not so distant future, mankind has advanced to a state where complete body transplants from flesh to machine is possible. This allows for great increases in both physical and cybernetic prowess and blurring the lines between the two worlds. However, criminals can also make full use of such technology, leading to new and sometimes, very dangerous crimes. In response to such innovative new methods, the Japanese Government has established Section 9, an independently operating police unit which deals with such highly sensitive crimes.\n\nLed by Daisuke Aramaki and Motoko Kusanagi, Section 9 deals with such crimes over the entire social spectrum, usually with success. However, when faced with a new A level hacker nicknamed \"The Laughing Man,\" the team is thrown into a dangerous cat and mouse game, following the hacker's trail as it leaves its mark on Japan.\n\n[Written by MAL Rewrite]","background":"Winner of the Excellence Award on the 6th Japan Media Arts Festival.","season":"fall","year":2002,"broadcast":{"day":null,"time":null,"timezone":null,"string":"Unknown"},"producers":[{"mal_id":23,"type":"anime","name":"Bandai Visual","url":"https:\/\/myanimelist.net\/anime\/producer\/23\/Bandai_Visual"},{"mal_id":53,"type":"anime","name":"Dentsu","url":"https:\/\/myanimelist.net\/anime\/producer\/53\/Dentsu"},{"mal_id":123,"type":"anime","name":"Victor Entertainment","url":"https:\/\/myanimelist.net\/anime\/producer\/123\/Victor_Entertainment"},{"mal_id":140,"type":"anime","name":"Animax","url":"https:\/\/myanimelist.net\/anime\/producer\/140\/Animax"},{"mal_id":159,"type":"anime","name":"Kodansha","url":"https:\/\/myanimelist.net\/anime\/producer\/159\/Kodansha"},{"mal_id":178,"type":"anime","name":"Trilogy Future Studio","url":"https:\/\/myanimelist.net\/anime\/producer\/178\/Trilogy_Future_Studio"},{"mal_id":382,"type":"anime","name":"Tokuma Shoten","url":"https:\/\/myanimelist.net\/anime\/producer\/382\/Tokuma_Shoten"},{"mal_id":1003,"type":"anime","name":"Nippon Television Network","url":"https:\/\/myanimelist.net\/anime\/producer\/1003\/Nippon_Television_Network"}],"licensors":[{"mal_id":233,"type":"anime","name":"Bandai Entertainment","url":"https:\/\/myanimelist.net\/anime\/producer\/233\/Bandai_Entertainment"},{"mal_id":947,"type":"anime","name":"Manga Entertainment","url":"https:\/\/myanimelist.net\/anime\/producer\/947\/Manga_Entertainment"}],"studios":[{"mal_id":10,"type":"anime","name":"Production I.G","url":"https:\/\/myanimelist.net\/anime\/producer\/10\/Production_IG"}],"genres":[{"mal_id":1,"type":"anime","name":"Action","url":"https:\/\/myanimelist.net\/anime\/genre\/1\/Action"},{"mal_id":46,"type":"anime","name":"Award Winning","url":"https:\/\/myanimelist.net\/anime\/genre\/46\/Award_Winning"},{"mal_id":7,"type":"anime","name":"Mystery","url":"https:\/\/myanimelist.net\/anime\/genre\/7\/Mystery"},{"mal_id":24,"type":"anime","name":"Sci-Fi","url":"https:\/\/myanimelist.net\/anime\/genre\/24\/Sci-Fi"}],"explicit_genres":[],"themes":[{"mal_id":50,"type":"anime","name":"Adult Cast","url":"https:\/\/myanimelist.net\/anime\/genre\/50\/Adult_Cast"},{"mal_id":39,"type":"anime","name":"Detective","url":"https:\/\/myanimelist.net\/anime\/genre\/39\/Detective"},{"mal_id":18,"type":"anime","name":"Mecha","url":"https:\/\/myanimelist.net\/anime\/genre\/18\/Mecha"},{"mal_id":38,"type":"anime","name":"Military","url":"https:\/\/myanimelist.net\/anime\/genre\/38\/Military"}],"demographics":[{"mal_id":42,"type":"anime","name":"Seinen","url":"https:\/\/myanimelist.net\/anime\/genre\/42\/Seinen"}],"relations":[{"relation":"Adaptation","entry":[{"mal_id":7848,"type":"manga","name":"Koukaku Kidoutai: Stand Alone Complex","url":"https:\/\/myanimelist.net\/manga\/7848\/Koukaku_Kidoutai__Stand_Alone_Complex"},{"mal_id":31935,"type":"manga","name":"Koukaku Kidoutai: Stand Alone Complex","url":"https:\/\/myanimelist.net\/manga\/31935\/Koukaku_Kidoutai__Stand_Alone_Complex"},{"mal_id":80473,"type":"manga","name":"Koukaku Kidoutai: Stand Alone Complex - The Laughing Man","url":"https:\/\/myanimelist.net\/manga\/80473\/Koukaku_Kidoutai__Stand_Alone_Complex_-_The_Laughing_Man"}]},{"relation":"Alternative setting","entry":[{"mal_id":43,"type":"anime","name":"Koukaku Kidoutai","url":"https:\/\/myanimelist.net\/anime\/43\/Koukaku_Kidoutai"}]},{"relation":"Sequel","entry":[{"mal_id":801,"type":"anime","name":"Koukaku Kidoutai: Stand Alone Complex 2nd GIG","url":"https:\/\/myanimelist.net\/anime\/801\/Koukaku_Kidoutai__Stand_Alone_Complex_2nd_GIG"}]},{"relation":"Spin-off","entry":[{"mal_id":1335,"type":"anime","name":"Koukaku Kidoutai: Stand Alone Complex - Tachikoma na Hibi","url":"https:\/\/myanimelist.net\/anime\/1335\/Koukaku_Kidoutai__Stand_Alone_Complex_-_Tachikoma_na_Hibi"}]},{"relation":"Summary","entry":[{"mal_id":2449,"type":"anime","name":"Koukaku Kidoutai: Stand Alone Complex - The Laughing Man","url":"https:\/\/myanimelist.net\/anime\/2449\/Koukaku_Kidoutai__Stand_Alone_Complex_-_The_Laughing_Man"}]},{"relation":"Side story","entry":[{"mal_id":10949,"type":"anime","name":"Koukaku Kidoutai: Stand Alone Complex - Tachikoma na Hibi - Interval","url":"https:\/\/myanimelist.net\/anime\/10949\/Koukaku_Kidoutai__Stand_Alone_Complex_-_Tachikoma_na_Hibi_-_Interval"}]}],"theme":{"openings":["1: \"Inner Universe\" by Origa","2: \"GET9\" by Jillmax (Japanese Terrestrial Broadcast)"],"endings":["1: \"Lithium Flower\" by Scott Matthew","2: \"I Do\" by Ilaria Graziano (Japanese Terrestrial Broadcast)"]},"external":[{"name":"Official Site","url":"http:\/\/www.ntv.co.jp\/kokaku-s\/sac\/index.html"},{"name":"AniDB","url":"https:\/\/anidb.net\/perl-bin\/animedb.pl?show=anime&aid=247"},{"name":"ANN","url":"https:\/\/www.animenewsnetwork.com\/encyclopedia\/anime.php?id=910"},{"name":"Wikipedia","url":"http:\/\/en.wikipedia.org\/wiki\/Ghost_in_the_Shell:_Stand_Alone_Complex"},{"name":"Wikipedia","url":"https:\/\/ja.wikipedia.org\/wiki\/%E6%94%BB%E6%AE%BB%E6%A9%9F%E5%8B%95%E9%9A%8A_STAND_ALONE_COMPLEX"},{"name":"Syoboi","url":"https:\/\/cal.syoboi.jp\/tid\/104"}],"streaming":[{"name":"Netflix","url":"https:\/\/www.netflix.com\/"}]}}