{"data":{"mal_id":47257,"url":"https:\/\/myanimelist.net\/anime\/47257\/Shinigami_Bocchan_to_Kuro_Maid","images":{"jpg":{"image_url":"https:\/\/cdn.myanimelist.net\/images\/anime\/1471\/115593.jpg","small_image_url":"https:\/\/cdn.myanimelist.net\/images\/anime\/1471\/115593t.jpg","large_image_url":"https:\/\/cdn.myanimelist.net\/images\/anime\/1471\/115593l.jpg"},"webp":{"image_url":"https:\/\/cdn.myanimelist.net\/images\/anime\/1471\/115593.webp","small_image_url":"https:\/\/cdn.myanimelist.net\/images\/anime\/1471\/115593t.webp","large_image_url":"https:\/\/cdn.myanimelist.net\/images\/anime\/1471\/115593l.webp"}},"trailer":{"youtube_id":"fovl9ZRPX40","url":"https:\/\/www.youtube.com\/watch?v=fovl9ZRPX40","embed_url":"https:\/\/www.youtube.com\/embed\/fovl9ZRPX40?enablejsapi=1&wmode=opaque&autoplay=1","images":{"image_url":"https:\/\/img.youtube.com\/vi\/fovl9ZRPX40\/default.jpg","small_image_url":"https:\/\/img.youtube.com\/vi\/fovl9ZRPX40\/sddefault.jpg","medium_image_url":"https:\/\/img.youtube.com\/vi\/fovl9ZRPX40\/mqdefault.jpg","large_image_url":"https:\/\/img.youtube.com\/vi\/fovl9ZRPX40\/hqdefault.jpg","maximum_image_url":"https:\/\/img.youtube.com\/vi\/fovl9ZRPX40\/maxresdefault.jpg"}},"approved":true,"titles":[{"type":"Default","title":"Shinigami Bocchan to Kuro Maid"},{"type":"Synonym","title":"Young Master the Grim Reaper and the Black Maid"},{"type":"Japanese","title":"\u6b7b\u795e\u574a\u3061\u3083\u3093\u3068\u9ed2\u30e1\u30a4\u30c9"},{"type":"English","title":"The Duke of Death and His Maid"}],"title":"Shinigami Bocchan to Kuro Maid","title_english":"The Duke of Death and His Maid","title_japanese":"\u6b7b\u795e\u574a\u3061\u3083\u3093\u3068\u9ed2\u30e1\u30a4\u30c9","title_synonyms":["Young Master the Grim Reaper and the Black Maid"],"type":"TV","source":"Web manga","episodes":12,"status":"Finished Airing","airing":false,"aired":{"from":"2021-07-04T00:00:00+00:00","to":"2021-09-19T00:00:00+00:00","prop":{"from":{"day":4,"month":7,"year":2021},"to":{"day":19,"month":9,"year":2021}},"string":"Jul 4, 2021 to Sep 19, 2021"},"duration":"24 min per ep","rating":"PG-13 - Teens 13 or older","score":7.61,"scored_by":87925,"rank":1407,"popularity":1006,"members":229804,"favorites":1633,"synopsis":"As the elegant, frail flower petals wither away into lifeless ashes, the young duke is tragically reminded of the despicable power forced upon him\u2014the ability to kill anything he touches. Scorned by his family, he is sent away to live in near isolation. Fortunately, he is not entirely alone, as the manor's staff\u2014his dutiful butler Rob and the flirtatious maid Alice\u2014keep him company and make his life less miserable.\n\nAs the duke's romantic feelings for Alice grow, so does his continued frustration for the limits set by his unfortunate ability. Therefore, he resolves to break the curse cast upon him all those years ago, not only for his sake, but Alice's as well\u2014for he is painfully aware of how difficult it is to avoid the touch of a loved one.\n\n[Written by MAL Rewrite]","background":null,"season":"summer","year":2021,"broadcast":{"day":"Sundays","time":"22:00","timezone":"Asia\/Tokyo","string":"Sundays at 22:00 (JST)"},"producers":[{"mal_id":62,"type":"anime","name":"Shogakukan-Shueisha Productions","url":"https:\/\/myanimelist.net\/anime\/producer\/62\/Shogakukan-Shueisha_Productions"},{"mal_id":474,"type":"anime","name":"Shogakukan Music & Digital Entertainment","url":"https:\/\/myanimelist.net\/anime\/producer\/474\/Shogakukan_Music___Digital_Entertainment"},{"mal_id":1113,"type":"anime","name":"NBCUniversal Entertainment Japan","url":"https:\/\/myanimelist.net\/anime\/producer\/1113\/NBCUniversal_Entertainment_Japan"},{"mal_id":1416,"type":"anime","name":"BS11","url":"https:\/\/myanimelist.net\/anime\/producer\/1416\/BS11"},{"mal_id":1430,"type":"anime","name":"Shogakukan","url":"https:\/\/myanimelist.net\/anime\/producer\/1430\/Shogakukan"},{"mal_id":1492,"type":"anime","name":"Yomiuri TV Enterprise","url":"https:\/\/myanimelist.net\/anime\/producer\/1492\/Yomiuri_TV_Enterprise"},{"mal_id":1992,"type":"anime","name":"Bandai Spirits","url":"https:\/\/myanimelist.net\/anime\/producer\/1992\/Bandai_Spirits"}],"licensors":[{"mal_id":102,"type":"anime","name":"Funimation","url":"https:\/\/myanimelist.net\/anime\/producer\/102\/Funimation"}],"studios":[{"mal_id":7,"type":"anime","name":"J.C.Staff","url":"https:\/\/myanimelist.net\/anime\/producer\/7\/JCStaff"}],"genres":[{"mal_id":4,"type":"anime","name":"Comedy","url":"https:\/\/myanimelist.net\/anime\/genre\/4\/Comedy"},{"mal_id":37,"type":"anime","name":"Supernatural","url":"https:\/\/myanimelist.net\/anime\/genre\/37\/Supernatural"}],"explicit_genres":[],"themes":[{"mal_id":74,"type":"anime","name":"Romantic Subtext","url":"https:\/\/myanimelist.net\/anime\/genre\/74\/Romantic_Subtext"}],"demographics":[],"relations":[{"relation":"Adaptation","entry":[{"mal_id":110029,"type":"manga","name":"Shinigami Bocchan to Kuro Maid","url":"https:\/\/myanimelist.net\/manga\/110029\/Shinigami_Bocchan_to_Kuro_Maid"}]},{"relation":"Sequel","entry":[{"mal_id":49858,"type":"anime","name":"Shinigami Bocchan to Kuro Maid 2nd Season","url":"https:\/\/myanimelist.net\/anime\/49858\/Shinigami_Bocchan_to_Kuro_Maid_2nd_Season"}]}],"theme":{"openings":["\"Mangetsu to Silhouette no Yoru (\u6e80\u6708\u3068\u30b7\u30eb\u30a8\u30c3\u30c8\u306e\u591c)\" by Bocchan (Natsuki Hanae) & Alice (Ayumi Mano)"],"endings":["\"Nocturne (\u591c\u60f3\u66f2\uff08\u30ce\u30af\u30bf\u30fc\u30f3\uff09)\" by Alice (Ayumi Mano)"]},"external":[{"name":"Official Site","url":"https:\/\/bocchan-anime.com\/"},{"name":"AniDB","url":"https:\/\/anidb.net\/perl-bin\/animedb.pl?show=anime&aid=16036"},{"name":"ANN","url":"https:\/\/www.animenewsnetwork.com\/encyclopedia\/anime.php?id=24013"},{"name":"Wikipedia","url":"https:\/\/en.wikipedia.org\/wiki\/The_Duke_of_Death_and_His_Maid#Anime"}],"streaming":[{"name":"Crunchyroll","url":"http:\/\/www.crunchyroll.com\/series-282443"},{"name":"Funimation","url":"https:\/\/www.funimation.com\/shows\/the-duke-of-death-and-his-maid"},{"name":"Ani-One Asia","url":"https:\/\/www.youtube.com\/channel\/UC0wNSTMWIL3qaorLx0jie6A"},{"name":"Aniplus Asia","url":"https:\/\/www.aniplus-asia.com\/"},{"name":"Aniplus TV","url":"http:\/\/www.aniplustv.com\/"},{"name":"Bahamut Anime Crazy","url":"https:\/\/ani.gamer.com.tw\/"},{"name":"Bilibili","url":"https:\/\/www.bilibili.com\/"},{"name":"Laftel","url":"https:\/\/laftel.net\/"},{"name":"Wakanim","url":"https:\/\/www.wakanim.tv\/"},{"name":"iQIYI","url":"https:\/\/www.iq.com\/"}]}}