{"data":{"mal_id":48405,"url":"https:\/\/myanimelist.net\/anime\/48405\/Totsukuni_no_Shoujo_2022","images":{"jpg":{"image_url":"https:\/\/cdn.myanimelist.net\/images\/anime\/1957\/113267.jpg","small_image_url":"https:\/\/cdn.myanimelist.net\/images\/anime\/1957\/113267t.jpg","large_image_url":"https:\/\/cdn.myanimelist.net\/images\/anime\/1957\/113267l.jpg"},"webp":{"image_url":"https:\/\/cdn.myanimelist.net\/images\/anime\/1957\/113267.webp","small_image_url":"https:\/\/cdn.myanimelist.net\/images\/anime\/1957\/113267t.webp","large_image_url":"https:\/\/cdn.myanimelist.net\/images\/anime\/1957\/113267l.webp"}},"trailer":{"youtube_id":"2LV9cigl1Iw","url":"https:\/\/www.youtube.com\/watch?v=2LV9cigl1Iw","embed_url":"https:\/\/www.youtube.com\/embed\/2LV9cigl1Iw?enablejsapi=1&wmode=opaque&autoplay=1","images":{"image_url":"https:\/\/img.youtube.com\/vi\/2LV9cigl1Iw\/default.jpg","small_image_url":"https:\/\/img.youtube.com\/vi\/2LV9cigl1Iw\/sddefault.jpg","medium_image_url":"https:\/\/img.youtube.com\/vi\/2LV9cigl1Iw\/mqdefault.jpg","large_image_url":"https:\/\/img.youtube.com\/vi\/2LV9cigl1Iw\/hqdefault.jpg","maximum_image_url":"https:\/\/img.youtube.com\/vi\/2LV9cigl1Iw\/maxresdefault.jpg"}},"approved":true,"titles":[{"type":"Default","title":"Totsukuni no Shoujo (2022)"},{"type":"Synonym","title":"Si\u00fail"},{"type":"Synonym","title":"a R\u00fan OVA"},{"type":"Synonym","title":"Totsukuni no Shoujo OAD"},{"type":"Japanese","title":"\u3068\u3064\u304f\u306b\u306e\u5c11\u5973"},{"type":"English","title":"The Girl From the Other Side"}],"title":"Totsukuni no Shoujo (2022)","title_english":"The Girl From the Other Side","title_japanese":"\u3068\u3064\u304f\u306b\u306e\u5c11\u5973","title_synonyms":["Si\u00fail","a R\u00fan OVA","Totsukuni no Shoujo OAD"],"type":"OVA","source":"Manga","episodes":1,"status":"Finished Airing","airing":false,"aired":{"from":"2022-03-10T00:00:00+00:00","to":null,"prop":{"from":{"day":10,"month":3,"year":2022},"to":{"day":null,"month":null,"year":null}},"string":"Mar 10, 2022"},"duration":"1 hr 10 min","rating":"PG-13 - Teens 13 or older","score":7.53,"scored_by":12832,"rank":1668,"popularity":3339,"members":41361,"favorites":281,"synopsis":"OVA bundled with the special edition of the manga's side story.","background":null,"season":null,"year":null,"broadcast":{"day":null,"time":null,"timezone":null,"string":null},"producers":[{"mal_id":464,"type":"anime","name":"flying DOG","url":"https:\/\/myanimelist.net\/anime\/producer\/464\/flying_DOG"},{"mal_id":1294,"type":"anime","name":"Sound Team Don Juan","url":"https:\/\/myanimelist.net\/anime\/producer\/1294\/Sound_Team_Don_Juan"},{"mal_id":1747,"type":"anime","name":"Twin Engine","url":"https:\/\/myanimelist.net\/anime\/producer\/1747\/Twin_Engine"}],"licensors":[],"studios":[{"mal_id":858,"type":"anime","name":"Wit Studio","url":"https:\/\/myanimelist.net\/anime\/producer\/858\/Wit_Studio"}],"genres":[{"mal_id":37,"type":"anime","name":"Supernatural","url":"https:\/\/myanimelist.net\/anime\/genre\/37\/Supernatural"}],"explicit_genres":[],"themes":[],"demographics":[{"mal_id":27,"type":"anime","name":"Shounen","url":"https:\/\/myanimelist.net\/anime\/genre\/27\/Shounen"}],"relations":[{"relation":"Adaptation","entry":[{"mal_id":93972,"type":"manga","name":"Totsukuni no Shoujo","url":"https:\/\/myanimelist.net\/manga\/93972\/Totsukuni_no_Shoujo"}]},{"relation":"Prequel","entry":[{"mal_id":39495,"type":"anime","name":"Totsukuni no Shoujo","url":"https:\/\/myanimelist.net\/anime\/39495\/Totsukuni_no_Shoujo"}]}],"theme":{"openings":[],"endings":["\"Touch of Hope\" by Yui Makino"]},"external":[{"name":"Official Site","url":"https:\/\/www.totsukuni.com\/"},{"name":"@totsukunishoujo","url":"https:\/\/twitter.com\/totsukunishoujo"},{"name":"AniDB","url":"https:\/\/anidb.net\/perl-bin\/animedb.pl?show=anime&aid=16091"},{"name":"ANN","url":"https:\/\/www.animenewsnetwork.com\/encyclopedia\/anime.php?id=24131"},{"name":"Wikipedia","url":"https:\/\/en.wikipedia.org\/wiki\/The_Girl_from_the_Other_Side:_Si%C3%BAil,_a_R%C3%BAn#Original_animation_DVD"},{"name":"Wikipedia","url":"https:\/\/ja.wikipedia.org\/wiki\/%E3%81%A8%E3%81%A4%E3%81%8F%E3%81%AB%E3%81%AE%E5%B0%91%E5%A5%B3"}],"streaming":[{"name":"Crunchyroll","url":"http:\/\/www.crunchyroll.com\/series-283022"}]}}