{"data":{"mal_id":48553,"url":"https:\/\/myanimelist.net\/anime\/48553\/Akebi-chan_no_Sailor-fuku","images":{"jpg":{"image_url":"https:\/\/cdn.myanimelist.net\/images\/anime\/1820\/120520.jpg","small_image_url":"https:\/\/cdn.myanimelist.net\/images\/anime\/1820\/120520t.jpg","large_image_url":"https:\/\/cdn.myanimelist.net\/images\/anime\/1820\/120520l.jpg"},"webp":{"image_url":"https:\/\/cdn.myanimelist.net\/images\/anime\/1820\/120520.webp","small_image_url":"https:\/\/cdn.myanimelist.net\/images\/anime\/1820\/120520t.webp","large_image_url":"https:\/\/cdn.myanimelist.net\/images\/anime\/1820\/120520l.webp"}},"trailer":{"youtube_id":"pX1NO_8Ycuk","url":"https:\/\/www.youtube.com\/watch?v=pX1NO_8Ycuk","embed_url":"https:\/\/www.youtube.com\/embed\/pX1NO_8Ycuk?enablejsapi=1&wmode=opaque&autoplay=1","images":{"image_url":"https:\/\/img.youtube.com\/vi\/pX1NO_8Ycuk\/default.jpg","small_image_url":"https:\/\/img.youtube.com\/vi\/pX1NO_8Ycuk\/sddefault.jpg","medium_image_url":"https:\/\/img.youtube.com\/vi\/pX1NO_8Ycuk\/mqdefault.jpg","large_image_url":"https:\/\/img.youtube.com\/vi\/pX1NO_8Ycuk\/hqdefault.jpg","maximum_image_url":"https:\/\/img.youtube.com\/vi\/pX1NO_8Ycuk\/maxresdefault.jpg"}},"approved":true,"titles":[{"type":"Default","title":"Akebi-chan no Sailor-fuku"},{"type":"Japanese","title":"\u660e\u65e5\u3061\u3083\u3093\u306e\u30bb\u30fc\u30e9\u30fc\u670d"},{"type":"English","title":"Akebi's Sailor Uniform"}],"title":"Akebi-chan no Sailor-fuku","title_english":"Akebi's Sailor Uniform","title_japanese":"\u660e\u65e5\u3061\u3083\u3093\u306e\u30bb\u30fc\u30e9\u30fc\u670d","title_synonyms":[],"type":"TV","source":"Web manga","episodes":12,"status":"Finished Airing","airing":false,"aired":{"from":"2022-01-09T00:00:00+00:00","to":"2022-03-27T00:00:00+00:00","prop":{"from":{"day":9,"month":1,"year":2022},"to":{"day":27,"month":3,"year":2022}},"string":"Jan 9, 2022 to Mar 27, 2022"},"duration":"23 min per ep","rating":"PG-13 - Teens 13 or older","score":7.68,"scored_by":65641,"rank":1218,"popularity":1304,"members":175662,"favorites":1133,"synopsis":"Ever since she was young, Komichi Akebi has always adored sailor uniforms, even going so far as to ask her mother to sew one if she succeeds in getting into her mother's alma mater, Roubai Academy. And thus, when she gets accepted into the prestigious school, Komichi is ecstatic. However, much to her surprise, the middle school no longer uses sailor uniforms as its dress code\u2014making Komichi stand out from her schoolmates. Despite this, Komichi is granted permission to continue wearing the traditional attire. \n\nWith renewed confidence, Komichi meets fascinating classmates as they experience school life together. Under the colorful shower of blossoming prospects, an exciting tomorrow awaits them!\n\n[Written by MAL Rewrite]","background":"Akebi-chan no Sailor-fuku was released on Blu-ray and DVD in six volumes from April 27, 2022 to September 28, 2022.","season":"winter","year":2022,"broadcast":{"day":"Sundays","time":"00:30","timezone":"Asia\/Tokyo","string":"Sundays at 00:30 (JST)"},"producers":[{"mal_id":17,"type":"anime","name":"Aniplex","url":"https:\/\/myanimelist.net\/anime\/producer\/17\/Aniplex"},{"mal_id":1365,"type":"anime","name":"Shueisha","url":"https:\/\/myanimelist.net\/anime\/producer\/1365\/Shueisha"},{"mal_id":2185,"type":"anime","name":"BS Asahi","url":"https:\/\/myanimelist.net\/anime\/producer\/2185\/BS_Asahi"}],"licensors":[],"studios":[{"mal_id":1835,"type":"anime","name":"CloverWorks","url":"https:\/\/myanimelist.net\/anime\/producer\/1835\/CloverWorks"}],"genres":[{"mal_id":36,"type":"anime","name":"Slice of Life","url":"https:\/\/myanimelist.net\/anime\/genre\/36\/Slice_of_Life"}],"explicit_genres":[],"themes":[{"mal_id":52,"type":"anime","name":"CGDCT","url":"https:\/\/myanimelist.net\/anime\/genre\/52\/CGDCT"},{"mal_id":23,"type":"anime","name":"School","url":"https:\/\/myanimelist.net\/anime\/genre\/23\/School"}],"demographics":[],"relations":[{"relation":"Adaptation","entry":[{"mal_id":101851,"type":"manga","name":"Akebi-chan no Sailor-fuku","url":"https:\/\/myanimelist.net\/manga\/101851\/Akebi-chan_no_Sailor-fuku"}]}],"theme":{"openings":["\"Hajimari no Setsuna (\u306f\u3058\u307e\u308a\u306e\u30bb\u30c4\u30ca)\" by Roubai Gakuen Chuutoubu 1-nen 3-gumi (\u881f\u6885\u5b66\u5712\u4e2d\u7b49\u90e81\u5e743\u7d44)"],"endings":["1: \"Baton\" by Komichi Akebi (CV: Manatsu Murakami) (eps 1-3,5-11)","2: \"Kaze ni Makasete (\u98a8\u306b\u307e\u304b\u305b\u3066)\" by Komichi Akebi (CV: Manatsu Murakami) (eps 4)","3: \"Hajimari no Setsuna (\u306f\u3058\u307e\u308a\u306e\u30bb\u30c4\u30ca)\" by Roubai Gakuen Chuutoubu 1-nen 3-gumi (\u881f\u6885\u5b66\u5712\u4e2d\u7b49\u90e81\u5e743\u7d44) (eps 12)"]},"external":[{"name":"Official Site","url":"https:\/\/akebi-chan.jp\/"},{"name":"@AKEBI_chan","url":"https:\/\/twitter.com\/AKEBI_chan"},{"name":"YouTube","url":"https:\/\/www.youtube.com\/@akebi_chan"},{"name":"AniDB","url":"https:\/\/anidb.net\/perl-bin\/animedb.pl?show=anime&aid=16166"},{"name":"ANN","url":"https:\/\/www.animenewsnetwork.com\/encyclopedia\/anime.php?id=24189"},{"name":"Wikipedia","url":"https:\/\/en.wikipedia.org\/wiki\/Akebi's_Sailor_Uniform#Anime"},{"name":"Wikipedia","url":"https:\/\/ja.wikipedia.org\/wiki\/%E6%98%8E%E6%97%A5%E3%81%A1%E3%82%83%E3%82%93%E3%81%AE%E3%82%BB%E3%83%BC%E3%83%A9%E3%83%BC%E6%9C%8D"},{"name":"Syoboi","url":"https:\/\/cal.syoboi.jp\/tid\/6209"}],"streaming":[{"name":"Crunchyroll","url":"http:\/\/www.crunchyroll.com\/series-282177"},{"name":"Funimation","url":"https:\/\/www.funimation.com\/shows\/akebis-sailor-uniform"},{"name":"Aniplus TV","url":"http:\/\/www.aniplustv.com\/"},{"name":"Bahamut Anime Crazy","url":"https:\/\/ani.gamer.com.tw\/"},{"name":"Bilibili","url":"https:\/\/www.bilibili.com\/"},{"name":"Laftel","url":"https:\/\/laftel.net\/"},{"name":"Wakanim","url":"https:\/\/www.wakanim.tv\/"},{"name":"iQIYI","url":"https:\/\/www.iq.com\/"}]}}