{"data":{"mal_id":48643,"url":"https:\/\/myanimelist.net\/anime\/48643\/Koi_wa_Sekai_Seifuku_no_Ato_de","images":{"jpg":{"image_url":"https:\/\/cdn.myanimelist.net\/images\/anime\/1347\/120593.jpg","small_image_url":"https:\/\/cdn.myanimelist.net\/images\/anime\/1347\/120593t.jpg","large_image_url":"https:\/\/cdn.myanimelist.net\/images\/anime\/1347\/120593l.jpg"},"webp":{"image_url":"https:\/\/cdn.myanimelist.net\/images\/anime\/1347\/120593.webp","small_image_url":"https:\/\/cdn.myanimelist.net\/images\/anime\/1347\/120593t.webp","large_image_url":"https:\/\/cdn.myanimelist.net\/images\/anime\/1347\/120593l.webp"}},"trailer":{"youtube_id":"X0nC507gZw8","url":"https:\/\/www.youtube.com\/watch?v=X0nC507gZw8","embed_url":"https:\/\/www.youtube.com\/embed\/X0nC507gZw8?enablejsapi=1&wmode=opaque&autoplay=1","images":{"image_url":"https:\/\/img.youtube.com\/vi\/X0nC507gZw8\/default.jpg","small_image_url":"https:\/\/img.youtube.com\/vi\/X0nC507gZw8\/sddefault.jpg","medium_image_url":"https:\/\/img.youtube.com\/vi\/X0nC507gZw8\/mqdefault.jpg","large_image_url":"https:\/\/img.youtube.com\/vi\/X0nC507gZw8\/hqdefault.jpg","maximum_image_url":"https:\/\/img.youtube.com\/vi\/X0nC507gZw8\/maxresdefault.jpg"}},"approved":true,"titles":[{"type":"Default","title":"Koi wa Sekai Seifuku no Ato de"},{"type":"Synonym","title":"Koiseka"},{"type":"Japanese","title":"\u604b\u306f\u4e16\u754c\u5f81\u670d\u306e\u3042\u3068\u3067"},{"type":"English","title":"Love After World Domination"}],"title":"Koi wa Sekai Seifuku no Ato de","title_english":"Love After World Domination","title_japanese":"\u604b\u306f\u4e16\u754c\u5f81\u670d\u306e\u3042\u3068\u3067","title_synonyms":["Koiseka"],"type":"TV","source":"Manga","episodes":12,"status":"Finished Airing","airing":false,"aired":{"from":"2022-04-08T00:00:00+00:00","to":"2022-06-24T00:00:00+00:00","prop":{"from":{"day":8,"month":4,"year":2022},"to":{"day":24,"month":6,"year":2022}},"string":"Apr 8, 2022 to Jun 24, 2022"},"duration":"23 min per ep","rating":"PG-13 - Teens 13 or older","score":7.43,"scored_by":92608,"rank":2026,"popularity":1060,"members":219570,"favorites":992,"synopsis":"Fudou Aikawa and Desumi Magahara have just started dating, but no one is allowed to know! Nicknamed \"Red Gelato,\" Fudou is the leader of \"Gelato 5,\" a group of heroes dedicated to protecting Japan. On the other hand, the \"Reaper Princess\" Desumi is one of the combatant leaders of \"Gekko,\" an evil secret society bent on world domination and considered Gelato 5's greatest foe. As they pretend to be mortal enemies, Fudou and Desumi sneak away from battle to spend time together.\n\nDespite their inexperience with romance, Fudou and Desumi strive to make their relationship work while avoiding suspicion from their comrades. With their loyalties divided between each other and their respective sides, the couple will have to stay on guard if they want to keep their love a secret from the rest of the world.\n\n[Written by MAL Rewrite]","background":"Koi wa Sekai Seifuku no Ato de was released on Blu-ray in two volumes from July 13, 2022 to August 3, 2022.","season":"spring","year":2022,"broadcast":{"day":"Fridays","time":"21:30","timezone":"Asia\/Tokyo","string":"Fridays at 21:30 (JST)"},"producers":[{"mal_id":141,"type":"anime","name":"Toei Video","url":"https:\/\/myanimelist.net\/anime\/producer\/141\/Toei_Video"},{"mal_id":144,"type":"anime","name":"Pony Canyon","url":"https:\/\/myanimelist.net\/anime\/producer\/144\/Pony_Canyon"},{"mal_id":238,"type":"anime","name":"AT-X","url":"https:\/\/myanimelist.net\/anime\/producer\/238\/AT-X"},{"mal_id":460,"type":"anime","name":"KlockWorx","url":"https:\/\/myanimelist.net\/anime\/producer\/460\/KlockWorx"},{"mal_id":517,"type":"anime","name":"Asmik Ace","url":"https:\/\/myanimelist.net\/anime\/producer\/517\/Asmik_Ace"},{"mal_id":1355,"type":"anime","name":"TV Aichi","url":"https:\/\/myanimelist.net\/anime\/producer\/1355\/TV_Aichi"},{"mal_id":1792,"type":"anime","name":"Yomiuri Shimbun","url":"https:\/\/myanimelist.net\/anime\/producer\/1792\/Yomiuri_Shimbun"},{"mal_id":1883,"type":"anime","name":"APDREAM","url":"https:\/\/myanimelist.net\/anime\/producer\/1883\/APDREAM"},{"mal_id":1986,"type":"anime","name":"arma bianca","url":"https:\/\/myanimelist.net\/anime\/producer\/1986\/arma_bianca"},{"mal_id":2074,"type":"anime","name":"Bit grooove promotion","url":"https:\/\/myanimelist.net\/anime\/producer\/2074\/Bit_grooove_promotion"},{"mal_id":2090,"type":"anime","name":"Dream Shift","url":"https:\/\/myanimelist.net\/anime\/producer\/2090\/Dream_Shift"},{"mal_id":2185,"type":"anime","name":"BS Asahi","url":"https:\/\/myanimelist.net\/anime\/producer\/2185\/BS_Asahi"},{"mal_id":2431,"type":"anime","name":"Happinet Phantom Studios","url":"https:\/\/myanimelist.net\/anime\/producer\/2431\/Happinet_Phantom_Studios"},{"mal_id":2441,"type":"anime","name":"Bergamo","url":"https:\/\/myanimelist.net\/anime\/producer\/2441\/Bergamo"}],"licensors":[],"studios":[{"mal_id":439,"type":"anime","name":"Project No.9","url":"https:\/\/myanimelist.net\/anime\/producer\/439\/Project_No9"}],"genres":[{"mal_id":1,"type":"anime","name":"Action","url":"https:\/\/myanimelist.net\/anime\/genre\/1\/Action"},{"mal_id":4,"type":"anime","name":"Comedy","url":"https:\/\/myanimelist.net\/anime\/genre\/4\/Comedy"},{"mal_id":22,"type":"anime","name":"Romance","url":"https:\/\/myanimelist.net\/anime\/genre\/22\/Romance"}],"explicit_genres":[],"themes":[{"mal_id":20,"type":"anime","name":"Parody","url":"https:\/\/myanimelist.net\/anime\/genre\/20\/Parody"}],"demographics":[{"mal_id":27,"type":"anime","name":"Shounen","url":"https:\/\/myanimelist.net\/anime\/genre\/27\/Shounen"}],"relations":[{"relation":"Adaptation","entry":[{"mal_id":123362,"type":"manga","name":"Koi wa Sekai Seifuku no Ato de","url":"https:\/\/myanimelist.net\/manga\/123362\/Koi_wa_Sekai_Seifuku_no_Ato_de"}]}],"theme":{"openings":["1: \"Koi wa Explosion (\u604b\u306f\u30a8\u30af\u30b9\u30d7\u30ed\u30fc\u30b8\u30e7\u30f3)\" by Masayoshi Ooishi ft. Yukari Tamura (eps 1-5)","2: \"Koi wa Explosion (\u604b\u306f\u30a8\u30af\u30b9\u30d7\u30ed\u30fc\u30b8\u30e7\u30f3)\" by Masayoshi Ooishi ft.Culverin Bear (Hiroki Yasumoto) (eps 6)"],"endings":["\"Koi wa Sekai Teiri to Tomoni (\u604b\u306f\u4e16\u754c\u5b9a\u7406\u3068\u5171\u306b)\" by DIALOGUE+"]},"external":[{"name":"Official Site","url":"https:\/\/koiseka-anime.com\/"},{"name":"@koiseka_anime","url":"https:\/\/twitter.com\/koiseka_anime"},{"name":"AniDB","url":"https:\/\/anidb.net\/perl-bin\/animedb.pl?show=anime&aid=16183"},{"name":"ANN","url":"https:\/\/www.animenewsnetwork.com\/encyclopedia\/anime.php?id=24235"},{"name":"Wikipedia","url":"https:\/\/en.wikipedia.org\/wiki\/Love_After_World_Domination#Anime"},{"name":"Wikipedia","url":"https:\/\/ja.wikipedia.org\/wiki\/%E6%81%8B%E3%81%AF%E4%B8%96%E7%95%8C%E5%BE%81%E6%9C%8D%E3%81%AE%E3%81%82%E3%81%A8%E3%81%A7#%E3%83%86%E3%83%AC%E3%83%93%E3%82%A2%E3%83%8B%E3%83%A1"},{"name":"Syoboi","url":"https:\/\/cal.syoboi.jp\/tid\/6300"}],"streaming":[{"name":"Crunchyroll","url":"http:\/\/www.crunchyroll.com\/series-282644"},{"name":"Ani-One Asia","url":"https:\/\/www.youtube.com\/channel\/UC0wNSTMWIL3qaorLx0jie6A"},{"name":"Animax Mongolia","url":"https:\/\/www.animax.app\/"},{"name":"Aniplus TV","url":"http:\/\/www.aniplustv.com\/"},{"name":"Bahamut Anime Crazy","url":"https:\/\/ani.gamer.com.tw\/"},{"name":"Bilibili Global","url":"https:\/\/www.bilibili.tv\/en\/index"},{"name":"CatchPlay","url":"https:\/\/www.catchplay.com\/"},{"name":"MeWatch","url":"https:\/\/www.mewatch.sg\/"},{"name":"Sushiroll","url":"https:\/\/sushiroll.co.id\/"},{"name":"Viu","url":"https:\/\/www.hq.viu.com\/"}]}}