{"data":{"mal_id":48702,"url":"https:\/\/myanimelist.net\/anime\/48702\/Dance_Dance_Danseur","images":{"jpg":{"image_url":"https:\/\/cdn.myanimelist.net\/images\/anime\/1571\/121381.jpg","small_image_url":"https:\/\/cdn.myanimelist.net\/images\/anime\/1571\/121381t.jpg","large_image_url":"https:\/\/cdn.myanimelist.net\/images\/anime\/1571\/121381l.jpg"},"webp":{"image_url":"https:\/\/cdn.myanimelist.net\/images\/anime\/1571\/121381.webp","small_image_url":"https:\/\/cdn.myanimelist.net\/images\/anime\/1571\/121381t.webp","large_image_url":"https:\/\/cdn.myanimelist.net\/images\/anime\/1571\/121381l.webp"}},"trailer":{"youtube_id":"BJyYs7W0KHU","url":"https:\/\/www.youtube.com\/watch?v=BJyYs7W0KHU","embed_url":"https:\/\/www.youtube.com\/embed\/BJyYs7W0KHU?enablejsapi=1&wmode=opaque&autoplay=1","images":{"image_url":"https:\/\/img.youtube.com\/vi\/BJyYs7W0KHU\/default.jpg","small_image_url":"https:\/\/img.youtube.com\/vi\/BJyYs7W0KHU\/sddefault.jpg","medium_image_url":"https:\/\/img.youtube.com\/vi\/BJyYs7W0KHU\/mqdefault.jpg","large_image_url":"https:\/\/img.youtube.com\/vi\/BJyYs7W0KHU\/hqdefault.jpg","maximum_image_url":"https:\/\/img.youtube.com\/vi\/BJyYs7W0KHU\/maxresdefault.jpg"}},"approved":true,"titles":[{"type":"Default","title":"Dance Dance Danseur"},{"type":"Japanese","title":"\u30c0\u30f3\u30b9\u30fb\u30c0\u30f3\u30b9\u30fb\u30c0\u30f3\u30b9\u30fc\u30eb"},{"type":"English","title":"Dance Dance Danseur"}],"title":"Dance Dance Danseur","title_english":"Dance Dance Danseur","title_japanese":"\u30c0\u30f3\u30b9\u30fb\u30c0\u30f3\u30b9\u30fb\u30c0\u30f3\u30b9\u30fc\u30eb","title_synonyms":[],"type":"TV","source":"Manga","episodes":11,"status":"Finished Airing","airing":false,"aired":{"from":"2022-04-09T00:00:00+00:00","to":"2022-06-18T00:00:00+00:00","prop":{"from":{"day":9,"month":4,"year":2022},"to":{"day":18,"month":6,"year":2022}},"string":"Apr 9, 2022 to Jun 18, 2022"},"duration":"23 min per ep","rating":"PG-13 - Teens 13 or older","score":7.86,"scored_by":31779,"rank":829,"popularity":2294,"members":80614,"favorites":641,"synopsis":"Junpei Murao's love affair with ballet began at a young age during his sister's ballet recital, when a male ballet dancer roused his interest with a gripping performance. But for Junpei, nothing could be worse than his peers finding out about his secret passion for ballet and perceiving him as effeminate. That is why he is in the soccer club, trains Jeet Kune Do, and is intent on following in his father's footsteps of becoming a stunt coordinator: all very \"manly\" activities.\n\nWhen Junpei's classmate Miyako Godai spots him demonstrating an impressive kick that combines skills from ballet and Jeet Kune Do to his friends, she suddenly recruits him to join her mother's ballet studio. He resists at first, and although he has abandoned his dreams of formally pursuing ballet, nothing quite captures the euphoria that ballet elicits. After suppressing his desire to pursue ballet for so long, it is not so easy to shake off his hesitation and break free of the shackles of masculinity. Junpei has to be willing to make certain sacrifices and fully commit to ballet, all while risking losing some friends.\n\n[Written by MAL Rewrite]","background":null,"season":"spring","year":2022,"broadcast":{"day":"Saturdays","time":"01:25","timezone":"Asia\/Tokyo","string":"Saturdays at 01:25 (JST)"},"producers":[{"mal_id":143,"type":"anime","name":"Mainichi Broadcasting System","url":"https:\/\/myanimelist.net\/anime\/producer\/143\/Mainichi_Broadcasting_System"},{"mal_id":1430,"type":"anime","name":"Shogakukan","url":"https:\/\/myanimelist.net\/anime\/producer\/1430\/Shogakukan"},{"mal_id":1856,"type":"anime","name":"dugout","url":"https:\/\/myanimelist.net\/anime\/producer\/1856\/dugout"},{"mal_id":2139,"type":"anime","name":"DMM Music","url":"https:\/\/myanimelist.net\/anime\/producer\/2139\/DMM_Music"},{"mal_id":2430,"type":"anime","name":"Creek","url":"https:\/\/myanimelist.net\/anime\/producer\/2430\/Creek"}],"licensors":[],"studios":[{"mal_id":569,"type":"anime","name":"MAPPA","url":"https:\/\/myanimelist.net\/anime\/producer\/569\/MAPPA"}],"genres":[{"mal_id":8,"type":"anime","name":"Drama","url":"https:\/\/myanimelist.net\/anime\/genre\/8\/Drama"}],"explicit_genres":[],"themes":[{"mal_id":70,"type":"anime","name":"Performing Arts","url":"https:\/\/myanimelist.net\/anime\/genre\/70\/Performing_Arts"}],"demographics":[{"mal_id":42,"type":"anime","name":"Seinen","url":"https:\/\/myanimelist.net\/anime\/genre\/42\/Seinen"}],"relations":[{"relation":"Adaptation","entry":[{"mal_id":97063,"type":"manga","name":"Dance Dance Danseur","url":"https:\/\/myanimelist.net\/manga\/97063\/Dance_Dance_Danseur"}]}],"theme":{"openings":["\"Narihibiku Kagiri (\u9cf4\u308a\u97ff\u304f\u9650\u308a)\" by YUKI"],"endings":["\"Kaze, Hana (\u98a8\u3001\u82b1)\" by hitorie"]},"external":[{"name":"Official Site","url":"https:\/\/danseur-anime.com\/"},{"name":"@danseur_anime","url":"https:\/\/twitter.com\/danseur_anime"},{"name":"AniDB","url":"https:\/\/anidb.net\/perl-bin\/animedb.pl?show=anime&aid=16196"},{"name":"ANN","url":"https:\/\/www.animenewsnetwork.com\/encyclopedia\/anime.php?id=24290"},{"name":"Wikipedia","url":"https:\/\/en.wikipedia.org\/wiki\/Dance_Dance_Danseur#Anime"},{"name":"Wikipedia","url":"https:\/\/ja.wikipedia.org\/wiki\/%E3%83%80%E3%83%B3%E3%82%B9%E3%83%BB%E3%83%80%E3%83%B3%E3%82%B9%E3%83%BB%E3%83%80%E3%83%B3%E3%82%B9%E3%83%BC%E3%83%AB#%E3%83%86%E3%83%AC%E3%83%93%E3%82%A2%E3%83%8B%E3%83%A1"},{"name":"Syoboi","url":"https:\/\/cal.syoboi.jp\/tid\/6323"}],"streaming":[{"name":"Crunchyroll","url":"http:\/\/www.crunchyroll.com\/series-282646"},{"name":"Disney+","url":"https:\/\/www.disneyplus.com\/"}]}}