{"data":{"mal_id":4872,"url":"https:\/\/myanimelist.net\/anime\/4872\/Goku_Sayonara_Zetsubou_Sensei","images":{"jpg":{"image_url":"https:\/\/cdn.myanimelist.net\/images\/anime\/10\/14336.jpg","small_image_url":"https:\/\/cdn.myanimelist.net\/images\/anime\/10\/14336t.jpg","large_image_url":"https:\/\/cdn.myanimelist.net\/images\/anime\/10\/14336l.jpg"},"webp":{"image_url":"https:\/\/cdn.myanimelist.net\/images\/anime\/10\/14336.webp","small_image_url":"https:\/\/cdn.myanimelist.net\/images\/anime\/10\/14336t.webp","large_image_url":"https:\/\/cdn.myanimelist.net\/images\/anime\/10\/14336l.webp"}},"trailer":{"youtube_id":null,"url":null,"embed_url":null,"images":{"image_url":null,"small_image_url":null,"medium_image_url":null,"large_image_url":null,"maximum_image_url":null}},"approved":true,"titles":[{"type":"Default","title":"Goku Sayonara Zetsubou Sensei"},{"type":"Synonym","title":"Sayonara Zetsubou Sensei OAD"},{"type":"Synonym","title":"Goodbye Mr. Despair OVA"},{"type":"Synonym","title":"GSZS"},{"type":"Japanese","title":"\u7344\u30fb\u3055\u3088\u306a\u3089\u7d76\u671b\u5148\u751f"},{"type":"English","title":"Goodbye Mr. Despair OAD"}],"title":"Goku Sayonara Zetsubou Sensei","title_english":"Goodbye Mr. Despair OAD","title_japanese":"\u7344\u30fb\u3055\u3088\u306a\u3089\u7d76\u671b\u5148\u751f","title_synonyms":["Sayonara Zetsubou Sensei OAD","Goodbye Mr. Despair OVA","GSZS"],"type":"OVA","source":"Manga","episodes":3,"status":"Finished Airing","airing":false,"aired":{"from":"2008-10-17T00:00:00+00:00","to":"2009-02-17T00:00:00+00:00","prop":{"from":{"day":17,"month":10,"year":2008},"to":{"day":17,"month":2,"year":2009}},"string":"Oct 17, 2008 to Feb 17, 2009"},"duration":"25 min per ep","rating":"R - 17+ (violence & profanity)","score":7.81,"scored_by":30517,"rank":930,"popularity":2633,"members":63964,"favorites":87,"synopsis":"Sayonara Zetsubou Sensei OVA.","background":null,"season":null,"year":null,"broadcast":{"day":null,"time":null,"timezone":null,"string":null},"producers":[],"licensors":[],"studios":[{"mal_id":44,"type":"anime","name":"Shaft","url":"https:\/\/myanimelist.net\/anime\/producer\/44\/Shaft"}],"genres":[{"mal_id":4,"type":"anime","name":"Comedy","url":"https:\/\/myanimelist.net\/anime\/genre\/4\/Comedy"}],"explicit_genres":[],"themes":[{"mal_id":57,"type":"anime","name":"Gag Humor","url":"https:\/\/myanimelist.net\/anime\/genre\/57\/Gag_Humor"},{"mal_id":20,"type":"anime","name":"Parody","url":"https:\/\/myanimelist.net\/anime\/genre\/20\/Parody"},{"mal_id":23,"type":"anime","name":"School","url":"https:\/\/myanimelist.net\/anime\/genre\/23\/School"}],"demographics":[{"mal_id":27,"type":"anime","name":"Shounen","url":"https:\/\/myanimelist.net\/anime\/genre\/27\/Shounen"}],"relations":[{"relation":"Adaptation","entry":[{"mal_id":661,"type":"manga","name":"Sayonara Zetsubou Sensei","url":"https:\/\/myanimelist.net\/manga\/661\/Sayonara_Zetsubou_Sensei"}]},{"relation":"Prequel","entry":[{"mal_id":3228,"type":"anime","name":"Zoku Sayonara Zetsubou Sensei","url":"https:\/\/myanimelist.net\/anime\/3228\/Zoku_Sayonara_Zetsubou_Sensei"}]},{"relation":"Sequel","entry":[{"mal_id":6377,"type":"anime","name":"Zan Sayonara Zetsubou Sensei","url":"https:\/\/myanimelist.net\/anime\/6377\/Zan_Sayonara_Zetsubou_Sensei"}]}],"theme":{"openings":["1: \"Kuusou Runba\" by Kenji Otsuki and Zetsubou Shoujo-tachi (eps 1-2)","2: \"Kuusou Runba Rap\" by Kenji Otsuki and Zetsubou Shoujo-tachi feat. Rap-bit (eps 3)"],"endings":["\"Marionette\" by ROLLY and Zetsubou Girls (eps 1)","\"Omamori\" by Zetsubou Girls (eps 2-3)"]},"external":[{"name":"Official Site","url":"http:\/\/zetsubou.kc.kodansha.co.jp\/"},{"name":"AniDB","url":"https:\/\/anidb.net\/perl-bin\/animedb.pl?show=anime&aid=6031"},{"name":"ANN","url":"https:\/\/www.animenewsnetwork.com\/encyclopedia\/anime.php?id=10224"},{"name":"Wikipedia","url":"http:\/\/en.wikipedia.org\/wiki\/Sayonara_Zetsub\u014d_Sensei#Series_2.5"}],"streaming":[]}}