{"data":{"mal_id":488,"url":"https:\/\/myanimelist.net\/anime\/488\/Ichigo_Mashimaro","images":{"jpg":{"image_url":"https:\/\/cdn.myanimelist.net\/images\/anime\/10\/11042.jpg","small_image_url":"https:\/\/cdn.myanimelist.net\/images\/anime\/10\/11042t.jpg","large_image_url":"https:\/\/cdn.myanimelist.net\/images\/anime\/10\/11042l.jpg"},"webp":{"image_url":"https:\/\/cdn.myanimelist.net\/images\/anime\/10\/11042.webp","small_image_url":"https:\/\/cdn.myanimelist.net\/images\/anime\/10\/11042t.webp","large_image_url":"https:\/\/cdn.myanimelist.net\/images\/anime\/10\/11042l.webp"}},"trailer":{"youtube_id":"vwx8MwaVhKI","url":"https:\/\/www.youtube.com\/watch?v=vwx8MwaVhKI","embed_url":"https:\/\/www.youtube.com\/embed\/vwx8MwaVhKI?enablejsapi=1&wmode=opaque&autoplay=1","images":{"image_url":"https:\/\/img.youtube.com\/vi\/vwx8MwaVhKI\/default.jpg","small_image_url":"https:\/\/img.youtube.com\/vi\/vwx8MwaVhKI\/sddefault.jpg","medium_image_url":"https:\/\/img.youtube.com\/vi\/vwx8MwaVhKI\/mqdefault.jpg","large_image_url":"https:\/\/img.youtube.com\/vi\/vwx8MwaVhKI\/hqdefault.jpg","maximum_image_url":"https:\/\/img.youtube.com\/vi\/vwx8MwaVhKI\/maxresdefault.jpg"}},"approved":true,"titles":[{"type":"Default","title":"Ichigo Mashimaro"},{"type":"Japanese","title":"\u82fa\u307e\u3057\u307e\u308d"},{"type":"English","title":"Strawberry Marshmallow"},{"type":"French","title":"Strawberry Marshmallow"}],"title":"Ichigo Mashimaro","title_english":"Strawberry Marshmallow","title_japanese":"\u82fa\u307e\u3057\u307e\u308d","title_synonyms":[],"type":"TV","source":"Manga","episodes":12,"status":"Finished Airing","airing":false,"aired":{"from":"2005-07-15T00:00:00+00:00","to":"2005-10-14T00:00:00+00:00","prop":{"from":{"day":15,"month":7,"year":2005},"to":{"day":14,"month":10,"year":2005}},"string":"Jul 15, 2005 to Oct 14, 2005"},"duration":"24 min per ep","rating":"PG-13 - Teens 13 or older","score":7.63,"scored_by":35750,"rank":1345,"popularity":1926,"members":106080,"favorites":919,"synopsis":"\"Cute girls doing cute things in cute ways.\"\n\nEveryday things make up the fabric of life\u2014whether it's making friends, going to school, trying to make money, or celebrating a holiday. Ichigo Mashimaro is a heartwarming series that follows the daily lives of Itou Chika, her sister Nobue, and her friends Miu, Matsuri, and Ana.\n\n[Written by MAL Rewrite]","background":null,"season":"summer","year":2005,"broadcast":{"day":null,"time":null,"timezone":null,"string":"Fridays at Unknown"},"producers":[{"mal_id":145,"type":"anime","name":"TBS","url":"https:\/\/myanimelist.net\/anime\/producer\/145\/TBS"},{"mal_id":166,"type":"anime","name":"Movic","url":"https:\/\/myanimelist.net\/anime\/producer\/166\/Movic"}],"licensors":[{"mal_id":376,"type":"anime","name":"Sentai Filmworks","url":"https:\/\/myanimelist.net\/anime\/producer\/376\/Sentai_Filmworks"},{"mal_id":1459,"type":"anime","name":"Geneon Entertainment USA","url":"https:\/\/myanimelist.net\/anime\/producer\/1459\/Geneon_Entertainment_USA"}],"studios":[{"mal_id":39,"type":"anime","name":"Daume","url":"https:\/\/myanimelist.net\/anime\/producer\/39\/Daume"}],"genres":[{"mal_id":36,"type":"anime","name":"Slice of Life","url":"https:\/\/myanimelist.net\/anime\/genre\/36\/Slice_of_Life"}],"explicit_genres":[],"themes":[{"mal_id":52,"type":"anime","name":"CGDCT","url":"https:\/\/myanimelist.net\/anime\/genre\/52\/CGDCT"},{"mal_id":63,"type":"anime","name":"Iyashikei","url":"https:\/\/myanimelist.net\/anime\/genre\/63\/Iyashikei"}],"demographics":[],"relations":[{"relation":"Adaptation","entry":[{"mal_id":371,"type":"manga","name":"Ichigo Mashimaro","url":"https:\/\/myanimelist.net\/manga\/371\/Ichigo_Mashimaro"}]},{"relation":"Sequel","entry":[{"mal_id":1888,"type":"anime","name":"Ichigo Mashimaro OVA","url":"https:\/\/myanimelist.net\/anime\/1888\/Ichigo_Mashimaro_OVA"}]},{"relation":"Side story","entry":[{"mal_id":4156,"type":"anime","name":"Ichigo Mashimaro Episode 0","url":"https:\/\/myanimelist.net\/anime\/4156\/Ichigo_Mashimaro_Episode_0"}]}],"theme":{"openings":["\"Ichigo Complete\" by Saeko Chiba, Fumiko Orikasa, Ayako Kawasumi and Mamiko Noto"],"endings":["\"Classmate\" by Orikasa Fumiko"]},"external":[{"name":"Official Site","url":"http:\/\/www.tbs.co.jp\/ichigomashimaro\/"},{"name":"AniDB","url":"https:\/\/anidb.net\/perl-bin\/animedb.pl?show=anime&aid=2787"},{"name":"ANN","url":"https:\/\/www.animenewsnetwork.com\/encyclopedia\/anime.php?id=4823"},{"name":"Wikipedia","url":"http:\/\/en.wikipedia.org\/wiki\/Ichigo_Mashimaro"}],"streaming":[{"name":"HIDIVE","url":"https:\/\/www.hidive.com\/tv\/strawberry-marshmallow"}]}}