{"data":{"mal_id":48849,"url":"https:\/\/myanimelist.net\/anime\/48849\/Sonny_Boy","images":{"jpg":{"image_url":"https:\/\/cdn.myanimelist.net\/images\/anime\/1509\/117149.jpg","small_image_url":"https:\/\/cdn.myanimelist.net\/images\/anime\/1509\/117149t.jpg","large_image_url":"https:\/\/cdn.myanimelist.net\/images\/anime\/1509\/117149l.jpg"},"webp":{"image_url":"https:\/\/cdn.myanimelist.net\/images\/anime\/1509\/117149.webp","small_image_url":"https:\/\/cdn.myanimelist.net\/images\/anime\/1509\/117149t.webp","large_image_url":"https:\/\/cdn.myanimelist.net\/images\/anime\/1509\/117149l.webp"}},"trailer":{"youtube_id":"qQ2DqgnaAio","url":"https:\/\/www.youtube.com\/watch?v=qQ2DqgnaAio","embed_url":"https:\/\/www.youtube.com\/embed\/qQ2DqgnaAio?enablejsapi=1&wmode=opaque&autoplay=1","images":{"image_url":"https:\/\/img.youtube.com\/vi\/qQ2DqgnaAio\/default.jpg","small_image_url":"https:\/\/img.youtube.com\/vi\/qQ2DqgnaAio\/sddefault.jpg","medium_image_url":"https:\/\/img.youtube.com\/vi\/qQ2DqgnaAio\/mqdefault.jpg","large_image_url":"https:\/\/img.youtube.com\/vi\/qQ2DqgnaAio\/hqdefault.jpg","maximum_image_url":"https:\/\/img.youtube.com\/vi\/qQ2DqgnaAio\/maxresdefault.jpg"}},"approved":true,"titles":[{"type":"Default","title":"Sonny Boy"},{"type":"Japanese","title":"Sonny Boy (\u30b5\u30cb\u30fc\u30dc\u30fc\u30a4)"},{"type":"English","title":"Sonny Boy"}],"title":"Sonny Boy","title_english":"Sonny Boy","title_japanese":"Sonny Boy (\u30b5\u30cb\u30fc\u30dc\u30fc\u30a4)","title_synonyms":[],"type":"TV","source":"Original","episodes":12,"status":"Finished Airing","airing":false,"aired":{"from":"2021-07-16T00:00:00+00:00","to":"2021-10-01T00:00:00+00:00","prop":{"from":{"day":16,"month":7,"year":2021},"to":{"day":1,"month":10,"year":2021}},"string":"Jul 16, 2021 to Oct 1, 2021"},"duration":"24 min per ep","rating":"PG-13 - Teens 13 or older","score":7.78,"scored_by":103640,"rank":1000,"popularity":782,"members":294232,"favorites":6123,"synopsis":"Thirty-six students find themselves and their school building suddenly adrift in a void-like dimension. When supernatural powers awaken in some of them, a sense of detachment begins to divide the group. Despite the student council's attempts to impose order, they clash with the students possessing special abilities, who rebel against their strict control.\n\nThis conflict leads them to discover that this world has its own set of rules\u2014and following them is necessary for survival. After one of the students decides to take a leap of faith, the school switches dimensions once again. While they deal with the unique challenges and circumstances that each world presents, the students must unravel the mysterious phenomenon and find a way back home.\n\n[Written by MAL Rewrite]","background":"Sonny Boy is based on an original story written by director Shingo Natsume who previously had his hand in directing shows such as One Punch Man and Space Dandy. Sonny Boy's first episode debuted on Funimation's YouTube channel on June 19th but regular broadcasting began from July 16th. Winner of the Excellence Award at the 25th Japan Media Arts Festival.","season":"summer","year":2021,"broadcast":{"day":"Fridays","time":"00:30","timezone":"Asia\/Tokyo","string":"Fridays at 00:30 (JST)"},"producers":[{"mal_id":109,"type":"anime","name":"Shochiku","url":"https:\/\/myanimelist.net\/anime\/producer\/109\/Shochiku"},{"mal_id":1800,"type":"anime","name":"Marui Group","url":"https:\/\/myanimelist.net\/anime\/producer\/1800\/Marui_Group"},{"mal_id":2185,"type":"anime","name":"BS Asahi","url":"https:\/\/myanimelist.net\/anime\/producer\/2185\/BS_Asahi"}],"licensors":[{"mal_id":102,"type":"anime","name":"Funimation","url":"https:\/\/myanimelist.net\/anime\/producer\/102\/Funimation"}],"studios":[{"mal_id":11,"type":"anime","name":"Madhouse","url":"https:\/\/myanimelist.net\/anime\/producer\/11\/Madhouse"}],"genres":[{"mal_id":46,"type":"anime","name":"Award Winning","url":"https:\/\/myanimelist.net\/anime\/genre\/46\/Award_Winning"},{"mal_id":7,"type":"anime","name":"Mystery","url":"https:\/\/myanimelist.net\/anime\/genre\/7\/Mystery"}],"explicit_genres":[],"themes":[{"mal_id":62,"type":"anime","name":"Isekai","url":"https:\/\/myanimelist.net\/anime\/genre\/62\/Isekai"},{"mal_id":31,"type":"anime","name":"Super Power","url":"https:\/\/myanimelist.net\/anime\/genre\/31\/Super_Power"}],"demographics":[],"relations":[],"theme":{"openings":[],"endings":["\"Shounen Shoujo (\u5c11\u5e74\u5c11\u5973)\" by GING NANG BOYZ (\u9280\u674fBOYZ)"]},"external":[{"name":"Official Site","url":"https:\/\/anime.shochiku.co.jp\/sonny-boy\/"},{"name":"AniDB","url":"https:\/\/anidb.net\/perl-bin\/animedb.pl?show=anime&aid=16282"},{"name":"ANN","url":"https:\/\/www.animenewsnetwork.com\/encyclopedia\/anime.php?id=24346"},{"name":"Wikipedia","url":"https:\/\/en.wikipedia.org\/wiki\/Sonny_Boy_(TV_series)"}],"streaming":[{"name":"Crunchyroll","url":"http:\/\/www.crunchyroll.com\/series-282771"},{"name":"Funimation","url":"https:\/\/www.funimation.com\/shows\/sonny-boy"},{"name":"Ani-One Asia","url":"https:\/\/www.youtube.com\/channel\/UC0wNSTMWIL3qaorLx0jie6A"},{"name":"Aniplus TV","url":"http:\/\/www.aniplustv.com\/"},{"name":"Bahamut Anime Crazy","url":"https:\/\/ani.gamer.com.tw\/"},{"name":"Bilibili","url":"https:\/\/www.bilibili.com\/"},{"name":"Laftel","url":"https:\/\/laftel.net\/"},{"name":"Wakanim","url":"https:\/\/www.wakanim.tv\/"},{"name":"iQIYI","url":"https:\/\/www.iq.com\/"}]}}