{"data":{"mal_id":4886,"url":"https:\/\/myanimelist.net\/anime\/4886\/InuYasha__Kuroi_Tessaiga","images":{"jpg":{"image_url":"https:\/\/cdn.myanimelist.net\/images\/anime\/8\/60877.jpg","small_image_url":"https:\/\/cdn.myanimelist.net\/images\/anime\/8\/60877t.jpg","large_image_url":"https:\/\/cdn.myanimelist.net\/images\/anime\/8\/60877l.jpg"},"webp":{"image_url":"https:\/\/cdn.myanimelist.net\/images\/anime\/8\/60877.webp","small_image_url":"https:\/\/cdn.myanimelist.net\/images\/anime\/8\/60877t.webp","large_image_url":"https:\/\/cdn.myanimelist.net\/images\/anime\/8\/60877l.webp"}},"trailer":{"youtube_id":null,"url":null,"embed_url":null,"images":{"image_url":null,"small_image_url":null,"medium_image_url":null,"large_image_url":null,"maximum_image_url":null}},"approved":true,"titles":[{"type":"Default","title":"InuYasha: Kuroi Tessaiga"},{"type":"Synonym","title":"Inu Yasha Special"},{"type":"Synonym","title":"Black Tessaiga"},{"type":"Synonym","title":"Black Tetsusaiga"},{"type":"Synonym","title":"Kuroi Tetsusaiga"},{"type":"Synonym","title":"It's a Rumic World: InuYasha"},{"type":"Japanese","title":"\u72ac\u591c\u53c9 \u9ed2\u3044\u9244\u7815\u7259"}],"title":"InuYasha: Kuroi Tessaiga","title_english":null,"title_japanese":"\u72ac\u591c\u53c9 \u9ed2\u3044\u9244\u7815\u7259","title_synonyms":["Inu Yasha Special","Black Tessaiga","Black Tetsusaiga","Kuroi Tetsusaiga","It's a Rumic World: InuYasha"],"type":"Special","source":"Manga","episodes":1,"status":"Finished Airing","airing":false,"aired":{"from":"2008-07-30T00:00:00+00:00","to":null,"prop":{"from":{"day":30,"month":7,"year":2008},"to":{"day":null,"month":null,"year":null}},"string":"Jul 30, 2008"},"duration":"29 min","rating":"PG-13 - Teens 13 or older","score":7.74,"scored_by":14038,"rank":1085,"popularity":3538,"members":37240,"favorites":73,"synopsis":"Sesshoumaru has never approved of his half-demon younger brother Inuyasha inheriting their father's prized sword, Tessaiga, while he was left with the restorative Tenseiga blade. Upon learning that even Tenseiga's one destructive technique\u2014which he himself perfected\u2014was designed to be transferred to Tessaiga, Sesshoumaru grows even more bitter as he feels disowned in favor of an unworthy mongrel. \n\nMeanwhile, Inuyasha's archenemy Naraku unscrupulously takes advantage of Sesshoumaru's grievance to tempt him with a means of stealing Tessaiga's powers. Pitted against each other, the siblings cross blades in a fight that will decide whether Inuyasha will thwart Naraku's dirty scheme and earn Sesshoumaru's acknowledgment or die at the hands of his own flesh and blood.\n\n[Written by MAL Rewrite]","background":"InuYasha: Kuroi Tessaiga adapts chapters 499-504 of the manga and was screened at Rumiko Takahashi's picture exhibitions across Japan, featuring the original voice cast from the television series. The special was later adjusted into InuYasha Kanketsu-hen's 15th episode. The OVA was released on Blu-ray and DVD in Japan on October 20, 2010.","season":null,"year":null,"broadcast":{"day":null,"time":null,"timezone":null,"string":null},"producers":[{"mal_id":1175,"type":"anime","name":"Atelier Musa","url":"https:\/\/myanimelist.net\/anime\/producer\/1175\/Atelier_Musa"}],"licensors":[],"studios":[{"mal_id":14,"type":"anime","name":"Sunrise","url":"https:\/\/myanimelist.net\/anime\/producer\/14\/Sunrise"}],"genres":[{"mal_id":1,"type":"anime","name":"Action","url":"https:\/\/myanimelist.net\/anime\/genre\/1\/Action"},{"mal_id":2,"type":"anime","name":"Adventure","url":"https:\/\/myanimelist.net\/anime\/genre\/2\/Adventure"},{"mal_id":10,"type":"anime","name":"Fantasy","url":"https:\/\/myanimelist.net\/anime\/genre\/10\/Fantasy"},{"mal_id":22,"type":"anime","name":"Romance","url":"https:\/\/myanimelist.net\/anime\/genre\/22\/Romance"}],"explicit_genres":[],"themes":[{"mal_id":13,"type":"anime","name":"Historical","url":"https:\/\/myanimelist.net\/anime\/genre\/13\/Historical"},{"mal_id":6,"type":"anime","name":"Mythology","url":"https:\/\/myanimelist.net\/anime\/genre\/6\/Mythology"},{"mal_id":78,"type":"anime","name":"Time Travel","url":"https:\/\/myanimelist.net\/anime\/genre\/78\/Time_Travel"}],"demographics":[{"mal_id":27,"type":"anime","name":"Shounen","url":"https:\/\/myanimelist.net\/anime\/genre\/27\/Shounen"}],"relations":[{"relation":"Parent story","entry":[{"mal_id":249,"type":"anime","name":"InuYasha","url":"https:\/\/myanimelist.net\/anime\/249\/InuYasha"}]}],"theme":{"openings":[],"endings":[]},"external":[{"name":"AniDB","url":"https:\/\/anidb.net\/perl-bin\/animedb.pl?show=anime&aid=7323"},{"name":"ANN","url":"https:\/\/www.animenewsnetwork.com\/encyclopedia\/anime.php?id=15225"},{"name":"Wikipedia","url":"https:\/\/en.wikipedia.org\/wiki\/Inuyasha#Original_video_animation"}],"streaming":[]}}