{"data":{"mal_id":48903,"url":"https:\/\/myanimelist.net\/anime\/48903\/Dragon_Ball_Super__Super_Hero","images":{"jpg":{"image_url":"https:\/\/cdn.myanimelist.net\/images\/anime\/1501\/122797.jpg","small_image_url":"https:\/\/cdn.myanimelist.net\/images\/anime\/1501\/122797t.jpg","large_image_url":"https:\/\/cdn.myanimelist.net\/images\/anime\/1501\/122797l.jpg"},"webp":{"image_url":"https:\/\/cdn.myanimelist.net\/images\/anime\/1501\/122797.webp","small_image_url":"https:\/\/cdn.myanimelist.net\/images\/anime\/1501\/122797t.webp","large_image_url":"https:\/\/cdn.myanimelist.net\/images\/anime\/1501\/122797l.webp"}},"trailer":{"youtube_id":"EwXiAhcSv2o","url":"https:\/\/www.youtube.com\/watch?v=EwXiAhcSv2o","embed_url":"https:\/\/www.youtube.com\/embed\/EwXiAhcSv2o?enablejsapi=1&wmode=opaque&autoplay=1","images":{"image_url":"https:\/\/img.youtube.com\/vi\/EwXiAhcSv2o\/default.jpg","small_image_url":"https:\/\/img.youtube.com\/vi\/EwXiAhcSv2o\/sddefault.jpg","medium_image_url":"https:\/\/img.youtube.com\/vi\/EwXiAhcSv2o\/mqdefault.jpg","large_image_url":"https:\/\/img.youtube.com\/vi\/EwXiAhcSv2o\/hqdefault.jpg","maximum_image_url":"https:\/\/img.youtube.com\/vi\/EwXiAhcSv2o\/maxresdefault.jpg"}},"approved":true,"titles":[{"type":"Default","title":"Dragon Ball Super: Super Hero"},{"type":"Synonym","title":"Dragon Ball Super Movie 2: Superhero"},{"type":"Japanese","title":"\u30c9\u30e9\u30b4\u30f3\u30dc\u30fc\u30eb\u8d85\u30b9\u30fc\u30d1\u30fc\u30d2\u30fc\u30ed\u30fc"},{"type":"English","title":"Dragon Ball Super: Super Hero"}],"title":"Dragon Ball Super: Super Hero","title_english":"Dragon Ball Super: Super Hero","title_japanese":"\u30c9\u30e9\u30b4\u30f3\u30dc\u30fc\u30eb\u8d85\u30b9\u30fc\u30d1\u30fc\u30d2\u30fc\u30ed\u30fc","title_synonyms":["Dragon Ball Super Movie 2: Superhero"],"type":"Movie","source":"Manga","episodes":1,"status":"Finished Airing","airing":false,"aired":{"from":"2022-06-11T00:00:00+00:00","to":null,"prop":{"from":{"day":11,"month":6,"year":2022},"to":{"day":null,"month":null,"year":null}},"string":"Jun 11, 2022"},"duration":"1 hr 39 min","rating":"PG-13 - Teens 13 or older","score":7.56,"scored_by":52936,"rank":1562,"popularity":2044,"members":96831,"favorites":562,"synopsis":"Years after his father is defeated by an adolescent Gokuu Son, Magenta seeks revenge against Gokuu's family and allies. In his quest to resurrect the defunct Red Ribbon Army, Magenta drafts the services of Dr. Hedo, grandson of the evil legendary scientist Dr. Gero. Hedo embarks to invent a new line of superheroic androids to eliminate Gokuu after Magenta manipulates him into believing that Earth's most powerful heroes are actually alien villains.\n\nWhile Gokuu and Vegeta train offworld, the alien Piccolo mentors Pan, Gokuu's toddler granddaughter, in the same way he once trained Gohan Son, her father. Gohan himself has forsaken his warrior lineage in order to pursue an academic career. Both Piccolo and Gohan must leap into action when their quiet lives are interrupted by the arrival of Gamma 1-gou and Gamma 2-gou\u2014Hedo's new android creations.\n\nWhile the Gamma androids believe they are fighting for justice, a more sinister project incubates beneath the Red Ribbon headquarters. Gohan and Piccolo take drastic actions to protect Pan and defend the planet against a new robotic menace.\n\n[Written by MAL Rewrite]","background":null,"season":null,"year":null,"broadcast":{"day":null,"time":null,"timezone":null,"string":null},"producers":[{"mal_id":169,"type":"anime","name":"Fuji TV","url":"https:\/\/myanimelist.net\/anime\/producer\/169\/Fuji_TV"},{"mal_id":230,"type":"anime","name":"Bandai","url":"https:\/\/myanimelist.net\/anime\/producer\/230\/Bandai"},{"mal_id":894,"type":"anime","name":"Graphinica","url":"https:\/\/myanimelist.net\/anime\/producer\/894\/Graphinica"},{"mal_id":1233,"type":"anime","name":"Bandai Namco Entertainment","url":"https:\/\/myanimelist.net\/anime\/producer\/1233\/Bandai_Namco_Entertainment"},{"mal_id":1365,"type":"anime","name":"Shueisha","url":"https:\/\/myanimelist.net\/anime\/producer\/1365\/Shueisha"},{"mal_id":1992,"type":"anime","name":"Bandai Spirits","url":"https:\/\/myanimelist.net\/anime\/producer\/1992\/Bandai_Spirits"}],"licensors":[{"mal_id":1468,"type":"anime","name":"Crunchyroll","url":"https:\/\/myanimelist.net\/anime\/producer\/1468\/Crunchyroll"}],"studios":[{"mal_id":18,"type":"anime","name":"Toei Animation","url":"https:\/\/myanimelist.net\/anime\/producer\/18\/Toei_Animation"}],"genres":[{"mal_id":1,"type":"anime","name":"Action","url":"https:\/\/myanimelist.net\/anime\/genre\/1\/Action"},{"mal_id":2,"type":"anime","name":"Adventure","url":"https:\/\/myanimelist.net\/anime\/genre\/2\/Adventure"},{"mal_id":10,"type":"anime","name":"Fantasy","url":"https:\/\/myanimelist.net\/anime\/genre\/10\/Fantasy"}],"explicit_genres":[],"themes":[{"mal_id":17,"type":"anime","name":"Martial Arts","url":"https:\/\/myanimelist.net\/anime\/genre\/17\/Martial_Arts"},{"mal_id":31,"type":"anime","name":"Super Power","url":"https:\/\/myanimelist.net\/anime\/genre\/31\/Super_Power"}],"demographics":[{"mal_id":27,"type":"anime","name":"Shounen","url":"https:\/\/myanimelist.net\/anime\/genre\/27\/Shounen"}],"relations":[{"relation":"Adaptation","entry":[{"mal_id":89734,"type":"manga","name":"Dragon Ball Super","url":"https:\/\/myanimelist.net\/manga\/89734\/Dragon_Ball_Super"},{"mal_id":152080,"type":"manga","name":"Gekijouban Dragon Ball Super: Super Hero","url":"https:\/\/myanimelist.net\/manga\/152080\/Gekijouban_Dragon_Ball_Super__Super_Hero"}]},{"relation":"Prequel","entry":[{"mal_id":36946,"type":"anime","name":"Dragon Ball Super: Broly","url":"https:\/\/myanimelist.net\/anime\/36946\/Dragon_Ball_Super__Broly"}]}],"theme":{"openings":[],"endings":[]},"external":[{"name":"Official Site","url":"https:\/\/2022dbs.com\/"},{"name":"AniDB","url":"https:\/\/anidb.net\/perl-bin\/animedb.pl?show=anime&aid=14626"},{"name":"ANN","url":"https:\/\/www.animenewsnetwork.com\/encyclopedia\/anime.php?id=24551"},{"name":"Wikipedia","url":"https:\/\/ja.wikipedia.org\/wiki\/%E3%83%89%E3%83%A9%E3%82%B4%E3%83%B3%E3%83%9C%E3%83%BC%E3%83%AB%E8%B6%85_%E3%82%B9%E3%83%BC%E3%83%91%E3%83%BC%E3%83%92%E3%83%BC%E3%83%AD%E3%83%BC"}],"streaming":[]}}