{"data":{"mal_id":49026,"url":"https:\/\/myanimelist.net\/anime\/49026\/Yuru_Camp\u25b3_Season_2_Specials","images":{"jpg":{"image_url":"https:\/\/cdn.myanimelist.net\/images\/anime\/1542\/115070.jpg","small_image_url":"https:\/\/cdn.myanimelist.net\/images\/anime\/1542\/115070t.jpg","large_image_url":"https:\/\/cdn.myanimelist.net\/images\/anime\/1542\/115070l.jpg"},"webp":{"image_url":"https:\/\/cdn.myanimelist.net\/images\/anime\/1542\/115070.webp","small_image_url":"https:\/\/cdn.myanimelist.net\/images\/anime\/1542\/115070t.webp","large_image_url":"https:\/\/cdn.myanimelist.net\/images\/anime\/1542\/115070l.webp"}},"trailer":{"youtube_id":null,"url":null,"embed_url":null,"images":{"image_url":null,"small_image_url":null,"medium_image_url":null,"large_image_url":null,"maximum_image_url":null}},"approved":true,"titles":[{"type":"Default","title":"Yuru Camp\u25b3 Season 2 Specials"},{"type":"Synonym","title":"Laid-back Camp Season 2"},{"type":"Japanese","title":"\u3086\u308b\u30ad\u30e3\u30f3\u25b3 SEASON2"},{"type":"English","title":"Laid-Back Camp Season 2 Specials"}],"title":"Yuru Camp\u25b3 Season 2 Specials","title_english":"Laid-Back Camp Season 2 Specials","title_japanese":"\u3086\u308b\u30ad\u30e3\u30f3\u25b3 SEASON2","title_synonyms":["Laid-back Camp Season 2"],"type":"Special","source":"Manga","episodes":2,"status":"Finished Airing","airing":false,"aired":{"from":"2021-05-26T00:00:00+00:00","to":"2021-07-28T00:00:00+00:00","prop":{"from":{"day":26,"month":5,"year":2021},"to":{"day":28,"month":7,"year":2021}},"string":"May 26, 2021 to Jul 28, 2021"},"duration":"4 min per ep","rating":"PG-13 - Teens 13 or older","score":7.47,"scored_by":5267,"rank":1877,"popularity":4728,"members":19796,"favorites":64,"synopsis":"Mystery Camp\nRelaxing in the heart of nature is a constant joy for Nadeshiko Kagamihara, Aoi Inuyama, and their friends. But when the camping experience changes in unexpected ways, one can only be curious about the extraordinary wonders that have yet to be explored.\n\nTabisuru Shima Rin\nGathered around a campfire, the girls of the Outdoor Activities Club and Ena Saitou all propose various ideas to Rin Shima for her next trip. However, their suggestions are tailored to their personal preferences\u2014not to mention that Rin has plans of her own. \n\n[Written by MAL Rewrite]","background":"The bonus episodes \"Mystery Camp\" and \"Tabisuru Shima Rin\" were included in Yuru Camp\u25b3 Season 2's second and third Blu-ray and DVD volumes respectively.","season":null,"year":null,"broadcast":{"day":null,"time":null,"timezone":null,"string":null},"producers":[],"licensors":[],"studios":[{"mal_id":1075,"type":"anime","name":"C-Station","url":"https:\/\/myanimelist.net\/anime\/producer\/1075\/C-Station"}],"genres":[{"mal_id":4,"type":"anime","name":"Comedy","url":"https:\/\/myanimelist.net\/anime\/genre\/4\/Comedy"},{"mal_id":36,"type":"anime","name":"Slice of Life","url":"https:\/\/myanimelist.net\/anime\/genre\/36\/Slice_of_Life"}],"explicit_genres":[],"themes":[{"mal_id":52,"type":"anime","name":"CGDCT","url":"https:\/\/myanimelist.net\/anime\/genre\/52\/CGDCT"}],"demographics":[],"relations":[{"relation":"Other","entry":[{"mal_id":38474,"type":"anime","name":"Yuru Camp\u25b3 Season 2","url":"https:\/\/myanimelist.net\/anime\/38474\/Yuru_Camp\u25b3_Season_2"}]}],"theme":{"openings":[],"endings":[]},"external":[{"name":"Official Site","url":"https:\/\/yurucamp.jp\/second\/bddvd\/vol2.php"},{"name":"AniDB","url":"https:\/\/anidb.net\/perl-bin\/animedb.pl?show=anime&aid=14437"}],"streaming":[]}}