{"data":{"mal_id":4918,"url":"https:\/\/myanimelist.net\/anime\/4918\/xxxHOLiC_Shunmuki","images":{"jpg":{"image_url":"https:\/\/cdn.myanimelist.net\/images\/anime\/12\/25079.jpg","small_image_url":"https:\/\/cdn.myanimelist.net\/images\/anime\/12\/25079t.jpg","large_image_url":"https:\/\/cdn.myanimelist.net\/images\/anime\/12\/25079l.jpg"},"webp":{"image_url":"https:\/\/cdn.myanimelist.net\/images\/anime\/12\/25079.webp","small_image_url":"https:\/\/cdn.myanimelist.net\/images\/anime\/12\/25079t.webp","large_image_url":"https:\/\/cdn.myanimelist.net\/images\/anime\/12\/25079l.webp"}},"trailer":{"youtube_id":null,"url":null,"embed_url":null,"images":{"image_url":null,"small_image_url":null,"medium_image_url":null,"large_image_url":null,"maximum_image_url":null}},"approved":true,"titles":[{"type":"Default","title":"xxxHOLiC Shunmuki"},{"type":"Synonym","title":"xxxHOLiC OVA"},{"type":"Japanese","title":"xxxHOLiC \u6625\u5922\u8a18"},{"type":"French","title":"xxxHOLiC Shunmuki: Chronique de Songes de Printemps"}],"title":"xxxHOLiC Shunmuki","title_english":null,"title_japanese":"xxxHOLiC \u6625\u5922\u8a18","title_synonyms":["xxxHOLiC OVA"],"type":"OVA","source":"Manga","episodes":2,"status":"Finished Airing","airing":false,"aired":{"from":"2009-02-17T00:00:00+00:00","to":"2009-06-23T00:00:00+00:00","prop":{"from":{"day":17,"month":2,"year":2009},"to":{"day":23,"month":6,"year":2009}},"string":"Feb 17, 2009 to Jun 23, 2009"},"duration":"26 min per ep","rating":"PG-13 - Teens 13 or older","score":8.04,"scored_by":33541,"rank":552,"popularity":2512,"members":69480,"favorites":102,"synopsis":"For the appropriate price, your dearest wish can be granted at the shop of the peculiar Yuuko. Kimihiro Watanuki wishes to be rid of his ability to see spirits, and so as payment, he works for Yuuko doing whatever she needs him to do, from cleaning to errands to even helping out Yuuko's other clients. In xxxHOLiC Shunmuki, Watanuki and his friend and rival Shizuka Doumeki enjoy a meal with their friend Kohane Tsuyuri and her grandmother, reminiscing about how they have changed since meeting each other.\n\nLater on, Watanuki has a dream in which he is visited by Doumeki's grandfather Haruka, who needs him to find some things in the family temple storeroom. Accompanied by Doumeki, he finds that this task is more akin to a treasure hunt, with each item leading them to another, and another, guiding them to an unexpected yet inevitable ending.\n\n[Written by MAL Rewrite]","background":"Bundled with the limited editions of the 14th and 15th volumes of the xxxHOLiC manga.","season":null,"year":null,"broadcast":{"day":null,"time":null,"timezone":null,"string":null},"producers":[{"mal_id":159,"type":"anime","name":"Kodansha","url":"https:\/\/myanimelist.net\/anime\/producer\/159\/Kodansha"}],"licensors":[],"studios":[{"mal_id":10,"type":"anime","name":"Production I.G","url":"https:\/\/myanimelist.net\/anime\/producer\/10\/Production_IG"}],"genres":[{"mal_id":4,"type":"anime","name":"Comedy","url":"https:\/\/myanimelist.net\/anime\/genre\/4\/Comedy"},{"mal_id":8,"type":"anime","name":"Drama","url":"https:\/\/myanimelist.net\/anime\/genre\/8\/Drama"},{"mal_id":7,"type":"anime","name":"Mystery","url":"https:\/\/myanimelist.net\/anime\/genre\/7\/Mystery"},{"mal_id":37,"type":"anime","name":"Supernatural","url":"https:\/\/myanimelist.net\/anime\/genre\/37\/Supernatural"}],"explicit_genres":[],"themes":[],"demographics":[{"mal_id":42,"type":"anime","name":"Seinen","url":"https:\/\/myanimelist.net\/anime\/genre\/42\/Seinen"}],"relations":[{"relation":"Adaptation","entry":[{"mal_id":10,"type":"manga","name":"xxxHOLiC","url":"https:\/\/myanimelist.net\/manga\/10\/xxxHOLiC"}]},{"relation":"Prequel","entry":[{"mal_id":3091,"type":"anime","name":"xxxHOLiC\u25c6Kei","url":"https:\/\/myanimelist.net\/anime\/3091\/xxxHOLiC\u25c6Kei"}]},{"relation":"Side story","entry":[{"mal_id":4938,"type":"anime","name":"Tsubasa: Shunraiki","url":"https:\/\/myanimelist.net\/anime\/4938\/Tsubasa__Shunraiki"}]},{"relation":"Sequel","entry":[{"mal_id":6864,"type":"anime","name":"xxxHOLiC Rou","url":"https:\/\/myanimelist.net\/anime\/6864\/xxxHOLiC_Rou"}]}],"theme":{"openings":["\"sofa\" by Suga Shikao"],"endings":["\"Cherish\" by AZU"]},"external":[{"name":"Official Site","url":"http:\/\/kc.kodansha.co.jp\/tsubaholi\/"},{"name":"AniDB","url":"https:\/\/anidb.net\/perl-bin\/animedb.pl?show=anime&aid=6192"},{"name":"ANN","url":"https:\/\/www.animenewsnetwork.com\/encyclopedia\/anime.php?id=10583"},{"name":"Wikipedia","url":"http:\/\/en.wikipedia.org\/wiki\/Xxxholic#Original_video_animations"},{"name":"Wikipedia","url":"https:\/\/ja.wikipedia.org\/wiki\/XXXHOLiC#%E3%82%AA%E3%83%AA%E3%82%B8%E3%83%8A%E3%83%AB%E3%82%A2%E3%83%8B%E3%83%A1%E3%83%BC%E3%82%B7%E3%83%A7%E3%83%B3DVD"},{"name":"Bangumi","url":"https:\/\/bangumi.tv\/subject\/2898"},{"name":"Baidu Baike","url":"https:\/\/baike.baidu.com\/item\/%E6%98%A5%E6%A2%A6%E8%AE%B0\/8029777"},{"name":"Douban","url":"https:\/\/movie.douban.com\/subject\/3154176\/"}],"streaming":[]}}