{"data":{"mal_id":49283,"url":"https:\/\/myanimelist.net\/anime\/49283\/Bakuten_Movie","images":{"jpg":{"image_url":"https:\/\/cdn.myanimelist.net\/images\/anime\/1579\/123864.jpg","small_image_url":"https:\/\/cdn.myanimelist.net\/images\/anime\/1579\/123864t.jpg","large_image_url":"https:\/\/cdn.myanimelist.net\/images\/anime\/1579\/123864l.jpg"},"webp":{"image_url":"https:\/\/cdn.myanimelist.net\/images\/anime\/1579\/123864.webp","small_image_url":"https:\/\/cdn.myanimelist.net\/images\/anime\/1579\/123864t.webp","large_image_url":"https:\/\/cdn.myanimelist.net\/images\/anime\/1579\/123864l.webp"}},"trailer":{"youtube_id":"cicrVkV1ths","url":"https:\/\/www.youtube.com\/watch?v=cicrVkV1ths","embed_url":"https:\/\/www.youtube.com\/embed\/cicrVkV1ths?enablejsapi=1&wmode=opaque&autoplay=1","images":{"image_url":"https:\/\/img.youtube.com\/vi\/cicrVkV1ths\/default.jpg","small_image_url":"https:\/\/img.youtube.com\/vi\/cicrVkV1ths\/sddefault.jpg","medium_image_url":"https:\/\/img.youtube.com\/vi\/cicrVkV1ths\/mqdefault.jpg","large_image_url":"https:\/\/img.youtube.com\/vi\/cicrVkV1ths\/hqdefault.jpg","maximum_image_url":"https:\/\/img.youtube.com\/vi\/cicrVkV1ths\/maxresdefault.jpg"}},"approved":true,"titles":[{"type":"Default","title":"Bakuten!! Movie"},{"type":"Japanese","title":"\u6620\u753b \u30d0\u30af\u30c6\u30f3!!"},{"type":"English","title":"Backflip!! Movie"}],"title":"Bakuten!! Movie","title_english":"Backflip!! Movie","title_japanese":"\u6620\u753b \u30d0\u30af\u30c6\u30f3!!","title_synonyms":[],"type":"Movie","source":"Original","episodes":1,"status":"Finished Airing","airing":false,"aired":{"from":"2022-07-02T00:00:00+00:00","to":null,"prop":{"from":{"day":2,"month":7,"year":2022},"to":{"day":null,"month":null,"year":null}},"string":"Jul 2, 2022"},"duration":"1 hr 30 min","rating":"PG-13 - Teens 13 or older","score":7.65,"scored_by":2266,"rank":1291,"popularity":4911,"members":18105,"favorites":117,"synopsis":"Follow-up anime film for Bakuten!!","background":null,"season":null,"year":null,"broadcast":{"day":null,"time":null,"timezone":null,"string":null},"producers":[{"mal_id":17,"type":"anime","name":"Aniplex","url":"https:\/\/myanimelist.net\/anime\/producer\/17\/Aniplex"},{"mal_id":53,"type":"anime","name":"Dentsu","url":"https:\/\/myanimelist.net\/anime\/producer\/53\/Dentsu"},{"mal_id":140,"type":"anime","name":"Animax","url":"https:\/\/myanimelist.net\/anime\/producer\/140\/Animax"},{"mal_id":166,"type":"anime","name":"Movic","url":"https:\/\/myanimelist.net\/anime\/producer\/166\/Movic"},{"mal_id":169,"type":"anime","name":"Fuji TV","url":"https:\/\/myanimelist.net\/anime\/producer\/169\/Fuji_TV"},{"mal_id":843,"type":"anime","name":"BS Fuji","url":"https:\/\/myanimelist.net\/anime\/producer\/843\/BS_Fuji"},{"mal_id":1886,"type":"anime","name":"Aeon Entertainment","url":"https:\/\/myanimelist.net\/anime\/producer\/1886\/Aeon_Entertainment"}],"licensors":[],"studios":[{"mal_id":218,"type":"anime","name":"Zexcs","url":"https:\/\/myanimelist.net\/anime\/producer\/218\/Zexcs"}],"genres":[{"mal_id":30,"type":"anime","name":"Sports","url":"https:\/\/myanimelist.net\/anime\/genre\/30\/Sports"}],"explicit_genres":[],"themes":[{"mal_id":70,"type":"anime","name":"Performing Arts","url":"https:\/\/myanimelist.net\/anime\/genre\/70\/Performing_Arts"}],"demographics":[],"relations":[{"relation":"Prequel","entry":[{"mal_id":43756,"type":"anime","name":"Bakuten!!","url":"https:\/\/myanimelist.net\/anime\/43756\/Bakuten"}]}],"theme":{"openings":[],"endings":["\"Bokura no Ippo (\u50d5\u3089\u306e\u4e00\u6b69)\" by wacci"]},"external":[{"name":"Official Site","url":"https:\/\/bakuten-movie.com\/"},{"name":"AniDB","url":"https:\/\/anidb.net\/perl-bin\/animedb.pl?show=anime&aid=16401"},{"name":"ANN","url":"https:\/\/www.animenewsnetwork.com\/encyclopedia\/anime.php?id=24478"},{"name":"Wikipedia","url":"https:\/\/en.wikipedia.org\/wiki\/Backflip!!"}],"streaming":[{"name":"Crunchyroll","url":"http:\/\/www.crunchyroll.com\/series-281189"}]}}