{"data":{"mal_id":49571,"url":"https:\/\/myanimelist.net\/anime\/49571\/Tunshi_Xingkong_2nd_Season","images":{"jpg":{"image_url":"https:\/\/cdn.myanimelist.net\/images\/anime\/1558\/117008.jpg","small_image_url":"https:\/\/cdn.myanimelist.net\/images\/anime\/1558\/117008t.jpg","large_image_url":"https:\/\/cdn.myanimelist.net\/images\/anime\/1558\/117008l.jpg"},"webp":{"image_url":"https:\/\/cdn.myanimelist.net\/images\/anime\/1558\/117008.webp","small_image_url":"https:\/\/cdn.myanimelist.net\/images\/anime\/1558\/117008t.webp","large_image_url":"https:\/\/cdn.myanimelist.net\/images\/anime\/1558\/117008l.webp"}},"trailer":{"youtube_id":null,"url":null,"embed_url":null,"images":{"image_url":null,"small_image_url":null,"medium_image_url":null,"large_image_url":null,"maximum_image_url":null}},"approved":true,"titles":[{"type":"Default","title":"Tunshi Xingkong 2nd Season"},{"type":"Synonym","title":"\u541e\u566c\u661f\u7a7a \u58ee\u5fd7\u51cc\u4e91"},{"type":"Japanese","title":"\u541e\u566c\u661f\u7a7a \u7b2c\u4e8c\u5b63"},{"type":"English","title":"Swallowed Star 2nd Season"}],"title":"Tunshi Xingkong 2nd Season","title_english":"Swallowed Star 2nd Season","title_japanese":"\u541e\u566c\u661f\u7a7a \u7b2c\u4e8c\u5b63","title_synonyms":["\u541e\u566c\u661f\u7a7a \u58ee\u5fd7\u51cc\u4e91"],"type":"ONA","source":"Novel","episodes":26,"status":"Finished Airing","airing":false,"aired":{"from":"2021-12-29T00:00:00+00:00","to":"2022-09-07T00:00:00+00:00","prop":{"from":{"day":29,"month":12,"year":2021},"to":{"day":7,"month":9,"year":2022}},"string":"Dec 29, 2021 to Sep 7, 2022"},"duration":"21 min per ep","rating":"PG-13 - Teens 13 or older","score":7.92,"scored_by":1608,"rank":717,"popularity":8179,"members":5054,"favorites":113,"synopsis":"Second season of Tunshi Xingkong.","background":null,"season":null,"year":null,"broadcast":{"day":null,"time":null,"timezone":null,"string":null},"producers":[{"mal_id":1349,"type":"anime","name":"Tencent Animation & Comics","url":"https:\/\/myanimelist.net\/anime\/producer\/1349\/Tencent_Animation___Comics"},{"mal_id":1727,"type":"anime","name":"Tencent Penguin Pictures","url":"https:\/\/myanimelist.net\/anime\/producer\/1727\/Tencent_Penguin_Pictures"}],"licensors":[],"studios":[{"mal_id":1768,"type":"anime","name":"Sparkly Key Animation Studio","url":"https:\/\/myanimelist.net\/anime\/producer\/1768\/Sparkly_Key_Animation_Studio"}],"genres":[{"mal_id":1,"type":"anime","name":"Action","url":"https:\/\/myanimelist.net\/anime\/genre\/1\/Action"},{"mal_id":2,"type":"anime","name":"Adventure","url":"https:\/\/myanimelist.net\/anime\/genre\/2\/Adventure"},{"mal_id":10,"type":"anime","name":"Fantasy","url":"https:\/\/myanimelist.net\/anime\/genre\/10\/Fantasy"},{"mal_id":24,"type":"anime","name":"Sci-Fi","url":"https:\/\/myanimelist.net\/anime\/genre\/24\/Sci-Fi"}],"explicit_genres":[],"themes":[{"mal_id":17,"type":"anime","name":"Martial Arts","url":"https:\/\/myanimelist.net\/anime\/genre\/17\/Martial_Arts"}],"demographics":[],"relations":[{"relation":"Prequel","entry":[{"mal_id":44218,"type":"anime","name":"Tunshi Xingkong","url":"https:\/\/myanimelist.net\/anime\/44218\/Tunshi_Xingkong"}]},{"relation":"Sequel","entry":[{"mal_id":56523,"type":"anime","name":"Tunshi Xingkong 3rd Season","url":"https:\/\/myanimelist.net\/anime\/56523\/Tunshi_Xingkong_3rd_Season"}]}],"theme":{"openings":["\"Resurgence (\u9032\u968e)\" by JJ Lin (\u6797\u4fca\u5091)"],"endings":["\"Tunshi Xingkong (\u541e\u566c\u661f\u7a7a)\" by Jason Zhang (\u5f20\u6770)"]},"external":[{"name":"Official Site","url":"https:\/\/v.qq.com\/detail\/3\/324olz7ilvo2j5f.html"},{"name":"AniDB","url":"https:\/\/anidb.net\/perl-bin\/animedb.pl?show=anime&aid=17093"},{"name":"Bangumi","url":"https:\/\/bgm.tv\/subject\/336340"},{"name":"Baidu Baike","url":"https:\/\/baike.baidu.com\/item\/%E5%90%9E%E5%99%AC%E6%98%9F%E7%A9%BA\/22546021"},{"name":"Douban","url":"https:\/\/movie.douban.com\/subject\/35674156"}],"streaming":[]}}