{"data":{"mal_id":49590,"url":"https:\/\/myanimelist.net\/anime\/49590\/Yojouhan_Time_Machine_Blues","images":{"jpg":{"image_url":"https:\/\/cdn.myanimelist.net\/images\/anime\/1583\/126128.jpg","small_image_url":"https:\/\/cdn.myanimelist.net\/images\/anime\/1583\/126128t.jpg","large_image_url":"https:\/\/cdn.myanimelist.net\/images\/anime\/1583\/126128l.jpg"},"webp":{"image_url":"https:\/\/cdn.myanimelist.net\/images\/anime\/1583\/126128.webp","small_image_url":"https:\/\/cdn.myanimelist.net\/images\/anime\/1583\/126128t.webp","large_image_url":"https:\/\/cdn.myanimelist.net\/images\/anime\/1583\/126128l.webp"}},"trailer":{"youtube_id":"FY9ZH_KwSWE","url":"https:\/\/www.youtube.com\/watch?v=FY9ZH_KwSWE","embed_url":"https:\/\/www.youtube.com\/embed\/FY9ZH_KwSWE?enablejsapi=1&wmode=opaque&autoplay=1","images":{"image_url":"https:\/\/img.youtube.com\/vi\/FY9ZH_KwSWE\/default.jpg","small_image_url":"https:\/\/img.youtube.com\/vi\/FY9ZH_KwSWE\/sddefault.jpg","medium_image_url":"https:\/\/img.youtube.com\/vi\/FY9ZH_KwSWE\/mqdefault.jpg","large_image_url":"https:\/\/img.youtube.com\/vi\/FY9ZH_KwSWE\/hqdefault.jpg","maximum_image_url":"https:\/\/img.youtube.com\/vi\/FY9ZH_KwSWE\/maxresdefault.jpg"}},"approved":true,"titles":[{"type":"Default","title":"Yojouhan Time Machine Blues"},{"type":"Japanese","title":"\u56db\u7573\u534a\u30bf\u30a4\u30e0\u30de\u30b7\u30f3\u30d6\u30eb\u30fc\u30b9"},{"type":"English","title":"The Tatami Time Machine Blues"}],"title":"Yojouhan Time Machine Blues","title_english":"The Tatami Time Machine Blues","title_japanese":"\u56db\u7573\u534a\u30bf\u30a4\u30e0\u30de\u30b7\u30f3\u30d6\u30eb\u30fc\u30b9","title_synonyms":[],"type":"ONA","source":"Novel","episodes":6,"status":"Finished Airing","airing":false,"aired":{"from":"2022-09-14T00:00:00+00:00","to":"2022-10-12T00:00:00+00:00","prop":{"from":{"day":14,"month":9,"year":2022},"to":{"day":12,"month":10,"year":2022}},"string":"Sep 14, 2022 to Oct 12, 2022"},"duration":"20 min per ep","rating":"PG-13 - Teens 13 or older","score":8.18,"scored_by":10045,"rank":375,"popularity":3489,"members":38126,"favorites":251,"synopsis":"On a hot summer day in Kyoto, a young man walks toward his apartment, dreaming of turning on the air conditioner and cooling down. But before he can turn his dream into reality, disaster naturally strikes in the form of Ozu, who spills soda all over the remote. With the air conditioner rendered completely unusable, the man and his friends are left to suffer in the terrible August heat.\n\nJust when all hope seems lost, the group finds a true-to-life time machine in their storage room. Not knowing the dire consequences of doing so, they decide to travel back to the past and grab the remote before Ozu even has a chance to destroy it. What awaits them on the other side is a staggering adventure none of them are prepared for.\n\n[Written by MAL Rewrite]","background":"Yojouhan Time Machine Blues premiered in Japanese theaters for a limited three-week run starting on September 30, 2022. The sixth episode\u2014which features original content\u2014is not included in the compiled film version. For the first two weeks of the film's release, attendees were gifted one of two short stories written by Tomihiko Morimi.","season":null,"year":null,"broadcast":{"day":null,"time":null,"timezone":null,"string":null},"producers":[{"mal_id":169,"type":"anime","name":"Fuji TV","url":"https:\/\/myanimelist.net\/anime\/producer\/169\/Fuji_TV"},{"mal_id":1696,"type":"anime","name":"Kadokawa","url":"https:\/\/myanimelist.net\/anime\/producer\/1696\/Kadokawa"}],"licensors":[],"studios":[{"mal_id":1591,"type":"anime","name":"Science SARU","url":"https:\/\/myanimelist.net\/anime\/producer\/1591\/Science_SARU"}],"genres":[{"mal_id":4,"type":"anime","name":"Comedy","url":"https:\/\/myanimelist.net\/anime\/genre\/4\/Comedy"},{"mal_id":7,"type":"anime","name":"Mystery","url":"https:\/\/myanimelist.net\/anime\/genre\/7\/Mystery"},{"mal_id":22,"type":"anime","name":"Romance","url":"https:\/\/myanimelist.net\/anime\/genre\/22\/Romance"},{"mal_id":41,"type":"anime","name":"Suspense","url":"https:\/\/myanimelist.net\/anime\/genre\/41\/Suspense"}],"explicit_genres":[],"themes":[{"mal_id":50,"type":"anime","name":"Adult Cast","url":"https:\/\/myanimelist.net\/anime\/genre\/50\/Adult_Cast"},{"mal_id":40,"type":"anime","name":"Psychological","url":"https:\/\/myanimelist.net\/anime\/genre\/40\/Psychological"},{"mal_id":78,"type":"anime","name":"Time Travel","url":"https:\/\/myanimelist.net\/anime\/genre\/78\/Time_Travel"}],"demographics":[],"relations":[{"relation":"Adaptation","entry":[{"mal_id":131202,"type":"manga","name":"Yojouhan Time Machine Blues","url":"https:\/\/myanimelist.net\/manga\/131202\/Yojouhan_Time_Machine_Blues"}]},{"relation":"Prequel","entry":[{"mal_id":7785,"type":"anime","name":"Yojouhan Shinwa Taikei","url":"https:\/\/myanimelist.net\/anime\/7785\/Yojouhan_Shinwa_Taikei"}]}],"theme":{"openings":["\"Demachiyanagi Parallel Universe (\u51fa\u753a\u67f3\u30d1\u30e9\u30ec\u30eb\u30e6\u30cb\u30d0\u30fc\u30b9)\" by ASIAN KUNG-FU GENERATION"],"endings":["\"Time Machine Blues\" by Chloe Yhun and Phil Matthews"]},"external":[{"name":"Official Site","url":"https:\/\/yojohan-timemachine.asmik-ace.co.jp\/"},{"name":"@4andahalf_tmb","url":"https:\/\/twitter.com\/4andahalf_tmb"},{"name":"AniDB","url":"https:\/\/anidb.net\/perl-bin\/animedb.pl?show=anime&aid=16533"},{"name":"ANN","url":"https:\/\/www.animenewsnetwork.com\/encyclopedia\/anime.php?id=24871"},{"name":"Wikipedia","url":"https:\/\/en.wikipedia.org\/wiki\/The_Tatami_Galaxy#Anime"},{"name":"Wikipedia","url":"https:\/\/ja.wikipedia.org\/wiki\/%E5%9B%9B%E7%95%B3%E5%8D%8A%E3%82%BF%E3%82%A4%E3%83%A0%E3%83%9E%E3%82%B7%E3%83%B3%E3%83%96%E3%83%AB%E3%83%BC%E3%82%B9"},{"name":"Syoboi","url":"https:\/\/cal.syoboi.jp\/tid\/6475"},{"name":"Bangumi","url":"https:\/\/bangumi.tv\/subject\/345980"}],"streaming":[{"name":"Disney+","url":"https:\/\/www.disneyplus.com\/"}]}}