{"data":{"mal_id":49709,"url":"https:\/\/myanimelist.net\/anime\/49709\/Fumetsu_no_Anata_e_Season_2","images":{"jpg":{"image_url":"https:\/\/cdn.myanimelist.net\/images\/anime\/1271\/127700.jpg","small_image_url":"https:\/\/cdn.myanimelist.net\/images\/anime\/1271\/127700t.jpg","large_image_url":"https:\/\/cdn.myanimelist.net\/images\/anime\/1271\/127700l.jpg"},"webp":{"image_url":"https:\/\/cdn.myanimelist.net\/images\/anime\/1271\/127700.webp","small_image_url":"https:\/\/cdn.myanimelist.net\/images\/anime\/1271\/127700t.webp","large_image_url":"https:\/\/cdn.myanimelist.net\/images\/anime\/1271\/127700l.webp"}},"trailer":{"youtube_id":"fAiDXJPCcbk","url":"https:\/\/www.youtube.com\/watch?v=fAiDXJPCcbk","embed_url":"https:\/\/www.youtube.com\/embed\/fAiDXJPCcbk?enablejsapi=1&wmode=opaque&autoplay=1","images":{"image_url":"https:\/\/img.youtube.com\/vi\/fAiDXJPCcbk\/default.jpg","small_image_url":"https:\/\/img.youtube.com\/vi\/fAiDXJPCcbk\/sddefault.jpg","medium_image_url":"https:\/\/img.youtube.com\/vi\/fAiDXJPCcbk\/mqdefault.jpg","large_image_url":"https:\/\/img.youtube.com\/vi\/fAiDXJPCcbk\/hqdefault.jpg","maximum_image_url":"https:\/\/img.youtube.com\/vi\/fAiDXJPCcbk\/maxresdefault.jpg"}},"approved":true,"titles":[{"type":"Default","title":"Fumetsu no Anata e Season 2"},{"type":"Synonym","title":"To Your Eternity 2nd Season"},{"type":"Synonym","title":"To You"},{"type":"Synonym","title":"the Immortal 2nd Season"},{"type":"Japanese","title":"\u4e0d\u6ec5\u306e\u3042\u306a\u305f\u3078 Season2"},{"type":"English","title":"To Your Eternity Season 2"}],"title":"Fumetsu no Anata e Season 2","title_english":"To Your Eternity Season 2","title_japanese":"\u4e0d\u6ec5\u306e\u3042\u306a\u305f\u3078 Season2","title_synonyms":["To Your Eternity 2nd Season","To You","the Immortal 2nd Season"],"type":"TV","source":"Manga","episodes":20,"status":"Finished Airing","airing":false,"aired":{"from":"2022-10-23T00:00:00+00:00","to":"2023-03-12T00:00:00+00:00","prop":{"from":{"day":23,"month":10,"year":2022},"to":{"day":12,"month":3,"year":2023}},"string":"Oct 23, 2022 to Mar 12, 2023"},"duration":"25 min per ep","rating":"R - 17+ (violence & profanity)","score":8.08,"scored_by":87206,"rank":498,"popularity":898,"members":259010,"favorites":1495,"synopsis":"After seeing enough death and tragedy, the immortal Fushi secludes himself on an island, defending himself from enemy Nokkers. However, instead of attacking Fushi in isolation, Nokkers begin targeting the settlements outside of his reach in hopes of luring him out. Soon, a group known as the Guardians\u2014led by Hisame, the descendant of the deceased warrior Hayase\u2014finds Fushi.\n\nInspired by how Fushi protected Janada Island from the Nokkers years ago, the Guardians have grown a considerable following and are recognized throughout the world. Initially reluctant, Fushi allows the Guardians to accompany him to the site of the Nokkers' recent attack. In their village, Fushi meets a few valuable allies, both new and old. But as the conflict with the Nokkers only leads to more loss, Fushi must find the inner strength to face his inevitable sorrow.\n\n[Written by MAL Rewrite]","background":"Fumetsu no Anata e 2nd Season was released in two volumes on Blu-ray and DVD from April 26, 2023 to July 26, 2023.","season":"fall","year":2022,"broadcast":{"day":"Sundays","time":"19:00","timezone":"Asia\/Tokyo","string":"Sundays at 19:00 (JST)"},"producers":[{"mal_id":111,"type":"anime","name":"NHK","url":"https:\/\/myanimelist.net\/anime\/producer\/111\/NHK"},{"mal_id":159,"type":"anime","name":"Kodansha","url":"https:\/\/myanimelist.net\/anime\/producer\/159\/Kodansha"},{"mal_id":1797,"type":"anime","name":"NHK Enterprises","url":"https:\/\/myanimelist.net\/anime\/producer\/1797\/NHK_Enterprises"}],"licensors":[],"studios":[{"mal_id":1967,"type":"anime","name":"Drive","url":"https:\/\/myanimelist.net\/anime\/producer\/1967\/Drive"}],"genres":[{"mal_id":2,"type":"anime","name":"Adventure","url":"https:\/\/myanimelist.net\/anime\/genre\/2\/Adventure"},{"mal_id":8,"type":"anime","name":"Drama","url":"https:\/\/myanimelist.net\/anime\/genre\/8\/Drama"},{"mal_id":37,"type":"anime","name":"Supernatural","url":"https:\/\/myanimelist.net\/anime\/genre\/37\/Supernatural"}],"explicit_genres":[],"themes":[],"demographics":[{"mal_id":27,"type":"anime","name":"Shounen","url":"https:\/\/myanimelist.net\/anime\/genre\/27\/Shounen"}],"relations":[{"relation":"Adaptation","entry":[{"mal_id":102343,"type":"manga","name":"Fumetsu no Anata e","url":"https:\/\/myanimelist.net\/manga\/102343\/Fumetsu_no_Anata_e"}]},{"relation":"Prequel","entry":[{"mal_id":41025,"type":"anime","name":"Fumetsu no Anata e","url":"https:\/\/myanimelist.net\/anime\/41025\/Fumetsu_no_Anata_e"}]},{"relation":"Sequel","entry":[{"mal_id":54703,"type":"anime","name":"Fumetsu no Anata e Season 3","url":"https:\/\/myanimelist.net\/anime\/54703\/Fumetsu_no_Anata_e_Season_3"}]}],"theme":{"openings":["\"PINK BLOOD\" by \u5b87\u591a\u7530\u30d2\u30ab\u30eb"],"endings":["\"ROOTS\" by Masashi Hamauzu"]},"external":[{"name":"Official Site","url":"https:\/\/www.anime-fumetsunoanatae.com\/"},{"name":"@nep_fumetsu","url":"https:\/\/twitter.com\/nep_fumetsu"},{"name":"AniDB","url":"https:\/\/anidb.net\/perl-bin\/animedb.pl?show=anime&aid=16573"},{"name":"ANN","url":"https:\/\/www.animenewsnetwork.com\/encyclopedia\/anime.php?id=24694"},{"name":"Wikipedia","url":"https:\/\/en.wikipedia.org\/wiki\/To_Your_Eternity#Anime"},{"name":"Wikipedia","url":"https:\/\/ja.wikipedia.org\/wiki\/%E4%B8%8D%E6%BB%85%E3%81%AE%E3%81%82%E3%81%AA%E3%81%9F%E3%81%B8"},{"name":"Syoboi","url":"https:\/\/cal.syoboi.jp\/tid\/6486"}],"streaming":[{"name":"Crunchyroll","url":"http:\/\/www.crunchyroll.com\/series-281206"},{"name":"Ani-One Asia","url":"https:\/\/www.youtube.com\/channel\/UC0wNSTMWIL3qaorLx0jie6A"},{"name":"Aniplus TV","url":"http:\/\/www.aniplustv.com\/"},{"name":"Bahamut Anime Crazy","url":"https:\/\/ani.gamer.com.tw\/"},{"name":"Bilibili","url":"https:\/\/www.bilibili.com\/"},{"name":"Laftel","url":"https:\/\/laftel.net\/"}]}}