{"data":{"mal_id":49733,"url":"https:\/\/myanimelist.net\/anime\/49733\/Yuukoku_no_Moriarty_OVA","images":{"jpg":{"image_url":"https:\/\/cdn.myanimelist.net\/images\/anime\/1158\/119868.jpg","small_image_url":"https:\/\/cdn.myanimelist.net\/images\/anime\/1158\/119868t.jpg","large_image_url":"https:\/\/cdn.myanimelist.net\/images\/anime\/1158\/119868l.jpg"},"webp":{"image_url":"https:\/\/cdn.myanimelist.net\/images\/anime\/1158\/119868.webp","small_image_url":"https:\/\/cdn.myanimelist.net\/images\/anime\/1158\/119868t.webp","large_image_url":"https:\/\/cdn.myanimelist.net\/images\/anime\/1158\/119868l.webp"}},"trailer":{"youtube_id":"bQcbAXDct5o","url":"https:\/\/www.youtube.com\/watch?v=bQcbAXDct5o","embed_url":"https:\/\/www.youtube.com\/embed\/bQcbAXDct5o?enablejsapi=1&wmode=opaque&autoplay=1","images":{"image_url":"https:\/\/img.youtube.com\/vi\/bQcbAXDct5o\/default.jpg","small_image_url":"https:\/\/img.youtube.com\/vi\/bQcbAXDct5o\/sddefault.jpg","medium_image_url":"https:\/\/img.youtube.com\/vi\/bQcbAXDct5o\/mqdefault.jpg","large_image_url":"https:\/\/img.youtube.com\/vi\/bQcbAXDct5o\/hqdefault.jpg","maximum_image_url":"https:\/\/img.youtube.com\/vi\/bQcbAXDct5o\/maxresdefault.jpg"}},"approved":true,"titles":[{"type":"Default","title":"Yuukoku no Moriarty OVA"},{"type":"Japanese","title":"\u6182\u56fd\u306e\u30e2\u30ea\u30a2\u30fc\u30c6\u30a3"},{"type":"English","title":"Moriarty the Patriot OVA"}],"title":"Yuukoku no Moriarty OVA","title_english":"Moriarty the Patriot OVA","title_japanese":"\u6182\u56fd\u306e\u30e2\u30ea\u30a2\u30fc\u30c6\u30a3","title_synonyms":[],"type":"OVA","source":"Manga","episodes":2,"status":"Finished Airing","airing":false,"aired":{"from":"2022-04-27T00:00:00+00:00","to":null,"prop":{"from":{"day":27,"month":4,"year":2022},"to":{"day":null,"month":null,"year":null}},"string":"Apr 27, 2022"},"duration":"23 min per ep","rating":"R - 17+ (violence & profanity)","score":7.77,"scored_by":11464,"rank":1005,"popularity":3582,"members":36345,"favorites":144,"synopsis":"Yuri no Tsuioku\nA newspaper article about a vandalized painting catches the eye of William James Moriarty. Recognizing the artist from his childhood days in the slums, he takes his brother Louis with him on a trip to the city of Bath to meet with the artist personally and identify the culprit. However, the person claiming to be the painter is not the man William remembers. Joined by Sherlock Holmes and John H. Watson, William looks for clues in order to find his old friend.\n\nMoriarty-ke no Kyuujitsu\nThe Moriarty household faces its biggest crisis to date: hosting a tea party. Mysterious and closed off to the public, the Moriarty home hides an abundance of weapons, research, and other tools used in their underground activities. To keep their secret safe from overly curious\u2014and completely smitten\u2014aristocratic women, the entire team must maximize their skills and protect their base of operations at all costs.\n\n[Written by MAL Rewrite]","background":"Yuukoku no Moriarty OVA was released on Blu-ray and DVD in Japan on April 27, 2022.","season":null,"year":null,"broadcast":{"day":null,"time":null,"timezone":null,"string":null},"producers":[{"mal_id":143,"type":"anime","name":"Mainichi Broadcasting System","url":"https:\/\/myanimelist.net\/anime\/producer\/143\/Mainichi_Broadcasting_System"},{"mal_id":1365,"type":"anime","name":"Shueisha","url":"https:\/\/myanimelist.net\/anime\/producer\/1365\/Shueisha"},{"mal_id":1492,"type":"anime","name":"Yomiuri TV Enterprise","url":"https:\/\/myanimelist.net\/anime\/producer\/1492\/Yomiuri_TV_Enterprise"},{"mal_id":1840,"type":"anime","name":"Bandai Namco Arts","url":"https:\/\/myanimelist.net\/anime\/producer\/1840\/Bandai_Namco_Arts"},{"mal_id":1992,"type":"anime","name":"Bandai Spirits","url":"https:\/\/myanimelist.net\/anime\/producer\/1992\/Bandai_Spirits"}],"licensors":[],"studios":[{"mal_id":10,"type":"anime","name":"Production I.G","url":"https:\/\/myanimelist.net\/anime\/producer\/10\/Production_IG"}],"genres":[{"mal_id":7,"type":"anime","name":"Mystery","url":"https:\/\/myanimelist.net\/anime\/genre\/7\/Mystery"},{"mal_id":41,"type":"anime","name":"Suspense","url":"https:\/\/myanimelist.net\/anime\/genre\/41\/Suspense"}],"explicit_genres":[],"themes":[{"mal_id":50,"type":"anime","name":"Adult Cast","url":"https:\/\/myanimelist.net\/anime\/genre\/50\/Adult_Cast"},{"mal_id":13,"type":"anime","name":"Historical","url":"https:\/\/myanimelist.net\/anime\/genre\/13\/Historical"},{"mal_id":40,"type":"anime","name":"Psychological","url":"https:\/\/myanimelist.net\/anime\/genre\/40\/Psychological"}],"demographics":[{"mal_id":27,"type":"anime","name":"Shounen","url":"https:\/\/myanimelist.net\/anime\/genre\/27\/Shounen"}],"relations":[{"relation":"Other","entry":[{"mal_id":43325,"type":"anime","name":"Yuukoku no Moriarty Part 2","url":"https:\/\/myanimelist.net\/anime\/43325\/Yuukoku_no_Moriarty_Part_2"}]}],"theme":{"openings":["1: \"DYING WISH\" by Tasuku Hatanaka (eps 1)","2: \"TWISTED HEARTS\" by Tasuku Hatanaka (\u7560\u4e2d\u7950) (eps 2)"],"endings":["1: \"ALPHA\" by STEREO DIVE FOUNDATION (eps 1)","2: \"OMEGA\" by STEREO DIVE FOUNDATION (eps 2)"]},"external":[{"name":"Official Site","url":"https:\/\/moriarty-anime.com\/news\/?p=2180"},{"name":"AniDB","url":"https:\/\/anidb.net\/perl-bin\/animedb.pl?show=anime&aid=16600"},{"name":"ANN","url":"https:\/\/www.animenewsnetwork.com\/encyclopedia\/anime.php?id=24699"},{"name":"Wikipedia","url":"https:\/\/en.wikipedia.org\/wiki\/Moriarty_the_Patriot#Anime"}],"streaming":[]}}