{"data":{"mal_id":49784,"url":"https:\/\/myanimelist.net\/anime\/49784\/Mairimashita_Iruma-kun_3rd_Season","images":{"jpg":{"image_url":"https:\/\/cdn.myanimelist.net\/images\/anime\/1688\/128720.jpg","small_image_url":"https:\/\/cdn.myanimelist.net\/images\/anime\/1688\/128720t.jpg","large_image_url":"https:\/\/cdn.myanimelist.net\/images\/anime\/1688\/128720l.jpg"},"webp":{"image_url":"https:\/\/cdn.myanimelist.net\/images\/anime\/1688\/128720.webp","small_image_url":"https:\/\/cdn.myanimelist.net\/images\/anime\/1688\/128720t.webp","large_image_url":"https:\/\/cdn.myanimelist.net\/images\/anime\/1688\/128720l.webp"}},"trailer":{"youtube_id":"v0M9JojWdFA","url":"https:\/\/www.youtube.com\/watch?v=v0M9JojWdFA","embed_url":"https:\/\/www.youtube.com\/embed\/v0M9JojWdFA?enablejsapi=1&wmode=opaque&autoplay=1","images":{"image_url":"https:\/\/img.youtube.com\/vi\/v0M9JojWdFA\/default.jpg","small_image_url":"https:\/\/img.youtube.com\/vi\/v0M9JojWdFA\/sddefault.jpg","medium_image_url":"https:\/\/img.youtube.com\/vi\/v0M9JojWdFA\/mqdefault.jpg","large_image_url":"https:\/\/img.youtube.com\/vi\/v0M9JojWdFA\/hqdefault.jpg","maximum_image_url":"https:\/\/img.youtube.com\/vi\/v0M9JojWdFA\/maxresdefault.jpg"}},"approved":true,"titles":[{"type":"Default","title":"Mairimashita! Iruma-kun 3rd Season"},{"type":"Synonym","title":"Welcome to Demon School! Iruma-kun 3rd Season"},{"type":"Japanese","title":"\u9b54\u5165\u308a\u307e\u3057\u305f\uff01\u5165\u9593\u304f\u3093"},{"type":"English","title":"Welcome to Demon School! Iruma-kun Season 3"}],"title":"Mairimashita! Iruma-kun 3rd Season","title_english":"Welcome to Demon School! Iruma-kun Season 3","title_japanese":"\u9b54\u5165\u308a\u307e\u3057\u305f\uff01\u5165\u9593\u304f\u3093","title_synonyms":["Welcome to Demon School! Iruma-kun 3rd Season"],"type":"TV","source":"Manga","episodes":21,"status":"Finished Airing","airing":false,"aired":{"from":"2022-10-08T00:00:00+00:00","to":"2023-03-04T00:00:00+00:00","prop":{"from":{"day":8,"month":10,"year":2022},"to":{"day":4,"month":3,"year":2023}},"string":"Oct 8, 2022 to Mar 4, 2023"},"duration":"24 min per ep","rating":"PG-13 - Teens 13 or older","score":7.81,"scored_by":70320,"rank":939,"popularity":1313,"members":174729,"favorites":1202,"synopsis":"Following their heroic efforts at Walter Park, the students of the misfit class return to Babyls Demon School after their summer vacation. What awaits them is not only adoration and admiration but also the shocking revelation that, in order to stay in the luxurious Royal One classroom, the entire class must be promoted to Dalet rank before entering the second year.\n\nAs the Harvest and Music Festivals are right around the corner, there seem to be ample opportunities to rank up. Doing so will not be simple, however, as no class thus far has managed to accomplish such a feat. Hoping to give the misfit class a chance to achieve the improbable, the school appoints special tutors to aid in confronting the challenges that lie ahead.\n\nWith his sights set beyond Dalet, Iruma Suzuki decides to take strides toward the goal of ranking up, starting with gaining acknowledgement from his special tutor: the short-tempered and selfish Bachiko Barbatos.\n\n[Written by MAL Rewrite]","background":null,"season":"fall","year":2022,"broadcast":{"day":"Saturdays","time":"18:25","timezone":"Asia\/Tokyo","string":"Saturdays at 18:25 (JST)"},"producers":[{"mal_id":111,"type":"anime","name":"NHK","url":"https:\/\/myanimelist.net\/anime\/producer\/111\/NHK"},{"mal_id":1797,"type":"anime","name":"NHK Enterprises","url":"https:\/\/myanimelist.net\/anime\/producer\/1797\/NHK_Enterprises"}],"licensors":[],"studios":[{"mal_id":1258,"type":"anime","name":"Bandai Namco Pictures","url":"https:\/\/myanimelist.net\/anime\/producer\/1258\/Bandai_Namco_Pictures"}],"genres":[{"mal_id":4,"type":"anime","name":"Comedy","url":"https:\/\/myanimelist.net\/anime\/genre\/4\/Comedy"},{"mal_id":10,"type":"anime","name":"Fantasy","url":"https:\/\/myanimelist.net\/anime\/genre\/10\/Fantasy"}],"explicit_genres":[],"themes":[{"mal_id":62,"type":"anime","name":"Isekai","url":"https:\/\/myanimelist.net\/anime\/genre\/62\/Isekai"},{"mal_id":6,"type":"anime","name":"Mythology","url":"https:\/\/myanimelist.net\/anime\/genre\/6\/Mythology"},{"mal_id":23,"type":"anime","name":"School","url":"https:\/\/myanimelist.net\/anime\/genre\/23\/School"}],"demographics":[{"mal_id":27,"type":"anime","name":"Shounen","url":"https:\/\/myanimelist.net\/anime\/genre\/27\/Shounen"}],"relations":[{"relation":"Adaptation","entry":[{"mal_id":104241,"type":"manga","name":"Mairimashita! Iruma-kun","url":"https:\/\/myanimelist.net\/manga\/104241\/Mairimashita_Iruma-kun"}]},{"relation":"Prequel","entry":[{"mal_id":41402,"type":"anime","name":"Mairimashita! Iruma-kun 2nd Season","url":"https:\/\/myanimelist.net\/anime\/41402\/Mairimashita_Iruma-kun_2nd_Season"}]}],"theme":{"openings":["\"\u30ae\u30ea\u30ae\u30ea Ride it out\" by FANTASTICS from EXILE TRIBE"],"endings":["\"\u934b\u5949\u884c\" by \u6c34\u66dc\u65e5\u306e\u30ab\u30f3\u30d1\u30cd\u30e9"]},"external":[{"name":"Official Site","url":"http:\/\/www6.nhk.or.jp\/anime\/program\/detail.html?i=iruma"},{"name":"@nep_irumakun","url":"https:\/\/twitter.com\/nep_irumakun"},{"name":"AniDB","url":"https:\/\/anidb.net\/perl-bin\/animedb.pl?show=anime&aid=16627"},{"name":"ANN","url":"https:\/\/www.animenewsnetwork.com\/encyclopedia\/anime.php?id=24714"},{"name":"Wikipedia","url":"https:\/\/en.wikipedia.org\/wiki\/Welcome_to_Demon_School!_Iruma-kun#Anime"},{"name":"Wikipedia","url":"https:\/\/ja.wikipedia.org\/wiki\/%E9%AD%94%E5%85%A5%E3%82%8A%E3%81%BE%E3%81%97%E3%81%9F%21%E5%85%A5%E9%96%93%E3%81%8F%E3%82%93"},{"name":"Syoboi","url":"https:\/\/cal.syoboi.jp\/tid\/6489"}],"streaming":[{"name":"Crunchyroll","url":"http:\/\/www.crunchyroll.com\/series-278607"},{"name":"Bahamut Anime Crazy","url":"https:\/\/ani.gamer.com.tw\/"},{"name":"Bilibili","url":"https:\/\/www.bilibili.com\/"},{"name":"Bilibili Global","url":"https:\/\/www.bilibili.tv\/en\/index"},{"name":"CatchPlay","url":"https:\/\/www.catchplay.com\/"},{"name":"MeWatch","url":"https:\/\/www.mewatch.sg\/"},{"name":"Muse Asia","url":"https:\/\/www.youtube.com\/channel\/UCGbshtvS9t-8CW11W7TooQg"},{"name":"Sushiroll","url":"https:\/\/sushiroll.co.id\/"}]}}