{"data":{"mal_id":49834,"url":"https:\/\/myanimelist.net\/anime\/49834\/Boku_ga_Aishita_Subete_no_Kimi_e","images":{"jpg":{"image_url":"https:\/\/cdn.myanimelist.net\/images\/anime\/1145\/127594.jpg","small_image_url":"https:\/\/cdn.myanimelist.net\/images\/anime\/1145\/127594t.jpg","large_image_url":"https:\/\/cdn.myanimelist.net\/images\/anime\/1145\/127594l.jpg"},"webp":{"image_url":"https:\/\/cdn.myanimelist.net\/images\/anime\/1145\/127594.webp","small_image_url":"https:\/\/cdn.myanimelist.net\/images\/anime\/1145\/127594t.webp","large_image_url":"https:\/\/cdn.myanimelist.net\/images\/anime\/1145\/127594l.webp"}},"trailer":{"youtube_id":"YKevxl_JjfQ","url":"https:\/\/www.youtube.com\/watch?v=YKevxl_JjfQ","embed_url":"https:\/\/www.youtube.com\/embed\/YKevxl_JjfQ?enablejsapi=1&wmode=opaque&autoplay=1","images":{"image_url":"https:\/\/img.youtube.com\/vi\/YKevxl_JjfQ\/default.jpg","small_image_url":"https:\/\/img.youtube.com\/vi\/YKevxl_JjfQ\/sddefault.jpg","medium_image_url":"https:\/\/img.youtube.com\/vi\/YKevxl_JjfQ\/mqdefault.jpg","large_image_url":"https:\/\/img.youtube.com\/vi\/YKevxl_JjfQ\/hqdefault.jpg","maximum_image_url":"https:\/\/img.youtube.com\/vi\/YKevxl_JjfQ\/maxresdefault.jpg"}},"approved":true,"titles":[{"type":"Default","title":"Boku ga Aishita Subete no Kimi e"},{"type":"Synonym","title":"To All of You That I Loved"},{"type":"Japanese","title":"\u50d5\u304c\u611b\u3057\u305f\u3059\u3079\u3066\u306e\u541b\u3078"},{"type":"English","title":"To Every You I've Loved Before"}],"title":"Boku ga Aishita Subete no Kimi e","title_english":"To Every You I've Loved Before","title_japanese":"\u50d5\u304c\u611b\u3057\u305f\u3059\u3079\u3066\u306e\u541b\u3078","title_synonyms":["To All of You That I Loved"],"type":"Movie","source":"Novel","episodes":1,"status":"Finished Airing","airing":false,"aired":{"from":"2022-10-07T00:00:00+00:00","to":null,"prop":{"from":{"day":7,"month":10,"year":2022},"to":{"day":null,"month":null,"year":null}},"string":"Oct 7, 2022"},"duration":"1 hr 42 min","rating":"PG-13 - Teens 13 or older","score":7.46,"scored_by":22105,"rank":1932,"popularity":2372,"members":76248,"favorites":302,"synopsis":"A world where it has been established that people routinely swing between slightly different parallel worlds...\n\nKoyomi Takasaki, who lives with his mother following his parents' divorce, enrolls in a local university prep school. Due to the atmosphere concentrated on studies and his social awkwardness, Koyomi is unable to make friends. One day, he is suddenly approached by his classmate Kazune Takigawa, who tells him that she has travelled from the 85th world where she and Koyomi are lovers.\n\n(Source: MAL News)","background":null,"season":null,"year":null,"broadcast":{"day":null,"time":null,"timezone":null,"string":null},"producers":[],"licensors":[],"studios":[{"mal_id":1984,"type":"anime","name":"Bakken Record","url":"https:\/\/myanimelist.net\/anime\/producer\/1984\/Bakken_Record"}],"genres":[{"mal_id":22,"type":"anime","name":"Romance","url":"https:\/\/myanimelist.net\/anime\/genre\/22\/Romance"},{"mal_id":24,"type":"anime","name":"Sci-Fi","url":"https:\/\/myanimelist.net\/anime\/genre\/24\/Sci-Fi"}],"explicit_genres":[],"themes":[],"demographics":[],"relations":[{"relation":"Adaptation","entry":[{"mal_id":148837,"type":"manga","name":"Boku ga Aishita Subete no Kimi e","url":"https:\/\/myanimelist.net\/manga\/148837\/Boku_ga_Aishita_Subete_no_Kimi_e"}]},{"relation":"Other","entry":[{"mal_id":49835,"type":"anime","name":"Kimi wo Aishita Hitori no Boku e","url":"https:\/\/myanimelist.net\/anime\/49835\/Kimi_wo_Aishita_Hitori_no_Boku_e"},{"mal_id":53355,"type":"anime","name":"Kumo wo Kou","url":"https:\/\/myanimelist.net\/anime\/53355\/Kumo_wo_Kou"}]}],"theme":{"openings":[],"endings":["\"\u96f2\u3092\u604b\u3046\" by Keina Suda"]},"external":[{"name":"Official Site","url":"https:\/\/bokuaikimiai.jp\/"},{"name":"AniDB","url":"https:\/\/anidb.net\/perl-bin\/animedb.pl?show=anime&aid=16706"},{"name":"ANN","url":"https:\/\/www.animenewsnetwork.com\/encyclopedia\/anime.php?id=24734"},{"name":"Wikipedia","url":"https:\/\/en.wikipedia.org\/wiki\/Boku_ga_Aishita_Subete_no_Kimi_e"}],"streaming":[]}}