{"data":{"mal_id":49858,"url":"https:\/\/myanimelist.net\/anime\/49858\/Shinigami_Bocchan_to_Kuro_Maid_2nd_Season","images":{"jpg":{"image_url":"https:\/\/cdn.myanimelist.net\/images\/anime\/1078\/136947.jpg","small_image_url":"https:\/\/cdn.myanimelist.net\/images\/anime\/1078\/136947t.jpg","large_image_url":"https:\/\/cdn.myanimelist.net\/images\/anime\/1078\/136947l.jpg"},"webp":{"image_url":"https:\/\/cdn.myanimelist.net\/images\/anime\/1078\/136947.webp","small_image_url":"https:\/\/cdn.myanimelist.net\/images\/anime\/1078\/136947t.webp","large_image_url":"https:\/\/cdn.myanimelist.net\/images\/anime\/1078\/136947l.webp"}},"trailer":{"youtube_id":"kOn0uKfgZd4","url":"https:\/\/www.youtube.com\/watch?v=kOn0uKfgZd4","embed_url":"https:\/\/www.youtube.com\/embed\/kOn0uKfgZd4?enablejsapi=1&wmode=opaque&autoplay=1","images":{"image_url":"https:\/\/img.youtube.com\/vi\/kOn0uKfgZd4\/default.jpg","small_image_url":"https:\/\/img.youtube.com\/vi\/kOn0uKfgZd4\/sddefault.jpg","medium_image_url":"https:\/\/img.youtube.com\/vi\/kOn0uKfgZd4\/mqdefault.jpg","large_image_url":"https:\/\/img.youtube.com\/vi\/kOn0uKfgZd4\/hqdefault.jpg","maximum_image_url":"https:\/\/img.youtube.com\/vi\/kOn0uKfgZd4\/maxresdefault.jpg"}},"approved":true,"titles":[{"type":"Default","title":"Shinigami Bocchan to Kuro Maid 2nd Season"},{"type":"Japanese","title":"\u6b7b\u795e\u574a\u3061\u3083\u3093\u3068\u9ed2\u30e1\u30a4\u30c9"},{"type":"English","title":"The Duke of Death and His Maid Season 2"}],"title":"Shinigami Bocchan to Kuro Maid 2nd Season","title_english":"The Duke of Death and His Maid Season 2","title_japanese":"\u6b7b\u795e\u574a\u3061\u3083\u3093\u3068\u9ed2\u30e1\u30a4\u30c9","title_synonyms":[],"type":"TV","source":"Web manga","episodes":12,"status":"Finished Airing","airing":false,"aired":{"from":"2023-07-09T00:00:00+00:00","to":"2023-09-24T00:00:00+00:00","prop":{"from":{"day":9,"month":7,"year":2023},"to":{"day":24,"month":9,"year":2023}},"string":"Jul 9, 2023 to Sep 24, 2023"},"duration":"23 min per ep","rating":"PG-13 - Teens 13 or older","score":7.59,"scored_by":17738,"rank":1475,"popularity":2522,"members":69071,"favorites":289,"synopsis":"The duke, full of love and kindness, treads carefully around every living being, be it a tender flower or his seductive maid, Alice Lendrott. Were it not for the devotion Alice shows him and the fondness that grows ever stronger between them, the duke would have barely paid heed to his mother's demand: to either lift the dreadful curse placed upon him or lose his family inheritance. Although the duke has no greed for riches, he yearns to be rid of his frightful powers\u2014which cause all he touches to die\u2014for the sake of those closest to him.\n\nAs the duke, Alice, and their friends enjoy spirited days filled with the ridiculous affairs of the supernatural, the spring deadline looms heavily over them. Nonetheless, the duke refuses to take any shortcuts in this endeavor if it means betraying the trust of his cherished friends.\n\n[Written by MAL Rewrite]","background":null,"season":"summer","year":2023,"broadcast":{"day":"Sundays","time":"22:00","timezone":"Asia\/Tokyo","string":"Sundays at 22:00 (JST)"},"producers":[{"mal_id":62,"type":"anime","name":"Shogakukan-Shueisha Productions","url":"https:\/\/myanimelist.net\/anime\/producer\/62\/Shogakukan-Shueisha_Productions"},{"mal_id":474,"type":"anime","name":"Shogakukan Music & Digital Entertainment","url":"https:\/\/myanimelist.net\/anime\/producer\/474\/Shogakukan_Music___Digital_Entertainment"},{"mal_id":1113,"type":"anime","name":"NBCUniversal Entertainment Japan","url":"https:\/\/myanimelist.net\/anime\/producer\/1113\/NBCUniversal_Entertainment_Japan"},{"mal_id":1416,"type":"anime","name":"BS11","url":"https:\/\/myanimelist.net\/anime\/producer\/1416\/BS11"},{"mal_id":1430,"type":"anime","name":"Shogakukan","url":"https:\/\/myanimelist.net\/anime\/producer\/1430\/Shogakukan"},{"mal_id":1492,"type":"anime","name":"Yomiuri TV Enterprise","url":"https:\/\/myanimelist.net\/anime\/producer\/1492\/Yomiuri_TV_Enterprise"},{"mal_id":1992,"type":"anime","name":"Bandai Spirits","url":"https:\/\/myanimelist.net\/anime\/producer\/1992\/Bandai_Spirits"}],"licensors":[],"studios":[{"mal_id":7,"type":"anime","name":"J.C.Staff","url":"https:\/\/myanimelist.net\/anime\/producer\/7\/JCStaff"}],"genres":[{"mal_id":4,"type":"anime","name":"Comedy","url":"https:\/\/myanimelist.net\/anime\/genre\/4\/Comedy"},{"mal_id":37,"type":"anime","name":"Supernatural","url":"https:\/\/myanimelist.net\/anime\/genre\/37\/Supernatural"}],"explicit_genres":[],"themes":[{"mal_id":74,"type":"anime","name":"Romantic Subtext","url":"https:\/\/myanimelist.net\/anime\/genre\/74\/Romantic_Subtext"}],"demographics":[],"relations":[{"relation":"Adaptation","entry":[{"mal_id":110029,"type":"manga","name":"Shinigami Bocchan to Kuro Maid","url":"https:\/\/myanimelist.net\/manga\/110029\/Shinigami_Bocchan_to_Kuro_Maid"}]},{"relation":"Prequel","entry":[{"mal_id":47257,"type":"anime","name":"Shinigami Bocchan to Kuro Maid","url":"https:\/\/myanimelist.net\/anime\/47257\/Shinigami_Bocchan_to_Kuro_Maid"}]},{"relation":"Sequel","entry":[{"mal_id":56738,"type":"anime","name":"Shinigami Bocchan to Kuro Maid 3rd Season","url":"https:\/\/myanimelist.net\/anime\/56738\/Shinigami_Bocchan_to_Kuro_Maid_3rd_Season"}]}],"theme":{"openings":["\"Kimi to Revue (\u541b\u3068\u30ec\u30f4\u30e5\u30fc)\" by Bocchan (CV: Natsuki Hanae), Alice (CV: Ayumi Mano)"],"endings":["\"Hoshikuzu Requiem (\u661f\u5c51\u30ec\u30af\u30a4\u30a8\u30e0)\" by Nasuo\u2606 (\u306a\u3059\u304a\u2606)"]},"external":[{"name":"Official Site","url":"https:\/\/bocchan-anime.com\/"},{"name":"@bocchan_anime","url":"https:\/\/twitter.com\/bocchan_anime"},{"name":"AniDB","url":"https:\/\/anidb.net\/perl-bin\/animedb.pl?show=anime&aid=16755"},{"name":"ANN","url":"https:\/\/www.animenewsnetwork.com\/encyclopedia\/anime.php?id=24748"},{"name":"Wikipedia","url":"https:\/\/en.wikipedia.org\/wiki\/The_Duke_of_Death_and_His_Maid#Anime"},{"name":"Wikipedia","url":"https:\/\/ja.wikipedia.org\/wiki\/%E6%AD%BB%E7%A5%9E%E5%9D%8A%E3%81%A1%E3%82%83%E3%82%93%E3%81%A8%E9%BB%92%E3%83%A1%E3%82%A4%E3%83%89"},{"name":"Syoboi","url":"https:\/\/cal.syoboi.jp\/tid\/6765"}],"streaming":[{"name":"Crunchyroll","url":"http:\/\/www.crunchyroll.com\/series-282443"},{"name":"Aniplus TV","url":"http:\/\/www.aniplustv.com\/"}]}}