{"data":{"mal_id":4985,"url":"https:\/\/myanimelist.net\/anime\/4985\/Mahou_Shoujo_Lyrical_Nanoha__The_Movie_1st","images":{"jpg":{"image_url":"https:\/\/cdn.myanimelist.net\/images\/anime\/1058\/94433.jpg","small_image_url":"https:\/\/cdn.myanimelist.net\/images\/anime\/1058\/94433t.jpg","large_image_url":"https:\/\/cdn.myanimelist.net\/images\/anime\/1058\/94433l.jpg"},"webp":{"image_url":"https:\/\/cdn.myanimelist.net\/images\/anime\/1058\/94433.webp","small_image_url":"https:\/\/cdn.myanimelist.net\/images\/anime\/1058\/94433t.webp","large_image_url":"https:\/\/cdn.myanimelist.net\/images\/anime\/1058\/94433l.webp"}},"trailer":{"youtube_id":null,"url":null,"embed_url":null,"images":{"image_url":null,"small_image_url":null,"medium_image_url":null,"large_image_url":null,"maximum_image_url":null}},"approved":true,"titles":[{"type":"Default","title":"Mahou Shoujo Lyrical Nanoha: The Movie 1st"},{"type":"Japanese","title":"\u9b54\u6cd5\u5c11\u5973\u30ea\u30ea\u30ab\u30eb\u306a\u306e\u306f The MOVIE 1st"},{"type":"English","title":"Magical Girl Lyrical Nanoha: The Movie 1st"}],"title":"Mahou Shoujo Lyrical Nanoha: The Movie 1st","title_english":"Magical Girl Lyrical Nanoha: The Movie 1st","title_japanese":"\u9b54\u6cd5\u5c11\u5973\u30ea\u30ea\u30ab\u30eb\u306a\u306e\u306f The MOVIE 1st","title_synonyms":[],"type":"Movie","source":"Original","episodes":1,"status":"Finished Airing","airing":false,"aired":{"from":"2010-01-23T00:00:00+00:00","to":null,"prop":{"from":{"day":23,"month":1,"year":2010},"to":{"day":null,"month":null,"year":null}},"string":"Jan 23, 2010"},"duration":"2 hr 10 min","rating":"R+ - Mild Nudity","score":7.87,"scored_by":15156,"rank":813,"popularity":3876,"members":30865,"favorites":194,"synopsis":"Nanoha Takamachi, an ordinary third-grader, loves her family and friends more than anything else. One day, after having a strange dream in which a ferret gets injured, she sees the very same ferret in real life and rescues it. That ferret turns out to be Yuuno Scrya, a mage from another world who is trying to capture the 21 scattered Jewel Seeds before they cause serious damage to the universe. Yuuno is not powerful enough to capture the Jewel seeds on his own, so he grants Nanoha the intelligent device \"Raising Heart\" and begins training her as a mage.  \n\nUnfortunately, the powerful Jewel Seeds attract those with ill intentions. Another mage, Fate Testarossa, is desperate to collect the seeds for some unknown and sinister purpose, though the solemn look in her eyes makes Nanoha think that there is more to Fate than meets the eye. Mahou Shoujo Lyrical Nanoha: The Movie 1st is a retelling of the original series, which tells the story of two young mages and how their strong emotions shape their actions.\n\n[Written by MAL Rewrite]","background":null,"season":null,"year":null,"broadcast":{"day":null,"time":null,"timezone":null,"string":null},"producers":[{"mal_id":17,"type":"anime","name":"Aniplex","url":"https:\/\/myanimelist.net\/anime\/producer\/17\/Aniplex"}],"licensors":[],"studios":[{"mal_id":35,"type":"anime","name":"Seven Arcs","url":"https:\/\/myanimelist.net\/anime\/producer\/35\/Seven_Arcs"}],"genres":[{"mal_id":1,"type":"anime","name":"Action","url":"https:\/\/myanimelist.net\/anime\/genre\/1\/Action"},{"mal_id":4,"type":"anime","name":"Comedy","url":"https:\/\/myanimelist.net\/anime\/genre\/4\/Comedy"},{"mal_id":8,"type":"anime","name":"Drama","url":"https:\/\/myanimelist.net\/anime\/genre\/8\/Drama"},{"mal_id":24,"type":"anime","name":"Sci-Fi","url":"https:\/\/myanimelist.net\/anime\/genre\/24\/Sci-Fi"}],"explicit_genres":[],"themes":[{"mal_id":66,"type":"anime","name":"Mahou Shoujo","url":"https:\/\/myanimelist.net\/anime\/genre\/66\/Mahou_Shoujo"}],"demographics":[],"relations":[{"relation":"Adaptation","entry":[{"mal_id":16872,"type":"manga","name":"Mahou Shoujo Lyrical Nanoha: Movie 1st the Comics","url":"https:\/\/myanimelist.net\/manga\/16872\/Mahou_Shoujo_Lyrical_Nanoha__Movie_1st_the_Comics"}]},{"relation":"Alternative version","entry":[{"mal_id":76,"type":"anime","name":"Mahou Shoujo Lyrical Nanoha","url":"https:\/\/myanimelist.net\/anime\/76\/Mahou_Shoujo_Lyrical_Nanoha"}]},{"relation":"Sequel","entry":[{"mal_id":10153,"type":"anime","name":"Mahou Shoujo Lyrical Nanoha: The Movie 2nd A's","url":"https:\/\/myanimelist.net\/anime\/10153\/Mahou_Shoujo_Lyrical_Nanoha__The_Movie_2nd_As"}]}],"theme":{"openings":[],"endings":["1: \"My wish My love\" by Yukari Tamura","2: \"PHANTOM MINDS\" by Nana Mizuki"]},"external":[{"name":"Official Site","url":"http:\/\/www.nanoha.com\/archive4\/"},{"name":"AniDB","url":"https:\/\/anidb.net\/perl-bin\/animedb.pl?show=anime&aid=6075"},{"name":"ANN","url":"https:\/\/www.animenewsnetwork.com\/encyclopedia\/anime.php?id=10184"},{"name":"Wikipedia","url":"https:\/\/ja.wikipedia.org\/wiki\/%E9%AD%94%E6%B3%95%E5%B0%91%E5%A5%B3%E3%83%AA%E3%83%AA%E3%82%AB%E3%83%AB%E3%81%AA%E3%81%AE%E3%81%AF_The_MOVIE_1st"}],"streaming":[]}}