{"data":{"mal_id":50207,"url":"https:\/\/myanimelist.net\/anime\/50207\/Fanren_Xiu_Xian_Chuan_2nd_Season","images":{"jpg":{"image_url":"https:\/\/cdn.myanimelist.net\/images\/anime\/1875\/120145.jpg","small_image_url":"https:\/\/cdn.myanimelist.net\/images\/anime\/1875\/120145t.jpg","large_image_url":"https:\/\/cdn.myanimelist.net\/images\/anime\/1875\/120145l.jpg"},"webp":{"image_url":"https:\/\/cdn.myanimelist.net\/images\/anime\/1875\/120145.webp","small_image_url":"https:\/\/cdn.myanimelist.net\/images\/anime\/1875\/120145t.webp","large_image_url":"https:\/\/cdn.myanimelist.net\/images\/anime\/1875\/120145l.webp"}},"trailer":{"youtube_id":null,"url":null,"embed_url":null,"images":{"image_url":null,"small_image_url":null,"medium_image_url":null,"large_image_url":null,"maximum_image_url":null}},"approved":true,"titles":[{"type":"Default","title":"Fanren Xiu Xian Chuan 2nd Season"},{"type":"Japanese","title":"\u51e1\u4eba\u4fee\u4ed9\u4f20"},{"type":"English","title":"A Record of a Mortal's Journey to Immortality Season 2"}],"title":"Fanren Xiu Xian Chuan 2nd Season","title_english":"A Record of a Mortal's Journey to Immortality Season 2","title_japanese":"\u51e1\u4eba\u4fee\u4ed9\u4f20","title_synonyms":[],"type":"ONA","source":"Novel","episodes":51,"status":"Finished Airing","airing":false,"aired":{"from":"2021-11-14T00:00:00+00:00","to":"2022-10-15T00:00:00+00:00","prop":{"from":{"day":14,"month":11,"year":2021},"to":{"day":15,"month":10,"year":2022}},"string":"Nov 14, 2021 to Oct 15, 2022"},"duration":"19 min per ep","rating":"PG-13 - Teens 13 or older","score":7.5,"scored_by":986,"rank":1785,"popularity":10160,"members":2538,"favorites":28,"synopsis":"Second season of Fanren Xiu Xian Chuan.","background":null,"season":null,"year":null,"broadcast":{"day":null,"time":null,"timezone":null,"string":null},"producers":[{"mal_id":1414,"type":"anime","name":"bilibili","url":"https:\/\/myanimelist.net\/anime\/producer\/1414\/bilibili"}],"licensors":[],"studios":[{"mal_id":2065,"type":"anime","name":"Original Force","url":"https:\/\/myanimelist.net\/anime\/producer\/2065\/Original_Force"},{"mal_id":2471,"type":"anime","name":"Wonder Cat Animation","url":"https:\/\/myanimelist.net\/anime\/producer\/2471\/Wonder_Cat_Animation"}],"genres":[{"mal_id":1,"type":"anime","name":"Action","url":"https:\/\/myanimelist.net\/anime\/genre\/1\/Action"},{"mal_id":2,"type":"anime","name":"Adventure","url":"https:\/\/myanimelist.net\/anime\/genre\/2\/Adventure"},{"mal_id":10,"type":"anime","name":"Fantasy","url":"https:\/\/myanimelist.net\/anime\/genre\/10\/Fantasy"}],"explicit_genres":[],"themes":[{"mal_id":13,"type":"anime","name":"Historical","url":"https:\/\/myanimelist.net\/anime\/genre\/13\/Historical"},{"mal_id":17,"type":"anime","name":"Martial Arts","url":"https:\/\/myanimelist.net\/anime\/genre\/17\/Martial_Arts"}],"demographics":[],"relations":[{"relation":"Adaptation","entry":[{"mal_id":145592,"type":"manga","name":"Fanren Xiu Xian Chuan","url":"https:\/\/myanimelist.net\/manga\/145592\/Fanren_Xiu_Xian_Chuan"}]},{"relation":"Prequel","entry":[{"mal_id":45558,"type":"anime","name":"Fanren Xiu Xian Chuan: Yan Jia Bao Dazhan","url":"https:\/\/myanimelist.net\/anime\/45558\/Fanren_Xiu_Xian_Chuan__Yan_Jia_Bao_Dazhan"}]},{"relation":"Sequel","entry":[{"mal_id":55993,"type":"anime","name":"Fanren Xiu Xian Chuan: Xinghai Feichi Pian Xuzhang","url":"https:\/\/myanimelist.net\/anime\/55993\/Fanren_Xiu_Xian_Chuan__Xinghai_Feichi_Pian_Xuzhang"}]}],"theme":{"openings":[],"endings":[]},"external":[{"name":"bilibili","url":"https:\/\/www.bilibili.com\/bangumi\/media\/md28223043"},{"name":"AniDB","url":"https:\/\/anidb.net\/perl-bin\/animedb.pl?show=anime&aid=17004"},{"name":"Bangumi","url":"https:\/\/bgm.tv\/subject\/348240"},{"name":"Baidu Baike","url":"https:\/\/baike.baidu.com\/item\/%E5%87%A1%E4%BA%BA%E4%BF%AE%E4%BB%99%E4%BC%A0\/23486425"},{"name":"Douban","url":"https:\/\/movie.douban.com\/subject\/35640039"}],"streaming":[]}}