{"data":{"mal_id":50248,"url":"https:\/\/myanimelist.net\/anime\/50248\/Birdie_Wing__Golf_Girls_Story","images":{"jpg":{"image_url":"https:\/\/cdn.myanimelist.net\/images\/anime\/1343\/120488.jpg","small_image_url":"https:\/\/cdn.myanimelist.net\/images\/anime\/1343\/120488t.jpg","large_image_url":"https:\/\/cdn.myanimelist.net\/images\/anime\/1343\/120488l.jpg"},"webp":{"image_url":"https:\/\/cdn.myanimelist.net\/images\/anime\/1343\/120488.webp","small_image_url":"https:\/\/cdn.myanimelist.net\/images\/anime\/1343\/120488t.webp","large_image_url":"https:\/\/cdn.myanimelist.net\/images\/anime\/1343\/120488l.webp"}},"trailer":{"youtube_id":"EgmBeG0Yyl8","url":"https:\/\/www.youtube.com\/watch?v=EgmBeG0Yyl8","embed_url":"https:\/\/www.youtube.com\/embed\/EgmBeG0Yyl8?enablejsapi=1&wmode=opaque&autoplay=1","images":{"image_url":"https:\/\/img.youtube.com\/vi\/EgmBeG0Yyl8\/default.jpg","small_image_url":"https:\/\/img.youtube.com\/vi\/EgmBeG0Yyl8\/sddefault.jpg","medium_image_url":"https:\/\/img.youtube.com\/vi\/EgmBeG0Yyl8\/mqdefault.jpg","large_image_url":"https:\/\/img.youtube.com\/vi\/EgmBeG0Yyl8\/hqdefault.jpg","maximum_image_url":"https:\/\/img.youtube.com\/vi\/EgmBeG0Yyl8\/maxresdefault.jpg"}},"approved":true,"titles":[{"type":"Default","title":"Birdie Wing: Golf Girls' Story"},{"type":"Japanese","title":"BIRDIE WING -Golf Girls' Story-"},{"type":"English","title":"Birdie Wing: Golf Girls' Story"}],"title":"Birdie Wing: Golf Girls' Story","title_english":"Birdie Wing: Golf Girls' Story","title_japanese":"BIRDIE WING -Golf Girls' Story-","title_synonyms":[],"type":"TV","source":"Original","episodes":13,"status":"Finished Airing","airing":false,"aired":{"from":"2022-04-06T00:00:00+00:00","to":"2022-06-29T00:00:00+00:00","prop":{"from":{"day":6,"month":4,"year":2022},"to":{"day":29,"month":6,"year":2022}},"string":"Apr 6, 2022 to Jun 29, 2022"},"duration":"23 min per ep","rating":"PG-13 - Teens 13 or older","score":7.52,"scored_by":22725,"rank":1725,"popularity":2716,"members":60546,"favorites":406,"synopsis":"Infamous among those who gamble on golf games, Eve uses her exceptional skill in the sport to earn a living\u2014by betting and winning against various opponents. Known as the \"Rainbow Bullet,\" she vows to beat her foes and conquer the world of underground golf using only three clubs. However, the universe where Eve knows no defeat is shaken after she plays a clean game with Aoi Amawashi, a golfing prodigy that came to the country of Nafrece to enter a golf tournament. Armed with talent and born into the perfect environment for golf, Aoi the \"Innocent Tyrant\" calmly crushes her enemies with a bright smile on her face.\n\nAfter their game-changing match, Eve and Aoi become intrigued with each other and promise to battle again someday. As Eve's aggressive and risk-taking approach challenges the elite and steady playstyle of Aoi, the two geniuses may just manage to bring golf to unexpected heights.\n\n[Written by MAL Rewrite]","background":null,"season":"spring","year":2022,"broadcast":{"day":"Wednesdays","time":"00:00","timezone":"Asia\/Tokyo","string":"Wednesdays at 00:00 (JST)"},"producers":[{"mal_id":16,"type":"anime","name":"TV Tokyo","url":"https:\/\/myanimelist.net\/anime\/producer\/16\/TV_Tokyo"}],"licensors":[],"studios":[{"mal_id":1258,"type":"anime","name":"Bandai Namco Pictures","url":"https:\/\/myanimelist.net\/anime\/producer\/1258\/Bandai_Namco_Pictures"}],"genres":[{"mal_id":30,"type":"anime","name":"Sports","url":"https:\/\/myanimelist.net\/anime\/genre\/30\/Sports"}],"explicit_genres":[],"themes":[],"demographics":[],"relations":[{"relation":"Sequel","entry":[{"mal_id":52229,"type":"anime","name":"Birdie Wing: Golf Girls' Story Season 2","url":"https:\/\/myanimelist.net\/anime\/52229\/Birdie_Wing__Golf_Girls_Story_Season_2"}]}],"theme":{"openings":["\"Venus Line\" by Koumi Hirose"],"endings":["\"Yodaka (\u30e8\u30c0\u30ab)\" by Tsukiyomi (\u6708\u8a60\u307f)"]},"external":[{"name":"Official Site","url":"https:\/\/birdie-wing.net\/"},{"name":"@birdiewing_golf","url":"https:\/\/twitter.com\/birdiewing_golf"},{"name":"AniDB","url":"https:\/\/anidb.net\/perl-bin\/animedb.pl?show=anime&aid=16940"},{"name":"ANN","url":"https:\/\/www.animenewsnetwork.com\/encyclopedia\/anime.php?id=24910"},{"name":"Wikipedia","url":"https:\/\/en.wikipedia.org\/wiki\/Birdie_Wing:_Golf_Girls'_Story"},{"name":"Wikipedia","url":"https:\/\/ja.wikipedia.org\/wiki\/BIRDIE_WING_-Golf_Girls'_Story-#"},{"name":"Syoboi","url":"https:\/\/cal.syoboi.jp\/tid\/6316"},{"name":"Metaverse","url":"https:\/\/www.viverse.com\/birdie-wing\/en-US"}],"streaming":[{"name":"Crunchyroll","url":"http:\/\/www.crunchyroll.com\/series-282629"},{"name":"Ani-One Asia","url":"https:\/\/www.youtube.com\/channel\/UC0wNSTMWIL3qaorLx0jie6A"},{"name":"Animax Mongolia","url":"https:\/\/www.animax.app\/"},{"name":"Aniplus TV","url":"http:\/\/www.aniplustv.com\/"},{"name":"Bahamut Anime Crazy","url":"https:\/\/ani.gamer.com.tw\/"},{"name":"Bilibili Global","url":"https:\/\/www.bilibili.tv\/en\/index"},{"name":"CatchPlay","url":"https:\/\/www.catchplay.com\/"},{"name":"Laftel","url":"https:\/\/laftel.net\/"},{"name":"MeWatch","url":"https:\/\/www.mewatch.sg\/"},{"name":"Sushiroll","url":"https:\/\/sushiroll.co.id\/"}]}}