{"data":{"mal_id":50274,"url":"https:\/\/myanimelist.net\/anime\/50274\/Yao_Shen_Ji_5th_Season","images":{"jpg":{"image_url":"https:\/\/cdn.myanimelist.net\/images\/anime\/1390\/119371.jpg","small_image_url":"https:\/\/cdn.myanimelist.net\/images\/anime\/1390\/119371t.jpg","large_image_url":"https:\/\/cdn.myanimelist.net\/images\/anime\/1390\/119371l.jpg"},"webp":{"image_url":"https:\/\/cdn.myanimelist.net\/images\/anime\/1390\/119371.webp","small_image_url":"https:\/\/cdn.myanimelist.net\/images\/anime\/1390\/119371t.webp","large_image_url":"https:\/\/cdn.myanimelist.net\/images\/anime\/1390\/119371l.webp"}},"trailer":{"youtube_id":null,"url":null,"embed_url":null,"images":{"image_url":null,"small_image_url":null,"medium_image_url":null,"large_image_url":null,"maximum_image_url":null}},"approved":true,"titles":[{"type":"Default","title":"Yao Shen Ji 5th Season"},{"type":"Synonym","title":"Yao Shen ji 5th Season"},{"type":"Synonym","title":"Tales of Demons and Gods 5th Season"},{"type":"Japanese","title":"\u5996\u795e\u8bb0\u7b2c\u4e94\u5b63"},{"type":"English","title":"Tales of Demons and Gods Season 5"}],"title":"Yao Shen Ji 5th Season","title_english":"Tales of Demons and Gods Season 5","title_japanese":"\u5996\u795e\u8bb0\u7b2c\u4e94\u5b63","title_synonyms":["Yao Shen ji 5th Season","Tales of Demons and Gods 5th Season"],"type":"ONA","source":"Novel","episodes":104,"status":"Finished Airing","airing":false,"aired":{"from":"2021-10-30T00:00:00+00:00","to":"2022-10-19T00:00:00+00:00","prop":{"from":{"day":30,"month":10,"year":2021},"to":{"day":19,"month":10,"year":2022}},"string":"Oct 30, 2021 to Oct 19, 2022"},"duration":"10 min per ep","rating":"PG-13 - Teens 13 or older","score":7.32,"scored_by":1298,"rank":2516,"popularity":8914,"members":3902,"favorites":24,"synopsis":"Fifth season of Yao Shen Ji.","background":null,"season":null,"year":null,"broadcast":{"day":null,"time":null,"timezone":null,"string":null},"producers":[{"mal_id":1414,"type":"anime","name":"bilibili","url":"https:\/\/myanimelist.net\/anime\/producer\/1414\/bilibili"},{"mal_id":1727,"type":"anime","name":"Tencent Penguin Pictures","url":"https:\/\/myanimelist.net\/anime\/producer\/1727\/Tencent_Penguin_Pictures"}],"licensors":[],"studios":[{"mal_id":2042,"type":"anime","name":"Ruo Hong Culture","url":"https:\/\/myanimelist.net\/anime\/producer\/2042\/Ruo_Hong_Culture"}],"genres":[{"mal_id":1,"type":"anime","name":"Action","url":"https:\/\/myanimelist.net\/anime\/genre\/1\/Action"},{"mal_id":2,"type":"anime","name":"Adventure","url":"https:\/\/myanimelist.net\/anime\/genre\/2\/Adventure"},{"mal_id":10,"type":"anime","name":"Fantasy","url":"https:\/\/myanimelist.net\/anime\/genre\/10\/Fantasy"},{"mal_id":22,"type":"anime","name":"Romance","url":"https:\/\/myanimelist.net\/anime\/genre\/22\/Romance"}],"explicit_genres":[],"themes":[{"mal_id":17,"type":"anime","name":"Martial Arts","url":"https:\/\/myanimelist.net\/anime\/genre\/17\/Martial_Arts"},{"mal_id":6,"type":"anime","name":"Mythology","url":"https:\/\/myanimelist.net\/anime\/genre\/6\/Mythology"}],"demographics":[],"relations":[{"relation":"Prequel","entry":[{"mal_id":40734,"type":"anime","name":"Yao Shen Ji 4th Season","url":"https:\/\/myanimelist.net\/anime\/40734\/Yao_Shen_Ji_4th_Season"}]},{"relation":"Sequel","entry":[{"mal_id":54285,"type":"anime","name":"Yao Shen Ji 6th Season","url":"https:\/\/myanimelist.net\/anime\/54285\/Yao_Shen_Ji_6th_Season"}]}],"theme":{"openings":[],"endings":[]},"external":[{"name":"Official Site","url":"https:\/\/v.qq.com\/detail\/t\/yl6lapwmmx5ivew.html"},{"name":"Baidu Baike","url":"https:\/\/baike.baidu.com\/item\/%E5%A6%96%E7%A5%9E%E8%AE%B0\/22354637"}],"streaming":[]}}