{"data":{"mal_id":50330,"url":"https:\/\/myanimelist.net\/anime\/50330\/Bungou_Stray_Dogs_4th_Season","images":{"jpg":{"image_url":"https:\/\/cdn.myanimelist.net\/images\/anime\/1263\/132759.jpg","small_image_url":"https:\/\/cdn.myanimelist.net\/images\/anime\/1263\/132759t.jpg","large_image_url":"https:\/\/cdn.myanimelist.net\/images\/anime\/1263\/132759l.jpg"},"webp":{"image_url":"https:\/\/cdn.myanimelist.net\/images\/anime\/1263\/132759.webp","small_image_url":"https:\/\/cdn.myanimelist.net\/images\/anime\/1263\/132759t.webp","large_image_url":"https:\/\/cdn.myanimelist.net\/images\/anime\/1263\/132759l.webp"}},"trailer":{"youtube_id":"z9ZhVooqA-Y","url":"https:\/\/www.youtube.com\/watch?v=z9ZhVooqA-Y","embed_url":"https:\/\/www.youtube.com\/embed\/z9ZhVooqA-Y?enablejsapi=1&wmode=opaque&autoplay=1","images":{"image_url":"https:\/\/img.youtube.com\/vi\/z9ZhVooqA-Y\/default.jpg","small_image_url":"https:\/\/img.youtube.com\/vi\/z9ZhVooqA-Y\/sddefault.jpg","medium_image_url":"https:\/\/img.youtube.com\/vi\/z9ZhVooqA-Y\/mqdefault.jpg","large_image_url":"https:\/\/img.youtube.com\/vi\/z9ZhVooqA-Y\/hqdefault.jpg","maximum_image_url":"https:\/\/img.youtube.com\/vi\/z9ZhVooqA-Y\/maxresdefault.jpg"}},"approved":true,"titles":[{"type":"Default","title":"Bungou Stray Dogs 4th Season"},{"type":"Japanese","title":"\u6587\u8c6a\u30b9\u30c8\u30ec\u30a4\u30c9\u30c3\u30b0\u30b9"},{"type":"English","title":"Bungo Stray Dogs 4"}],"title":"Bungou Stray Dogs 4th Season","title_english":"Bungo Stray Dogs 4","title_japanese":"\u6587\u8c6a\u30b9\u30c8\u30ec\u30a4\u30c9\u30c3\u30b0\u30b9","title_synonyms":[],"type":"TV","source":"Manga","episodes":13,"status":"Finished Airing","airing":false,"aired":{"from":"2023-01-04T00:00:00+00:00","to":"2023-03-29T00:00:00+00:00","prop":{"from":{"day":4,"month":1,"year":2023},"to":{"day":29,"month":3,"year":2023}},"string":"Jan 4, 2023 to Mar 29, 2023"},"duration":"23 min per ep","rating":"R - 17+ (violence & profanity)","score":8.46,"scored_by":89813,"rank":149,"popularity":901,"members":258516,"favorites":3062,"synopsis":"No longer concerned with military affairs, Yukichi Fukuzawa intends to act as a lone bodyguard-for-hire, making use of his deadly swordsmanship. However, things are not going as planned for his freelance business, and that is when he crosses paths with a mouthy boy named Ranpo Edogawa. While their initial interactions are intertwined with a bizarre murder mystery, the aftermath prompts the formation of the Armed Detective Agency.\n\nPresently, Ranpo finds himself chasing down a gifted individual with the dangerous ability to execute the perfect crime. But as the great detective unravels the case, he soon discovers an elaborate plot to obliterate the Agency in its entirety.\n\nAlthough forewarned of the trap, the Agency continue their pursuit of the criminals, only to end up framed for the crime themselves. Now branded as wanted terrorists, the remaining members must find a way to prove their innocence\u2014even if they must turn to sworn enemies for assistance.\n\n[Written by MAL Rewrite]","background":"Bungou Stray Dogs 4th Season was released on Blu-ray and DVD in four volumes from March 24, 2023, to June 28, 2023. This season adapts chapters 54 to 77 of the manga.","season":"winter","year":2023,"broadcast":{"day":"Wednesdays","time":"23:00","timezone":"Asia\/Tokyo","string":"Wednesdays at 23:00 (JST)"},"producers":[{"mal_id":33,"type":"anime","name":"WOWOW","url":"https:\/\/myanimelist.net\/anime\/producer\/33\/WOWOW"},{"mal_id":104,"type":"anime","name":"Lantis","url":"https:\/\/myanimelist.net\/anime\/producer\/104\/Lantis"},{"mal_id":166,"type":"anime","name":"Movic","url":"https:\/\/myanimelist.net\/anime\/producer\/166\/Movic"},{"mal_id":1255,"type":"anime","name":"Glovision","url":"https:\/\/myanimelist.net\/anime\/producer\/1255\/Glovision"},{"mal_id":1468,"type":"anime","name":"Crunchyroll","url":"https:\/\/myanimelist.net\/anime\/producer\/1468\/Crunchyroll"},{"mal_id":1696,"type":"anime","name":"Kadokawa","url":"https:\/\/myanimelist.net\/anime\/producer\/1696\/Kadokawa"},{"mal_id":2106,"type":"anime","name":"Sony Music Solutions","url":"https:\/\/myanimelist.net\/anime\/producer\/2106\/Sony_Music_Solutions"},{"mal_id":2425,"type":"anime","name":"Bandai Namco Music Live","url":"https:\/\/myanimelist.net\/anime\/producer\/2425\/Bandai_Namco_Music_Live"}],"licensors":[],"studios":[{"mal_id":4,"type":"anime","name":"Bones","url":"https:\/\/myanimelist.net\/anime\/producer\/4\/Bones"}],"genres":[{"mal_id":1,"type":"anime","name":"Action","url":"https:\/\/myanimelist.net\/anime\/genre\/1\/Action"},{"mal_id":7,"type":"anime","name":"Mystery","url":"https:\/\/myanimelist.net\/anime\/genre\/7\/Mystery"},{"mal_id":37,"type":"anime","name":"Supernatural","url":"https:\/\/myanimelist.net\/anime\/genre\/37\/Supernatural"}],"explicit_genres":[],"themes":[{"mal_id":50,"type":"anime","name":"Adult Cast","url":"https:\/\/myanimelist.net\/anime\/genre\/50\/Adult_Cast"},{"mal_id":39,"type":"anime","name":"Detective","url":"https:\/\/myanimelist.net\/anime\/genre\/39\/Detective"},{"mal_id":68,"type":"anime","name":"Organized Crime","url":"https:\/\/myanimelist.net\/anime\/genre\/68\/Organized_Crime"},{"mal_id":31,"type":"anime","name":"Super Power","url":"https:\/\/myanimelist.net\/anime\/genre\/31\/Super_Power"}],"demographics":[{"mal_id":42,"type":"anime","name":"Seinen","url":"https:\/\/myanimelist.net\/anime\/genre\/42\/Seinen"}],"relations":[{"relation":"Adaptation","entry":[{"mal_id":56529,"type":"manga","name":"Bungou Stray Dogs","url":"https:\/\/myanimelist.net\/manga\/56529\/Bungou_Stray_Dogs"}]},{"relation":"Prequel","entry":[{"mal_id":38003,"type":"anime","name":"Bungou Stray Dogs 3rd Season","url":"https:\/\/myanimelist.net\/anime\/38003\/Bungou_Stray_Dogs_3rd_Season"}]},{"relation":"Sequel","entry":[{"mal_id":54898,"type":"anime","name":"Bungou Stray Dogs 5th Season","url":"https:\/\/myanimelist.net\/anime\/54898\/Bungou_Stray_Dogs_5th_Season"}]}],"theme":{"openings":["\"TRUE STORY\" by SCREEN mode"],"endings":["\"Shirushi (\u3057\u308b\u3057)\" by Luck Life"]},"external":[{"name":"Official Site","url":"https:\/\/bungosd.com\/"},{"name":"@bungosd_anime","url":"https:\/\/twitter.com\/bungosd_anime"},{"name":"AniDB","url":"https:\/\/anidb.net\/perl-bin\/animedb.pl?show=anime&aid=16965"},{"name":"ANN","url":"https:\/\/www.animenewsnetwork.com\/encyclopedia\/anime.php?id=24953"},{"name":"Wikipedia","url":"https:\/\/en.wikipedia.org\/wiki\/Bungo_Stray_Dogs#Anime_series"},{"name":"Wikipedia","url":"https:\/\/ja.wikipedia.org\/wiki\/%E6%96%87%E8%B1%AA%E3%82%B9%E3%83%88%E3%83%AC%E3%82%A4%E3%83%89%E3%83%83%E3%82%B0%E3%82%B9"},{"name":"Syoboi","url":"https:\/\/cal.syoboi.jp\/tid\/6575"}],"streaming":[{"name":"Crunchyroll","url":"http:\/\/www.crunchyroll.com\/series-269799"},{"name":"Funimation","url":"https:\/\/www.funimation.com\/"},{"name":"Aniplus Asia","url":"https:\/\/www.aniplus-asia.com\/"},{"name":"Aniplus TV","url":"http:\/\/www.aniplustv.com\/"},{"name":"Bilibili Global","url":"https:\/\/www.bilibili.tv\/en\/index"},{"name":"Laftel","url":"https:\/\/laftel.net\/"}]}}