{"data":{"mal_id":50403,"url":"https:\/\/myanimelist.net\/anime\/50403\/Liang_Bu_Yi_2nd_Season","images":{"jpg":{"image_url":"https:\/\/cdn.myanimelist.net\/images\/anime\/1385\/119524.jpg","small_image_url":"https:\/\/cdn.myanimelist.net\/images\/anime\/1385\/119524t.jpg","large_image_url":"https:\/\/cdn.myanimelist.net\/images\/anime\/1385\/119524l.jpg"},"webp":{"image_url":"https:\/\/cdn.myanimelist.net\/images\/anime\/1385\/119524.webp","small_image_url":"https:\/\/cdn.myanimelist.net\/images\/anime\/1385\/119524t.webp","large_image_url":"https:\/\/cdn.myanimelist.net\/images\/anime\/1385\/119524l.webp"}},"trailer":{"youtube_id":null,"url":null,"embed_url":null,"images":{"image_url":null,"small_image_url":null,"medium_image_url":null,"large_image_url":null,"maximum_image_url":null}},"approved":true,"titles":[{"type":"Default","title":"Liang Bu Yi 2nd Season"},{"type":"Japanese","title":"\u4e24\u4e0d\u7591 \u7b2c\u4e8c\u5b63"},{"type":"English","title":"No Doubt In Us"}],"title":"Liang Bu Yi 2nd Season","title_english":"No Doubt In Us","title_japanese":"\u4e24\u4e0d\u7591 \u7b2c\u4e8c\u5b63","title_synonyms":[],"type":"ONA","source":"Manga","episodes":24,"status":"Finished Airing","airing":false,"aired":{"from":"2022-10-26T00:00:00+00:00","to":"2023-04-19T00:00:00+00:00","prop":{"from":{"day":26,"month":10,"year":2022},"to":{"day":19,"month":4,"year":2023}},"string":"Oct 26, 2022 to Apr 19, 2023"},"duration":"14 min per ep","rating":"PG-13 - Teens 13 or older","score":7.63,"scored_by":1084,"rank":1352,"popularity":8997,"members":3787,"favorites":21,"synopsis":"Second season of Liang Bu Yi.","background":null,"season":null,"year":null,"broadcast":{"day":null,"time":null,"timezone":null,"string":null},"producers":[{"mal_id":1414,"type":"anime","name":"bilibili","url":"https:\/\/myanimelist.net\/anime\/producer\/1414\/bilibili"},{"mal_id":2310,"type":"anime","name":"Paper Plane Animation Studio","url":"https:\/\/myanimelist.net\/anime\/producer\/2310\/Paper_Plane_Animation_Studio"}],"licensors":[],"studios":[],"genres":[{"mal_id":4,"type":"anime","name":"Comedy","url":"https:\/\/myanimelist.net\/anime\/genre\/4\/Comedy"},{"mal_id":22,"type":"anime","name":"Romance","url":"https:\/\/myanimelist.net\/anime\/genre\/22\/Romance"}],"explicit_genres":[],"themes":[{"mal_id":13,"type":"anime","name":"Historical","url":"https:\/\/myanimelist.net\/anime\/genre\/13\/Historical"}],"demographics":[],"relations":[{"relation":"Prequel","entry":[{"mal_id":41221,"type":"anime","name":"Liang Bu Yi","url":"https:\/\/myanimelist.net\/anime\/41221\/Liang_Bu_Yi"}]}],"theme":{"openings":[],"endings":[]},"external":[{"name":"bilibili","url":"https:\/\/www.bilibili.com\/bangumi\/media\/md28235416\/"},{"name":"Baidu Baike","url":"https:\/\/baike.baidu.com\/item\/%E4%B8%A4%E4%B8%8D%E7%96%91\/24127107"}],"streaming":[]}}