{"data":{"mal_id":50532,"url":"https:\/\/myanimelist.net\/anime\/50532\/Boku_no_Hero_Academia_the_Movie_3__World_Heroes_Mission_-_Tabidachi","images":{"jpg":{"image_url":"https:\/\/cdn.myanimelist.net\/images\/anime\/1935\/121274.jpg","small_image_url":"https:\/\/cdn.myanimelist.net\/images\/anime\/1935\/121274t.jpg","large_image_url":"https:\/\/cdn.myanimelist.net\/images\/anime\/1935\/121274l.jpg"},"webp":{"image_url":"https:\/\/cdn.myanimelist.net\/images\/anime\/1935\/121274.webp","small_image_url":"https:\/\/cdn.myanimelist.net\/images\/anime\/1935\/121274t.webp","large_image_url":"https:\/\/cdn.myanimelist.net\/images\/anime\/1935\/121274l.webp"}},"trailer":{"youtube_id":null,"url":null,"embed_url":null,"images":{"image_url":null,"small_image_url":null,"medium_image_url":null,"large_image_url":null,"maximum_image_url":null}},"approved":true,"titles":[{"type":"Default","title":"Boku no Hero Academia the Movie 3: World Heroes' Mission - Tabidachi"},{"type":"Synonym","title":"My Hero Academia: World Heroes' Mission"},{"type":"Japanese","title":"\u50d5\u306e\u30d2\u30fc\u30ed\u30fc\u30a2\u30ab\u30c7\u30df\u30a2 THE MOVIE\u3000\u30ef\u30fc\u30eb\u30c9 \u30d2\u30fc\u30ed\u30fc\u30ba \u30df\u30c3\u30b7\u30e7\u30f3\u3000\u226a\u65c5\u7acb\u3061\u226b"},{"type":"English","title":"My Hero Academia: World Heroes' Mission - Take-off"}],"title":"Boku no Hero Academia the Movie 3: World Heroes' Mission - Tabidachi","title_english":"My Hero Academia: World Heroes' Mission - Take-off","title_japanese":"\u50d5\u306e\u30d2\u30fc\u30ed\u30fc\u30a2\u30ab\u30c7\u30df\u30a2 THE MOVIE\u3000\u30ef\u30fc\u30eb\u30c9 \u30d2\u30fc\u30ed\u30fc\u30ba \u30df\u30c3\u30b7\u30e7\u30f3\u3000\u226a\u65c5\u7acb\u3061\u226b","title_synonyms":["My Hero Academia: World Heroes' Mission"],"type":"Special","source":"Manga","episodes":1,"status":"Finished Airing","airing":false,"aired":{"from":"2022-02-16T00:00:00+00:00","to":null,"prop":{"from":{"day":16,"month":2,"year":2022},"to":{"day":null,"month":null,"year":null}},"string":"Feb 16, 2022"},"duration":"5 min","rating":"PG-13 - Teens 13 or older","score":7.42,"scored_by":10945,"rank":2072,"popularity":3982,"members":29011,"favorites":86,"synopsis":"Adaptation of \"No.XXX Hawks: SOOTHE\" side-chapter in the Vol.World Heroes manga which was a special present for movie attendees in Japan and in selected American theaters. Included in the \"Plus Ultra\" version of the film's Blu-ray and DVD release in Japan.","background":null,"season":null,"year":null,"broadcast":{"day":null,"time":null,"timezone":null,"string":null},"producers":[],"licensors":[],"studios":[{"mal_id":4,"type":"anime","name":"Bones","url":"https:\/\/myanimelist.net\/anime\/producer\/4\/Bones"}],"genres":[{"mal_id":1,"type":"anime","name":"Action","url":"https:\/\/myanimelist.net\/anime\/genre\/1\/Action"}],"explicit_genres":[],"themes":[{"mal_id":31,"type":"anime","name":"Super Power","url":"https:\/\/myanimelist.net\/anime\/genre\/31\/Super_Power"}],"demographics":[{"mal_id":27,"type":"anime","name":"Shounen","url":"https:\/\/myanimelist.net\/anime\/genre\/27\/Shounen"}],"relations":[{"relation":"Parent story","entry":[{"mal_id":44200,"type":"anime","name":"Boku no Hero Academia the Movie 3: World Heroes' Mission","url":"https:\/\/myanimelist.net\/anime\/44200\/Boku_no_Hero_Academia_the_Movie_3__World_Heroes_Mission"}]}],"theme":{"openings":[],"endings":[]},"external":[{"name":"Official Site","url":"https:\/\/heroaca-movie.com\/bddvd\/"},{"name":"ANN","url":"https:\/\/www.animenewsnetwork.com\/encyclopedia\/anime.php?id=25034"}],"streaming":[]}}