{"data":{"mal_id":50552,"url":"https:\/\/myanimelist.net\/anime\/50552\/Yowamushi_Pedal__Limit_Break","images":{"jpg":{"image_url":"https:\/\/cdn.myanimelist.net\/images\/anime\/1853\/135275.jpg","small_image_url":"https:\/\/cdn.myanimelist.net\/images\/anime\/1853\/135275t.jpg","large_image_url":"https:\/\/cdn.myanimelist.net\/images\/anime\/1853\/135275l.jpg"},"webp":{"image_url":"https:\/\/cdn.myanimelist.net\/images\/anime\/1853\/135275.webp","small_image_url":"https:\/\/cdn.myanimelist.net\/images\/anime\/1853\/135275t.webp","large_image_url":"https:\/\/cdn.myanimelist.net\/images\/anime\/1853\/135275l.webp"}},"trailer":{"youtube_id":"N9niwk3yDnI","url":"https:\/\/www.youtube.com\/watch?v=N9niwk3yDnI","embed_url":"https:\/\/www.youtube.com\/embed\/N9niwk3yDnI?enablejsapi=1&wmode=opaque&autoplay=1","images":{"image_url":"https:\/\/img.youtube.com\/vi\/N9niwk3yDnI\/default.jpg","small_image_url":"https:\/\/img.youtube.com\/vi\/N9niwk3yDnI\/sddefault.jpg","medium_image_url":"https:\/\/img.youtube.com\/vi\/N9niwk3yDnI\/mqdefault.jpg","large_image_url":"https:\/\/img.youtube.com\/vi\/N9niwk3yDnI\/hqdefault.jpg","maximum_image_url":"https:\/\/img.youtube.com\/vi\/N9niwk3yDnI\/maxresdefault.jpg"}},"approved":true,"titles":[{"type":"Default","title":"Yowamushi Pedal: Limit Break"},{"type":"Synonym","title":"Yowamushi Pedal 5th Season"},{"type":"Synonym","title":"Yowapeda 5th Season"},{"type":"Japanese","title":"\u5f31\u866b\u30da\u30c0\u30eb LIMIT BREAK"}],"title":"Yowamushi Pedal: Limit Break","title_english":null,"title_japanese":"\u5f31\u866b\u30da\u30c0\u30eb LIMIT BREAK","title_synonyms":["Yowamushi Pedal 5th Season","Yowapeda 5th Season"],"type":"TV","source":"Manga","episodes":25,"status":"Finished Airing","airing":false,"aired":{"from":"2022-10-09T00:00:00+00:00","to":"2023-03-26T00:00:00+00:00","prop":{"from":{"day":9,"month":10,"year":2022},"to":{"day":26,"month":3,"year":2023}},"string":"Oct 9, 2022 to Mar 26, 2023"},"duration":"24 min per ep","rating":"PG-13 - Teens 13 or older","score":7.38,"scored_by":7220,"rank":2243,"popularity":4361,"members":23920,"favorites":147,"synopsis":"Unable to achieve the desired results on the first and second days of the Inter-High competition, members of the Souhoku High Bicycle Racing Club use their frustration as motivation to perform better on the final day of the race. However, it is easier said than done as they are up against the overwhelming talent of Hakone Academy and the shrewd strategies of Kyoto Fushimi High.\n\nDespite the challenge, Souhoku members are not disheartened by the obstacles that they need to overcome. After all, no matter what their opponents try, Souhoku will have the last laugh as long as they are the first to cross the finish line.\n\n[Written by MAL Rewrite]","background":null,"season":"fall","year":2022,"broadcast":{"day":"Sundays","time":"00:00","timezone":"Asia\/Tokyo","string":"Sundays at 00:00 (JST)"},"producers":[{"mal_id":16,"type":"anime","name":"TV Tokyo","url":"https:\/\/myanimelist.net\/anime\/producer\/16\/TV_Tokyo"},{"mal_id":135,"type":"anime","name":"MediaNet","url":"https:\/\/myanimelist.net\/anime\/producer\/135\/MediaNet"},{"mal_id":1143,"type":"anime","name":"TOHO animation","url":"https:\/\/myanimelist.net\/anime\/producer\/1143\/TOHO_animation"},{"mal_id":1373,"type":"anime","name":"Akita Shoten","url":"https:\/\/myanimelist.net\/anime\/producer\/1373\/Akita_Shoten"},{"mal_id":1797,"type":"anime","name":"NHK Enterprises","url":"https:\/\/myanimelist.net\/anime\/producer\/1797\/NHK_Enterprises"}],"licensors":[],"studios":[{"mal_id":73,"type":"anime","name":"TMS Entertainment","url":"https:\/\/myanimelist.net\/anime\/producer\/73\/TMS_Entertainment"}],"genres":[{"mal_id":30,"type":"anime","name":"Sports","url":"https:\/\/myanimelist.net\/anime\/genre\/30\/Sports"}],"explicit_genres":[],"themes":[{"mal_id":3,"type":"anime","name":"Racing","url":"https:\/\/myanimelist.net\/anime\/genre\/3\/Racing"}],"demographics":[{"mal_id":27,"type":"anime","name":"Shounen","url":"https:\/\/myanimelist.net\/anime\/genre\/27\/Shounen"}],"relations":[{"relation":"Adaptation","entry":[{"mal_id":23627,"type":"manga","name":"Yowamushi Pedal","url":"https:\/\/myanimelist.net\/manga\/23627\/Yowamushi_Pedal"}]},{"relation":"Prequel","entry":[{"mal_id":35789,"type":"anime","name":"Yowamushi Pedal: Glory Line","url":"https:\/\/myanimelist.net\/anime\/35789\/Yowamushi_Pedal__Glory_Line"}]}],"theme":{"openings":["\"Keep going\" by 04 Limited Sazabys","2: \"Last Scene (\u30e9\u30b9\u30c8\u30b7\u30fc\u30f3)\" by Novelbright (eps (eps 13-???))"],"endings":["\"PRIDE\" by Novelbright","\"\u30a2\u30af\u30b7\u30e7\u30f3\" by Sakamichi Onoda (Daiki Yamashita) with YouthK Saeki"]},"external":[{"name":"Official Site","url":"http:\/\/www.yowapeda.com\/"},{"name":"@yowapeda_anime","url":"https:\/\/twitter.com\/yowapeda_anime"},{"name":"AniDB","url":"https:\/\/anidb.net\/perl-bin\/animedb.pl?show=anime&aid=17024"},{"name":"ANN","url":"https:\/\/www.animenewsnetwork.com\/encyclopedia\/anime.php?id=25039"},{"name":"Wikipedia","url":"https:\/\/en.wikipedia.org\/wiki\/Yowamushi_Pedal#Anime"},{"name":"Wikipedia","url":"https:\/\/ja.wikipedia.org\/wiki\/%E5%BC%B1%E8%99%AB%E3%83%9A%E3%83%80%E3%83%AB"},{"name":"Syoboi","url":"https:\/\/cal.syoboi.jp\/tid\/6429"}],"streaming":[{"name":"Crunchyroll","url":"http:\/\/www.crunchyroll.com\/series-272193"},{"name":"Laftel","url":"https:\/\/laftel.net\/"}]}}