{"data":{"mal_id":50587,"url":"https:\/\/myanimelist.net\/anime\/50587\/Gridman_Universe","images":{"jpg":{"image_url":"https:\/\/cdn.myanimelist.net\/images\/anime\/1897\/133657.jpg","small_image_url":"https:\/\/cdn.myanimelist.net\/images\/anime\/1897\/133657t.jpg","large_image_url":"https:\/\/cdn.myanimelist.net\/images\/anime\/1897\/133657l.jpg"},"webp":{"image_url":"https:\/\/cdn.myanimelist.net\/images\/anime\/1897\/133657.webp","small_image_url":"https:\/\/cdn.myanimelist.net\/images\/anime\/1897\/133657t.webp","large_image_url":"https:\/\/cdn.myanimelist.net\/images\/anime\/1897\/133657l.webp"}},"trailer":{"youtube_id":"Q1BmA_2Zj-k","url":"https:\/\/www.youtube.com\/watch?v=Q1BmA_2Zj-k","embed_url":"https:\/\/www.youtube.com\/embed\/Q1BmA_2Zj-k?enablejsapi=1&wmode=opaque&autoplay=1","images":{"image_url":"https:\/\/img.youtube.com\/vi\/Q1BmA_2Zj-k\/default.jpg","small_image_url":"https:\/\/img.youtube.com\/vi\/Q1BmA_2Zj-k\/sddefault.jpg","medium_image_url":"https:\/\/img.youtube.com\/vi\/Q1BmA_2Zj-k\/mqdefault.jpg","large_image_url":"https:\/\/img.youtube.com\/vi\/Q1BmA_2Zj-k\/hqdefault.jpg","maximum_image_url":"https:\/\/img.youtube.com\/vi\/Q1BmA_2Zj-k\/maxresdefault.jpg"}},"approved":true,"titles":[{"type":"Default","title":"Gridman Universe"},{"type":"Synonym","title":"Gridman\u00d7Dynazenon"},{"type":"Japanese","title":"\u30b0\u30ea\u30c3\u30c9\u30de\u30f3 \u30e6\u30cb\u30d0\u30fc\u30b9"}],"title":"Gridman Universe","title_english":null,"title_japanese":"\u30b0\u30ea\u30c3\u30c9\u30de\u30f3 \u30e6\u30cb\u30d0\u30fc\u30b9","title_synonyms":["Gridman\u00d7Dynazenon"],"type":"Movie","source":"Original","episodes":1,"status":"Finished Airing","airing":false,"aired":{"from":"2023-03-24T00:00:00+00:00","to":null,"prop":{"from":{"day":24,"month":3,"year":2023},"to":{"day":null,"month":null,"year":null}},"string":"Mar 24, 2023"},"duration":"1 hr 57 min","rating":"PG-13 - Teens 13 or older","score":8.19,"scored_by":1747,"rank":370,"popularity":4689,"members":20196,"favorites":148,"synopsis":"A year has passed since the events of SSSS.Gridman. The world is at peace and no one except for Rikka and Utsumi remembers the kaiju, Gridman, or Akane Shinjou. This includes Yuuta, who despite serving as Gridman's host, has no memory of the most important moments of his life. So when a new Kaiju appears, he leaps at the chance to prove to himself that he too can be the hero by merging with Gridman once more.\n\n(Source: ANN)","background":null,"season":null,"year":null,"broadcast":{"day":null,"time":null,"timezone":null,"string":null},"producers":[{"mal_id":144,"type":"anime","name":"Pony Canyon","url":"https:\/\/myanimelist.net\/anime\/producer\/144\/Pony_Canyon"},{"mal_id":453,"type":"anime","name":"Tsuburaya Productions","url":"https:\/\/myanimelist.net\/anime\/producer\/453\/Tsuburaya_Productions"}],"licensors":[],"studios":[{"mal_id":803,"type":"anime","name":"Trigger","url":"https:\/\/myanimelist.net\/anime\/producer\/803\/Trigger"}],"genres":[{"mal_id":1,"type":"anime","name":"Action","url":"https:\/\/myanimelist.net\/anime\/genre\/1\/Action"},{"mal_id":24,"type":"anime","name":"Sci-Fi","url":"https:\/\/myanimelist.net\/anime\/genre\/24\/Sci-Fi"}],"explicit_genres":[],"themes":[{"mal_id":18,"type":"anime","name":"Mecha","url":"https:\/\/myanimelist.net\/anime\/genre\/18\/Mecha"}],"demographics":[],"relations":[{"relation":"Prequel","entry":[{"mal_id":35847,"type":"anime","name":"SSSS.Gridman","url":"https:\/\/myanimelist.net\/anime\/35847\/SSSSGridman"},{"mal_id":40870,"type":"anime","name":"SSSS.Dynazenon","url":"https:\/\/myanimelist.net\/anime\/40870\/SSSSDynazenon"}]}],"theme":{"openings":[],"endings":["\"uni-verse\" by Masayoshi Oishi"]},"external":[{"name":"Official Site","url":"https:\/\/ssss-movie.net\/"},{"name":"@SSSS_PROJECT","url":"https:\/\/twitter.com\/SSSS_PROJECT"},{"name":"AniDB","url":"https:\/\/anidb.net\/perl-bin\/animedb.pl?show=anime&aid=17037"},{"name":"ANN","url":"https:\/\/www.animenewsnetwork.com\/encyclopedia\/anime.php?id=25050"}],"streaming":[]}}