{"data":{"mal_id":50593,"url":"https:\/\/myanimelist.net\/anime\/50593\/Natsu_e_no_Tunnel_Sayonara_no_Deguchi","images":{"jpg":{"image_url":"https:\/\/cdn.myanimelist.net\/images\/anime\/1462\/125397.jpg","small_image_url":"https:\/\/cdn.myanimelist.net\/images\/anime\/1462\/125397t.jpg","large_image_url":"https:\/\/cdn.myanimelist.net\/images\/anime\/1462\/125397l.jpg"},"webp":{"image_url":"https:\/\/cdn.myanimelist.net\/images\/anime\/1462\/125397.webp","small_image_url":"https:\/\/cdn.myanimelist.net\/images\/anime\/1462\/125397t.webp","large_image_url":"https:\/\/cdn.myanimelist.net\/images\/anime\/1462\/125397l.webp"}},"trailer":{"youtube_id":"nlv68sEBaDg","url":"https:\/\/www.youtube.com\/watch?v=nlv68sEBaDg","embed_url":"https:\/\/www.youtube.com\/embed\/nlv68sEBaDg?enablejsapi=1&wmode=opaque&autoplay=1","images":{"image_url":"https:\/\/img.youtube.com\/vi\/nlv68sEBaDg\/default.jpg","small_image_url":"https:\/\/img.youtube.com\/vi\/nlv68sEBaDg\/sddefault.jpg","medium_image_url":"https:\/\/img.youtube.com\/vi\/nlv68sEBaDg\/mqdefault.jpg","large_image_url":"https:\/\/img.youtube.com\/vi\/nlv68sEBaDg\/hqdefault.jpg","maximum_image_url":"https:\/\/img.youtube.com\/vi\/nlv68sEBaDg\/maxresdefault.jpg"}},"approved":true,"titles":[{"type":"Default","title":"Natsu e no Tunnel, Sayonara no Deguchi"},{"type":"Synonym","title":"Natsuton"},{"type":"Japanese","title":"\u590f\u3078\u306e\u30c8\u30f3\u30cd\u30eb, \u3055\u3088\u306a\u3089\u306e\u51fa\u53e3"},{"type":"English","title":"The Tunnel to Summer, the Exit of Goodbyes"}],"title":"Natsu e no Tunnel, Sayonara no Deguchi","title_english":"The Tunnel to Summer, the Exit of Goodbyes","title_japanese":"\u590f\u3078\u306e\u30c8\u30f3\u30cd\u30eb, \u3055\u3088\u306a\u3089\u306e\u51fa\u53e3","title_synonyms":["Natsuton"],"type":"Movie","source":"Light novel","episodes":1,"status":"Finished Airing","airing":false,"aired":{"from":"2022-09-09T00:00:00+00:00","to":null,"prop":{"from":{"day":9,"month":9,"year":2022},"to":{"day":null,"month":null,"year":null}},"string":"Sep 9, 2022"},"duration":"1 hr 22 min","rating":"PG-13 - Teens 13 or older","score":7.88,"scored_by":31599,"rank":784,"popularity":1869,"members":110789,"favorites":1226,"synopsis":"Kaoru Touno's family is falling apart. After the death of a sibling and his parents' divorce, he no longer feels any peace at home. Following a heated confrontation with his father, Kaoru runs out of his house and finds himself before a mysterious tunnel, which pulls him in. Bewildered by what he sees inside, he rushes to the exit, picking up a bird that looks identical to his deceased pet on his way out.\n\nUpon emerging outside, Kaoru realizes that, despite him spending just a few minutes inside the tunnel, an entire week has passed. The bizarre experience leads him to remember the rumors of \"Urashima Tunnel\"\u2014a passage that grants wishes in exchange for one's lifespan. Given the resurrection of his pet bird, Kaoru cannot help but wonder if another visit can help fix his messed up life.\n\nHowever, when he returns to the entrance of the mysterious tunnel, Kaoru realizes that he has been followed by Anzu Hanashiro, a new transfer student in his class. She also knows about the rumors and asks him to help her with an experiment\u2014it turns out that she, too, has a wish that only the tunnel can grant.\n\n[Written by MAL Rewrite]","background":null,"season":null,"year":null,"broadcast":{"day":null,"time":null,"timezone":null,"string":null},"producers":[{"mal_id":144,"type":"anime","name":"Pony Canyon","url":"https:\/\/myanimelist.net\/anime\/producer\/144\/Pony_Canyon"},{"mal_id":719,"type":"anime","name":"Studio Mausu","url":"https:\/\/myanimelist.net\/anime\/producer\/719\/Studio_Mausu"}],"licensors":[{"mal_id":376,"type":"anime","name":"Sentai Filmworks","url":"https:\/\/myanimelist.net\/anime\/producer\/376\/Sentai_Filmworks"}],"studios":[{"mal_id":1876,"type":"anime","name":"CLAP","url":"https:\/\/myanimelist.net\/anime\/producer\/1876\/CLAP"}],"genres":[{"mal_id":8,"type":"anime","name":"Drama","url":"https:\/\/myanimelist.net\/anime\/genre\/8\/Drama"},{"mal_id":7,"type":"anime","name":"Mystery","url":"https:\/\/myanimelist.net\/anime\/genre\/7\/Mystery"},{"mal_id":24,"type":"anime","name":"Sci-Fi","url":"https:\/\/myanimelist.net\/anime\/genre\/24\/Sci-Fi"}],"explicit_genres":[],"themes":[],"demographics":[],"relations":[{"relation":"Adaptation","entry":[{"mal_id":138406,"type":"manga","name":"Natsu e no Tunnel, Sayonara no Deguchi","url":"https:\/\/myanimelist.net\/manga\/138406\/Natsu_e_no_Tunnel_Sayonara_no_Deguchi"}]}],"theme":{"openings":["\"Katappo (Acoustic Version) (\u7247\u3063\u307d-Acoustic Version-)\" by eill"],"endings":["Finale. (\u30d5\u30a3\u30ca\u30fc\u30ec\u3002) by eill"]},"external":[{"name":"Official Site","url":"https:\/\/natsuton.com\/"},{"name":"@natsuton_anime","url":"https:\/\/twitter.com\/natsuton_anime"},{"name":"AniDB","url":"https:\/\/anidb.net\/perl-bin\/animedb.pl?show=anime&aid=17040"},{"name":"ANN","url":"https:\/\/www.animenewsnetwork.com\/encyclopedia\/anime.php?id=25056"},{"name":"Wikipedia","url":"https:\/\/en.wikipedia.org\/wiki\/The_Tunnel_to_Summer,_the_Exit_of_Goodbye"},{"name":"Wikipedia","url":"https:\/\/ja.wikipedia.org\/wiki\/%E5%A4%8F%E3%81%B8%E3%81%AE%E3%83%88%E3%83%B3%E3%83%8D%E3%83%AB%E3%80%81%E3%81%95%E3%82%88%E3%81%AA%E3%82%89%E3%81%AE%E5%87%BA%E5%8F%A3#%E5%8A%87%E5%A0%B4%E3%82%A2%E3%83%8B%E3%83%A1"}],"streaming":[]}}