{"data":{"mal_id":50631,"url":"https:\/\/myanimelist.net\/anime\/50631\/Komi-san_wa_Comyushou_desu_2nd_Season","images":{"jpg":{"image_url":"https:\/\/cdn.myanimelist.net\/images\/anime\/1108\/121157.jpg","small_image_url":"https:\/\/cdn.myanimelist.net\/images\/anime\/1108\/121157t.jpg","large_image_url":"https:\/\/cdn.myanimelist.net\/images\/anime\/1108\/121157l.jpg"},"webp":{"image_url":"https:\/\/cdn.myanimelist.net\/images\/anime\/1108\/121157.webp","small_image_url":"https:\/\/cdn.myanimelist.net\/images\/anime\/1108\/121157t.webp","large_image_url":"https:\/\/cdn.myanimelist.net\/images\/anime\/1108\/121157l.webp"}},"trailer":{"youtube_id":"NcoQssquPhE","url":"https:\/\/www.youtube.com\/watch?v=NcoQssquPhE","embed_url":"https:\/\/www.youtube.com\/embed\/NcoQssquPhE?enablejsapi=1&wmode=opaque&autoplay=1","images":{"image_url":"https:\/\/img.youtube.com\/vi\/NcoQssquPhE\/default.jpg","small_image_url":"https:\/\/img.youtube.com\/vi\/NcoQssquPhE\/sddefault.jpg","medium_image_url":"https:\/\/img.youtube.com\/vi\/NcoQssquPhE\/mqdefault.jpg","large_image_url":"https:\/\/img.youtube.com\/vi\/NcoQssquPhE\/hqdefault.jpg","maximum_image_url":"https:\/\/img.youtube.com\/vi\/NcoQssquPhE\/maxresdefault.jpg"}},"approved":true,"titles":[{"type":"Default","title":"Komi-san wa, Comyushou desu. 2nd Season"},{"type":"Synonym","title":"Komi-san wa"},{"type":"Synonym","title":"Communication Shougai desu. 2"},{"type":"Japanese","title":"\u53e4\u898b\u3055\u3093\u306f\u3001\u30b3\u30df\u30e5\u75c7\u3067\u3059\u3002 2"},{"type":"English","title":"Komi Can't Communicate Season 2"}],"title":"Komi-san wa, Comyushou desu. 2nd Season","title_english":"Komi Can't Communicate Season 2","title_japanese":"\u53e4\u898b\u3055\u3093\u306f\u3001\u30b3\u30df\u30e5\u75c7\u3067\u3059\u3002 2","title_synonyms":["Komi-san wa","Communication Shougai desu. 2"],"type":"TV","source":"Manga","episodes":12,"status":"Finished Airing","airing":false,"aired":{"from":"2022-04-07T00:00:00+00:00","to":"2022-06-23T00:00:00+00:00","prop":{"from":{"day":7,"month":4,"year":2022},"to":{"day":23,"month":6,"year":2022}},"string":"Apr 7, 2022 to Jun 23, 2022"},"duration":"23 min per ep","rating":"PG-13 - Teens 13 or older","score":8.05,"scored_by":219782,"rank":543,"popularity":474,"members":454339,"favorites":3797,"synopsis":"After an exciting and momentous cultural festival, Shouko Komi continues her endeavor to make one hundred friends alongside her friend and classmate Hitohito Tadano. As winter begins, the class is joined by the seemingly delinquent student Makoto Katai, who has been absent since the first week of school. Despite his intimidating appearance, Katai has difficulty communicating with others and just wants to befriend his classmates.\n\nAs new friendships form and current ones deepen, Komi and Tadano\u2019s relationship begins to change\u2014though not necessarily for the worse.\n\n[Written by MAL Rewrite]","background":null,"season":"spring","year":2022,"broadcast":{"day":"Thursdays","time":"00:00","timezone":"Asia\/Tokyo","string":"Thursdays at 00:00 (JST)"},"producers":[{"mal_id":16,"type":"anime","name":"TV Tokyo","url":"https:\/\/myanimelist.net\/anime\/producer\/16\/TV_Tokyo"},{"mal_id":53,"type":"anime","name":"Dentsu","url":"https:\/\/myanimelist.net\/anime\/producer\/53\/Dentsu"},{"mal_id":62,"type":"anime","name":"Shogakukan-Shueisha Productions","url":"https:\/\/myanimelist.net\/anime\/producer\/62\/Shogakukan-Shueisha_Productions"},{"mal_id":213,"type":"anime","name":"Half H.P Studio","url":"https:\/\/myanimelist.net\/anime\/producer\/213\/Half_HP_Studio"},{"mal_id":323,"type":"anime","name":"Nippon Columbia","url":"https:\/\/myanimelist.net\/anime\/producer\/323\/Nippon_Columbia"}],"licensors":[],"studios":[{"mal_id":28,"type":"anime","name":"OLM","url":"https:\/\/myanimelist.net\/anime\/producer\/28\/OLM"}],"genres":[{"mal_id":4,"type":"anime","name":"Comedy","url":"https:\/\/myanimelist.net\/anime\/genre\/4\/Comedy"}],"explicit_genres":[],"themes":[{"mal_id":74,"type":"anime","name":"Romantic Subtext","url":"https:\/\/myanimelist.net\/anime\/genre\/74\/Romantic_Subtext"},{"mal_id":23,"type":"anime","name":"School","url":"https:\/\/myanimelist.net\/anime\/genre\/23\/School"}],"demographics":[{"mal_id":27,"type":"anime","name":"Shounen","url":"https:\/\/myanimelist.net\/anime\/genre\/27\/Shounen"}],"relations":[{"relation":"Adaptation","entry":[{"mal_id":99007,"type":"manga","name":"Komi-san wa, Comyushou desu.","url":"https:\/\/myanimelist.net\/manga\/99007\/Komi-san_wa_Comyushou_desu"}]},{"relation":"Prequel","entry":[{"mal_id":48926,"type":"anime","name":"Komi-san wa, Comyushou desu.","url":"https:\/\/myanimelist.net\/anime\/48926\/Komi-san_wa_Comyushou_desu"}]}],"theme":{"openings":["\"Ao 100 Shoku (\u9752100\u8272)\" by Miku Itou (\u4f0a\u85e4\u7f8e\u6765)"],"endings":["\"Koshaberi Biyori (\u5c0f\u558b\u65e5\u548c)\" by FantasticYouth"]},"external":[{"name":"Official Site","url":"https:\/\/komisan-official.com\/"},{"name":"@comisanvote","url":"https:\/\/twitter.com\/comisanvote"},{"name":"AniDB","url":"https:\/\/anidb.net\/perl-bin\/animedb.pl?show=anime&aid=17072"},{"name":"ANN","url":"https:\/\/www.animenewsnetwork.com\/encyclopedia\/anime.php?id=25077"},{"name":"Wikipedia","url":"https:\/\/en.wikipedia.org\/wiki\/Komi_Can't_Communicate#Anime"},{"name":"Wikipedia","url":"https:\/\/ja.wikipedia.org\/wiki\/%E5%8F%A4%E8%A6%8B%E3%81%95%E3%82%93%E3%81%AF%E3%80%81%E3%82%B3%E3%83%9F%E3%83%A5%E7%97%87%E3%81%A7%E3%81%99%E3%80%82"},{"name":"Syoboi","url":"https:\/\/cal.syoboi.jp\/tid\/6295"}],"streaming":[{"name":"Netflix","url":"https:\/\/www.netflix.com\/"}]}}