{"data":{"mal_id":50667,"url":"https:\/\/myanimelist.net\/anime\/50667\/Xingchen_Bian__Po_Tian_Mi_Ju","images":{"jpg":{"image_url":"https:\/\/cdn.myanimelist.net\/images\/anime\/1450\/120241.jpg","small_image_url":"https:\/\/cdn.myanimelist.net\/images\/anime\/1450\/120241t.jpg","large_image_url":"https:\/\/cdn.myanimelist.net\/images\/anime\/1450\/120241l.jpg"},"webp":{"image_url":"https:\/\/cdn.myanimelist.net\/images\/anime\/1450\/120241.webp","small_image_url":"https:\/\/cdn.myanimelist.net\/images\/anime\/1450\/120241t.webp","large_image_url":"https:\/\/cdn.myanimelist.net\/images\/anime\/1450\/120241l.webp"}},"trailer":{"youtube_id":null,"url":null,"embed_url":null,"images":{"image_url":null,"small_image_url":null,"medium_image_url":null,"large_image_url":null,"maximum_image_url":null}},"approved":true,"titles":[{"type":"Default","title":"Xingchen Bian: Po Tian Mi Ju"},{"type":"Synonym","title":"Xingchen Bian 4th Season"},{"type":"Synonym","title":"Legend of Immortals 4th Season"},{"type":"Synonym","title":"Stellar Transformation 4th Season"},{"type":"Japanese","title":"\u661f\u8fb0\u53d8 \u7834\u5929\u8ff7\u5c40"}],"title":"Xingchen Bian: Po Tian Mi Ju","title_english":null,"title_japanese":"\u661f\u8fb0\u53d8 \u7834\u5929\u8ff7\u5c40","title_synonyms":["Xingchen Bian 4th Season","Legend of Immortals 4th Season","Stellar Transformation 4th Season"],"type":"ONA","source":"Novel","episodes":16,"status":"Finished Airing","airing":false,"aired":{"from":"2022-01-23T00:00:00+00:00","to":"2022-04-24T00:00:00+00:00","prop":{"from":{"day":23,"month":1,"year":2022},"to":{"day":24,"month":4,"year":2022}},"string":"Jan 23, 2022 to Apr 24, 2022"},"duration":"25 min per ep","rating":"PG-13 - Teens 13 or older","score":7.52,"scored_by":974,"rank":1720,"popularity":10681,"members":2160,"favorites":20,"synopsis":"Among the treasures from the Immortal Manor, Qin Yu, along with venturers from other sects, find clues relating to the Ni Yang Realm, a realm of the Immortal Emperor Ni Yang. When Jiang Li is forced to return home, Jiang Lan decides to go back for her. Before leaving, he gives a parting gift to Qin Yu, one that may help him meet her. Setting out to the Ni Yang Realm, Qin Yu faces various ordeals before he gains knowledge on the strength he will be needing in order to meet Jiang Li again.\n\n[Written by MAL Rewrite]","background":"Xingchen Bian is based on a Chinese serial web novel of the same name written by I Eat Tomatoes (\u6211\u5403\u897f\u7ea2\u67ff).","season":null,"year":null,"broadcast":{"day":null,"time":null,"timezone":null,"string":null},"producers":[{"mal_id":1727,"type":"anime","name":"Tencent Penguin Pictures","url":"https:\/\/myanimelist.net\/anime\/producer\/1727\/Tencent_Penguin_Pictures"}],"licensors":[],"studios":[{"mal_id":1667,"type":"anime","name":"Foch Films","url":"https:\/\/myanimelist.net\/anime\/producer\/1667\/Foch_Films"}],"genres":[{"mal_id":1,"type":"anime","name":"Action","url":"https:\/\/myanimelist.net\/anime\/genre\/1\/Action"},{"mal_id":2,"type":"anime","name":"Adventure","url":"https:\/\/myanimelist.net\/anime\/genre\/2\/Adventure"},{"mal_id":10,"type":"anime","name":"Fantasy","url":"https:\/\/myanimelist.net\/anime\/genre\/10\/Fantasy"},{"mal_id":22,"type":"anime","name":"Romance","url":"https:\/\/myanimelist.net\/anime\/genre\/22\/Romance"}],"explicit_genres":[],"themes":[{"mal_id":17,"type":"anime","name":"Martial Arts","url":"https:\/\/myanimelist.net\/anime\/genre\/17\/Martial_Arts"}],"demographics":[],"relations":[{"relation":"Prequel","entry":[{"mal_id":49386,"type":"anime","name":"Xingchen Bian: Xingchen Yao Hai","url":"https:\/\/myanimelist.net\/anime\/49386\/Xingchen_Bian__Xingchen_Yao_Hai"}]},{"relation":"Sequel","entry":[{"mal_id":51769,"type":"anime","name":"Xingchen Bian 5th Season","url":"https:\/\/myanimelist.net\/anime\/51769\/Xingchen_Bian_5th_Season"}]}],"theme":{"openings":[],"endings":[]},"external":[{"name":"Official Site","url":"https:\/\/v.qq.com\/detail\/x\/0s8n49g3g1rv1oz.html"},{"name":"AniDB","url":"https:\/\/anidb.net\/perl-bin\/animedb.pl?show=anime&aid=16581"},{"name":"Baidu Baike","url":"https:\/\/baike.baidu.com\/item\/%E6%98%9F%E8%BE%B0%E5%8F%98\/22582624"}],"streaming":[]}}