{"data":{"mal_id":50709,"url":"https:\/\/myanimelist.net\/anime\/50709\/Lycoris_Recoil","images":{"jpg":{"image_url":"https:\/\/cdn.myanimelist.net\/images\/anime\/1261\/127311.jpg","small_image_url":"https:\/\/cdn.myanimelist.net\/images\/anime\/1261\/127311t.jpg","large_image_url":"https:\/\/cdn.myanimelist.net\/images\/anime\/1261\/127311l.jpg"},"webp":{"image_url":"https:\/\/cdn.myanimelist.net\/images\/anime\/1261\/127311.webp","small_image_url":"https:\/\/cdn.myanimelist.net\/images\/anime\/1261\/127311t.webp","large_image_url":"https:\/\/cdn.myanimelist.net\/images\/anime\/1261\/127311l.webp"}},"trailer":{"youtube_id":"F5DMjhg3A6c","url":"https:\/\/www.youtube.com\/watch?v=F5DMjhg3A6c","embed_url":"https:\/\/www.youtube.com\/embed\/F5DMjhg3A6c?enablejsapi=1&wmode=opaque&autoplay=1","images":{"image_url":"https:\/\/img.youtube.com\/vi\/F5DMjhg3A6c\/default.jpg","small_image_url":"https:\/\/img.youtube.com\/vi\/F5DMjhg3A6c\/sddefault.jpg","medium_image_url":"https:\/\/img.youtube.com\/vi\/F5DMjhg3A6c\/mqdefault.jpg","large_image_url":"https:\/\/img.youtube.com\/vi\/F5DMjhg3A6c\/hqdefault.jpg","maximum_image_url":"https:\/\/img.youtube.com\/vi\/F5DMjhg3A6c\/maxresdefault.jpg"}},"approved":true,"titles":[{"type":"Default","title":"Lycoris Recoil"},{"type":"Synonym","title":"LycoReco"},{"type":"Japanese","title":"\u30ea\u30b3\u30ea\u30b9\u30fb\u30ea\u30b3\u30a4\u30eb"},{"type":"English","title":"Lycoris Recoil"}],"title":"Lycoris Recoil","title_english":"Lycoris Recoil","title_japanese":"\u30ea\u30b3\u30ea\u30b9\u30fb\u30ea\u30b3\u30a4\u30eb","title_synonyms":["LycoReco"],"type":"TV","source":"Original","episodes":13,"status":"Finished Airing","airing":false,"aired":{"from":"2022-07-02T00:00:00+00:00","to":"2022-09-24T00:00:00+00:00","prop":{"from":{"day":2,"month":7,"year":2022},"to":{"day":24,"month":9,"year":2022}},"string":"Jul 2, 2022 to Sep 24, 2022"},"duration":"24 min per ep","rating":"PG-13 - Teens 13 or older","score":8.18,"scored_by":217927,"rank":378,"popularity":473,"members":454959,"favorites":7913,"synopsis":"The number of terrorist acts in Japan has never been lower, thanks to the efforts of a syndicate called Direct Attack (DA). The organization raises orphaned girls as killers to carry out assassinations under their \"Lycoris\" program. Takina Inoue is an exceptional Lycoris with a strong sense of purpose and a penchant for perfection. Unfortunately, a hostage situation tests her patience, and the resulting act of insubordination leads to her transfer out of DA. Not thrilled about losing the only place she belonged to, she reluctantly arrives at her new base of operations\u2014LycoReco, a cafe in disguise.\n\nTakina's new partner, however, turns out to be quite different from what she imagined. Despite being the famed Lycoris prodigy, Chisato Nishikigi appears almost unconcerned with her duties. She drags Takina along on all kinds of odd jobs under the simple explanation of helping people in need. Takina is even more puzzled when Chisato takes down a group of armed assailants without killing any of them. Feeling like a fish out of water, Takina itches to get reinstated into DA\u2014but Chisato is determined to prove to her that there is more to a life than just taking them.\n\n[Written by MAL Rewrite]","background":"Lycoris Recoil was released on Blu-ray and DVD in Japan from September 21, 2022 to February 22, 2023.","season":"summer","year":2022,"broadcast":{"day":"Saturdays","time":"23:30","timezone":"Asia\/Tokyo","string":"Saturdays at 23:30 (JST)"},"producers":[{"mal_id":17,"type":"anime","name":"Aniplex","url":"https:\/\/myanimelist.net\/anime\/producer\/17\/Aniplex"},{"mal_id":1416,"type":"anime","name":"BS11","url":"https:\/\/myanimelist.net\/anime\/producer\/1416\/BS11"},{"mal_id":1500,"type":"anime","name":"ABC Animation","url":"https:\/\/myanimelist.net\/anime\/producer\/1500\/ABC_Animation"}],"licensors":[{"mal_id":493,"type":"anime","name":"Aniplex of America","url":"https:\/\/myanimelist.net\/anime\/producer\/493\/Aniplex_of_America"}],"studios":[{"mal_id":56,"type":"anime","name":"A-1 Pictures","url":"https:\/\/myanimelist.net\/anime\/producer\/56\/A-1_Pictures"}],"genres":[{"mal_id":1,"type":"anime","name":"Action","url":"https:\/\/myanimelist.net\/anime\/genre\/1\/Action"}],"explicit_genres":[],"themes":[],"demographics":[],"relations":[{"relation":"Adaptation","entry":[{"mal_id":150973,"type":"manga","name":"Lycoris Recoil","url":"https:\/\/myanimelist.net\/manga\/150973\/Lycoris_Recoil"}]},{"relation":"Other","entry":[{"mal_id":54440,"type":"anime","name":"Lycoris Recoil (Shinsaku Animation)","url":"https:\/\/myanimelist.net\/anime\/54440\/Lycoris_Recoil_Shinsaku_Animation"}]}],"theme":{"openings":["\"ALIVE\" by ClariS"],"endings":["\"Hana no Tou (\u82b1\u306e\u5854)\" by Sayuri"]},"external":[{"name":"Official Site","url":"https:\/\/lycoris-recoil.com\/"},{"name":"Official Site","url":"https:\/\/lycorisrecoil.com\/"},{"name":"@lycoris_recoil","url":"https:\/\/twitter.com\/lycoris_recoil"},{"name":"AniDB","url":"https:\/\/anidb.net\/perl-bin\/animedb.pl?show=anime&aid=17097"},{"name":"ANN","url":"https:\/\/www.animenewsnetwork.com\/encyclopedia\/anime.php?id=25104"},{"name":"Wikipedia","url":"https:\/\/en.wikipedia.org\/wiki\/Lycoris_Recoil"},{"name":"Wikipedia","url":"https:\/\/ja.wikipedia.org\/wiki\/%E3%83%AA%E3%82%B3%E3%83%AA%E3%82%B9%E3%83%BB%E3%83%AA%E3%82%B3%E3%82%A4%E3%83%AB"},{"name":"Syoboi","url":"https:\/\/cal.syoboi.jp\/tid\/6390"},{"name":"Bangumi","url":"https:\/\/bangumi.tv\/subject\/364450"},{"name":"Baidu Baike","url":"https:\/\/baike.baidu.com\/item\/Lycoris%20Recoil"},{"name":"Douban","url":"https:\/\/movie.douban.com\/subject\/35722670\/"}],"streaming":[{"name":"Crunchyroll","url":"http:\/\/www.crunchyroll.com\/series-282895"},{"name":"Aniplus Asia","url":"https:\/\/www.aniplus-asia.com\/"},{"name":"Aniplus TV","url":"http:\/\/www.aniplustv.com\/"},{"name":"Bahamut Anime Crazy","url":"https:\/\/ani.gamer.com.tw\/"},{"name":"Bilibili Global","url":"https:\/\/www.bilibili.tv\/en\/index"}]}}