{"data":{"mal_id":50739,"url":"https:\/\/myanimelist.net\/anime\/50739\/Otonari_no_Tenshi-sama_ni_Itsunomanika_Dame_Ningen_ni_Sareteita_Ken","images":{"jpg":{"image_url":"https:\/\/cdn.myanimelist.net\/images\/anime\/1240\/133638.jpg","small_image_url":"https:\/\/cdn.myanimelist.net\/images\/anime\/1240\/133638t.jpg","large_image_url":"https:\/\/cdn.myanimelist.net\/images\/anime\/1240\/133638l.jpg"},"webp":{"image_url":"https:\/\/cdn.myanimelist.net\/images\/anime\/1240\/133638.webp","small_image_url":"https:\/\/cdn.myanimelist.net\/images\/anime\/1240\/133638t.webp","large_image_url":"https:\/\/cdn.myanimelist.net\/images\/anime\/1240\/133638l.webp"}},"trailer":{"youtube_id":"IUq59ARXtdg","url":"https:\/\/www.youtube.com\/watch?v=IUq59ARXtdg","embed_url":"https:\/\/www.youtube.com\/embed\/IUq59ARXtdg?enablejsapi=1&wmode=opaque&autoplay=1","images":{"image_url":"https:\/\/img.youtube.com\/vi\/IUq59ARXtdg\/default.jpg","small_image_url":"https:\/\/img.youtube.com\/vi\/IUq59ARXtdg\/sddefault.jpg","medium_image_url":"https:\/\/img.youtube.com\/vi\/IUq59ARXtdg\/mqdefault.jpg","large_image_url":"https:\/\/img.youtube.com\/vi\/IUq59ARXtdg\/hqdefault.jpg","maximum_image_url":"https:\/\/img.youtube.com\/vi\/IUq59ARXtdg\/maxresdefault.jpg"}},"approved":true,"titles":[{"type":"Default","title":"Otonari no Tenshi-sama ni Itsunomanika Dame Ningen ni Sareteita Ken"},{"type":"Japanese","title":"\u304a\u96a3\u306e\u5929\u4f7f\u69d8\u306b\u3044\u3064\u306e\u9593\u306b\u304b\u99c4\u76ee\u4eba\u9593\u306b\u3055\u308c\u3066\u3044\u305f\u4ef6"},{"type":"English","title":"The Angel Next Door Spoils Me Rotten"}],"title":"Otonari no Tenshi-sama ni Itsunomanika Dame Ningen ni Sareteita Ken","title_english":"The Angel Next Door Spoils Me Rotten","title_japanese":"\u304a\u96a3\u306e\u5929\u4f7f\u69d8\u306b\u3044\u3064\u306e\u9593\u306b\u304b\u99c4\u76ee\u4eba\u9593\u306b\u3055\u308c\u3066\u3044\u305f\u4ef6","title_synonyms":[],"type":"TV","source":"Light novel","episodes":12,"status":"Finished Airing","airing":false,"aired":{"from":"2023-01-07T00:00:00+00:00","to":"2023-03-25T00:00:00+00:00","prop":{"from":{"day":7,"month":1,"year":2023},"to":{"day":25,"month":3,"year":2023}},"string":"Jan 7, 2023 to Mar 25, 2023"},"duration":"23 min per ep","rating":"PG-13 - Teens 13 or older","score":7.81,"scored_by":140445,"rank":940,"popularity":855,"members":271663,"favorites":4334,"synopsis":"Mahiru Shiina is worthy of her nickname \"Angel\": she is a divine beauty loved by all, and she excels in both academics and athletics. Shiina lives in an entirely different world from Amane Fujimiya, her next-door neighbor. Despite living so close together, they have never spoken once. But their silence is broken when Fujimiya spots Shiina gloomily sitting on a swing amidst a heavy rainstorm and lends her his umbrella. \n\nWhen Fujimiya catches a cold the next day, Shiina wishes to return the favor for the umbrella by nursing him back to health. Believing that this would be their first and last interaction, he silently appreciates her kindness. However, Shiina\u2014who can not help but worry about Fujimiya's lack of tidiness and proper nutrition\u2014begins to cook and clean for him. As the unlikely pair spend time together in Fujimiya's apartment, they explore the true nature of their relationship and the gentle emotions that emerge from it.\n\n[Written by MAL Rewrite]","background":null,"season":"winter","year":2023,"broadcast":{"day":"Saturdays","time":"22:30","timezone":"Asia\/Tokyo","string":"Saturdays at 22:30 (JST)"},"producers":[{"mal_id":144,"type":"anime","name":"Pony Canyon","url":"https:\/\/myanimelist.net\/anime\/producer\/144\/Pony_Canyon"},{"mal_id":166,"type":"anime","name":"Movic","url":"https:\/\/myanimelist.net\/anime\/producer\/166\/Movic"},{"mal_id":1143,"type":"anime","name":"TOHO animation","url":"https:\/\/myanimelist.net\/anime\/producer\/1143\/TOHO_animation"},{"mal_id":1211,"type":"anime","name":"Tokyo MX","url":"https:\/\/myanimelist.net\/anime\/producer\/1211\/Tokyo_MX"},{"mal_id":1261,"type":"anime","name":"Good Smile Company","url":"https:\/\/myanimelist.net\/anime\/producer\/1261\/Good_Smile_Company"},{"mal_id":2111,"type":"anime","name":"Pia","url":"https:\/\/myanimelist.net\/anime\/producer\/2111\/Pia"},{"mal_id":2117,"type":"anime","name":"SB Creative","url":"https:\/\/myanimelist.net\/anime\/producer\/2117\/SB_Creative"}],"licensors":[],"studios":[{"mal_id":439,"type":"anime","name":"Project No.9","url":"https:\/\/myanimelist.net\/anime\/producer\/439\/Project_No9"}],"genres":[{"mal_id":22,"type":"anime","name":"Romance","url":"https:\/\/myanimelist.net\/anime\/genre\/22\/Romance"}],"explicit_genres":[],"themes":[{"mal_id":23,"type":"anime","name":"School","url":"https:\/\/myanimelist.net\/anime\/genre\/23\/School"}],"demographics":[],"relations":[{"relation":"Adaptation","entry":[{"mal_id":123649,"type":"manga","name":"Otonari no Tenshi-sama ni Itsunomanika Dame Ningen ni Sareteita Ken","url":"https:\/\/myanimelist.net\/manga\/123649\/Otonari_no_Tenshi-sama_ni_Itsunomanika_Dame_Ningen_ni_Sareteita_Ken"}]},{"relation":"Sequel","entry":[{"mal_id":56876,"type":"anime","name":"Otonari no Tenshi-sama ni Itsunomanika Dame Ningen ni Sareteita Ken 2nd Season","url":"https:\/\/myanimelist.net\/anime\/56876\/Otonari_no_Tenshi-sama_ni_Itsunomanika_Dame_Ningen_ni_Sareteita_Ken_2nd_Season"}]}],"theme":{"openings":["\"Gift (\u30ae\u30d5\u30c8)\" by Masayoshi Ooishi"],"endings":["\"Gift (\u30ae\u30d5\u30c8)\" by Masayoshi Ooishi (eps ep 1)","\"Chiisana Koi no Uta (\u5c0f\u3055\u306a\u604b\u306e\u3046\u305f)\" by Mahiru Shiina (CV: Manaka Iwami) (eps eps 2-6, 9-11)","\"Ai Uta (\u611b\u5504)\" by Mahiru Shiina (CV: Manaka Iwami) (eps ep 7)","\"Kimi ni Todoke (\u541b\u306b\u5c4a\u3051)\" by Mahiru Shiina (CV: Manaka Iwami) (eps ep 12)"]},"external":[{"name":"Official Site","url":"https:\/\/otonarino-tenshisama.jp\/"},{"name":"@tenshisama_PR","url":"https:\/\/twitter.com\/tenshisama_PR"},{"name":"AniDB","url":"https:\/\/anidb.net\/perl-bin\/animedb.pl?show=anime&aid=17108"},{"name":"ANN","url":"https:\/\/www.animenewsnetwork.com\/encyclopedia\/anime.php?id=25110"},{"name":"Wikipedia","url":"https:\/\/en.wikipedia.org\/wiki\/The_Angel_Next_Door_Spoils_Me_Rotten#Anime"},{"name":"Wikipedia","url":"https:\/\/ja.wikipedia.org\/wiki\/%E3%81%8A%E9%9A%A3%E3%81%AE%E5%A4%A9%E4%BD%BF%E6%A7%98%E3%81%AB%E3%81%84%E3%81%A4%E3%81%AE%E9%96%93%E3%81%AB%E3%81%8B%E9%A7%84%E7%9B%AE%E4%BA%BA%E9%96%93%E3%81%AB%E3%81%95%E3%82%8C%E3%81%A6%E3%81%84%E3%81%9F%E4%BB%B6"},{"name":"Syoboi","url":"https:\/\/cal.syoboi.jp\/tid\/6566"}],"streaming":[{"name":"Crunchyroll","url":"http:\/\/www.crunchyroll.com\/series-283375"},{"name":"Aniplus TV","url":"http:\/\/www.aniplustv.com\/"},{"name":"Bahamut Anime Crazy","url":"https:\/\/ani.gamer.com.tw\/"},{"name":"Laftel","url":"https:\/\/laftel.net\/"}]}}