{"data":{"mal_id":50846,"url":"https:\/\/myanimelist.net\/anime\/50846\/New_Initial_D_Movie__Battle_Digest","images":{"jpg":{"image_url":"https:\/\/cdn.myanimelist.net\/images\/anime\/1207\/120556.jpg","small_image_url":"https:\/\/cdn.myanimelist.net\/images\/anime\/1207\/120556t.jpg","large_image_url":"https:\/\/cdn.myanimelist.net\/images\/anime\/1207\/120556l.jpg"},"webp":{"image_url":"https:\/\/cdn.myanimelist.net\/images\/anime\/1207\/120556.webp","small_image_url":"https:\/\/cdn.myanimelist.net\/images\/anime\/1207\/120556t.webp","large_image_url":"https:\/\/cdn.myanimelist.net\/images\/anime\/1207\/120556l.webp"}},"trailer":{"youtube_id":null,"url":null,"embed_url":null,"images":{"image_url":null,"small_image_url":null,"medium_image_url":null,"large_image_url":null,"maximum_image_url":null}},"approved":true,"titles":[{"type":"Default","title":"New Initial D Movie: Battle Digest"},{"type":"Japanese","title":"\u65b0\u5287\u5834\u7248 \u982d\u6587\u5b57[\u30a4\u30cb\u30b7\u30e3\u30eb]D BATTLE DIGEST"}],"title":"New Initial D Movie: Battle Digest","title_english":null,"title_japanese":"\u65b0\u5287\u5834\u7248 \u982d\u6587\u5b57[\u30a4\u30cb\u30b7\u30e3\u30eb]D BATTLE DIGEST","title_synonyms":[],"type":"OVA","source":"Manga","episodes":1,"status":"Finished Airing","airing":false,"aired":{"from":"2022-01-07T00:00:00+00:00","to":null,"prop":{"from":{"day":7,"month":1,"year":2022},"to":{"day":null,"month":null,"year":null}},"string":"Jan 7, 2022"},"duration":"47 min","rating":"PG-13 - Teens 13 or older","score":7.38,"scored_by":998,"rank":2266,"popularity":7870,"members":5541,"favorites":56,"synopsis":"New Initial D Movie: Battle Digest is a compilation film in the New Initial D Movie series. It features the battle scenes from the Initial D Legends films with a new soundtrack, in a similar fashion to the Battle Stages.\n\n(Source: Initial D Wiki)","background":null,"season":null,"year":null,"broadcast":{"day":null,"time":null,"timezone":null,"string":null},"producers":[],"licensors":[],"studios":[{"mal_id":537,"type":"anime","name":"SANZIGEN","url":"https:\/\/myanimelist.net\/anime\/producer\/537\/SANZIGEN"},{"mal_id":839,"type":"anime","name":"LIDENFILMS","url":"https:\/\/myanimelist.net\/anime\/producer\/839\/LIDENFILMS"}],"genres":[],"explicit_genres":[],"themes":[{"mal_id":3,"type":"anime","name":"Racing","url":"https:\/\/myanimelist.net\/anime\/genre\/3\/Racing"}],"demographics":[{"mal_id":42,"type":"anime","name":"Seinen","url":"https:\/\/myanimelist.net\/anime\/genre\/42\/Seinen"}],"relations":[{"relation":"Adaptation","entry":[{"mal_id":375,"type":"manga","name":"Initial D","url":"https:\/\/myanimelist.net\/manga\/375\/Initial_D"}]},{"relation":"Full story","entry":[{"mal_id":19613,"type":"anime","name":"New Initial D Movie: Legend 1 - Kakusei","url":"https:\/\/myanimelist.net\/anime\/19613\/New_Initial_D_Movie__Legend_1_-_Kakusei"},{"mal_id":28881,"type":"anime","name":"New Initial D Movie: Legend 2 - Tousou","url":"https:\/\/myanimelist.net\/anime\/28881\/New_Initial_D_Movie__Legend_2_-_Tousou"},{"mal_id":30952,"type":"anime","name":"New Initial D Movie: Legend 3 - Mugen","url":"https:\/\/myanimelist.net\/anime\/30952\/New_Initial_D_Movie__Legend_3_-_Mugen"}]}],"theme":{"openings":[],"endings":[]},"external":[],"streaming":[]}}