{"data":{"mal_id":51218,"url":"https:\/\/myanimelist.net\/anime\/51218\/BanG_Dream_5th_Anniversary_Animation__CiRCLE_Thanks_Party","images":{"jpg":{"image_url":"https:\/\/cdn.myanimelist.net\/images\/anime\/1343\/121390.jpg","small_image_url":"https:\/\/cdn.myanimelist.net\/images\/anime\/1343\/121390t.jpg","large_image_url":"https:\/\/cdn.myanimelist.net\/images\/anime\/1343\/121390l.jpg"},"webp":{"image_url":"https:\/\/cdn.myanimelist.net\/images\/anime\/1343\/121390.webp","small_image_url":"https:\/\/cdn.myanimelist.net\/images\/anime\/1343\/121390t.webp","large_image_url":"https:\/\/cdn.myanimelist.net\/images\/anime\/1343\/121390l.webp"}},"trailer":{"youtube_id":null,"url":null,"embed_url":null,"images":{"image_url":null,"small_image_url":null,"medium_image_url":null,"large_image_url":null,"maximum_image_url":null}},"approved":true,"titles":[{"type":"Default","title":"BanG Dream! 5th Anniversary Animation: CiRCLE Thanks Party!"},{"type":"Japanese","title":"\u30d0\u30f3\u30c9\u30ea\uff01 \u30ac\u30fc\u30eb\u30ba\u30d0\u30f3\u30c9\u30d1\u30fc\u30c6\u30a3\uff01 5th Anniversary Animation -CiRCLE THANKS PARTY\uff01-"}],"title":"BanG Dream! 5th Anniversary Animation: CiRCLE Thanks Party!","title_english":null,"title_japanese":"\u30d0\u30f3\u30c9\u30ea\uff01 \u30ac\u30fc\u30eb\u30ba\u30d0\u30f3\u30c9\u30d1\u30fc\u30c6\u30a3\uff01 5th Anniversary Animation -CiRCLE THANKS PARTY\uff01-","title_synonyms":[],"type":"ONA","source":"Mixed media","episodes":2,"status":"Finished Airing","airing":false,"aired":{"from":"2022-03-10T00:00:00+00:00","to":"2022-03-17T00:00:00+00:00","prop":{"from":{"day":10,"month":3,"year":2022},"to":{"day":17,"month":3,"year":2022}},"string":"Mar 10, 2022 to Mar 17, 2022"},"duration":"23 min per ep","rating":"PG-13 - Teens 13 or older","score":7.73,"scored_by":1749,"rank":1112,"popularity":9038,"members":3740,"favorites":22,"synopsis":"A two-episode animation commemorating the 5th anniversary of 'BanG Dream! Girls Band Party!'","background":null,"season":null,"year":null,"broadcast":{"day":null,"time":null,"timezone":null,"string":null},"producers":[],"licensors":[],"studios":[{"mal_id":537,"type":"anime","name":"SANZIGEN","url":"https:\/\/myanimelist.net\/anime\/producer\/537\/SANZIGEN"}],"genres":[],"explicit_genres":[],"themes":[{"mal_id":19,"type":"anime","name":"Music","url":"https:\/\/myanimelist.net\/anime\/genre\/19\/Music"}],"demographics":[],"relations":[{"relation":"Other","entry":[{"mal_id":37870,"type":"anime","name":"BanG Dream! 3rd Season","url":"https:\/\/myanimelist.net\/anime\/37870\/BanG_Dream_3rd_Season"}]}],"theme":{"openings":[],"endings":["1: \"CiRCLING\" by Poppin'Party (eps 1)","2: \"SAKURA MEMORIES\" by Poppin'Party (eps 2)"]},"external":[{"name":"Official Site","url":"https:\/\/anniv-bang-dream.bushimo.jp\/5th\/anime\/"}],"streaming":[]}}