{"data":{"mal_id":51215,"url":"https:\/\/myanimelist.net\/anime\/51215\/Seijo_no_Maryoku_wa_Bannou_desu_Season_2","images":{"jpg":{"image_url":"https:\/\/cdn.myanimelist.net\/images\/anime\/1077\/136855.jpg","small_image_url":"https:\/\/cdn.myanimelist.net\/images\/anime\/1077\/136855t.jpg","large_image_url":"https:\/\/cdn.myanimelist.net\/images\/anime\/1077\/136855l.jpg"},"webp":{"image_url":"https:\/\/cdn.myanimelist.net\/images\/anime\/1077\/136855.webp","small_image_url":"https:\/\/cdn.myanimelist.net\/images\/anime\/1077\/136855t.webp","large_image_url":"https:\/\/cdn.myanimelist.net\/images\/anime\/1077\/136855l.webp"}},"trailer":{"youtube_id":"VCstkLIXft8","url":"https:\/\/www.youtube.com\/watch?v=VCstkLIXft8","embed_url":"https:\/\/www.youtube.com\/embed\/VCstkLIXft8?enablejsapi=1&wmode=opaque&autoplay=1","images":{"image_url":"https:\/\/img.youtube.com\/vi\/VCstkLIXft8\/default.jpg","small_image_url":"https:\/\/img.youtube.com\/vi\/VCstkLIXft8\/sddefault.jpg","medium_image_url":"https:\/\/img.youtube.com\/vi\/VCstkLIXft8\/mqdefault.jpg","large_image_url":"https:\/\/img.youtube.com\/vi\/VCstkLIXft8\/hqdefault.jpg","maximum_image_url":"https:\/\/img.youtube.com\/vi\/VCstkLIXft8\/maxresdefault.jpg"}},"approved":true,"titles":[{"type":"Default","title":"Seijo no Maryoku wa Bannou desu Season 2"},{"type":"Synonym","title":"Seijo no Maryoku wa Bannou desu 2nd Season"},{"type":"Synonym","title":"The power of the saint is all around Season 2"},{"type":"Japanese","title":"\u8056\u5973\u306e\u9b54\u529b\u306f\u4e07\u80fd\u3067\u3059 Season2"},{"type":"English","title":"The Saint's Magic Power is Omnipotent Season 2"}],"title":"Seijo no Maryoku wa Bannou desu Season 2","title_english":"The Saint's Magic Power is Omnipotent Season 2","title_japanese":"\u8056\u5973\u306e\u9b54\u529b\u306f\u4e07\u80fd\u3067\u3059 Season2","title_synonyms":["Seijo no Maryoku wa Bannou desu 2nd Season","The power of the saint is all around Season 2"],"type":"TV","source":"Light novel","episodes":12,"status":"Currently Airing","airing":true,"aired":{"from":"2023-10-03T00:00:00+00:00","to":null,"prop":{"from":{"day":3,"month":10,"year":2023},"to":{"day":null,"month":null,"year":null}},"string":"Oct 3, 2023 to ?"},"duration":"23 min per ep","rating":"PG-13 - Teens 13 or older","score":7.42,"scored_by":4888,"rank":2090,"popularity":2853,"members":55183,"favorites":228,"synopsis":"Second season of Seijo no Maryoku wa Bannou Desu.","background":null,"season":"fall","year":2023,"broadcast":{"day":"Tuesdays","time":"23:00","timezone":"Asia\/Tokyo","string":"Tuesdays at 23:00 (JST)"},"producers":[{"mal_id":104,"type":"anime","name":"Lantis","url":"https:\/\/myanimelist.net\/anime\/producer\/104\/Lantis"},{"mal_id":166,"type":"anime","name":"Movic","url":"https:\/\/myanimelist.net\/anime\/producer\/166\/Movic"},{"mal_id":238,"type":"anime","name":"AT-X","url":"https:\/\/myanimelist.net\/anime\/producer\/238\/AT-X"},{"mal_id":1614,"type":"anime","name":"NTT Plala","url":"https:\/\/myanimelist.net\/anime\/producer\/1614\/NTT_Plala"},{"mal_id":1696,"type":"anime","name":"Kadokawa","url":"https:\/\/myanimelist.net\/anime\/producer\/1696\/Kadokawa"},{"mal_id":2074,"type":"anime","name":"Bit grooove promotion","url":"https:\/\/myanimelist.net\/anime\/producer\/2074\/Bit_grooove_promotion"},{"mal_id":2425,"type":"anime","name":"Bandai Namco Music Live","url":"https:\/\/myanimelist.net\/anime\/producer\/2425\/Bandai_Namco_Music_Live"}],"licensors":[],"studios":[{"mal_id":51,"type":"anime","name":"Diomed\u00e9a","url":"https:\/\/myanimelist.net\/anime\/producer\/51\/Diomed%C3%A9a"}],"genres":[{"mal_id":10,"type":"anime","name":"Fantasy","url":"https:\/\/myanimelist.net\/anime\/genre\/10\/Fantasy"},{"mal_id":22,"type":"anime","name":"Romance","url":"https:\/\/myanimelist.net\/anime\/genre\/22\/Romance"}],"explicit_genres":[],"themes":[{"mal_id":62,"type":"anime","name":"Isekai","url":"https:\/\/myanimelist.net\/anime\/genre\/62\/Isekai"},{"mal_id":67,"type":"anime","name":"Medical","url":"https:\/\/myanimelist.net\/anime\/genre\/67\/Medical"}],"demographics":[],"relations":[{"relation":"Adaptation","entry":[{"mal_id":111629,"type":"manga","name":"Seijo no Maryoku wa Bannou desu","url":"https:\/\/myanimelist.net\/manga\/111629\/Seijo_no_Maryoku_wa_Bannou_desu"}]},{"relation":"Prequel","entry":[{"mal_id":42826,"type":"anime","name":"Seijo no Maryoku wa Bannou desu","url":"https:\/\/myanimelist.net\/anime\/42826\/Seijo_no_Maryoku_wa_Bannou_desu"}]}],"theme":{"openings":["\"Semisweet Afternoon\" by Aira Yuuki"],"endings":["\"Lilac Melody\" by Aina Suzuki"]},"external":[{"name":"Official Site","url":"https:\/\/seijyonomaryoku.jp\/"},{"name":"@seijyonoanime","url":"https:\/\/twitter.com\/seijyonoanime"},{"name":"AniDB","url":"https:\/\/anidb.net\/perl-bin\/animedb.pl?show=anime&aid=17246"},{"name":"ANN","url":"https:\/\/www.animenewsnetwork.com\/encyclopedia\/anime.php?id=25417"},{"name":"Wikipedia","url":"https:\/\/en.wikipedia.org\/wiki\/The_Saint's_Magic_Power_is_Omnipotent#Anime"},{"name":"Wikipedia","url":"https:\/\/ja.wikipedia.org\/wiki\/%E8%81%96%E5%A5%B3%E3%81%AE%E9%AD%94%E5%8A%9B%E3%81%AF%E4%B8%87%E8%83%BD%E3%81%A7%E3%81%99"},{"name":"Syoboi","url":"https:\/\/cal.syoboi.jp\/tid\/6845"}],"streaming":[{"name":"Crunchyroll","url":"https:\/\/www.crunchyroll.com\/"},{"name":"Aniplus TV","url":"http:\/\/www.aniplustv.com\/"},{"name":"Bahamut Anime Crazy","url":"https:\/\/ani.gamer.com.tw\/"},{"name":"Bilibili Global","url":"https:\/\/www.bilibili.tv\/en\/index"},{"name":"CatchPlay","url":"https:\/\/www.catchplay.com\/"},{"name":"MeWatch","url":"https:\/\/www.mewatch.sg\/"},{"name":"Muse Asia","url":"https:\/\/www.youtube.com\/channel\/UCGbshtvS9t-8CW11W7TooQg"},{"name":"Sushiroll","url":"https:\/\/sushiroll.co.id\/"}]}}