{"data":{"mal_id":513,"url":"https:\/\/myanimelist.net\/anime\/513\/Tenkuu_no_Shiro_Laputa","images":{"jpg":{"image_url":"https:\/\/cdn.myanimelist.net\/images\/anime\/5\/37799.jpg","small_image_url":"https:\/\/cdn.myanimelist.net\/images\/anime\/5\/37799t.jpg","large_image_url":"https:\/\/cdn.myanimelist.net\/images\/anime\/5\/37799l.jpg"},"webp":{"image_url":"https:\/\/cdn.myanimelist.net\/images\/anime\/5\/37799.webp","small_image_url":"https:\/\/cdn.myanimelist.net\/images\/anime\/5\/37799t.webp","large_image_url":"https:\/\/cdn.myanimelist.net\/images\/anime\/5\/37799l.webp"}},"trailer":{"youtube_id":"8ykEy-yPBFc","url":"https:\/\/www.youtube.com\/watch?v=8ykEy-yPBFc","embed_url":"https:\/\/www.youtube.com\/embed\/8ykEy-yPBFc?enablejsapi=1&wmode=opaque&autoplay=1","images":{"image_url":"https:\/\/img.youtube.com\/vi\/8ykEy-yPBFc\/default.jpg","small_image_url":"https:\/\/img.youtube.com\/vi\/8ykEy-yPBFc\/sddefault.jpg","medium_image_url":"https:\/\/img.youtube.com\/vi\/8ykEy-yPBFc\/mqdefault.jpg","large_image_url":"https:\/\/img.youtube.com\/vi\/8ykEy-yPBFc\/hqdefault.jpg","maximum_image_url":"https:\/\/img.youtube.com\/vi\/8ykEy-yPBFc\/maxresdefault.jpg"}},"approved":true,"titles":[{"type":"Default","title":"Tenkuu no Shiro Laputa"},{"type":"Synonym","title":"Tenkuu no Shiro Rapyuta"},{"type":"Japanese","title":"\u5929\u7a7a\u306e\u57ce\u30e9\u30d4\u30e5\u30bf"},{"type":"English","title":"Castle in the Sky"},{"type":"German","title":"Das Schloss im Himmel"},{"type":"Spanish","title":"El Castillo en el Cielo"},{"type":"French","title":"Castle in the Sky"}],"title":"Tenkuu no Shiro Laputa","title_english":"Castle in the Sky","title_japanese":"\u5929\u7a7a\u306e\u57ce\u30e9\u30d4\u30e5\u30bf","title_synonyms":["Tenkuu no Shiro Rapyuta"],"type":"Movie","source":"Original","episodes":1,"status":"Finished Airing","airing":false,"aired":{"from":"1986-08-02T00:00:00+00:00","to":null,"prop":{"from":{"day":2,"month":8,"year":1986},"to":{"day":null,"month":null,"year":null}},"string":"Aug 2, 1986"},"duration":"2 hr 4 min","rating":"PG - Children","score":8.26,"scored_by":296657,"rank":295,"popularity":454,"members":472881,"favorites":4145,"synopsis":"In a world filled with planes and airships, Sheeta is a young girl who has been kidnapped by government agents who seek her mysterious crystal amulet. While trapped aboard an airship, she finds herself without hope\u2014that is, until the ship is raided by pirates. Taking advantage of the ensuing confusion, Sheeta manages to flee from her captors. Upon her escape, she meets Pazu, a boy who dreams of reaching the fabled flying castle, Laputa. The two decide to embark on a journey together to discover this castle in the sky. However, they soon find the government agents back on their trail, as they too are trying to reach Laputa for their own greedy purposes.\n\nTenkuu no Shiro Laputa follows the soaring adventures of Sheeta and Pazu, all while they learn how dreams and dire circumstances can bring two people closer together.\n\n[Written by MAL Rewrite]","background":"Tenkuu no Shiro Laputa was the first film to be produced and released by Studio Ghibli. It won the Animage Anime Grand Prix in 1986.","season":null,"year":null,"broadcast":{"day":null,"time":null,"timezone":null,"string":null},"producers":[{"mal_id":382,"type":"anime","name":"Tokuma Shoten","url":"https:\/\/myanimelist.net\/anime\/producer\/382\/Tokuma_Shoten"},{"mal_id":2518,"type":"anime","name":"Streamline Pictures","url":"https:\/\/myanimelist.net\/anime\/producer\/2518\/Streamline_Pictures"}],"licensors":[{"mal_id":417,"type":"anime","name":"Disney Platform Distribution","url":"https:\/\/myanimelist.net\/anime\/producer\/417\/Disney_Platform_Distribution"},{"mal_id":783,"type":"anime","name":"GKIDS","url":"https:\/\/myanimelist.net\/anime\/producer\/783\/GKIDS"}],"studios":[{"mal_id":21,"type":"anime","name":"Studio Ghibli","url":"https:\/\/myanimelist.net\/anime\/producer\/21\/Studio_Ghibli"}],"genres":[{"mal_id":2,"type":"anime","name":"Adventure","url":"https:\/\/myanimelist.net\/anime\/genre\/2\/Adventure"},{"mal_id":46,"type":"anime","name":"Award Winning","url":"https:\/\/myanimelist.net\/anime\/genre\/46\/Award_Winning"},{"mal_id":10,"type":"anime","name":"Fantasy","url":"https:\/\/myanimelist.net\/anime\/genre\/10\/Fantasy"},{"mal_id":22,"type":"anime","name":"Romance","url":"https:\/\/myanimelist.net\/anime\/genre\/22\/Romance"},{"mal_id":24,"type":"anime","name":"Sci-Fi","url":"https:\/\/myanimelist.net\/anime\/genre\/24\/Sci-Fi"}],"explicit_genres":[],"themes":[],"demographics":[],"relations":[{"relation":"Adaptation","entry":[{"mal_id":76407,"type":"manga","name":"Tenkuu no Shiro Laputa","url":"https:\/\/myanimelist.net\/manga\/76407\/Tenkuu_no_Shiro_Laputa"}]}],"theme":{"openings":["\"Sora kara Futtekita Shoujo (\u7a7a\u304b\u3089\u964d\u3063\u3066\u304d\u305f\u5c11\u5973; The Girl Who Fell from the Sky)\" by Joe Hisaishi"],"endings":["\"Kimi wo Nosete (\u541b\u3092\u306e\u305b\u3066; Carrying You)\" by Azumi Inoue"]},"external":[{"name":"Official Site","url":"https:\/\/www.ghibli.jp\/works\/laputa\/"},{"name":"AniDB","url":"https:\/\/anidb.net\/perl-bin\/animedb.pl?show=anime&aid=331"},{"name":"ANN","url":"https:\/\/www.animenewsnetwork.com\/encyclopedia\/anime.php?id=481"},{"name":"Wikipedia","url":"http:\/\/en.wikipedia.org\/wiki\/Castle_in_the_Sky"},{"name":"Wikipedia","url":"https:\/\/ja.wikipedia.org\/wiki\/%E5%A4%A9%E7%A9%BA%E3%81%AE%E5%9F%8E%E3%83%A9%E3%83%94%E3%83%A5%E3%82%BF"},{"name":"Syoboi","url":"https:\/\/cal.syoboi.jp\/tid\/3072"},{"name":"Bangumi","url":"https:\/\/bgm.tv\/subject\/298"}],"streaming":[{"name":"Netflix","url":"https:\/\/www.netflix.com\/"}]}}