{"data":{"mal_id":51318,"url":"https:\/\/myanimelist.net\/anime\/51318\/Hanma_Baki__Son_of_Ogre_2nd_Season","images":{"jpg":{"image_url":"https:\/\/cdn.myanimelist.net\/images\/anime\/1800\/135847.jpg","small_image_url":"https:\/\/cdn.myanimelist.net\/images\/anime\/1800\/135847t.jpg","large_image_url":"https:\/\/cdn.myanimelist.net\/images\/anime\/1800\/135847l.jpg"},"webp":{"image_url":"https:\/\/cdn.myanimelist.net\/images\/anime\/1800\/135847.webp","small_image_url":"https:\/\/cdn.myanimelist.net\/images\/anime\/1800\/135847t.webp","large_image_url":"https:\/\/cdn.myanimelist.net\/images\/anime\/1800\/135847l.webp"}},"trailer":{"youtube_id":"Ns8r8J44f6s","url":"https:\/\/www.youtube.com\/watch?v=Ns8r8J44f6s","embed_url":"https:\/\/www.youtube.com\/embed\/Ns8r8J44f6s?enablejsapi=1&wmode=opaque&autoplay=1","images":{"image_url":"https:\/\/img.youtube.com\/vi\/Ns8r8J44f6s\/default.jpg","small_image_url":"https:\/\/img.youtube.com\/vi\/Ns8r8J44f6s\/sddefault.jpg","medium_image_url":"https:\/\/img.youtube.com\/vi\/Ns8r8J44f6s\/mqdefault.jpg","large_image_url":"https:\/\/img.youtube.com\/vi\/Ns8r8J44f6s\/hqdefault.jpg","maximum_image_url":"https:\/\/img.youtube.com\/vi\/Ns8r8J44f6s\/maxresdefault.jpg"}},"approved":true,"titles":[{"type":"Default","title":"Hanma Baki: Son of Ogre 2nd Season"},{"type":"Synonym","title":"The Boy Fascinating the Fighting God 2"},{"type":"Japanese","title":"\u7bc4\u99ac\u5203\u7259 SON OF OGRE"},{"type":"English","title":"Baki Hanma 2nd Season"}],"title":"Hanma Baki: Son of Ogre 2nd Season","title_english":"Baki Hanma 2nd Season","title_japanese":"\u7bc4\u99ac\u5203\u7259 SON OF OGRE","title_synonyms":["The Boy Fascinating the Fighting God 2"],"type":"ONA","source":"Manga","episodes":27,"status":"Finished Airing","airing":false,"aired":{"from":"2023-07-26T00:00:00+00:00","to":"2023-08-24T00:00:00+00:00","prop":{"from":{"day":26,"month":7,"year":2023},"to":{"day":24,"month":8,"year":2023}},"string":"Jul 26, 2023 to Aug 24, 2023"},"duration":"25 min per ep","rating":"R - 17+ (violence & profanity)","score":8.03,"scored_by":32345,"rank":576,"popularity":2570,"members":66739,"favorites":385,"synopsis":"Second season of Hanma Baki: Son of Ogre.","background":null,"season":null,"year":null,"broadcast":{"day":null,"time":null,"timezone":null,"string":null},"producers":[],"licensors":[],"studios":[{"mal_id":73,"type":"anime","name":"TMS Entertainment","url":"https:\/\/myanimelist.net\/anime\/producer\/73\/TMS_Entertainment"}],"genres":[{"mal_id":30,"type":"anime","name":"Sports","url":"https:\/\/myanimelist.net\/anime\/genre\/30\/Sports"}],"explicit_genres":[],"themes":[{"mal_id":54,"type":"anime","name":"Combat Sports","url":"https:\/\/myanimelist.net\/anime\/genre\/54\/Combat_Sports"},{"mal_id":58,"type":"anime","name":"Gore","url":"https:\/\/myanimelist.net\/anime\/genre\/58\/Gore"}],"demographics":[{"mal_id":27,"type":"anime","name":"Shounen","url":"https:\/\/myanimelist.net\/anime\/genre\/27\/Shounen"}],"relations":[{"relation":"Adaptation","entry":[{"mal_id":7760,"type":"manga","name":"Hanma Baki","url":"https:\/\/myanimelist.net\/manga\/7760\/Hanma_Baki"}]},{"relation":"Prequel","entry":[{"mal_id":42940,"type":"anime","name":"Hanma Baki: Son of Ogre","url":"https:\/\/myanimelist.net\/anime\/42940\/Hanma_Baki__Son_of_Ogre"}]}],"theme":{"openings":["1: \"The Beast\" by Wagakki Band (\u548c\u697d\u5668\u30d0\u30f3\u30c9)","2: \"Sarracenia\" by SKY-HI"],"endings":["1: \"WILDER\" by UPSTART","2: \"Salvia\" by BE:FIRST"]},"external":[{"name":"Official Site","url":"https:\/\/baki-anime.jp\/"},{"name":"@baki_anime","url":"https:\/\/twitter.com\/baki_anime"},{"name":"AniDB","url":"https:\/\/anidb.net\/perl-bin\/animedb.pl?show=anime&aid=17271"},{"name":"ANN","url":"https:\/\/www.animenewsnetwork.com\/encyclopedia\/anime.php?id=25468"},{"name":"Wikipedia","url":"https:\/\/en.wikipedia.org\/wiki\/Baki_the_Grappler#Anime_series"},{"name":"Wikipedia","url":"https:\/\/ja.wikipedia.org\/wiki\/%E3%82%B0%E3%83%A9%E3%83%83%E3%83%97%E3%83%A9%E3%83%BC%E5%88%83%E7%89%99"}],"streaming":[{"name":"Netflix","url":"https:\/\/www.netflix.com\/"}]}}