{"data":{"mal_id":51367,"url":"https:\/\/myanimelist.net\/anime\/51367\/JoJo_no_Kimyou_na_Bouken_Part_6__Stone_Ocean_Part_2","images":{"jpg":{"image_url":"https:\/\/cdn.myanimelist.net\/images\/anime\/1051\/121959.jpg","small_image_url":"https:\/\/cdn.myanimelist.net\/images\/anime\/1051\/121959t.jpg","large_image_url":"https:\/\/cdn.myanimelist.net\/images\/anime\/1051\/121959l.jpg"},"webp":{"image_url":"https:\/\/cdn.myanimelist.net\/images\/anime\/1051\/121959.webp","small_image_url":"https:\/\/cdn.myanimelist.net\/images\/anime\/1051\/121959t.webp","large_image_url":"https:\/\/cdn.myanimelist.net\/images\/anime\/1051\/121959l.webp"}},"trailer":{"youtube_id":"tT_8m6n-hNE","url":"https:\/\/www.youtube.com\/watch?v=tT_8m6n-hNE","embed_url":"https:\/\/www.youtube.com\/embed\/tT_8m6n-hNE?enablejsapi=1&wmode=opaque&autoplay=1","images":{"image_url":"https:\/\/img.youtube.com\/vi\/tT_8m6n-hNE\/default.jpg","small_image_url":"https:\/\/img.youtube.com\/vi\/tT_8m6n-hNE\/sddefault.jpg","medium_image_url":"https:\/\/img.youtube.com\/vi\/tT_8m6n-hNE\/mqdefault.jpg","large_image_url":"https:\/\/img.youtube.com\/vi\/tT_8m6n-hNE\/hqdefault.jpg","maximum_image_url":"https:\/\/img.youtube.com\/vi\/tT_8m6n-hNE\/maxresdefault.jpg"}},"approved":true,"titles":[{"type":"Default","title":"JoJo no Kimyou na Bouken Part 6: Stone Ocean Part 2"},{"type":"Japanese","title":"\u30b8\u30e7\u30b8\u30e7\u306e\u5947\u5999\u306a\u5192\u967a \u30b9\u30c8\u30fc\u30f3\u30aa\u30fc\u30b7\u30e3\u30f3"},{"type":"English","title":"JoJo's Bizarre Adventure: Stone Ocean Part 2"}],"title":"JoJo no Kimyou na Bouken Part 6: Stone Ocean Part 2","title_english":"JoJo's Bizarre Adventure: Stone Ocean Part 2","title_japanese":"\u30b8\u30e7\u30b8\u30e7\u306e\u5947\u5999\u306a\u5192\u967a \u30b9\u30c8\u30fc\u30f3\u30aa\u30fc\u30b7\u30e3\u30f3","title_synonyms":[],"type":"ONA","source":"Manga","episodes":12,"status":"Finished Airing","airing":false,"aired":{"from":"2022-09-01T00:00:00+00:00","to":null,"prop":{"from":{"day":1,"month":9,"year":2022},"to":{"day":null,"month":null,"year":null}},"string":"Sep 1, 2022"},"duration":"24 min per ep","rating":"R - 17+ (violence & profanity)","score":8.1,"scored_by":135519,"rank":482,"popularity":1000,"members":231135,"favorites":945,"synopsis":"Thrown into solitary confinement after a daring rescue attempt, Jolyne Kuujou fights to uncover the sinister plot of Whitesnake, an enemy Stand whose mysterious wielder remains unknown to her.\n\nWhitesnake's user is actually Enrico Pucci, priest and chaplain of Green Dolphin Street Prison. Pucci shares a deep connection with a villain who once plagued the Joestar bloodline, making his feud with Jolyne and her father, Joutarou, a personal one. Intent on executing the master plan of his deceased friend, Pucci uses the prison and its inmates to fulfill his nefarious schemes.\n\nAssisted by fellow prisoners, like Ermes Costello and Foo Fighters, Jolyne battles several enemy Stand users. As the ramifications of Pucci's plot spread beyond the confines of the prison and begin to threaten the rest of the world, Jolyne embraces her family lineage and risks her life to put an end to evil.\n\n[Written by MAL Rewrite]","background":null,"season":null,"year":null,"broadcast":{"day":null,"time":null,"timezone":null,"string":null},"producers":[{"mal_id":415,"type":"anime","name":"Warner Bros. Japan","url":"https:\/\/myanimelist.net\/anime\/producer\/415\/Warner_Bros_Japan"}],"licensors":[],"studios":[{"mal_id":287,"type":"anime","name":"David Production","url":"https:\/\/myanimelist.net\/anime\/producer\/287\/David_Production"}],"genres":[{"mal_id":1,"type":"anime","name":"Action","url":"https:\/\/myanimelist.net\/anime\/genre\/1\/Action"},{"mal_id":2,"type":"anime","name":"Adventure","url":"https:\/\/myanimelist.net\/anime\/genre\/2\/Adventure"},{"mal_id":37,"type":"anime","name":"Supernatural","url":"https:\/\/myanimelist.net\/anime\/genre\/37\/Supernatural"}],"explicit_genres":[],"themes":[],"demographics":[{"mal_id":27,"type":"anime","name":"Shounen","url":"https:\/\/myanimelist.net\/anime\/genre\/27\/Shounen"}],"relations":[{"relation":"Adaptation","entry":[{"mal_id":3009,"type":"manga","name":"JoJo no Kimyou na Bouken Part 6: Stone Ocean","url":"https:\/\/myanimelist.net\/manga\/3009\/JoJo_no_Kimyou_na_Bouken_Part_6__Stone_Ocean"}]},{"relation":"Prequel","entry":[{"mal_id":48661,"type":"anime","name":"JoJo no Kimyou na Bouken Part 6: Stone Ocean","url":"https:\/\/myanimelist.net\/anime\/48661\/JoJo_no_Kimyou_na_Bouken_Part_6__Stone_Ocean"}]},{"relation":"Sequel","entry":[{"mal_id":53273,"type":"anime","name":"JoJo no Kimyou na Bouken Part 6: Stone Ocean Part 3","url":"https:\/\/myanimelist.net\/anime\/53273\/JoJo_no_Kimyou_na_Bouken_Part_6__Stone_Ocean_Part_3"}]}],"theme":{"openings":["\"STONE OCEAN\" by ichigo from Kishida Kyoudan & The Akeboshi Rockets (eps 1-12)"],"endings":["\"Distant Dreamer\" by Duffy (eps 1-12)"]},"external":[{"name":"Official Site","url":"https:\/\/jojo-portal.com\/anime\/so\/"},{"name":"@anime_jojo","url":"https:\/\/twitter.com\/anime_jojo"},{"name":"AniDB","url":"https:\/\/anidb.net\/perl-bin\/animedb.pl?show=anime&aid=17286"},{"name":"ANN","url":"https:\/\/www.animenewsnetwork.com\/encyclopedia\/anime.php?id=24619"},{"name":"Wikipedia","url":"https:\/\/en.wikipedia.org\/wiki\/Stone_Ocean"},{"name":"Wikipedia","url":"https:\/\/ja.wikipedia.org\/wiki\/%E3%82%B8%E3%83%A7%E3%82%B8%E3%83%A7%E3%81%AE%E5%A5%87%E5%A6%99%E3%81%AA%E5%86%92%E9%99%BA_%28%E3%83%86%E3%83%AC%E3%83%93%E3%82%A2%E3%83%8B%E3%83%A1%29"},{"name":"Syoboi","url":"https:\/\/cal.syoboi.jp\/tid\/6450"}],"streaming":[]}}