{"data":{"mal_id":51462,"url":"https:\/\/myanimelist.net\/anime\/51462\/Isekai_Nonbiri_Nouka","images":{"jpg":{"image_url":"https:\/\/cdn.myanimelist.net\/images\/anime\/1983\/132329.jpg","small_image_url":"https:\/\/cdn.myanimelist.net\/images\/anime\/1983\/132329t.jpg","large_image_url":"https:\/\/cdn.myanimelist.net\/images\/anime\/1983\/132329l.jpg"},"webp":{"image_url":"https:\/\/cdn.myanimelist.net\/images\/anime\/1983\/132329.webp","small_image_url":"https:\/\/cdn.myanimelist.net\/images\/anime\/1983\/132329t.webp","large_image_url":"https:\/\/cdn.myanimelist.net\/images\/anime\/1983\/132329l.webp"}},"trailer":{"youtube_id":"iwxPf8SEmEU","url":"https:\/\/www.youtube.com\/watch?v=iwxPf8SEmEU","embed_url":"https:\/\/www.youtube.com\/embed\/iwxPf8SEmEU?enablejsapi=1&wmode=opaque&autoplay=1","images":{"image_url":"https:\/\/img.youtube.com\/vi\/iwxPf8SEmEU\/default.jpg","small_image_url":"https:\/\/img.youtube.com\/vi\/iwxPf8SEmEU\/sddefault.jpg","medium_image_url":"https:\/\/img.youtube.com\/vi\/iwxPf8SEmEU\/mqdefault.jpg","large_image_url":"https:\/\/img.youtube.com\/vi\/iwxPf8SEmEU\/hqdefault.jpg","maximum_image_url":"https:\/\/img.youtube.com\/vi\/iwxPf8SEmEU\/maxresdefault.jpg"}},"approved":true,"titles":[{"type":"Default","title":"Isekai Nonbiri Nouka"},{"type":"Japanese","title":"\u7570\u4e16\u754c\u306e\u3093\u3073\u308a\u8fb2\u5bb6"},{"type":"English","title":"Farming Life in Another World"}],"title":"Isekai Nonbiri Nouka","title_english":"Farming Life in Another World","title_japanese":"\u7570\u4e16\u754c\u306e\u3093\u3073\u308a\u8fb2\u5bb6","title_synonyms":[],"type":"TV","source":"Light novel","episodes":12,"status":"Finished Airing","airing":false,"aired":{"from":"2023-01-06T00:00:00+00:00","to":"2023-03-24T00:00:00+00:00","prop":{"from":{"day":6,"month":1,"year":2023},"to":{"day":24,"month":3,"year":2023}},"string":"Jan 6, 2023 to Mar 24, 2023"},"duration":"23 min per ep","rating":"PG-13 - Teens 13 or older","score":7.57,"scored_by":88690,"rank":1526,"popularity":1302,"members":175884,"favorites":1427,"synopsis":"During the final years of his life, Hiraku Machio remained confined to a hospital bed with a terminal illness until he finally passed away. Taking pity on the unfair life he lived, a god decides to reincarnate Hiraku in another world where he can live as he pleases. Wanting to try farming in this new life, he is bestowed with an all-in-one \"Almighty Farming Tool\" that can transform into any useful implement he wishes. Hiraku is then transported to a forest seemingly far from civilization. Here, he plans to build and farm everything from scratch\u2014gradually developing the lifeless area into a thriving new society.\n\n[Written by MAL Rewrite]","background":"Isekai Nonbiri Nouka was released on Blu-ray and DVD in two volumes from April 19, 2023, to May 24, 2023.","season":"winter","year":2023,"broadcast":{"day":"Fridays","time":"21:00","timezone":"Asia\/Tokyo","string":"Fridays at 21:00 (JST)"},"producers":[{"mal_id":135,"type":"anime","name":"MediaNet","url":"https:\/\/myanimelist.net\/anime\/producer\/135\/MediaNet"},{"mal_id":144,"type":"anime","name":"Pony Canyon","url":"https:\/\/myanimelist.net\/anime\/producer\/144\/Pony_Canyon"},{"mal_id":238,"type":"anime","name":"AT-X","url":"https:\/\/myanimelist.net\/anime\/producer\/238\/AT-X"},{"mal_id":1563,"type":"anime","name":"Hakuhodo","url":"https:\/\/myanimelist.net\/anime\/producer\/1563\/Hakuhodo"},{"mal_id":1696,"type":"anime","name":"Kadokawa","url":"https:\/\/myanimelist.net\/anime\/producer\/1696\/Kadokawa"},{"mal_id":2671,"type":"anime","name":"Saber Links","url":"https:\/\/myanimelist.net\/anime\/producer\/2671\/Saber_Links"}],"licensors":[{"mal_id":376,"type":"anime","name":"Sentai Filmworks","url":"https:\/\/myanimelist.net\/anime\/producer\/376\/Sentai_Filmworks"}],"studios":[{"mal_id":1379,"type":"anime","name":"Zero-G","url":"https:\/\/myanimelist.net\/anime\/producer\/1379\/Zero-G"}],"genres":[{"mal_id":10,"type":"anime","name":"Fantasy","url":"https:\/\/myanimelist.net\/anime\/genre\/10\/Fantasy"},{"mal_id":36,"type":"anime","name":"Slice of Life","url":"https:\/\/myanimelist.net\/anime\/genre\/36\/Slice_of_Life"}],"explicit_genres":[],"themes":[{"mal_id":62,"type":"anime","name":"Isekai","url":"https:\/\/myanimelist.net\/anime\/genre\/62\/Isekai"}],"demographics":[],"relations":[{"relation":"Adaptation","entry":[{"mal_id":110087,"type":"manga","name":"Isekai Nonbiri Nouka","url":"https:\/\/myanimelist.net\/manga\/110087\/Isekai_Nonbiri_Nouka"}]}],"theme":{"openings":["\"Flower Ring\" by Ru (CV: Shino Shimoji), Tia (CV: Aya Suzaki)"],"endings":["\"Feel the winds\" by Yui Hizuki (\u7dcb\u6708\u3086\u3044)"]},"external":[{"name":"Official Site","url":"https:\/\/nonbiri-nouka.com\/"},{"name":"@nonbiri_nouka","url":"https:\/\/twitter.com\/nonbiri_nouka"},{"name":"AniDB","url":"https:\/\/anidb.net\/perl-bin\/animedb.pl?show=anime&aid=17290"},{"name":"ANN","url":"https:\/\/www.animenewsnetwork.com\/encyclopedia\/anime.php?id=25479"},{"name":"Wikipedia","url":"https:\/\/en.wikipedia.org\/wiki\/Farming_Life_in_Another_World#Anime"},{"name":"Wikipedia","url":"https:\/\/ja.wikipedia.org\/wiki\/%E7%95%B0%E4%B8%96%E7%95%8C%E3%81%AE%E3%82%93%E3%81%B3%E3%82%8A%E8%BE%B2%E5%AE%B6"},{"name":"Syoboi","url":"https:\/\/cal.syoboi.jp\/tid\/6541"}],"streaming":[{"name":"HIDIVE","url":"https:\/\/www.hidive.com\/"},{"name":"Anime Digital Network","url":"https:\/\/animedigitalnetwork.fr\/"},{"name":"Aniplus TV","url":"http:\/\/www.aniplustv.com\/"},{"name":"Bahamut Anime Crazy","url":"https:\/\/ani.gamer.com.tw\/"},{"name":"Bilibili Global","url":"https:\/\/www.bilibili.tv\/en\/index"},{"name":"Laftel","url":"https:\/\/laftel.net\/"}]}}