{"data":{"mal_id":51536,"url":"https:\/\/myanimelist.net\/anime\/51536\/The_iDOLMSTER_Cinderella_Girls__U149","images":{"jpg":{"image_url":"https:\/\/cdn.myanimelist.net\/images\/anime\/1875\/133377.jpg","small_image_url":"https:\/\/cdn.myanimelist.net\/images\/anime\/1875\/133377t.jpg","large_image_url":"https:\/\/cdn.myanimelist.net\/images\/anime\/1875\/133377l.jpg"},"webp":{"image_url":"https:\/\/cdn.myanimelist.net\/images\/anime\/1875\/133377.webp","small_image_url":"https:\/\/cdn.myanimelist.net\/images\/anime\/1875\/133377t.webp","large_image_url":"https:\/\/cdn.myanimelist.net\/images\/anime\/1875\/133377l.webp"}},"trailer":{"youtube_id":"qefigR6eNKk","url":"https:\/\/www.youtube.com\/watch?v=qefigR6eNKk","embed_url":"https:\/\/www.youtube.com\/embed\/qefigR6eNKk?enablejsapi=1&wmode=opaque&autoplay=1","images":{"image_url":"https:\/\/img.youtube.com\/vi\/qefigR6eNKk\/default.jpg","small_image_url":"https:\/\/img.youtube.com\/vi\/qefigR6eNKk\/sddefault.jpg","medium_image_url":"https:\/\/img.youtube.com\/vi\/qefigR6eNKk\/mqdefault.jpg","large_image_url":"https:\/\/img.youtube.com\/vi\/qefigR6eNKk\/hqdefault.jpg","maximum_image_url":"https:\/\/img.youtube.com\/vi\/qefigR6eNKk\/maxresdefault.jpg"}},"approved":true,"titles":[{"type":"Default","title":"The iDOLM@STER Cinderella Girls: U149"},{"type":"Japanese","title":"\u30a2\u30a4\u30c9\u30eb\u30de\u30b9\u30bf\u30fc \u30b7\u30f3\u30c7\u30ec\u30e9\u30ac\u30fc\u30eb\u30ba U149"}],"title":"The iDOLM@STER Cinderella Girls: U149","title_english":null,"title_japanese":"\u30a2\u30a4\u30c9\u30eb\u30de\u30b9\u30bf\u30fc \u30b7\u30f3\u30c7\u30ec\u30e9\u30ac\u30fc\u30eb\u30ba U149","title_synonyms":[],"type":"TV","source":"Web manga","episodes":12,"status":"Finished Airing","airing":false,"aired":{"from":"2023-04-06T00:00:00+00:00","to":"2023-06-29T00:00:00+00:00","prop":{"from":{"day":6,"month":4,"year":2023},"to":{"day":29,"month":6,"year":2023}},"string":"Apr 6, 2023 to Jun 29, 2023"},"duration":"24 min per ep","rating":"PG-13 - Teens 13 or older","score":7.71,"scored_by":5185,"rank":1146,"popularity":5529,"members":13308,"favorites":141,"synopsis":"Mature grade school student Arisu Tachibana is an aspiring idol who receives an invitation from her company president to participate in the Third Entertainment Section\u2014a new idol project. Arisu and eight other young girls soon meet their producer before beginning idol-related activities.\n\nTo the girls' surprise, their producer appears to be a childlike adult and nothing like what they had imagined. The producer, who is taking on the position for the first time, also had no idea that he would be meeting a group of short, young idols. The awkward situation leaves Arisu disappointed, and she wishes for a producer change.\n\nHowever, the producer, with his genuine love for idols and his desire to see them shine, will not let this opportunity pass and expresses that he is serious about working with the girls. Thankfully, the young idols accept the producer after seeing his unwavering passion for idols, serving as the start of their journey to the stage of dreams.\n\n[Written by MAL Rewrite]","background":"The IDOLM@STER Cinderella Girls: U149 was released on Blu-ray in four volumes from July 26, 2023, to October 25, 2023.","season":"spring","year":2023,"broadcast":{"day":"Thursdays","time":"00:00","timezone":"Asia\/Tokyo","string":"Thursdays at 00:00 (JST)"},"producers":[{"mal_id":323,"type":"anime","name":"Nippon Columbia","url":"https:\/\/myanimelist.net\/anime\/producer\/323\/Nippon_Columbia"},{"mal_id":1233,"type":"anime","name":"Bandai Namco Entertainment","url":"https:\/\/myanimelist.net\/anime\/producer\/1233\/Bandai_Namco_Entertainment"},{"mal_id":1587,"type":"anime","name":"Cygames","url":"https:\/\/myanimelist.net\/anime\/producer\/1587\/Cygames"}],"licensors":[],"studios":[{"mal_id":1893,"type":"anime","name":"CygamesPictures","url":"https:\/\/myanimelist.net\/anime\/producer\/1893\/CygamesPictures"}],"genres":[],"explicit_genres":[],"themes":[{"mal_id":60,"type":"anime","name":"Idols (Female)","url":"https:\/\/myanimelist.net\/anime\/genre\/60\/Idols_Female"},{"mal_id":19,"type":"anime","name":"Music","url":"https:\/\/myanimelist.net\/anime\/genre\/19\/Music"}],"demographics":[],"relations":[{"relation":"Adaptation","entry":[{"mal_id":106803,"type":"manga","name":"The iDOLM@STER Cinderella Girls: U149","url":"https:\/\/myanimelist.net\/manga\/106803\/The_iDOLMSTER_Cinderella_Girls__U149"}]},{"relation":"Other","entry":[{"mal_id":23587,"type":"anime","name":"The iDOLM@STER Cinderella Girls","url":"https:\/\/myanimelist.net\/anime\/23587\/The_iDOLMSTER_Cinderella_Girls"}]},{"relation":"Summary","entry":[{"mal_id":55517,"type":"anime","name":"The iDOLM@STER Cinderella Girls: U149 Recap","url":"https:\/\/myanimelist.net\/anime\/55517\/The_iDOLMSTER_Cinderella_Girls__U149_Recap"}]},{"relation":"Side story","entry":[{"mal_id":55802,"type":"anime","name":"The iDOLM@STER Cinderella Girls: U149 Special","url":"https:\/\/myanimelist.net\/anime\/55802\/The_iDOLMSTER_Cinderella_Girls__U149_Special"}]}],"theme":{"openings":["\"Shine In The Sky\u2606\" by U149"],"endings":["1: \"Yorimichi Little Star\" (\u3088\u308a\u307f\u3061\u30ea\u30c8\u30eb\u30b9\u30bf\u30fc) by U149 (ep 1)","2: \"Minna no Kimochi\" (\u307f\u3093\u306a\u306e\u304d\u3082\u3061) by Misaki Kuno (\u4e45\u91ce\u7f8e\u54b2) (ep 2)","3: \"Romantic Now\" by Tomoyo Kurosawa (\u9ed2\u6ca2\u3068\u3082\u3088) (eps 3)","4: \"Ai no Sanka\" (\u611b\u306e\u8b83\u6b4c) by Haruka Terui (\u7167\u4e95\u6625\u4f73) (ep 4)","5: \"GEMSTONE\" by Hana Tamegai (\u96c6\u8c9d\u306f\u306a) (eps 5)","6: \"ACE\" by Makoto Koichi (\u5c0f\u5e02\u771e\u7434) (eps 6)","7: \"Onegai! Cinderella\" (\u304a\u9858\u3044\uff01\u30b7\u30f3\u30c7\u30ec\u30e9) by Yuri Komori (\u5c0f\u68ee\u7d50\u68a8) (ep 7)","8: \"Akogare Stitch\" (\u3042\u3053\u304c\u308c\u30b9\u30c6\u30c3\u30c1) by Asaka Imai (\u4eca\u4e95\u9ebb\u590f) (ep 8)","9: \"Himawari Mark wo Sagase!\" (\u3072\u307e\u308f\u308a\u30de\u30fc\u30af\u3092\u3055\u304c\u305b\uff01) by Natsumi Haruse (\u6625\u702c\u306a\u3064\u307f) (ep 9)","10: \"Good day Good night\" (\u30b0\u30c3\u30c7\u30a4\u30fb\u30b0\u30c3\u30ca\u30a4) by U149 (eps 10, 12)","11: \"to you for me\" by Amina Satou (\u4f50\u85e4\u4e9c\u7f8e\u83dc) (eps 11)"]},"external":[{"name":"Official Site","url":"https:\/\/cinderella-u149-anime.idolmaster-official.jp\/"},{"name":"@u149_anime","url":"https:\/\/twitter.com\/u149_anime"},{"name":"AniDB","url":"https:\/\/anidb.net\/perl-bin\/animedb.pl?show=anime&aid=17301"},{"name":"ANN","url":"https:\/\/www.animenewsnetwork.com\/encyclopedia\/anime.php?id=25490"},{"name":"Wikipedia","url":"https:\/\/en.wikipedia.org\/wiki\/The_Idolmaster_Cinderella_Girls#Anime"},{"name":"Wikipedia","url":"https:\/\/ja.wikipedia.org\/wiki\/%E3%82%A2%E3%82%A4%E3%83%89%E3%83%AB%E3%83%9E%E3%82%B9%E3%82%BF%E3%83%BC_%E3%82%B7%E3%83%B3%E3%83%87%E3%83%AC%E3%83%A9%E3%82%AC%E3%83%BC%E3%83%AB%E3%82%BA#%E3%82%A2%E3%82%A4%E3%83%89%E3%83%AB%E3%83%9E%E3%82%B9%E3%82%BF%E3%83%BC_%E3%82%B7%E3%83%B3%E3%83%87%E3%83%AC%E3%83%A9%E3%82%AC%E3%83%BC%E3%83%AB%E3%82%BA_U149"},{"name":"Syoboi","url":"https:\/\/cal.syoboi.jp\/tid\/6624"},{"name":"Bangumi","url":"https:\/\/bangumi.tv\/subject\/376703"},{"name":"Baidu Baike","url":"https:\/\/baike.baidu.com\/item\/%E5%81%B6%E5%83%8F%E5%A4%A7%E5%B8%88%EF%BC%9A%E7%81%B0%E5%A7%91%E5%A8%98%E5%A5%B3%E5%AD%A9%20U149\/60693511?fromModule=lemma_sense-layer#viewPageContent"},{"name":"Douban","url":"https:\/\/movie.douban.com\/subject\/35860931\/"}],"streaming":[{"name":"Crunchyroll","url":"https:\/\/www.crunchyroll.com\/"}]}}