{"data":{"mal_id":51678,"url":"https:\/\/myanimelist.net\/anime\/51678\/Oniichan_wa_Oshimai","images":{"jpg":{"image_url":"https:\/\/cdn.myanimelist.net\/images\/anime\/1058\/131632.jpg","small_image_url":"https:\/\/cdn.myanimelist.net\/images\/anime\/1058\/131632t.jpg","large_image_url":"https:\/\/cdn.myanimelist.net\/images\/anime\/1058\/131632l.jpg"},"webp":{"image_url":"https:\/\/cdn.myanimelist.net\/images\/anime\/1058\/131632.webp","small_image_url":"https:\/\/cdn.myanimelist.net\/images\/anime\/1058\/131632t.webp","large_image_url":"https:\/\/cdn.myanimelist.net\/images\/anime\/1058\/131632l.webp"}},"trailer":{"youtube_id":"L0GbDAXQbfs","url":"https:\/\/www.youtube.com\/watch?v=L0GbDAXQbfs","embed_url":"https:\/\/www.youtube.com\/embed\/L0GbDAXQbfs?enablejsapi=1&wmode=opaque&autoplay=1","images":{"image_url":"https:\/\/img.youtube.com\/vi\/L0GbDAXQbfs\/default.jpg","small_image_url":"https:\/\/img.youtube.com\/vi\/L0GbDAXQbfs\/sddefault.jpg","medium_image_url":"https:\/\/img.youtube.com\/vi\/L0GbDAXQbfs\/mqdefault.jpg","large_image_url":"https:\/\/img.youtube.com\/vi\/L0GbDAXQbfs\/hqdefault.jpg","maximum_image_url":"https:\/\/img.youtube.com\/vi\/L0GbDAXQbfs\/maxresdefault.jpg"}},"approved":true,"titles":[{"type":"Default","title":"Oniichan wa Oshimai!"},{"type":"Synonym","title":"Onimai"},{"type":"Synonym","title":"Onii-chan is Done For"},{"type":"Japanese","title":"\u304a\u5144\u3061\u3083\u3093\u306f\u304a\u3057\u307e\u3044\uff01"},{"type":"English","title":"Onimai: I'm Now Your Sister!"}],"title":"Oniichan wa Oshimai!","title_english":"Onimai: I'm Now Your Sister!","title_japanese":"\u304a\u5144\u3061\u3083\u3093\u306f\u304a\u3057\u307e\u3044\uff01","title_synonyms":["Onimai","Onii-chan is Done For"],"type":"TV","source":"Manga","episodes":12,"status":"Finished Airing","airing":false,"aired":{"from":"2023-01-05T00:00:00+00:00","to":"2023-03-23T00:00:00+00:00","prop":{"from":{"day":5,"month":1,"year":2023},"to":{"day":23,"month":3,"year":2023}},"string":"Jan 5, 2023 to Mar 23, 2023"},"duration":"23 min per ep","rating":"PG-13 - Teens 13 or older","score":7.69,"scored_by":60901,"rank":1212,"popularity":1625,"members":131727,"favorites":1817,"synopsis":"Self-professed \"home security guard\" Mahiro Oyama has not left his home in years, secluding himself in his room playing erotic visual novels. This depraved lifestyle causes his prodigious sister, Mihari, to worry about his well-being. In hopes of solving this problem, she devises a plan to rehabilitate him back to normalcy.\n\nThe first part of Mihari's plan is to concoct a medicine that changes her brother's biological constitution into a bona fide female, much to Mahiro's vehement dismay. Stuck in this predicament, Mahiro has no choice but to live out his life as a cute girl until the effect wears off\u2014if it ever does.\n\n[Written by MAL Rewrite]","background":"Oniichan wa Oshimai! was released on Blu-ray in two boxes from April 19, 2023, to June 21, 2023.","season":"winter","year":2023,"broadcast":{"day":"Thursdays","time":"23:30","timezone":"Asia\/Tokyo","string":"Thursdays at 23:30 (JST)"},"producers":[{"mal_id":144,"type":"anime","name":"Pony Canyon","url":"https:\/\/myanimelist.net\/anime\/producer\/144\/Pony_Canyon"},{"mal_id":166,"type":"anime","name":"Movic","url":"https:\/\/myanimelist.net\/anime\/producer\/166\/Movic"},{"mal_id":238,"type":"anime","name":"AT-X","url":"https:\/\/myanimelist.net\/anime\/producer\/238\/AT-X"},{"mal_id":1143,"type":"anime","name":"TOHO animation","url":"https:\/\/myanimelist.net\/anime\/producer\/1143\/TOHO_animation"},{"mal_id":1211,"type":"anime","name":"Tokyo MX","url":"https:\/\/myanimelist.net\/anime\/producer\/1211\/Tokyo_MX"},{"mal_id":1333,"type":"anime","name":"Hakuhodo DY Music & Pictures","url":"https:\/\/myanimelist.net\/anime\/producer\/1333\/Hakuhodo_DY_Music___Pictures"},{"mal_id":1416,"type":"anime","name":"BS11","url":"https:\/\/myanimelist.net\/anime\/producer\/1416\/BS11"},{"mal_id":1444,"type":"anime","name":"Egg Firm","url":"https:\/\/myanimelist.net\/anime\/producer\/1444\/Egg_Firm"},{"mal_id":1582,"type":"anime","name":"Ichijinsha","url":"https:\/\/myanimelist.net\/anime\/producer\/1582\/Ichijinsha"},{"mal_id":2074,"type":"anime","name":"Bit grooove promotion","url":"https:\/\/myanimelist.net\/anime\/producer\/2074\/Bit_grooove_promotion"},{"mal_id":2111,"type":"anime","name":"Pia","url":"https:\/\/myanimelist.net\/anime\/producer\/2111\/Pia"}],"licensors":[],"studios":[{"mal_id":1993,"type":"anime","name":"Studio Bind","url":"https:\/\/myanimelist.net\/anime\/producer\/1993\/Studio_Bind"}],"genres":[{"mal_id":4,"type":"anime","name":"Comedy","url":"https:\/\/myanimelist.net\/anime\/genre\/4\/Comedy"}],"explicit_genres":[],"themes":[{"mal_id":52,"type":"anime","name":"CGDCT","url":"https:\/\/myanimelist.net\/anime\/genre\/52\/CGDCT"},{"mal_id":65,"type":"anime","name":"Magical Sex Shift","url":"https:\/\/myanimelist.net\/anime\/genre\/65\/Magical_Sex_Shift"},{"mal_id":23,"type":"anime","name":"School","url":"https:\/\/myanimelist.net\/anime\/genre\/23\/School"}],"demographics":[{"mal_id":27,"type":"anime","name":"Shounen","url":"https:\/\/myanimelist.net\/anime\/genre\/27\/Shounen"}],"relations":[{"relation":"Adaptation","entry":[{"mal_id":112592,"type":"manga","name":"Oniichan wa Oshimai!","url":"https:\/\/myanimelist.net\/manga\/112592\/Oniichan_wa_Oshimai"}]}],"theme":{"openings":["\"Iden Tei Tei Meltdown (\u30a2\u30a4\u30c7\u30f3\u8c9e\u8c9e\u30e1\u30eb\u30c8\u30c0\u30a6\u30f3)\" by Enako feat. P-maru-sama. (P\u4e38\u69d8\u3002)"],"endings":["\"Himegoto * Crisisters (\u3072\u3081\u3054\u3068\uff0a\u30af\u30e9\u30a4\u30b7\u30b9\u30bf\u30fc\u30ba)\" by Onimai Sisters"]},"external":[{"name":"Official Site","url":"https:\/\/onimai.jp\/"},{"name":"@onimai_anime","url":"https:\/\/twitter.com\/onimai_anime"},{"name":"AniDB","url":"https:\/\/anidb.net\/perl-bin\/animedb.pl?show=anime&aid=17328"},{"name":"ANN","url":"https:\/\/www.animenewsnetwork.com\/encyclopedia\/anime.php?id=25571"},{"name":"Wikipedia","url":"https:\/\/en.wikipedia.org\/wiki\/Onimai:_I'm_Now_Your_Sister!#Anime"},{"name":"Wikipedia","url":"https:\/\/ja.wikipedia.org\/wiki\/%E3%81%8A%E5%85%84%E3%81%A1%E3%82%83%E3%82%93%E3%81%AF%E3%81%8A%E3%81%97%E3%81%BE%E3%81%84!"},{"name":"Syoboi","url":"https:\/\/cal.syoboi.jp\/tid\/6556"}],"streaming":[{"name":"Crunchyroll","url":"https:\/\/www.crunchyroll.com\/"},{"name":"Ani-One Asia","url":"https:\/\/www.youtube.com\/channel\/UC0wNSTMWIL3qaorLx0jie6A"},{"name":"Anime Digital Network","url":"https:\/\/animedigitalnetwork.fr\/"},{"name":"Aniplus TV","url":"http:\/\/www.aniplustv.com\/"},{"name":"Aniverse","url":"https:\/\/www.amazon.de\/b\/?_encoding=UTF8&benefitId=aniversede&node=3010075031"},{"name":"Bahamut Anime Crazy","url":"https:\/\/ani.gamer.com.tw\/"},{"name":"Bilibili Global","url":"https:\/\/www.bilibili.tv\/en\/index"},{"name":"CatchPlay","url":"https:\/\/www.catchplay.com\/"},{"name":"Laftel","url":"https:\/\/laftel.net\/"}]}}