{"data":{"mal_id":52308,"url":"https:\/\/myanimelist.net\/anime\/52308\/Kanojo_ga_Koushaku-tei_ni_Itta_Riyuu","images":{"jpg":{"image_url":"https:\/\/cdn.myanimelist.net\/images\/anime\/1109\/130452.jpg","small_image_url":"https:\/\/cdn.myanimelist.net\/images\/anime\/1109\/130452t.jpg","large_image_url":"https:\/\/cdn.myanimelist.net\/images\/anime\/1109\/130452l.jpg"},"webp":{"image_url":"https:\/\/cdn.myanimelist.net\/images\/anime\/1109\/130452.webp","small_image_url":"https:\/\/cdn.myanimelist.net\/images\/anime\/1109\/130452t.webp","large_image_url":"https:\/\/cdn.myanimelist.net\/images\/anime\/1109\/130452l.webp"}},"trailer":{"youtube_id":"MtpZJTTJEjA","url":"https:\/\/www.youtube.com\/watch?v=MtpZJTTJEjA","embed_url":"https:\/\/www.youtube.com\/embed\/MtpZJTTJEjA?enablejsapi=1&wmode=opaque&autoplay=1","images":{"image_url":"https:\/\/img.youtube.com\/vi\/MtpZJTTJEjA\/default.jpg","small_image_url":"https:\/\/img.youtube.com\/vi\/MtpZJTTJEjA\/sddefault.jpg","medium_image_url":"https:\/\/img.youtube.com\/vi\/MtpZJTTJEjA\/mqdefault.jpg","large_image_url":"https:\/\/img.youtube.com\/vi\/MtpZJTTJEjA\/hqdefault.jpg","maximum_image_url":"https:\/\/img.youtube.com\/vi\/MtpZJTTJEjA\/maxresdefault.jpg"}},"approved":true,"titles":[{"type":"Default","title":"Kanojo ga Koushaku-tei ni Itta Riyuu"},{"type":"Synonym","title":"\uadf8\ub140\uac00 \uacf5\uc791\uc800\ub85c \uac00\uc57c \ud588\ub358 \uc0ac\uc815"},{"type":"Japanese","title":"\u5f7c\u5973\u304c\u516c\u7235\u90b8\u306b\u884c\u3063\u305f\u7406\u7531"},{"type":"English","title":"Why Raeliana Ended up at the Duke's Mansion"}],"title":"Kanojo ga Koushaku-tei ni Itta Riyuu","title_english":"Why Raeliana Ended up at the Duke's Mansion","title_japanese":"\u5f7c\u5973\u304c\u516c\u7235\u90b8\u306b\u884c\u3063\u305f\u7406\u7531","title_synonyms":["\uadf8\ub140\uac00 \uacf5\uc791\uc800\ub85c \uac00\uc57c \ud588\ub358 \uc0ac\uc815"],"type":"TV","source":"Web manga","episodes":12,"status":"Finished Airing","airing":false,"aired":{"from":"2023-04-10T00:00:00+00:00","to":"2023-06-26T00:00:00+00:00","prop":{"from":{"day":10,"month":4,"year":2023},"to":{"day":26,"month":6,"year":2023}},"string":"Apr 10, 2023 to Jun 26, 2023"},"duration":"23 min per ep","rating":"PG-13 - Teens 13 or older","score":7.5,"scored_by":49108,"rank":1793,"popularity":1775,"members":118112,"favorites":1102,"synopsis":"When, after her sudden death, Rinko Hanasaki is reborn as Raeliana McMillan, she is not sure whether to curse her luck. Raeliana was a minor character in a novel Rinko read, and as the eldest daughter of a nouveau-riche baron, she led a carefree life until her unfortunate demise at the hands of her fianc\u00e9, Lord Francis Brooks. To avoid her destined fate, Raeliana is determined to end her engagement with Francis.\n\nHowever, when Francis refuses to break things off, Raeliana decides to seek help from someone of higher standing and approaches Duke Noah Wynknight\u2014the novel's male protagonist. Using her knowledge of the plot, Raeliana captures the duke's interest by proposing a deal: she will not expose his secrets if Noah agrees to act as her fianc\u00e9. Little does she know that getting involved with a duke who only shows his true colors around her may lead to more than she bargained for.\n\n[Written by MAL Rewrite]","background":null,"season":"spring","year":2023,"broadcast":{"day":"Mondays","time":"21:30","timezone":"Asia\/Tokyo","string":"Mondays at 21:30 (JST)"},"producers":[{"mal_id":61,"type":"anime","name":"Frontier Works","url":"https:\/\/myanimelist.net\/anime\/producer\/61\/Frontier_Works"},{"mal_id":104,"type":"anime","name":"Lantis","url":"https:\/\/myanimelist.net\/anime\/producer\/104\/Lantis"},{"mal_id":238,"type":"anime","name":"AT-X","url":"https:\/\/myanimelist.net\/anime\/producer\/238\/AT-X"},{"mal_id":1255,"type":"anime","name":"Glovision","url":"https:\/\/myanimelist.net\/anime\/producer\/1255\/Glovision"},{"mal_id":1468,"type":"anime","name":"Crunchyroll","url":"https:\/\/myanimelist.net\/anime\/producer\/1468\/Crunchyroll"},{"mal_id":1696,"type":"anime","name":"Kadokawa","url":"https:\/\/myanimelist.net\/anime\/producer\/1696\/Kadokawa"},{"mal_id":1986,"type":"anime","name":"arma bianca","url":"https:\/\/myanimelist.net\/anime\/producer\/1986\/arma_bianca"},{"mal_id":2425,"type":"anime","name":"Bandai Namco Music Live","url":"https:\/\/myanimelist.net\/anime\/producer\/2425\/Bandai_Namco_Music_Live"},{"mal_id":2431,"type":"anime","name":"Happinet Phantom Studios","url":"https:\/\/myanimelist.net\/anime\/producer\/2431\/Happinet_Phantom_Studios"},{"mal_id":2740,"type":"anime","name":"D&C WEBTOON Biz","url":"https:\/\/myanimelist.net\/anime\/producer\/2740\/D_C_WEBTOON_Biz"}],"licensors":[],"studios":[{"mal_id":1340,"type":"anime","name":"Typhoon Graphics","url":"https:\/\/myanimelist.net\/anime\/producer\/1340\/Typhoon_Graphics"}],"genres":[{"mal_id":10,"type":"anime","name":"Fantasy","url":"https:\/\/myanimelist.net\/anime\/genre\/10\/Fantasy"},{"mal_id":22,"type":"anime","name":"Romance","url":"https:\/\/myanimelist.net\/anime\/genre\/22\/Romance"}],"explicit_genres":[],"themes":[{"mal_id":62,"type":"anime","name":"Isekai","url":"https:\/\/myanimelist.net\/anime\/genre\/62\/Isekai"},{"mal_id":72,"type":"anime","name":"Reincarnation","url":"https:\/\/myanimelist.net\/anime\/genre\/72\/Reincarnation"}],"demographics":[],"relations":[{"relation":"Adaptation","entry":[{"mal_id":118646,"type":"manga","name":"Why Raeliana Ended Up at the Duke's Mansion","url":"https:\/\/myanimelist.net\/manga\/118646\/Why_Raeliana_Ended_Up_at_the_Dukes_Mansion"}]}],"theme":{"openings":["\"SURVIVE\" by MindaRyn"],"endings":["\"Always and Forever\" by SERRA (eps 1-5, 7-)","\"Fireworks\" by MindaRyn (eps 6)"]},"external":[{"name":"Official Site","url":"https:\/\/koshakutei.com\/"},{"name":"@koshakutei","url":"https:\/\/twitter.com\/koshakutei"},{"name":"AniDB","url":"https:\/\/anidb.net\/perl-bin\/animedb.pl?show=anime&aid=17498"},{"name":"ANN","url":"https:\/\/www.animenewsnetwork.com\/encyclopedia\/anime.php?id=26018"},{"name":"Wikipedia","url":"https:\/\/en.wikipedia.org\/wiki\/Why_Raeliana_Ended_Up_at_the_Duke's_Mansion#Anime"},{"name":"Syoboi","url":"https:\/\/cal.syoboi.jp\/tid\/6629"},{"name":"Bangumi","url":"https:\/\/bangumi.tv\/subject\/390712"},{"name":"Baidu Baike","url":"https:\/\/baike.baidu.com\/item\/%E5%85%AC%E7%88%B5%E7%9A%84%E5%A5%91%E7%BA%A6%E6%9C%AA%E5%A9%9A%E5%A6%BB\/61696494?fromModule=lemma_sense-layer#viewPageContent"},{"name":"Douban","url":"https:\/\/movie.douban.com\/subject\/35969847\/"}],"streaming":[{"name":"Crunchyroll","url":"http:\/\/www.crunchyroll.com\/series-283585"},{"name":"Aniplus TV","url":"http:\/\/www.aniplustv.com\/"},{"name":"Bahamut Anime Crazy","url":"https:\/\/ani.gamer.com.tw\/"}]}}