{"data":{"mal_id":52364,"url":"https:\/\/myanimelist.net\/anime\/52364\/Hirano_to_Kagiura","images":{"jpg":{"image_url":"https:\/\/cdn.myanimelist.net\/images\/anime\/1818\/134200.jpg","small_image_url":"https:\/\/cdn.myanimelist.net\/images\/anime\/1818\/134200t.jpg","large_image_url":"https:\/\/cdn.myanimelist.net\/images\/anime\/1818\/134200l.jpg"},"webp":{"image_url":"https:\/\/cdn.myanimelist.net\/images\/anime\/1818\/134200.webp","small_image_url":"https:\/\/cdn.myanimelist.net\/images\/anime\/1818\/134200t.webp","large_image_url":"https:\/\/cdn.myanimelist.net\/images\/anime\/1818\/134200l.webp"}},"trailer":{"youtube_id":null,"url":null,"embed_url":null,"images":{"image_url":null,"small_image_url":null,"medium_image_url":null,"large_image_url":null,"maximum_image_url":null}},"approved":true,"titles":[{"type":"Default","title":"Hirano to Kagiura"},{"type":"Synonym","title":"Hirano and Kagiura"},{"type":"Japanese","title":"\u5e73\u91ce\u3068\u9375\u6d66"}],"title":"Hirano to Kagiura","title_english":null,"title_japanese":"\u5e73\u91ce\u3068\u9375\u6d66","title_synonyms":["Hirano and Kagiura"],"type":"Movie","source":"Manga","episodes":1,"status":"Finished Airing","airing":false,"aired":{"from":"2023-02-17T00:00:00+00:00","to":null,"prop":{"from":{"day":17,"month":2,"year":2023},"to":{"day":null,"month":null,"year":null}},"string":"Feb 17, 2023"},"duration":"8 min","rating":"PG-13 - Teens 13 or older","score":7.6,"scored_by":1759,"rank":1436,"popularity":4475,"members":22405,"favorites":160,"synopsis":"The diligent high school freshman Akira Kagiura and his senior Taiga Hirano have been roommates for half a year. Kagiura used to be anxious about his future dormitory life, but thanks to his energetic senior looking out for him, he has come to feel content and at ease. As he continues to rely on Hirano more and more each day, he develops strong feelings for his selfless friend. In the six months they have left as roommates, Kagiura is determined to put a name to the relationship he cherishes so dearly before it comes to an end. \n\n[Written by MAL Rewrite]","background":"Short movie screened simultaneously with Sasaki to Miyano Movie: Sotsugyou-hen's release.","season":null,"year":null,"broadcast":{"day":null,"time":null,"timezone":null,"string":null},"producers":[],"licensors":[],"studios":[{"mal_id":37,"type":"anime","name":"Studio Deen","url":"https:\/\/myanimelist.net\/anime\/producer\/37\/Studio_Deen"}],"genres":[{"mal_id":28,"type":"anime","name":"Boys Love","url":"https:\/\/myanimelist.net\/anime\/genre\/28\/Boys_Love"}],"explicit_genres":[],"themes":[{"mal_id":23,"type":"anime","name":"School","url":"https:\/\/myanimelist.net\/anime\/genre\/23\/School"}],"demographics":[{"mal_id":43,"type":"anime","name":"Josei","url":"https:\/\/myanimelist.net\/anime\/genre\/43\/Josei"}],"relations":[{"relation":"Adaptation","entry":[{"mal_id":119279,"type":"manga","name":"Hirano to Kagiura","url":"https:\/\/myanimelist.net\/manga\/119279\/Hirano_to_Kagiura"}]},{"relation":"Parent story","entry":[{"mal_id":44055,"type":"anime","name":"Sasaki to Miyano","url":"https:\/\/myanimelist.net\/anime\/44055\/Sasaki_to_Miyano"}]},{"relation":"Other","entry":[{"mal_id":51440,"type":"anime","name":"Sasaki to Miyano Movie: Sotsugyou-hen","url":"https:\/\/myanimelist.net\/anime\/51440\/Sasaki_to_Miyano_Movie__Sotsugyou-hen"}]}],"theme":{"openings":[],"endings":[]},"external":[{"name":"Official Site","url":"https:\/\/sasamiya.com\/hirakagi\/"},{"name":"@sasamiya_anime","url":"https:\/\/twitter.com\/sasamiya_anime"},{"name":"AniDB","url":"https:\/\/anidb.net\/perl-bin\/animedb.pl?show=anime&aid=17775"},{"name":"ANN","url":"https:\/\/www.animenewsnetwork.com\/encyclopedia\/anime.php?id=26053"},{"name":"Wikipedia","url":"https:\/\/en.wikipedia.org\/wiki\/Sasaki_and_Miyano#Anime"}],"streaming":[]}}