{"data":{"mal_id":5251,"url":"https:\/\/myanimelist.net\/anime\/5251\/Angel_Densetsu","images":{"jpg":{"image_url":"https:\/\/cdn.myanimelist.net\/images\/anime\/4\/27104.jpg","small_image_url":"https:\/\/cdn.myanimelist.net\/images\/anime\/4\/27104t.jpg","large_image_url":"https:\/\/cdn.myanimelist.net\/images\/anime\/4\/27104l.jpg"},"webp":{"image_url":"https:\/\/cdn.myanimelist.net\/images\/anime\/4\/27104.webp","small_image_url":"https:\/\/cdn.myanimelist.net\/images\/anime\/4\/27104t.webp","large_image_url":"https:\/\/cdn.myanimelist.net\/images\/anime\/4\/27104l.webp"}},"trailer":{"youtube_id":null,"url":null,"embed_url":null,"images":{"image_url":null,"small_image_url":null,"medium_image_url":null,"large_image_url":null,"maximum_image_url":null}},"approved":true,"titles":[{"type":"Default","title":"Angel Densetsu"},{"type":"Synonym","title":"Angel Legend"},{"type":"Japanese","title":"\u30a8\u30f3\u30b8\u30a7\u30eb\u4f1d\u8aac"}],"title":"Angel Densetsu","title_english":null,"title_japanese":"\u30a8\u30f3\u30b8\u30a7\u30eb\u4f1d\u8aac","title_synonyms":["Angel Legend"],"type":"OVA","source":"Manga","episodes":2,"status":"Finished Airing","airing":false,"aired":{"from":"1996-12-13T00:00:00+00:00","to":null,"prop":{"from":{"day":13,"month":12,"year":1996},"to":{"day":null,"month":null,"year":null}},"string":"Dec 13, 1996"},"duration":"24 min per ep","rating":"R - 17+ (violence & profanity)","score":7.47,"scored_by":21368,"rank":1881,"popularity":3449,"members":38926,"favorites":180,"synopsis":"When Seikichi Kuroda\u2014self-proclaimed \"guardian\" and head thug of Hekikuu High School\u2014hears rumors of a first-year transfer student named Seiichirou Kitano terrorizing his entire class, Seikichi tries to intimidate him through authority. However, things go awry when he witnesses something horrifying\u2014Seiichirou has a face so dreadful and haunting that even Seikichi hurries away in fear.\n\nBut despite his menacing appearance, Seiichirou has a heart of gold. Inhibited by his poor communication skills and fear-inducing looks, he has never managed to convey his true self to his terrified peers, resulting in his lifelong ostracization. Now the new guardian, Seiichirou discovers that sometimes friends can be found in the most unlikely places and through the most unusual circumstances.\n\n[Written by MAL Rewrite]","background":null,"season":null,"year":null,"broadcast":{"day":null,"time":null,"timezone":null,"string":null},"producers":[{"mal_id":141,"type":"anime","name":"Toei Video","url":"https:\/\/myanimelist.net\/anime\/producer\/141\/Toei_Video"}],"licensors":[],"studios":[{"mal_id":18,"type":"anime","name":"Toei Animation","url":"https:\/\/myanimelist.net\/anime\/producer\/18\/Toei_Animation"}],"genres":[{"mal_id":1,"type":"anime","name":"Action","url":"https:\/\/myanimelist.net\/anime\/genre\/1\/Action"},{"mal_id":4,"type":"anime","name":"Comedy","url":"https:\/\/myanimelist.net\/anime\/genre\/4\/Comedy"}],"explicit_genres":[],"themes":[{"mal_id":55,"type":"anime","name":"Delinquents","url":"https:\/\/myanimelist.net\/anime\/genre\/55\/Delinquents"},{"mal_id":23,"type":"anime","name":"School","url":"https:\/\/myanimelist.net\/anime\/genre\/23\/School"}],"demographics":[],"relations":[{"relation":"Adaptation","entry":[{"mal_id":838,"type":"manga","name":"Angel Densetsu","url":"https:\/\/myanimelist.net\/manga\/838\/Angel_Densetsu"}]}],"theme":{"openings":["\"\u8ee2\u304c\u308b\u77f3\u306e\u3088\u3046\u306b\" by Jun Sky Walker"],"endings":["\"\u5fd8\u308c\u306a\u3044\u3067\" by Jun Sky Walker"]},"external":[{"name":"AniDB","url":"https:\/\/anidb.net\/perl-bin\/animedb.pl?show=anime&aid=3611"},{"name":"ANN","url":"https:\/\/www.animenewsnetwork.com\/encyclopedia\/anime.php?id=3807"},{"name":"Wikipedia","url":"http:\/\/en.wikipedia.org\/wiki\/Angel_Densetsu"}],"streaming":[]}}