{"data":{"mal_id":52578,"url":"https:\/\/myanimelist.net\/anime\/52578\/Boku_no_Kokoro_no_Yabai_Yatsu","images":{"jpg":{"image_url":"https:\/\/cdn.myanimelist.net\/images\/anime\/1545\/133887.jpg","small_image_url":"https:\/\/cdn.myanimelist.net\/images\/anime\/1545\/133887t.jpg","large_image_url":"https:\/\/cdn.myanimelist.net\/images\/anime\/1545\/133887l.jpg"},"webp":{"image_url":"https:\/\/cdn.myanimelist.net\/images\/anime\/1545\/133887.webp","small_image_url":"https:\/\/cdn.myanimelist.net\/images\/anime\/1545\/133887t.webp","large_image_url":"https:\/\/cdn.myanimelist.net\/images\/anime\/1545\/133887l.webp"}},"trailer":{"youtube_id":"1x6BnBAOwaY","url":"https:\/\/www.youtube.com\/watch?v=1x6BnBAOwaY","embed_url":"https:\/\/www.youtube.com\/embed\/1x6BnBAOwaY?enablejsapi=1&wmode=opaque&autoplay=1","images":{"image_url":"https:\/\/img.youtube.com\/vi\/1x6BnBAOwaY\/default.jpg","small_image_url":"https:\/\/img.youtube.com\/vi\/1x6BnBAOwaY\/sddefault.jpg","medium_image_url":"https:\/\/img.youtube.com\/vi\/1x6BnBAOwaY\/mqdefault.jpg","large_image_url":"https:\/\/img.youtube.com\/vi\/1x6BnBAOwaY\/hqdefault.jpg","maximum_image_url":"https:\/\/img.youtube.com\/vi\/1x6BnBAOwaY\/maxresdefault.jpg"}},"approved":true,"titles":[{"type":"Default","title":"Boku no Kokoro no Yabai Yatsu"},{"type":"Synonym","title":"Bokuyaba"},{"type":"Japanese","title":"\u50d5\u306e\u5fc3\u306e\u30e4\u30d0\u30a4\u3084\u3064"},{"type":"English","title":"The Dangers in My Heart"}],"title":"Boku no Kokoro no Yabai Yatsu","title_english":"The Dangers in My Heart","title_japanese":"\u50d5\u306e\u5fc3\u306e\u30e4\u30d0\u30a4\u3084\u3064","title_synonyms":["Bokuyaba"],"type":"TV","source":"Manga","episodes":12,"status":"Finished Airing","airing":false,"aired":{"from":"2023-04-02T00:00:00+00:00","to":"2023-06-18T00:00:00+00:00","prop":{"from":{"day":2,"month":4,"year":2023},"to":{"day":18,"month":6,"year":2023}},"string":"Apr 2, 2023 to Jun 18, 2023"},"duration":"23 min per ep","rating":"PG-13 - Teens 13 or older","score":8.25,"scored_by":99816,"rank":299,"popularity":1086,"members":214360,"favorites":2937,"synopsis":"Kyoutarou Ichikawa may look like a shy and reserved middle school student, but deep within his heart is a bloodthirsty killer. His ultimate desire is to see his classmate Anna Yamada's beautiful face writhing in pain before he ends her life. But this fantasy may never come to fruition, as Ichikawa starts to see an entirely different side to Yamada.\n\nOften seeking refuge in the library, Ichikawa frequently runs into Yamada. It is during these encounters that Ichikawa realizes his model classmate is actually an airhead who can never read the room. As they spend more time together, the boy cannot help but feel not only a sense of endearment toward the very girl he wishes to murder but also a desire to protect her at all costs. Is it possible that this sudden change in Ichikawa's perspective could lead to something more?\n\n[Written by MAL Rewrite]","background":null,"season":"spring","year":2023,"broadcast":{"day":"Sundays","time":"01:30","timezone":"Asia\/Tokyo","string":"Sundays at 01:30 (JST)"},"producers":[{"mal_id":53,"type":"anime","name":"Dentsu","url":"https:\/\/myanimelist.net\/anime\/producer\/53\/Dentsu"},{"mal_id":55,"type":"anime","name":"TV Asahi","url":"https:\/\/myanimelist.net\/anime\/producer\/55\/TV_Asahi"},{"mal_id":166,"type":"anime","name":"Movic","url":"https:\/\/myanimelist.net\/anime\/producer\/166\/Movic"},{"mal_id":306,"type":"anime","name":"Magic Capsule","url":"https:\/\/myanimelist.net\/anime\/producer\/306\/Magic_Capsule"},{"mal_id":1284,"type":"anime","name":"Avex Pictures","url":"https:\/\/myanimelist.net\/anime\/producer\/1284\/Avex_Pictures"},{"mal_id":1373,"type":"anime","name":"Akita Shoten","url":"https:\/\/myanimelist.net\/anime\/producer\/1373\/Akita_Shoten"},{"mal_id":2185,"type":"anime","name":"BS Asahi","url":"https:\/\/myanimelist.net\/anime\/producer\/2185\/BS_Asahi"},{"mal_id":2234,"type":"anime","name":"TV Asahi Music","url":"https:\/\/myanimelist.net\/anime\/producer\/2234\/TV_Asahi_Music"}],"licensors":[{"mal_id":376,"type":"anime","name":"Sentai Filmworks","url":"https:\/\/myanimelist.net\/anime\/producer\/376\/Sentai_Filmworks"}],"studios":[{"mal_id":247,"type":"anime","name":"Shin-Ei Animation","url":"https:\/\/myanimelist.net\/anime\/producer\/247\/Shin-Ei_Animation"}],"genres":[{"mal_id":4,"type":"anime","name":"Comedy","url":"https:\/\/myanimelist.net\/anime\/genre\/4\/Comedy"},{"mal_id":22,"type":"anime","name":"Romance","url":"https:\/\/myanimelist.net\/anime\/genre\/22\/Romance"}],"explicit_genres":[],"themes":[{"mal_id":23,"type":"anime","name":"School","url":"https:\/\/myanimelist.net\/anime\/genre\/23\/School"}],"demographics":[{"mal_id":27,"type":"anime","name":"Shounen","url":"https:\/\/myanimelist.net\/anime\/genre\/27\/Shounen"}],"relations":[{"relation":"Adaptation","entry":[{"mal_id":112807,"type":"manga","name":"Boku no Kokoro no Yabai Yatsu","url":"https:\/\/myanimelist.net\/manga\/112807\/Boku_no_Kokoro_no_Yabai_Yatsu"}]},{"relation":"Other","entry":[{"mal_id":55277,"type":"anime","name":"Shayou (Music)","url":"https:\/\/myanimelist.net\/anime\/55277\/Shayou_Music"}]},{"relation":"Sequel","entry":[{"mal_id":55690,"type":"anime","name":"Boku no Kokoro no Yabai Yatsu Season 2","url":"https:\/\/myanimelist.net\/anime\/55690\/Boku_no_Kokoro_no_Yabai_Yatsu_Season_2"}]}],"theme":{"openings":["\"\u659c\u967d\" by Yorushika"],"endings":["\"\u659c\u967d\" by Yorushika (eps 1)","\"\u6570\u30bb\u30f3\u30c1\u30e1\u30f3\u30bf\u30eb\" by Kohanaramu (eps 2-)"]},"external":[{"name":"Official Site","url":"https:\/\/bokuyaba-anime.com\/"},{"name":"@bokuyaba_anime","url":"https:\/\/twitter.com\/bokuyaba_anime"},{"name":"AniDB","url":"https:\/\/anidb.net\/perl-bin\/animedb.pl?show=anime&aid=17547"},{"name":"ANN","url":"https:\/\/www.animenewsnetwork.com\/encyclopedia\/anime.php?id=26168"},{"name":"Wikipedia","url":"https:\/\/en.wikipedia.org\/wiki\/The_Dangers_in_My_Heart#Anime"},{"name":"Wikipedia","url":"https:\/\/ja.wikipedia.org\/wiki\/%E5%83%95%E3%81%AE%E5%BF%83%E3%81%AE%E3%83%A4%E3%83%90%E3%82%A4%E3%82%84%E3%81%A4#%E3%83%86%E3%83%AC%E3%83%93%E3%82%A2%E3%83%8B%E3%83%A1"},{"name":"Syoboi","url":"https:\/\/cal.syoboi.jp\/tid\/6643"},{"name":"Bangumi","url":"https:\/\/bangumi.tv\/subject\/394260"},{"name":"Baidu Baike","url":"https:\/\/baike.baidu.com\/item\/%E6%88%91%E5%BF%83%E9%87%8C%E5%8D%B1%E9%99%A9%E7%9A%84%E4%B8%9C%E8%A5%BF\/61800516?fromModule=lemma_sense-layer#viewPageContent"},{"name":"Douban","url":"https:\/\/movie.douban.com\/subject\/36036656\/"}],"streaming":[{"name":"HIDIVE","url":"https:\/\/www.hidive.com\/"},{"name":"Anime Digital Network","url":"https:\/\/animedigitalnetwork.fr\/"},{"name":"Aniplus Asia","url":"https:\/\/www.aniplus-asia.com\/"},{"name":"Aniplus TV","url":"http:\/\/www.aniplustv.com\/"},{"name":"Bahamut Anime Crazy","url":"https:\/\/ani.gamer.com.tw\/"}]}}