{"data":{"mal_id":527,"url":"https:\/\/myanimelist.net\/anime\/527\/Pokemon","images":{"jpg":{"image_url":"https:\/\/cdn.myanimelist.net\/images\/anime\/13\/73834.jpg","small_image_url":"https:\/\/cdn.myanimelist.net\/images\/anime\/13\/73834t.jpg","large_image_url":"https:\/\/cdn.myanimelist.net\/images\/anime\/13\/73834l.jpg"},"webp":{"image_url":"https:\/\/cdn.myanimelist.net\/images\/anime\/13\/73834.webp","small_image_url":"https:\/\/cdn.myanimelist.net\/images\/anime\/13\/73834t.webp","large_image_url":"https:\/\/cdn.myanimelist.net\/images\/anime\/13\/73834l.webp"}},"trailer":{"youtube_id":null,"url":null,"embed_url":null,"images":{"image_url":null,"small_image_url":null,"medium_image_url":null,"large_image_url":null,"maximum_image_url":null}},"approved":true,"titles":[{"type":"Default","title":"Pokemon"},{"type":"Synonym","title":"Pocket Monsters"},{"type":"Synonym","title":"Indigo League"},{"type":"Synonym","title":"Adventures on the Orange Islands"},{"type":"Synonym","title":"The Johto Journeys"},{"type":"Synonym","title":"Johto League Champions"},{"type":"Synonym","title":"Master Quest"},{"type":"Japanese","title":"\u30dd\u30b1\u30c3\u30c8\u30e2\u30f3\u30b9\u30bf\u30fc"},{"type":"English","title":"Pok\u00e9mon"},{"type":"German","title":"Pok\u00e9mon"},{"type":"Spanish","title":"Pok\u00e9mon"},{"type":"French","title":"Pok\u00e9mon"}],"title":"Pokemon","title_english":"Pok\u00e9mon","title_japanese":"\u30dd\u30b1\u30c3\u30c8\u30e2\u30f3\u30b9\u30bf\u30fc","title_synonyms":["Pocket Monsters","Indigo League","Adventures on the Orange Islands","The Johto Journeys","Johto League Champions","Master Quest"],"type":"TV","source":"Game","episodes":276,"status":"Finished Airing","airing":false,"aired":{"from":"1997-04-01T00:00:00+00:00","to":"2002-11-14T00:00:00+00:00","prop":{"from":{"day":1,"month":4,"year":1997},"to":{"day":14,"month":11,"year":2002}},"string":"Apr 1, 1997 to Nov 14, 2002"},"duration":"24 min per ep","rating":"PG - Children","score":7.38,"scored_by":392535,"rank":2269,"popularity":333,"members":617844,"favorites":5262,"synopsis":"Pok\u00e9mon are peculiar creatures with a vast array of different abilities and appearances; many people, known as Pok\u00e9mon trainers, capture and train them, often with the intent of battling others. Young Satoshi has not only dreamed of becoming a Pok\u00e9mon trainer but also a \"Pok\u00e9mon Master,\" and on the arrival of his 10th birthday, he finally has a chance to make that dream a reality. Unfortunately for him, all three Pok\u00e9mon available to beginning trainers have already been claimed and only Pikachu, a rebellious Electric-type Pok\u00e9mon, remains. However, this chance encounter would mark the start of a lifelong friendship and an epic adventure!\n\nSetting off on a journey to become the very best, Satoshi and Pikachu travel across beautiful, sprawling regions with their friends Kasumi, a Water-type trainer, and Takeshi, a Rock-type trainer. But danger lurks around every corner. The infamous Team Rocket is always nearby, seeking to steal powerful Pok\u00e9mon through nefarious schemes. It'll be up to Satoshi and his friends to thwart their efforts as he also strives to earn the eight Pok\u00e9mon Gym Badges he'll need to challenge the Pok\u00e9mon League, and eventually claim the title of Pok\u00e9mon Master. \n\n[Written by MAL Rewrite]","background":null,"season":"spring","year":1997,"broadcast":{"day":"Thursdays","time":"19:00","timezone":"Asia\/Tokyo","string":"Thursdays at 19:00 (JST)"},"producers":[{"mal_id":16,"type":"anime","name":"TV Tokyo","url":"https:\/\/myanimelist.net\/anime\/producer\/16\/TV_Tokyo"},{"mal_id":717,"type":"anime","name":"TV Tokyo Music","url":"https:\/\/myanimelist.net\/anime\/producer\/717\/TV_Tokyo_Music"},{"mal_id":829,"type":"anime","name":"Studio Jack","url":"https:\/\/myanimelist.net\/anime\/producer\/829\/Studio_Jack"}],"licensors":[{"mal_id":119,"type":"anime","name":"VIZ Media","url":"https:\/\/myanimelist.net\/anime\/producer\/119\/VIZ_Media"},{"mal_id":252,"type":"anime","name":"4Kids Entertainment","url":"https:\/\/myanimelist.net\/anime\/producer\/252\/4Kids_Entertainment"}],"studios":[{"mal_id":28,"type":"anime","name":"OLM","url":"https:\/\/myanimelist.net\/anime\/producer\/28\/OLM"}],"genres":[{"mal_id":1,"type":"anime","name":"Action","url":"https:\/\/myanimelist.net\/anime\/genre\/1\/Action"},{"mal_id":2,"type":"anime","name":"Adventure","url":"https:\/\/myanimelist.net\/anime\/genre\/2\/Adventure"},{"mal_id":4,"type":"anime","name":"Comedy","url":"https:\/\/myanimelist.net\/anime\/genre\/4\/Comedy"},{"mal_id":10,"type":"anime","name":"Fantasy","url":"https:\/\/myanimelist.net\/anime\/genre\/10\/Fantasy"}],"explicit_genres":[],"themes":[],"demographics":[{"mal_id":15,"type":"anime","name":"Kids","url":"https:\/\/myanimelist.net\/anime\/genre\/15\/Kids"}],"relations":[{"relation":"Adaptation","entry":[{"mal_id":858,"type":"manga","name":"Dengeki! Pikachu","url":"https:\/\/myanimelist.net\/manga\/858\/Dengeki_Pikachu"},{"mal_id":107816,"type":"manga","name":"Pocket Monsters: The Animation","url":"https:\/\/myanimelist.net\/manga\/107816\/Pocket_Monsters__The_Animation"}]},{"relation":"Side story","entry":[{"mal_id":528,"type":"anime","name":"Pokemon Movie 01: Mewtwo no Gyakushuu","url":"https:\/\/myanimelist.net\/anime\/528\/Pokemon_Movie_01__Mewtwo_no_Gyakushuu"},{"mal_id":1117,"type":"anime","name":"Pokemon Movie 02: Maboroshi no Pokemon Lugia Bakutan","url":"https:\/\/myanimelist.net\/anime\/1117\/Pokemon_Movie_02__Maboroshi_no_Pokemon_Lugia_Bakutan"},{"mal_id":1118,"type":"anime","name":"Pokemon Movie 03: Kesshoutou no Teiou Entei","url":"https:\/\/myanimelist.net\/anime\/1118\/Pokemon_Movie_03__Kesshoutou_no_Teiou_Entei"},{"mal_id":1119,"type":"anime","name":"Pokemon Movie 04: Celebi Toki wo Koeta Deai","url":"https:\/\/myanimelist.net\/anime\/1119\/Pokemon_Movie_04__Celebi_Toki_wo_Koeta_Deai"},{"mal_id":1120,"type":"anime","name":"Pokemon Movie 05: Mizu no Miyako no Mamorigami Latias to Latios","url":"https:\/\/myanimelist.net\/anime\/1120\/Pokemon_Movie_05__Mizu_no_Miyako_no_Mamorigami_Latias_to_Latios"},{"mal_id":1525,"type":"anime","name":"Pokemon Crystal: Raikou Ikazuchi no Densetsu","url":"https:\/\/myanimelist.net\/anime\/1525\/Pokemon_Crystal__Raikou_Ikazuchi_no_Densetsu"},{"mal_id":1709,"type":"anime","name":"Pokemon: Mewtwo! Ware wa Koko ni Ari","url":"https:\/\/myanimelist.net\/anime\/1709\/Pokemon__Mewtwo_Ware_wa_Koko_ni_Ari"},{"mal_id":2363,"type":"anime","name":"Pokemon Housoukyoku","url":"https:\/\/myanimelist.net\/anime\/2363\/Pokemon_Housoukyoku"},{"mal_id":4792,"type":"anime","name":"Pokemon: Pikachu Tankentai","url":"https:\/\/myanimelist.net\/anime\/4792\/Pokemon__Pikachu_Tankentai"},{"mal_id":4793,"type":"anime","name":"Pokemon: Pichu to Pikachu","url":"https:\/\/myanimelist.net\/anime\/4793\/Pokemon__Pichu_to_Pikachu"},{"mal_id":4794,"type":"anime","name":"Pokemon: Pikachu no Dokidoki Kakurenbo","url":"https:\/\/myanimelist.net\/anime\/4794\/Pokemon__Pikachu_no_Dokidoki_Kakurenbo"},{"mal_id":4795,"type":"anime","name":"Pokemon: Pikapika Hoshizora Camp","url":"https:\/\/myanimelist.net\/anime\/4795\/Pokemon__Pikapika_Hoshizora_Camp"},{"mal_id":4874,"type":"anime","name":"Pokemon: Pikachu no Fuyuyasumi","url":"https:\/\/myanimelist.net\/anime\/4874\/Pokemon__Pikachu_no_Fuyuyasumi"},{"mal_id":5526,"type":"anime","name":"Pokemon: Pikachu no Natsuyasumi","url":"https:\/\/myanimelist.net\/anime\/5526\/Pokemon__Pikachu_no_Natsuyasumi"},{"mal_id":6877,"type":"anime","name":"Pokemon: Bokutachi Pichu Brothers - Party wa Oosawagi! no Maki","url":"https:\/\/myanimelist.net\/anime\/6877\/Pokemon__Bokutachi_Pichu_Brothers_-_Party_wa_Oosawagi_no_Maki"},{"mal_id":10916,"type":"anime","name":"Pokemon: Pikachu no Fuyuyasumi (2000)","url":"https:\/\/myanimelist.net\/anime\/10916\/Pokemon__Pikachu_no_Fuyuyasumi_2000"},{"mal_id":10917,"type":"anime","name":"Pokemon: Pikachu no Fuyuyasumi (2001)","url":"https:\/\/myanimelist.net\/anime\/10917\/Pokemon__Pikachu_no_Fuyuyasumi_2001"}]},{"relation":"Sequel","entry":[{"mal_id":1564,"type":"anime","name":"Pokemon Advanced Generation","url":"https:\/\/myanimelist.net\/anime\/1564\/Pokemon_Advanced_Generation"}]},{"relation":"Summary","entry":[{"mal_id":11073,"type":"anime","name":"Pokemon Introductory Recap","url":"https:\/\/myanimelist.net\/anime\/11073\/Pokemon_Introductory_Recap"},{"mal_id":31750,"type":"anime","name":"TV-ban Pokemon Special Masara Town-hen Recaps","url":"https:\/\/myanimelist.net\/anime\/31750\/TV-ban_Pokemon_Special_Masara_Town-hen_Recaps"},{"mal_id":36825,"type":"anime","name":"Pokemon Diamond & Pearl: Clip Show","url":"https:\/\/myanimelist.net\/anime\/36825\/Pokemon_Diamond___Pearl__Clip_Show"},{"mal_id":37865,"type":"anime","name":"Pokemon: Aki no Special","url":"https:\/\/myanimelist.net\/anime\/37865\/Pokemon__Aki_no_Special"},{"mal_id":41612,"type":"anime","name":"Oshougatsuda yo! Pokemon Special!","url":"https:\/\/myanimelist.net\/anime\/41612\/Oshougatsuda_yo_Pokemon_Special"}]},{"relation":"Alternative setting","entry":[{"mal_id":20159,"type":"anime","name":"Pokemon: The Origin","url":"https:\/\/myanimelist.net\/anime\/20159\/Pokemon__The_Origin"},{"mal_id":34540,"type":"anime","name":"Pokemon Movie 20: Kimi ni Kimeta!","url":"https:\/\/myanimelist.net\/anime\/34540\/Pokemon_Movie_20__Kimi_ni_Kimeta"}]},{"relation":"Other","entry":[{"mal_id":33898,"type":"anime","name":"Torikaekko Please","url":"https:\/\/myanimelist.net\/anime\/33898\/Torikaekko_Please"},{"mal_id":34034,"type":"anime","name":"Pokemon Sun & Moon","url":"https:\/\/myanimelist.net\/anime\/34034\/Pokemon_Sun___Moon"},{"mal_id":34514,"type":"anime","name":"Pokemon Generations","url":"https:\/\/myanimelist.net\/anime\/34514\/Pokemon_Generations"},{"mal_id":40351,"type":"anime","name":"Pokemon (2019)","url":"https:\/\/myanimelist.net\/anime\/40351\/Pokemon_2019"},{"mal_id":42984,"type":"anime","name":"Gotcha!","url":"https:\/\/myanimelist.net\/anime\/42984\/Gotcha"},{"mal_id":49730,"type":"anime","name":"Pokemon Evolutions","url":"https:\/\/myanimelist.net\/anime\/49730\/Pokemon_Evolutions"},{"mal_id":51013,"type":"anime","name":"A Ripple in Time","url":"https:\/\/myanimelist.net\/anime\/51013\/A_Ripple_in_Time"},{"mal_id":51145,"type":"anime","name":"Pokemon Legends Arceus: Yuki Hodo Kishi Futaai","url":"https:\/\/myanimelist.net\/anime\/51145\/Pokemon_Legends_Arceus__Yuki_Hodo_Kishi_Futaai"},{"mal_id":51865,"type":"anime","name":"Pokemon Dai Koushin!","url":"https:\/\/myanimelist.net\/anime\/51865\/Pokemon_Dai_Koushin"},{"mal_id":51866,"type":"anime","name":"CoroCoro Monster Ball","url":"https:\/\/myanimelist.net\/anime\/51866\/CoroCoro_Monster_Ball"},{"mal_id":51867,"type":"anime","name":"Pokemon Inai Inai Baa!","url":"https:\/\/myanimelist.net\/anime\/51867\/Pokemon_Inai_Inai_Baa"},{"mal_id":51868,"type":"anime","name":"Dokidoki Ghost Mansion","url":"https:\/\/myanimelist.net\/anime\/51868\/Dokidoki_Ghost_Mansion"},{"mal_id":51870,"type":"anime","name":"Pokemon de Manabi, Asobu","url":"https:\/\/myanimelist.net\/anime\/51870\/Pokemon_de_Manabi_Asobu"},{"mal_id":51871,"type":"anime","name":"Hisui Kobanashi","url":"https:\/\/myanimelist.net\/anime\/51871\/Hisui_Kobanashi"},{"mal_id":51883,"type":"anime","name":"Pikachu no Asa no Nikka","url":"https:\/\/myanimelist.net\/anime\/51883\/Pikachu_no_Asa_no_Nikka"},{"mal_id":51884,"type":"anime","name":"Pokemon Daiundoukai","url":"https:\/\/myanimelist.net\/anime\/51884\/Pokemon_Daiundoukai"},{"mal_id":51885,"type":"anime","name":"Pikachu, Pochama to Fushigi na Nendo","url":"https:\/\/myanimelist.net\/anime\/51885\/Pikachu_Pochama_to_Fushigi_na_Nendo"},{"mal_id":51886,"type":"anime","name":"Pokemon-tachi to Asobou!","url":"https:\/\/myanimelist.net\/anime\/51886\/Pokemon-tachi_to_Asobou"},{"mal_id":51887,"type":"anime","name":"Pokemon Omosakurabe Battle","url":"https:\/\/myanimelist.net\/anime\/51887\/Pokemon_Omosakurabe_Battle"},{"mal_id":51888,"type":"anime","name":"Kansatsu! Pokemon Zukan","url":"https:\/\/myanimelist.net\/anime\/51888\/Kansatsu_Pokemon_Zukan"},{"mal_id":51889,"type":"anime","name":"Pokemon Kids TV Douyou","url":"https:\/\/myanimelist.net\/anime\/51889\/Pokemon_Kids_TV_Douyou"},{"mal_id":51955,"type":"anime","name":"Pokemon Moncolle Story","url":"https:\/\/myanimelist.net\/anime\/51955\/Pokemon_Moncolle_Story"},{"mal_id":52497,"type":"anime","name":"Pokemon Center Okinawa PV","url":"https:\/\/myanimelist.net\/anime\/52497\/Pokemon_Center_Okinawa_PV"},{"mal_id":52553,"type":"anime","name":"Pokemon Peaceful Place","url":"https:\/\/myanimelist.net\/anime\/52553\/Pokemon_Peaceful_Place"},{"mal_id":52576,"type":"anime","name":"Pokemon ASMR","url":"https:\/\/myanimelist.net\/anime\/52576\/Pokemon_ASMR"},{"mal_id":52897,"type":"anime","name":"Kemeng","url":"https:\/\/myanimelist.net\/anime\/52897\/Kemeng"},{"mal_id":52942,"type":"anime","name":"Pokemon Scarlet Violet","url":"https:\/\/myanimelist.net\/anime\/52942\/Pokemon_Scarlet_Violet"},{"mal_id":53327,"type":"anime","name":"Nanjamo no Aibou wa Nanimono nanja!? (Donna Monja TV)","url":"https:\/\/myanimelist.net\/anime\/53327\/Nanjamo_no_Aibou_wa_Nanimono_nanja_Donna_Monja_TV"},{"mal_id":53876,"type":"anime","name":"Pokemon (2023)","url":"https:\/\/myanimelist.net\/anime\/53876\/Pokemon_2023"},{"mal_id":54434,"type":"anime","name":"Chan Chiho Challenge Channel","url":"https:\/\/myanimelist.net\/anime\/54434\/Chan_Chiho_Challenge_Channel"},{"mal_id":54633,"type":"anime","name":"Pokemon Concierge","url":"https:\/\/myanimelist.net\/anime\/54633\/Pokemon_Concierge"},{"mal_id":54646,"type":"anime","name":"Tong Meng Zhi Lu","url":"https:\/\/myanimelist.net\/anime\/54646\/Tong_Meng_Zhi_Lu"},{"mal_id":54648,"type":"anime","name":"Fangkemeng: Bu Yuan Zhi Dao de Fangxing Baokemeng?!","url":"https:\/\/myanimelist.net\/anime\/54648\/Fangkemeng__Bu_Yuan_Zhi_Dao_de_Fangxing_Baokemeng"},{"mal_id":56064,"type":"anime","name":"Kimi ni Aeta!","url":"https:\/\/myanimelist.net\/anime\/56064\/Kimi_ni_Aeta"},{"mal_id":56218,"type":"anime","name":"Houkago no Breath","url":"https:\/\/myanimelist.net\/anime\/56218\/Houkago_no_Breath"}]},{"relation":"Character","entry":[{"mal_id":51424,"type":"anime","name":"Metamon to! Purin no Stage","url":"https:\/\/myanimelist.net\/anime\/51424\/Metamon_to_Purin_no_Stage"}]}],"theme":{"openings":["1: \"Mezase Pok\u00e9mon Master (\u3081\u3056\u305b\u30dd\u30b1\u30e2\u30f3\u30de\u30b9\u30bf\u30fc)\" by Rica Matsumoto (eps 1-82)","2: \"Rival! (\u30e9\u30a4\u30d0\u30eb\uff01)\" by Rica Matsumoto (eps 83-118)","3: \"OK!\" by Rica Matsumoto (eps 119-193)","4: \"Mezase Pok\u00e9mon Master (\u3081\u3056\u305b\u30dd\u30b1\u30e2\u30f3\u30de\u30b9\u30bf\u30fc)\" by Whiteberry (eps 194-240)","5: \"Ready, Go!\" by Naomi Tamura (eps 241-276)"],"endings":["1: \"Hyaku Gojuu Ichi\" by Unshou Ishizuka and Pokemon Kids (eps 1-27)","2: \"Nyaasu no Uta\" by Inuko Inuyama (eps 28-37)","3: \"Pocket ni Fantasy\" by Sachi & Juri (eps 38-53)","4: \"Pokemon Ondo\" by Garura Kobayashi (eps 54-66)","5: \"Type: Wild\" by Rica Matsumoto (eps 67-104)","6: \"Lapras ni Notte\" by Iizuka Mayumi and Aikawa Rikako (eps 105-116)","7: \"Nyaasu no Party\" by Roketto-Dan (eps 119-143)","8: \"Pokemon Hara Hara Relay\" by Aikawa Rikako And Korasu","9: \"Takeshi no Paradaisu\" by Yuji Ueda (eps 159-174)","10: \"Boku no Best Friend e\" by Iawasaki Hiromi (eps 175-193)","11: \"Maemuki Roketto-Dan\" by Roketto-Dan (eps 194-238)","12: \"Poketaari Monsutaari\" by KANA (eps 241-276)"]},"external":[{"name":"Official Site","url":"http:\/\/www.pokemon.co.jp\/anime\/"},{"name":"AniDB","url":"https:\/\/anidb.net\/perl-bin\/animedb.pl?show=anime&aid=230"},{"name":"ANN","url":"https:\/\/www.animenewsnetwork.com\/encyclopedia\/anime.php?id=270"},{"name":"Wikipedia","url":"http:\/\/en.wikipedia.org\/wiki\/Pok%C3%A9mon_%28anime%29"}],"streaming":[{"name":"Netflix","url":"https:\/\/www.netflix.com\/"}]}}