{"data":{"mal_id":52747,"url":"https:\/\/myanimelist.net\/anime\/52747\/Psycho-Pass_Movie__Providence","images":{"jpg":{"image_url":"https:\/\/cdn.myanimelist.net\/images\/anime\/1244\/134653.jpg","small_image_url":"https:\/\/cdn.myanimelist.net\/images\/anime\/1244\/134653t.jpg","large_image_url":"https:\/\/cdn.myanimelist.net\/images\/anime\/1244\/134653l.jpg"},"webp":{"image_url":"https:\/\/cdn.myanimelist.net\/images\/anime\/1244\/134653.webp","small_image_url":"https:\/\/cdn.myanimelist.net\/images\/anime\/1244\/134653t.webp","large_image_url":"https:\/\/cdn.myanimelist.net\/images\/anime\/1244\/134653l.webp"}},"trailer":{"youtube_id":"UOJbcihluGc","url":"https:\/\/www.youtube.com\/watch?v=UOJbcihluGc","embed_url":"https:\/\/www.youtube.com\/embed\/UOJbcihluGc?enablejsapi=1&wmode=opaque&autoplay=1","images":{"image_url":"https:\/\/img.youtube.com\/vi\/UOJbcihluGc\/default.jpg","small_image_url":"https:\/\/img.youtube.com\/vi\/UOJbcihluGc\/sddefault.jpg","medium_image_url":"https:\/\/img.youtube.com\/vi\/UOJbcihluGc\/mqdefault.jpg","large_image_url":"https:\/\/img.youtube.com\/vi\/UOJbcihluGc\/hqdefault.jpg","maximum_image_url":"https:\/\/img.youtube.com\/vi\/UOJbcihluGc\/maxresdefault.jpg"}},"approved":true,"titles":[{"type":"Default","title":"Psycho-Pass Movie: Providence"},{"type":"Japanese","title":"\u5287\u5834\u7248 PSYCHO-PASS \u30b5\u30a4\u30b3\u30d1\u30b9 PROVIDENCE"}],"title":"Psycho-Pass Movie: Providence","title_english":null,"title_japanese":"\u5287\u5834\u7248 PSYCHO-PASS \u30b5\u30a4\u30b3\u30d1\u30b9 PROVIDENCE","title_synonyms":[],"type":"Movie","source":"Original","episodes":1,"status":"Finished Airing","airing":false,"aired":{"from":"2023-05-12T00:00:00+00:00","to":null,"prop":{"from":{"day":12,"month":5,"year":2023},"to":{"day":null,"month":null,"year":null}},"string":"May 12, 2023"},"duration":"2 hr","rating":"R - 17+ (violence & profanity)","score":7.58,"scored_by":2191,"rank":1483,"popularity":3448,"members":38998,"favorites":133,"synopsis":"January 2118. Chief Inspector of the Criminal Investigation Department, Akane Tsunemori, receives a report of an incident on a foreign vessel \u2013 the body of Professor Milicia Stronskaya has been discovered. Behind the incident is a group known as the Peacebreakers, a foreign paramilitary organization and a new outside threat who are targeting the professor's research papers known as the \"Stronskaya Document\". Reunited with Shinya Kogami, a former fugitive from the Criminal Investigation Department, Akane grapples with a case that quickly escalates beyond their expectations. The Stronskaya Papers could reveal a truth that would shake Japan's government, and even the Sibyl System, to the core. It is in this untold story that the missing link is revealed.\n\n(Source: psycho-pass.com)","background":"This film celebrates the 10th Anniversary of the Psycho-Pass anime series.","season":null,"year":null,"broadcast":{"day":null,"time":null,"timezone":null,"string":null},"producers":[{"mal_id":15,"type":"anime","name":"Sony Pictures Entertainment","url":"https:\/\/myanimelist.net\/anime\/producer\/15\/Sony_Pictures_Entertainment"},{"mal_id":245,"type":"anime","name":"TOHO","url":"https:\/\/myanimelist.net\/anime\/producer\/245\/TOHO"}],"licensors":[{"mal_id":1468,"type":"anime","name":"Crunchyroll","url":"https:\/\/myanimelist.net\/anime\/producer\/1468\/Crunchyroll"}],"studios":[{"mal_id":10,"type":"anime","name":"Production I.G","url":"https:\/\/myanimelist.net\/anime\/producer\/10\/Production_IG"}],"genres":[{"mal_id":1,"type":"anime","name":"Action","url":"https:\/\/myanimelist.net\/anime\/genre\/1\/Action"},{"mal_id":7,"type":"anime","name":"Mystery","url":"https:\/\/myanimelist.net\/anime\/genre\/7\/Mystery"},{"mal_id":24,"type":"anime","name":"Sci-Fi","url":"https:\/\/myanimelist.net\/anime\/genre\/24\/Sci-Fi"},{"mal_id":41,"type":"anime","name":"Suspense","url":"https:\/\/myanimelist.net\/anime\/genre\/41\/Suspense"}],"explicit_genres":[],"themes":[{"mal_id":50,"type":"anime","name":"Adult Cast","url":"https:\/\/myanimelist.net\/anime\/genre\/50\/Adult_Cast"},{"mal_id":39,"type":"anime","name":"Detective","url":"https:\/\/myanimelist.net\/anime\/genre\/39\/Detective"},{"mal_id":40,"type":"anime","name":"Psychological","url":"https:\/\/myanimelist.net\/anime\/genre\/40\/Psychological"}],"demographics":[],"relations":[{"relation":"Prequel","entry":[{"mal_id":37442,"type":"anime","name":"Psycho-Pass: Sinners of the System Case.3 - Onshuu no Kanata ni\uff3f\uff3f","url":"https:\/\/myanimelist.net\/anime\/37442\/Psycho-Pass__Sinners_of_the_System_Case3_-_Onshuu_no_Kanata_ni\uff3f\uff3f"}]},{"relation":"Sequel","entry":[{"mal_id":39491,"type":"anime","name":"Psycho-Pass 3","url":"https:\/\/myanimelist.net\/anime\/39491\/Psycho-Pass_3"}]}],"theme":{"openings":["\"\u30a2\u30ec\u30ad\u30b7\u30b5\u30a4\u30df\u30a2\u30b9\u30da\u30a2\" by \u51db\u3068\u3057\u3066\u6642\u96e8"],"endings":["\"\u5f53\u4e8b\u8005\" by EGOIST"]},"external":[{"name":"Official Site","url":"https:\/\/psycho-pass.com\/"},{"name":"@psychopass_tv","url":"https:\/\/twitter.com\/psychopass_tv"},{"name":"AniDB","url":"https:\/\/anidb.net\/perl-bin\/animedb.pl?show=anime&aid=17573"},{"name":"ANN","url":"https:\/\/www.animenewsnetwork.com\/encyclopedia\/anime.php?id=26226"},{"name":"Wikipedia","url":"https:\/\/en.wikipedia.org\/wiki\/Psycho-Pass_Providence"},{"name":"Wikipedia","url":"https:\/\/ja.wikipedia.org\/wiki\/PSYCHO-PASS"}],"streaming":[]}}