{"data":{"mal_id":5290,"url":"https:\/\/myanimelist.net\/anime\/5290\/Keroro_Gunsou_Movie_3__Tenkuu_Daikessen_de_Arimasu","images":{"jpg":{"image_url":"https:\/\/cdn.myanimelist.net\/images\/anime\/1558\/98560.jpg","small_image_url":"https:\/\/cdn.myanimelist.net\/images\/anime\/1558\/98560t.jpg","large_image_url":"https:\/\/cdn.myanimelist.net\/images\/anime\/1558\/98560l.jpg"},"webp":{"image_url":"https:\/\/cdn.myanimelist.net\/images\/anime\/1558\/98560.webp","small_image_url":"https:\/\/cdn.myanimelist.net\/images\/anime\/1558\/98560t.webp","large_image_url":"https:\/\/cdn.myanimelist.net\/images\/anime\/1558\/98560l.webp"}},"trailer":{"youtube_id":null,"url":null,"embed_url":null,"images":{"image_url":null,"small_image_url":null,"medium_image_url":null,"large_image_url":null,"maximum_image_url":null}},"approved":true,"titles":[{"type":"Default","title":"Keroro Gunsou Movie 3: Tenkuu Daikessen de Arimasu!"},{"type":"Synonym","title":"Chou Gekijouban Keroro Gunso 3: Keroro Tai Keroro - Tenkuu Daikessen de Arimasu!"},{"type":"Synonym","title":"Keroro Gunso the Super Movie 3: Keroro vs. Keroro Great Sky Duel de arimasu!"},{"type":"Japanese","title":"\u8d85\u5287\u5834\u7248\u30b1\u30ed\u30ed\u8ecd\u66f93 \u30b1\u30ed\u30ed\u5bfe\u30b1\u30ed\u30ed \u5929\u7a7a\u5927\u6c7a\u6226\u3067\u3042\u308a\u307e\u3059\uff01"},{"type":"English","title":"Keroro Movie 3"}],"title":"Keroro Gunsou Movie 3: Tenkuu Daikessen de Arimasu!","title_english":"Keroro Movie 3","title_japanese":"\u8d85\u5287\u5834\u7248\u30b1\u30ed\u30ed\u8ecd\u66f93 \u30b1\u30ed\u30ed\u5bfe\u30b1\u30ed\u30ed \u5929\u7a7a\u5927\u6c7a\u6226\u3067\u3042\u308a\u307e\u3059\uff01","title_synonyms":["Chou Gekijouban Keroro Gunso 3: Keroro Tai Keroro - Tenkuu Daikessen de Arimasu!","Keroro Gunso the Super Movie 3: Keroro vs. Keroro Great Sky Duel de arimasu!"],"type":"Movie","source":"Unknown","episodes":1,"status":"Finished Airing","airing":false,"aired":{"from":"2008-03-01T00:00:00+00:00","to":null,"prop":{"from":{"day":1,"month":3,"year":2008},"to":{"day":null,"month":null,"year":null}},"string":"Mar 1, 2008"},"duration":"1 hr 35 min","rating":"PG - Children","score":7.38,"scored_by":2456,"rank":2263,"popularity":8035,"members":5287,"favorites":14,"synopsis":"The movie begins with Fuyuki Hinata and the Keroro Platoon exploring an abandoned temple in the mountaintop city of Machu Picchu in Peru. While on the exploration, Keroro accidentally sets off a trap, and by chance they find a hidden chamber with a large blue crystal in the center, on a stand that has a key in it. Keroro leans on the key, causing the room to activate a mysterious machine, this caused the entire temple to shake. As soon as the group realized what was happening, they run out of the room. While running, Keroro accidentally loses his Kero Ball while Fuyuki catches a fleeting glimpse of a glowing young woman as he is running out, and tells Keroro that there was a girl in the room, but he is forced to leave the room before he can say anything else. The group successfully escapes, while the girl (now sprouting a pair of glowing wings) watches them leave - while back in the chamber, something is growing within the crystal... \n\n(Source: AniDB)","background":null,"season":null,"year":null,"broadcast":{"day":null,"time":null,"timezone":null,"string":null},"producers":[{"mal_id":352,"type":"anime","name":"Kadokawa Pictures Japan","url":"https:\/\/myanimelist.net\/anime\/producer\/352\/Kadokawa_Pictures_Japan"}],"licensors":[],"studios":[{"mal_id":14,"type":"anime","name":"Sunrise","url":"https:\/\/myanimelist.net\/anime\/producer\/14\/Sunrise"}],"genres":[{"mal_id":4,"type":"anime","name":"Comedy","url":"https:\/\/myanimelist.net\/anime\/genre\/4\/Comedy"},{"mal_id":24,"type":"anime","name":"Sci-Fi","url":"https:\/\/myanimelist.net\/anime\/genre\/24\/Sci-Fi"}],"explicit_genres":[],"themes":[],"demographics":[{"mal_id":27,"type":"anime","name":"Shounen","url":"https:\/\/myanimelist.net\/anime\/genre\/27\/Shounen"}],"relations":[{"relation":"Parent story","entry":[{"mal_id":516,"type":"anime","name":"Keroro Gunsou","url":"https:\/\/myanimelist.net\/anime\/516\/Keroro_Gunsou"}]},{"relation":"Other","entry":[{"mal_id":11281,"type":"anime","name":"Keroro Gunsou: Mushakero Ohirome Sengoku Ranstar Dai Battle","url":"https:\/\/myanimelist.net\/anime\/11281\/Keroro_Gunsou__Mushakero_Ohirome_Sengoku_Ranstar_Dai_Battle"}]}],"theme":{"openings":[],"endings":["\"Arie nai Kurai Kiseki\" by Tsuji Ayano & BEAT CRUSADERS"]},"external":[{"name":"Official Site","url":"http:\/\/www.keroro-movie.net\/"},{"name":"AniDB","url":"https:\/\/anidb.net\/perl-bin\/animedb.pl?show=anime&aid=5956"},{"name":"ANN","url":"https:\/\/www.animenewsnetwork.com\/encyclopedia\/anime.php?id=8867"},{"name":"Wikipedia","url":"http:\/\/en.wikipedia.org\/wiki\/Sgt._Frog"}],"streaming":[{"name":"Netflix","url":"https:\/\/www.netflix.com\/"}]}}