{"data":{"mal_id":53148,"url":"https:\/\/myanimelist.net\/anime\/53148\/Gokushufudou_Season_2","images":{"jpg":{"image_url":"https:\/\/cdn.myanimelist.net\/images\/anime\/1985\/132227.jpg","small_image_url":"https:\/\/cdn.myanimelist.net\/images\/anime\/1985\/132227t.jpg","large_image_url":"https:\/\/cdn.myanimelist.net\/images\/anime\/1985\/132227l.jpg"},"webp":{"image_url":"https:\/\/cdn.myanimelist.net\/images\/anime\/1985\/132227.webp","small_image_url":"https:\/\/cdn.myanimelist.net\/images\/anime\/1985\/132227t.webp","large_image_url":"https:\/\/cdn.myanimelist.net\/images\/anime\/1985\/132227l.webp"}},"trailer":{"youtube_id":null,"url":null,"embed_url":null,"images":{"image_url":null,"small_image_url":null,"medium_image_url":null,"large_image_url":null,"maximum_image_url":null}},"approved":true,"titles":[{"type":"Default","title":"Gokushufudou Season 2"},{"type":"Japanese","title":"\u6975\u4e3b\u592b\u9053"},{"type":"English","title":"The Way of the Househusband Season 2"}],"title":"Gokushufudou Season 2","title_english":"The Way of the Househusband Season 2","title_japanese":"\u6975\u4e3b\u592b\u9053","title_synonyms":[],"type":"ONA","source":"Web manga","episodes":5,"status":"Finished Airing","airing":false,"aired":{"from":"2023-01-01T00:00:00+00:00","to":null,"prop":{"from":{"day":1,"month":1,"year":2023},"to":{"day":null,"month":null,"year":null}},"string":"Jan 1, 2023"},"duration":"17 min per ep","rating":"PG-13 - Teens 13 or older","score":7.56,"scored_by":31971,"rank":1566,"popularity":2575,"members":66532,"favorites":100,"synopsis":"With a wicked scar on his face, a terrifying gaze, and an apron adorned with a teddy bear, ex-yakuza member Tatsu proudly assumes the role of a full-time househusband. Already familiar with the regular challenges of grocery shopping, Tatsu now takes it to the next level by joining a women's organization\u2014but acceptance is not easily achieved without first mastering the elegance of flower arranging and housekeeping.\n\nApproaching homemaking ventures through the lens of his former occupation, Tatsu faces haiku battles, typhoon alerts, and cosplaying villains. For his dearest wife Miku, Tatsu will do anything, even if he is interrupted by his old acquaintances, whose former vigor has also yet to subside. Never faltering before a new challenge, Tatsu's tranquil days as a househusband are proving to be just as hectic as before.\n\n[Written by MAL Rewrite]","background":null,"season":null,"year":null,"broadcast":{"day":null,"time":null,"timezone":null,"string":null},"producers":[{"mal_id":1977,"type":"anime","name":"Netflix","url":"https:\/\/myanimelist.net\/anime\/producer\/1977\/Netflix"}],"licensors":[],"studios":[{"mal_id":7,"type":"anime","name":"J.C.Staff","url":"https:\/\/myanimelist.net\/anime\/producer\/7\/JCStaff"}],"genres":[{"mal_id":4,"type":"anime","name":"Comedy","url":"https:\/\/myanimelist.net\/anime\/genre\/4\/Comedy"}],"explicit_genres":[],"themes":[{"mal_id":50,"type":"anime","name":"Adult Cast","url":"https:\/\/myanimelist.net\/anime\/genre\/50\/Adult_Cast"},{"mal_id":57,"type":"anime","name":"Gag Humor","url":"https:\/\/myanimelist.net\/anime\/genre\/57\/Gag_Humor"},{"mal_id":68,"type":"anime","name":"Organized Crime","url":"https:\/\/myanimelist.net\/anime\/genre\/68\/Organized_Crime"}],"demographics":[],"relations":[{"relation":"Adaptation","entry":[{"mal_id":112922,"type":"manga","name":"Gokushufudou","url":"https:\/\/myanimelist.net\/manga\/112922\/Gokushufudou"}]},{"relation":"Prequel","entry":[{"mal_id":48707,"type":"anime","name":"Gokushufudou Part 2","url":"https:\/\/myanimelist.net\/anime\/48707\/Gokushufudou_Part_2"}]}],"theme":{"openings":["\"Shufu no Michi (\u30b7\u30e5\u30d5\u30ce\u30df\u30c1)\" by Uchikubi Gokumon Doukoukai (\u6253\u9996\u7344\u9580\u540c\u597d\u4f1a)"],"endings":["\"Kiwami Meoto Kaido (\u6975\u30fb\u592b\u5a66\u8857\u9053)\" by Uchikubi Gokumon Doukoukai (\u6253\u9996\u7344\u9580\u540c\u597d\u4f1a)"]},"external":[{"name":"Official Site","url":"https:\/\/www.netflix.com\/title\/81261669"},{"name":"AniDB","url":"https:\/\/anidb.net\/perl-bin\/animedb.pl?show=anime&aid=17643"},{"name":"ANN","url":"https:\/\/www.animenewsnetwork.com\/encyclopedia\/anime.php?id=26386"},{"name":"Wikipedia","url":"https:\/\/en.wikipedia.org\/wiki\/The_Way_of_the_Househusband#Anime"},{"name":"Wikipedia","url":"https:\/\/ja.wikipedia.org\/wiki\/%E6%A5%B5%E4%B8%BB%E5%A4%AB%E9%81%93"}],"streaming":[{"name":"Netflix","url":"https:\/\/www.netflix.com\/"}]}}