{"data":{"mal_id":5332,"url":"https:\/\/myanimelist.net\/anime\/5332\/Toshokan_Sensou__Koi_no_Shougai","images":{"jpg":{"image_url":"https:\/\/cdn.myanimelist.net\/images\/anime\/1531\/101092.jpg","small_image_url":"https:\/\/cdn.myanimelist.net\/images\/anime\/1531\/101092t.jpg","large_image_url":"https:\/\/cdn.myanimelist.net\/images\/anime\/1531\/101092l.jpg"},"webp":{"image_url":"https:\/\/cdn.myanimelist.net\/images\/anime\/1531\/101092.webp","small_image_url":"https:\/\/cdn.myanimelist.net\/images\/anime\/1531\/101092t.webp","large_image_url":"https:\/\/cdn.myanimelist.net\/images\/anime\/1531\/101092l.webp"}},"trailer":{"youtube_id":null,"url":null,"embed_url":null,"images":{"image_url":null,"small_image_url":null,"medium_image_url":null,"large_image_url":null,"maximum_image_url":null}},"approved":true,"titles":[{"type":"Default","title":"Toshokan Sensou: Koi no Shougai"},{"type":"Synonym","title":"Library War"},{"type":"Synonym","title":"Toshokan Sensou: Situation Love Handicap"},{"type":"Synonym","title":"Library Revolution Special"},{"type":"Japanese","title":"\u56f3\u66f8\u9928\u6226\u4e89 \u604b\u30ce\u969c\u5bb3"},{"type":"English","title":"Library Wars: Situation Love Handicap"}],"title":"Toshokan Sensou: Koi no Shougai","title_english":"Library Wars: Situation Love Handicap","title_japanese":"\u56f3\u66f8\u9928\u6226\u4e89 \u604b\u30ce\u969c\u5bb3","title_synonyms":["Library War","Toshokan Sensou: Situation Love Handicap","Library Revolution Special"],"type":"Special","source":"Novel","episodes":1,"status":"Finished Airing","airing":false,"aired":{"from":"2008-10-01T00:00:00+00:00","to":null,"prop":{"from":{"day":1,"month":10,"year":2008},"to":{"day":null,"month":null,"year":null}},"string":"Oct 1, 2008"},"duration":"24 min","rating":"PG-13 - Teens 13 or older","score":7.33,"scored_by":5629,"rank":2507,"popularity":6129,"members":10265,"favorites":3,"synopsis":"Despite being around a decade older than her, Library Task Force (LTF) member Mikihisa Komaki has been friends with Marie Nakazawa, a girl from his neighborhood, ever since she was little. Their relationship perseveres through thick and thin, and when Marie suddenly develops a hearing impairment during her middle school days, Komaki is there to support her\u2014often by selecting books for her enjoyment.\n\nBut one fateful morning, Komaki finds himself arrested by the Media Betterment Committee, which charges him with invading the privacy of a minor due to the supposedly insensitive content of one of his recommended novels. Knowing that what awaits their friend at the \"inquiry\" is more akin to torture, the members of the LTF look for ways to save Komaki before it is too late.\n\n[Written by MAL Rewrite]","background":"Toshokan Sensou: Koi no Shougai is an unaired episode that was bundled with the third DVD volume of Toshokan Sensou. The special was also included in the Blu-ray box of the series, which was released on June 8, 2012.","season":null,"year":null,"broadcast":{"day":null,"time":null,"timezone":null,"string":null},"producers":[],"licensors":[{"mal_id":467,"type":"anime","name":"Discotek Media","url":"https:\/\/myanimelist.net\/anime\/producer\/467\/Discotek_Media"}],"studios":[{"mal_id":10,"type":"anime","name":"Production I.G","url":"https:\/\/myanimelist.net\/anime\/producer\/10\/Production_IG"}],"genres":[{"mal_id":1,"type":"anime","name":"Action","url":"https:\/\/myanimelist.net\/anime\/genre\/1\/Action"},{"mal_id":4,"type":"anime","name":"Comedy","url":"https:\/\/myanimelist.net\/anime\/genre\/4\/Comedy"},{"mal_id":8,"type":"anime","name":"Drama","url":"https:\/\/myanimelist.net\/anime\/genre\/8\/Drama"},{"mal_id":22,"type":"anime","name":"Romance","url":"https:\/\/myanimelist.net\/anime\/genre\/22\/Romance"}],"explicit_genres":[],"themes":[{"mal_id":50,"type":"anime","name":"Adult Cast","url":"https:\/\/myanimelist.net\/anime\/genre\/50\/Adult_Cast"},{"mal_id":38,"type":"anime","name":"Military","url":"https:\/\/myanimelist.net\/anime\/genre\/38\/Military"}],"demographics":[],"relations":[{"relation":"Parent story","entry":[{"mal_id":3613,"type":"anime","name":"Toshokan Sensou","url":"https:\/\/myanimelist.net\/anime\/3613\/Toshokan_Sensou"}]}],"theme":{"openings":[],"endings":["\"changes\" by Base Ball Bear"]},"external":[{"name":"Official Site","url":"http:\/\/www.toshokan-sensou.com\/"},{"name":"AniDB","url":"https:\/\/anidb.net\/perl-bin\/animedb.pl?show=anime&aid=5558"},{"name":"ANN","url":"https:\/\/www.animenewsnetwork.com\/encyclopedia\/anime.php?id=8951"},{"name":"Wikipedia","url":"http:\/\/en.wikipedia.org\/wiki\/Toshokan_Sens%C5%8D"}],"streaming":[]}}