{"data":{"mal_id":53499,"url":"https:\/\/myanimelist.net\/anime\/53499\/Aikatsu_10th_Story__Mirai_e_no_Starway_2023","images":{"jpg":{"image_url":"https:\/\/cdn.myanimelist.net\/images\/anime\/1837\/130395.jpg","small_image_url":"https:\/\/cdn.myanimelist.net\/images\/anime\/1837\/130395t.jpg","large_image_url":"https:\/\/cdn.myanimelist.net\/images\/anime\/1837\/130395l.jpg"},"webp":{"image_url":"https:\/\/cdn.myanimelist.net\/images\/anime\/1837\/130395.webp","small_image_url":"https:\/\/cdn.myanimelist.net\/images\/anime\/1837\/130395t.webp","large_image_url":"https:\/\/cdn.myanimelist.net\/images\/anime\/1837\/130395l.webp"}},"trailer":{"youtube_id":"jGCiLYh99Fo","url":"https:\/\/www.youtube.com\/watch?v=jGCiLYh99Fo","embed_url":"https:\/\/www.youtube.com\/embed\/jGCiLYh99Fo?enablejsapi=1&wmode=opaque&autoplay=1","images":{"image_url":"https:\/\/img.youtube.com\/vi\/jGCiLYh99Fo\/default.jpg","small_image_url":"https:\/\/img.youtube.com\/vi\/jGCiLYh99Fo\/sddefault.jpg","medium_image_url":"https:\/\/img.youtube.com\/vi\/jGCiLYh99Fo\/mqdefault.jpg","large_image_url":"https:\/\/img.youtube.com\/vi\/jGCiLYh99Fo\/hqdefault.jpg","maximum_image_url":"https:\/\/img.youtube.com\/vi\/jGCiLYh99Fo\/maxresdefault.jpg"}},"approved":true,"titles":[{"type":"Default","title":"Aikatsu! 10th Story: Mirai e no Starway (2023)"},{"type":"Japanese","title":"\u30a2\u30a4\u30ab\u30c4\uff01 10th STORY \uff5e\u672a\u6765\u3078\u306eSTARWAY\uff5e"}],"title":"Aikatsu! 10th Story: Mirai e no Starway (2023)","title_english":null,"title_japanese":"\u30a2\u30a4\u30ab\u30c4\uff01 10th STORY \uff5e\u672a\u6765\u3078\u306eSTARWAY\uff5e","title_synonyms":[],"type":"Movie","source":"Original","episodes":1,"status":"Finished Airing","airing":false,"aired":{"from":"2023-01-20T00:00:00+00:00","to":null,"prop":{"from":{"day":20,"month":1,"year":2023},"to":{"day":null,"month":null,"year":null}},"string":"Jan 20, 2023"},"duration":"1 hr 12 min","rating":"PG - Children","score":7.6,"scored_by":326,"rank":1428,"popularity":12149,"members":1288,"favorites":23,"synopsis":null,"background":null,"season":null,"year":null,"broadcast":{"day":null,"time":null,"timezone":null,"string":null},"producers":[],"licensors":[],"studios":[{"mal_id":1258,"type":"anime","name":"Bandai Namco Pictures","url":"https:\/\/myanimelist.net\/anime\/producer\/1258\/Bandai_Namco_Pictures"}],"genres":[],"explicit_genres":[],"themes":[{"mal_id":60,"type":"anime","name":"Idols (Female)","url":"https:\/\/myanimelist.net\/anime\/genre\/60\/Idols_Female"},{"mal_id":19,"type":"anime","name":"Music","url":"https:\/\/myanimelist.net\/anime\/genre\/19\/Music"}],"demographics":[],"relations":[{"relation":"Prequel","entry":[{"mal_id":52993,"type":"anime","name":"Aikatsu! 10th Story: Mirai e no Starway","url":"https:\/\/myanimelist.net\/anime\/52993\/Aikatsu_10th_Story__Mirai_e_no_Starway"}]}],"theme":{"openings":["\"My Starway\" by Waka, Fuuri, Yuna from Soleil"],"endings":["\"Koori no Mori (\u6c37\u306e\u68ee)\" by Eri, Fuuri, Remi, Risuko, Waka, Yuna"]},"external":[{"name":"Official Site","url":"https:\/\/www.aikatsu.net\/"},{"name":"AniDB","url":"https:\/\/anidb.net\/perl-bin\/animedb.pl?show=anime&aid=17699"},{"name":"ANN","url":"https:\/\/www.animenewsnetwork.com\/encyclopedia\/anime.php?id=26531"},{"name":"Wikipedia","url":"https:\/\/ja.wikipedia.org\/wiki\/%E3%82%A2%E3%82%A4%E3%82%AB%E3%83%84!_(%E3%82%A2%E3%83%8B%E3%83%A1)"},{"name":"Bangumi","url":"https:\/\/bgm.tv\/subject\/404427"}],"streaming":[]}}