{"data":{"mal_id":53933,"url":"https:\/\/myanimelist.net\/anime\/53933\/Futari-bun_no_Shoumei","images":{"jpg":{"image_url":"https:\/\/cdn.myanimelist.net\/images\/anime\/1794\/132547.jpg","small_image_url":"https:\/\/cdn.myanimelist.net\/images\/anime\/1794\/132547t.jpg","large_image_url":"https:\/\/cdn.myanimelist.net\/images\/anime\/1794\/132547l.jpg"},"webp":{"image_url":"https:\/\/cdn.myanimelist.net\/images\/anime\/1794\/132547.webp","small_image_url":"https:\/\/cdn.myanimelist.net\/images\/anime\/1794\/132547t.webp","large_image_url":"https:\/\/cdn.myanimelist.net\/images\/anime\/1794\/132547l.webp"}},"trailer":{"youtube_id":null,"url":null,"embed_url":null,"images":{"image_url":null,"small_image_url":null,"medium_image_url":null,"large_image_url":null,"maximum_image_url":null}},"approved":true,"titles":[{"type":"Default","title":"Futari-bun no Shoumei"},{"type":"Synonym","title":"Proof of Us"},{"type":"Japanese","title":"\u3075\u305f\u308a\u5206\u306e\u8a3c\u660e"},{"type":"English","title":"Proof of Two"}],"title":"Futari-bun no Shoumei","title_english":"Proof of Two","title_japanese":"\u3075\u305f\u308a\u5206\u306e\u8a3c\u660e","title_synonyms":["Proof of Us"],"type":"ONA","source":"Original","episodes":1,"status":"Finished Airing","airing":false,"aired":{"from":"2022-12-23T00:00:00+00:00","to":null,"prop":{"from":{"day":23,"month":12,"year":2022},"to":{"day":null,"month":null,"year":null}},"string":"Dec 23, 2022"},"duration":"4 min","rating":"PG-13 - Teens 13 or older","score":7.47,"scored_by":2782,"rank":1883,"popularity":7905,"members":5501,"favorites":32,"synopsis":"The story follows three friends grappling with school, studies, and relationships. Kouki Uchiyama will play Takuya Amano, a boy who will move to Hokkaido after finishing middle school. Yui Ishikawa plays Haruka Kishi, Takuya's childhood friend. Daisuke Fujita plays Tsubasa Miyake, a mutual friend of Takuya and Haruka who attends the Eikoh Seminar school. \n\n(Source: Anime News Network)","background":null,"season":null,"year":null,"broadcast":{"day":null,"time":null,"timezone":null,"string":null},"producers":[],"licensors":[],"studios":[{"mal_id":2067,"type":"anime","name":"Flat Studio","url":"https:\/\/myanimelist.net\/anime\/producer\/2067\/Flat_Studio"}],"genres":[{"mal_id":8,"type":"anime","name":"Drama","url":"https:\/\/myanimelist.net\/anime\/genre\/8\/Drama"}],"explicit_genres":[],"themes":[],"demographics":[],"relations":[],"theme":{"openings":[],"endings":[]},"external":[{"name":"Official Site","url":"https:\/\/youtu.be\/JBeEpW8l-Mg"},{"name":"AniDB","url":"https:\/\/anidb.net\/perl-bin\/animedb.pl?show=anime&aid=17776"},{"name":"ANN","url":"https:\/\/www.animenewsnetwork.com\/encyclopedia\/anime.php?id=26749"}],"streaming":[]}}