{"data":{"mal_id":5420,"url":"https:\/\/myanimelist.net\/anime\/5420\/Kemono_no_Souja_Erin","images":{"jpg":{"image_url":"https:\/\/cdn.myanimelist.net\/images\/anime\/9\/19845.jpg","small_image_url":"https:\/\/cdn.myanimelist.net\/images\/anime\/9\/19845t.jpg","large_image_url":"https:\/\/cdn.myanimelist.net\/images\/anime\/9\/19845l.jpg"},"webp":{"image_url":"https:\/\/cdn.myanimelist.net\/images\/anime\/9\/19845.webp","small_image_url":"https:\/\/cdn.myanimelist.net\/images\/anime\/9\/19845t.webp","large_image_url":"https:\/\/cdn.myanimelist.net\/images\/anime\/9\/19845l.webp"}},"trailer":{"youtube_id":null,"url":null,"embed_url":null,"images":{"image_url":null,"small_image_url":null,"medium_image_url":null,"large_image_url":null,"maximum_image_url":null}},"approved":true,"titles":[{"type":"Default","title":"Kemono no Souja Erin"},{"type":"Synonym","title":"Kemono no Soujya Erin"},{"type":"Synonym","title":"Kemono no Sou-ja Erin"},{"type":"Japanese","title":"\u7363\u306e\u594f\u8005\u30a8\u30ea\u30f3"},{"type":"English","title":"The Beast Player Erin"},{"type":"German","title":"Erin"},{"type":"Spanish","title":"Erin"},{"type":"French","title":"Erin"}],"title":"Kemono no Souja Erin","title_english":"The Beast Player Erin","title_japanese":"\u7363\u306e\u594f\u8005\u30a8\u30ea\u30f3","title_synonyms":["Kemono no Soujya Erin","Kemono no Sou-ja Erin"],"type":"TV","source":"Novel","episodes":50,"status":"Finished Airing","airing":false,"aired":{"from":"2009-01-10T00:00:00+00:00","to":"2009-12-26T00:00:00+00:00","prop":{"from":{"day":10,"month":1,"year":2009},"to":{"day":26,"month":12,"year":2009}},"string":"Jan 10, 2009 to Dec 26, 2009"},"duration":"25 min per ep","rating":"PG-13 - Teens 13 or older","score":8.31,"scored_by":20829,"rank":243,"popularity":2213,"members":84823,"favorites":1486,"synopsis":"In the land of Ryoza, the neighboring provinces of Shin-Ou and Tai-Kou have been at peace. Queen Shinou is the ruler of Ryoza and her greatest general, Grand Duke Taikou, defends the kingdom with his army of powerful war-lizards known as the \"Touda.\" Although the two regions have enjoyed a long-standing alliance, mounting tensions threaten to spark a fierce civil war.\n\nWithin Ake, a village in Tai-Kou tasked with raising the Grand Duke's army, lives Erin, a bright girl who spends her days watching the work of her mother Soyon, the village's head Touda doctor. But while under Soyon's care, a disastrous incident befalls the Grand Duke's strongest Touda, and the peace that Erin and her mother had been enjoying vanishes as Soyon is punished severely. In a desperate attempt to save her mother, Erin ends up falling in a river and is swept towards Shin-Ou.\n\nUnable to return home, Erin must learn to lead a new life with completely different people, all while hunting for the truth of both beasts and humanity itself, with tensions between the two regions constantly escalating.\n\n[Written by MAL Rewrite]","background":null,"season":"winter","year":2009,"broadcast":{"day":null,"time":null,"timezone":null,"string":"Unknown"},"producers":[{"mal_id":111,"type":"anime","name":"NHK","url":"https:\/\/myanimelist.net\/anime\/producer\/111\/NHK"}],"licensors":[],"studios":[{"mal_id":10,"type":"anime","name":"Production I.G","url":"https:\/\/myanimelist.net\/anime\/producer\/10\/Production_IG"},{"mal_id":80,"type":"anime","name":"Trans Arts","url":"https:\/\/myanimelist.net\/anime\/producer\/80\/Trans_Arts"}],"genres":[{"mal_id":8,"type":"anime","name":"Drama","url":"https:\/\/myanimelist.net\/anime\/genre\/8\/Drama"},{"mal_id":10,"type":"anime","name":"Fantasy","url":"https:\/\/myanimelist.net\/anime\/genre\/10\/Fantasy"}],"explicit_genres":[],"themes":[],"demographics":[],"relations":[{"relation":"Adaptation","entry":[{"mal_id":11028,"type":"manga","name":"Kemono no Souja","url":"https:\/\/myanimelist.net\/manga\/11028\/Kemono_no_Souja"}]},{"relation":"Summary","entry":[{"mal_id":7904,"type":"anime","name":"Kemono no Souja Erin Recaps","url":"https:\/\/myanimelist.net\/anime\/7904\/Kemono_no_Souja_Erin_Recaps"}]}],"theme":{"openings":["1: \"Shizuku (\u96eb)\" by Sukima Switch (eps 1-30)","2: \"Shizuku (\u96eb)\" by Chitose Hajime (eps 31-50)"],"endings":["1: \"After the rain\" by cossami (eps 1-29)","2: \"Kitto Tsutaete (\u304d\u3063\u3068\u4f1d\u3048\u3066)\" by Takako Matsu (eps 30-49)"]},"external":[{"name":"Official Site","url":"http:\/\/www3.nhk.or.jp\/anime\/erin\/"},{"name":"AniDB","url":"https:\/\/anidb.net\/perl-bin\/animedb.pl?show=anime&aid=6187"},{"name":"ANN","url":"https:\/\/www.animenewsnetwork.com\/encyclopedia\/anime.php?id=10291"},{"name":"Wikipedia","url":"http:\/\/en.wikipedia.org\/wiki\/Kemono_no_Souja"},{"name":"Wikipedia","url":"https:\/\/ja.wikipedia.org\/wiki\/%E7%8D%A3%E3%81%AE%E5%A5%8F%E8%80%85#%E3%83%86%E3%83%AC%E3%83%93%E3%82%A2%E3%83%8B%E3%83%A1"},{"name":"Syoboi","url":"https:\/\/cal.syoboi.jp\/tid\/1521"}],"streaming":[]}}