{"data":{"mal_id":54492,"url":"https:\/\/myanimelist.net\/anime\/54492\/Kusuriya_no_Hitorigoto","images":{"jpg":{"image_url":"https:\/\/cdn.myanimelist.net\/images\/anime\/1708\/138033.jpg","small_image_url":"https:\/\/cdn.myanimelist.net\/images\/anime\/1708\/138033t.jpg","large_image_url":"https:\/\/cdn.myanimelist.net\/images\/anime\/1708\/138033l.jpg"},"webp":{"image_url":"https:\/\/cdn.myanimelist.net\/images\/anime\/1708\/138033.webp","small_image_url":"https:\/\/cdn.myanimelist.net\/images\/anime\/1708\/138033t.webp","large_image_url":"https:\/\/cdn.myanimelist.net\/images\/anime\/1708\/138033l.webp"}},"trailer":{"youtube_id":"OI3MLOX9CpA","url":"https:\/\/www.youtube.com\/watch?v=OI3MLOX9CpA","embed_url":"https:\/\/www.youtube.com\/embed\/OI3MLOX9CpA?enablejsapi=1&wmode=opaque&autoplay=1","images":{"image_url":"https:\/\/img.youtube.com\/vi\/OI3MLOX9CpA\/default.jpg","small_image_url":"https:\/\/img.youtube.com\/vi\/OI3MLOX9CpA\/sddefault.jpg","medium_image_url":"https:\/\/img.youtube.com\/vi\/OI3MLOX9CpA\/mqdefault.jpg","large_image_url":"https:\/\/img.youtube.com\/vi\/OI3MLOX9CpA\/hqdefault.jpg","maximum_image_url":"https:\/\/img.youtube.com\/vi\/OI3MLOX9CpA\/maxresdefault.jpg"}},"approved":true,"titles":[{"type":"Default","title":"Kusuriya no Hitorigoto"},{"type":"Synonym","title":"The Pharmacist's Monologue"},{"type":"Synonym","title":"Drugstore Soliloquy"},{"type":"Japanese","title":"\u85ac\u5c4b\u306e\u3072\u3068\u308a\u3054\u3068"},{"type":"English","title":"The Apothecary Diaries"}],"title":"Kusuriya no Hitorigoto","title_english":"The Apothecary Diaries","title_japanese":"\u85ac\u5c4b\u306e\u3072\u3068\u308a\u3054\u3068","title_synonyms":["The Pharmacist's Monologue","Drugstore Soliloquy"],"type":"TV","source":"Light novel","episodes":24,"status":"Currently Airing","airing":true,"aired":{"from":"2023-10-22T00:00:00+00:00","to":null,"prop":{"from":{"day":22,"month":10,"year":2023},"to":{"day":null,"month":null,"year":null}},"string":"Oct 22, 2023 to ?"},"duration":"22 min per ep","rating":"PG-13 - Teens 13 or older","score":8.64,"scored_by":15261,"rank":73,"popularity":1736,"members":121807,"favorites":1002,"synopsis":"In an imperial court in ancient China, it has been a few months since a 17-year-old girl known as Maomao was kidnapped and forced to work as a low-level servant at the emperor's palace. Still, she manages to retain her curious and pragmatic spirit, planning to work until her years of servitude are over. One day, however, she catches wind of the fact that the emperor's two infants have fallen gravely ill. She decides to secretly take action, drawing on her experience as a pharmacist raised in the poor red-light district.\n\nDespite Maomao's attempts to remain anonymous, she soon catches the eye of Jinshi, an influential eunuch who recognizes her talents. Maomao soon finds herself in the emperor's inner court, where she gradually makes a name for herself by utilizing her knowledge and eccentric personality to solve various medical mysteries.\n\n[Written by MAL Rewrite]","background":"Kusuriya no Hitorigoto was released on Blu-ray in four volumes from January 24, 2024, to July 17, 2024.","season":"fall","year":2023,"broadcast":{"day":"Sundays","time":"01:05","timezone":"Asia\/Tokyo","string":"Sundays at 01:05 (JST)"},"producers":[{"mal_id":53,"type":"anime","name":"Dentsu","url":"https:\/\/myanimelist.net\/anime\/producer\/53\/Dentsu"},{"mal_id":58,"type":"anime","name":"Square Enix","url":"https:\/\/myanimelist.net\/anime\/producer\/58\/Square_Enix"},{"mal_id":1003,"type":"anime","name":"Nippon Television Network","url":"https:\/\/myanimelist.net\/anime\/producer\/1003\/Nippon_Television_Network"},{"mal_id":1143,"type":"anime","name":"TOHO animation","url":"https:\/\/myanimelist.net\/anime\/producer\/1143\/TOHO_animation"},{"mal_id":1430,"type":"anime","name":"Shogakukan","url":"https:\/\/myanimelist.net\/anime\/producer\/1430\/Shogakukan"},{"mal_id":2844,"type":"anime","name":"Imagica Infos","url":"https:\/\/myanimelist.net\/anime\/producer\/2844\/Imagica_Infos"}],"licensors":[],"studios":[{"mal_id":28,"type":"anime","name":"OLM","url":"https:\/\/myanimelist.net\/anime\/producer\/28\/OLM"},{"mal_id":2705,"type":"anime","name":"TOHO animation STUDIO","url":"https:\/\/myanimelist.net\/anime\/producer\/2705\/TOHO_animation_STUDIO"}],"genres":[{"mal_id":8,"type":"anime","name":"Drama","url":"https:\/\/myanimelist.net\/anime\/genre\/8\/Drama"},{"mal_id":7,"type":"anime","name":"Mystery","url":"https:\/\/myanimelist.net\/anime\/genre\/7\/Mystery"}],"explicit_genres":[],"themes":[{"mal_id":13,"type":"anime","name":"Historical","url":"https:\/\/myanimelist.net\/anime\/genre\/13\/Historical"},{"mal_id":67,"type":"anime","name":"Medical","url":"https:\/\/myanimelist.net\/anime\/genre\/67\/Medical"}],"demographics":[],"relations":[{"relation":"Adaptation","entry":[{"mal_id":86769,"type":"manga","name":"Kusuriya no Hitorigoto","url":"https:\/\/myanimelist.net\/manga\/86769\/Kusuriya_no_Hitorigoto"}]},{"relation":"Other","entry":[{"mal_id":56975,"type":"anime","name":"Maomao no Hitorigoto","url":"https:\/\/myanimelist.net\/anime\/56975\/Maomao_no_Hitorigoto"}]}],"theme":{"openings":["\"Hana ni Natte (\u82b1\u306b\u306a\u3063\u3066)\" by Ryokuoushoku Shakai (\u7dd1\u9ec4\u8272\u793e\u4f1a)"],"endings":["\"Aikotoba (\u30a2\u30a4\u30b3\u30c8\u30d0)\" by AiNA THE END (\u30a2\u30a4\u30ca\u30fb\u30b8\u30fb\u30a8\u30f3\u30c9)"]},"external":[{"name":"Official Site","url":"https:\/\/kusuriyanohitorigoto.jp\/"},{"name":"@kusuriya_PR","url":"https:\/\/twitter.com\/kusuriya_PR"},{"name":"AniDB","url":"https:\/\/anidb.net\/perl-bin\/animedb.pl?show=anime&aid=17870"},{"name":"ANN","url":"https:\/\/www.animenewsnetwork.com\/encyclopedia\/anime.php?id=27141"},{"name":"Wikipedia","url":"https:\/\/en.wikipedia.org\/wiki\/The_Apothecary_Diaries"},{"name":"Wikipedia","url":"https:\/\/ja.wikipedia.org\/wiki\/%E8%96%AC%E5%B1%8B%E3%81%AE%E3%81%B2%E3%81%A8%E3%82%8A%E3%81%94%E3%81%A8"},{"name":"Syoboi","url":"https:\/\/cal.syoboi.jp\/tid\/6793"}],"streaming":[{"name":"Crunchyroll","url":"https:\/\/www.crunchyroll.com\/"},{"name":"Netflix","url":"https:\/\/www.netflix.com\/"}]}}