{"data":{"mal_id":54565,"url":"https:\/\/myanimelist.net\/anime\/54565\/Tensei_shitara_Slime_Datta_Ken__Coleus_no_Yume","images":{"jpg":{"image_url":"https:\/\/cdn.myanimelist.net\/images\/anime\/1570\/135813.jpg","small_image_url":"https:\/\/cdn.myanimelist.net\/images\/anime\/1570\/135813t.jpg","large_image_url":"https:\/\/cdn.myanimelist.net\/images\/anime\/1570\/135813l.jpg"},"webp":{"image_url":"https:\/\/cdn.myanimelist.net\/images\/anime\/1570\/135813.webp","small_image_url":"https:\/\/cdn.myanimelist.net\/images\/anime\/1570\/135813t.webp","large_image_url":"https:\/\/cdn.myanimelist.net\/images\/anime\/1570\/135813l.webp"}},"trailer":{"youtube_id":"WuIDVoKdVGU","url":"https:\/\/www.youtube.com\/watch?v=WuIDVoKdVGU","embed_url":"https:\/\/www.youtube.com\/embed\/WuIDVoKdVGU?enablejsapi=1&wmode=opaque&autoplay=1","images":{"image_url":"https:\/\/img.youtube.com\/vi\/WuIDVoKdVGU\/default.jpg","small_image_url":"https:\/\/img.youtube.com\/vi\/WuIDVoKdVGU\/sddefault.jpg","medium_image_url":"https:\/\/img.youtube.com\/vi\/WuIDVoKdVGU\/mqdefault.jpg","large_image_url":"https:\/\/img.youtube.com\/vi\/WuIDVoKdVGU\/hqdefault.jpg","maximum_image_url":"https:\/\/img.youtube.com\/vi\/WuIDVoKdVGU\/maxresdefault.jpg"}},"approved":true,"titles":[{"type":"Default","title":"Tensei shitara Slime Datta Ken: Coleus no Yume"},{"type":"Japanese","title":"\u8ee2\u751f\u3057\u305f\u3089\u30b9\u30e9\u30a4\u30e0\u3060\u3063\u305f\u4ef6 \u30b3\u30ea\u30a6\u30b9\u306e\u5922"},{"type":"English","title":"That Time I Got Reincarnated as a Slime: Visions of Coleus"}],"title":"Tensei shitara Slime Datta Ken: Coleus no Yume","title_english":"That Time I Got Reincarnated as a Slime: Visions of Coleus","title_japanese":"\u8ee2\u751f\u3057\u305f\u3089\u30b9\u30e9\u30a4\u30e0\u3060\u3063\u305f\u4ef6 \u30b3\u30ea\u30a6\u30b9\u306e\u5922","title_synonyms":[],"type":"ONA","source":"Manga","episodes":3,"status":"Finished Airing","airing":false,"aired":{"from":"2023-11-02T00:00:00+00:00","to":null,"prop":{"from":{"day":2,"month":11,"year":2023},"to":{"day":null,"month":null,"year":null}},"string":"Nov 2, 2023"},"duration":"24 min per ep","rating":"PG-13 - Teens 13 or older","score":7.66,"scored_by":12864,"rank":1284,"popularity":2890,"members":53845,"favorites":250,"synopsis":"The story takes place between the first and second season, where Rimuru confronts the swirling conspiracies in the Coleus kingdom.\n\n(Source: MAL News)","background":null,"season":null,"year":null,"broadcast":{"day":null,"time":null,"timezone":null,"string":null},"producers":[],"licensors":[],"studios":[{"mal_id":441,"type":"anime","name":"8bit","url":"https:\/\/myanimelist.net\/anime\/producer\/441\/8bit"}],"genres":[{"mal_id":1,"type":"anime","name":"Action","url":"https:\/\/myanimelist.net\/anime\/genre\/1\/Action"},{"mal_id":2,"type":"anime","name":"Adventure","url":"https:\/\/myanimelist.net\/anime\/genre\/2\/Adventure"},{"mal_id":4,"type":"anime","name":"Comedy","url":"https:\/\/myanimelist.net\/anime\/genre\/4\/Comedy"},{"mal_id":10,"type":"anime","name":"Fantasy","url":"https:\/\/myanimelist.net\/anime\/genre\/10\/Fantasy"}],"explicit_genres":[],"themes":[{"mal_id":62,"type":"anime","name":"Isekai","url":"https:\/\/myanimelist.net\/anime\/genre\/62\/Isekai"},{"mal_id":72,"type":"anime","name":"Reincarnation","url":"https:\/\/myanimelist.net\/anime\/genre\/72\/Reincarnation"}],"demographics":[{"mal_id":27,"type":"anime","name":"Shounen","url":"https:\/\/myanimelist.net\/anime\/genre\/27\/Shounen"}],"relations":[{"relation":"Parent story","entry":[{"mal_id":37430,"type":"anime","name":"Tensei shitara Slime Datta Ken","url":"https:\/\/myanimelist.net\/anime\/37430\/Tensei_shitara_Slime_Datta_Ken"}]}],"theme":{"openings":["\"Hikari Hanatsu (\u30d2\u30ab\u30ea\u30cf\u30ca\u30c4)\" by Takuma Terashima"],"endings":["\"Kokoro Travel (\u30b3\u30b3\u30ed\u30c8\u30e9\u30d9\u30eb)\" by Miho Okasaki"]},"external":[{"name":"Official Site","url":"https:\/\/www.ten-sura.com\/"},{"name":"@ten_sura_anime","url":"https:\/\/twitter.com\/ten_sura_anime"},{"name":"AniDB","url":"https:\/\/anidb.net\/perl-bin\/animedb.pl?show=anime&aid=17873"},{"name":"ANN","url":"https:\/\/www.animenewsnetwork.com\/encyclopedia\/anime.php?id=27167"},{"name":"Wikipedia","url":"https:\/\/en.wikipedia.org\/wiki\/That_Time_I_Got_Reincarnated_as_a_Slime#Anime"},{"name":"Wikipedia","url":"https:\/\/ja.wikipedia.org\/wiki\/%E8%BB%A2%E7%94%9F%E3%81%97%E3%81%9F%E3%82%89%E3%82%B9%E3%83%A9%E3%82%A4%E3%83%A0%E3%81%A0%E3%81%A3%E3%81%9F%E4%BB%B6_(%E3%82%A2%E3%83%8B%E3%83%A1)"}],"streaming":[]}}