{"data":{"mal_id":5460,"url":"https:\/\/myanimelist.net\/anime\/5460\/Detective_Conan_Movie_13__The_Raven_Chaser","images":{"jpg":{"image_url":"https:\/\/cdn.myanimelist.net\/images\/anime\/2\/22558.jpg","small_image_url":"https:\/\/cdn.myanimelist.net\/images\/anime\/2\/22558t.jpg","large_image_url":"https:\/\/cdn.myanimelist.net\/images\/anime\/2\/22558l.jpg"},"webp":{"image_url":"https:\/\/cdn.myanimelist.net\/images\/anime\/2\/22558.webp","small_image_url":"https:\/\/cdn.myanimelist.net\/images\/anime\/2\/22558t.webp","large_image_url":"https:\/\/cdn.myanimelist.net\/images\/anime\/2\/22558l.webp"}},"trailer":{"youtube_id":null,"url":null,"embed_url":null,"images":{"image_url":null,"small_image_url":null,"medium_image_url":null,"large_image_url":null,"maximum_image_url":null}},"approved":true,"titles":[{"type":"Default","title":"Detective Conan Movie 13: The Raven Chaser"},{"type":"Synonym","title":"Meitantei Conan: Shikkoku no Chaser"},{"type":"Synonym","title":"Detective Conan Movie 13"},{"type":"Japanese","title":"\u540d\u63a2\u5075\u30b3\u30ca\u30f3\u6f06\u9ed2\u306e\u8ffd\u8de1\u8005(\u30c1\u30a7\u30a4\u30b5\u30fc)"},{"type":"English","title":"Detective Conan Movie 13: The Raven Chaser"},{"type":"German","title":"Detektiv Conan Film 13: Der nachtschwarze J\u00e4ger"},{"type":"Spanish","title":"Detective Conan Pel\u00edcula 13: El Perseguidor Negro"},{"type":"French","title":"Detective Conan Film 13: Le Chasseur Noir de Jais"}],"title":"Detective Conan Movie 13: The Raven Chaser","title_english":"Detective Conan Movie 13: The Raven Chaser","title_japanese":"\u540d\u63a2\u5075\u30b3\u30ca\u30f3\u6f06\u9ed2\u306e\u8ffd\u8de1\u8005(\u30c1\u30a7\u30a4\u30b5\u30fc)","title_synonyms":["Meitantei Conan: Shikkoku no Chaser","Detective Conan Movie 13"],"type":"Movie","source":"Manga","episodes":1,"status":"Finished Airing","airing":false,"aired":{"from":"2009-04-18T00:00:00+00:00","to":null,"prop":{"from":{"day":18,"month":4,"year":2009},"to":{"day":null,"month":null,"year":null}},"string":"Apr 18, 2009"},"duration":"1 hr 51 min","rating":"PG-13 - Teens 13 or older","score":8.21,"scored_by":32980,"rank":344,"popularity":2770,"members":58423,"favorites":78,"synopsis":"Kudou Shinichi is living his life as Edogawa Conan, but those days seem like they might end pretty soon. The Black Syndicate is coming dangerously close to learning the truth about Shinichi having survived. Conan and everybody around him may end up dead if he doesn't manage to find Irish\u2014a member of the Black Organization who has infiltrated the police forces, currently investigating a big serial murder case.","background":null,"season":null,"year":null,"broadcast":{"day":null,"time":null,"timezone":null,"string":null},"producers":[{"mal_id":62,"type":"anime","name":"Shogakukan-Shueisha Productions","url":"https:\/\/myanimelist.net\/anime\/producer\/62\/Shogakukan-Shueisha_Productions"},{"mal_id":73,"type":"anime","name":"TMS Entertainment","url":"https:\/\/myanimelist.net\/anime\/producer\/73\/TMS_Entertainment"}],"licensors":[],"studios":[{"mal_id":65,"type":"anime","name":"Tokyo Movie Shinsha","url":"https:\/\/myanimelist.net\/anime\/producer\/65\/Tokyo_Movie_Shinsha"}],"genres":[{"mal_id":1,"type":"anime","name":"Action","url":"https:\/\/myanimelist.net\/anime\/genre\/1\/Action"},{"mal_id":7,"type":"anime","name":"Mystery","url":"https:\/\/myanimelist.net\/anime\/genre\/7\/Mystery"}],"explicit_genres":[],"themes":[{"mal_id":39,"type":"anime","name":"Detective","url":"https:\/\/myanimelist.net\/anime\/genre\/39\/Detective"}],"demographics":[{"mal_id":27,"type":"anime","name":"Shounen","url":"https:\/\/myanimelist.net\/anime\/genre\/27\/Shounen"}],"relations":[{"relation":"Adaptation","entry":[{"mal_id":110644,"type":"manga","name":"Meitantei Conan: Shikkoku no Chaser","url":"https:\/\/myanimelist.net\/manga\/110644\/Meitantei_Conan__Shikkoku_no_Chaser"}]},{"relation":"Parent story","entry":[{"mal_id":235,"type":"anime","name":"Detective Conan","url":"https:\/\/myanimelist.net\/anime\/235\/Detective_Conan"}]},{"relation":"Side story","entry":[{"mal_id":6231,"type":"anime","name":"Detective Conan Magic File 3: Shinichi and Ran - Memories of Mahjong Tiles and Tanabata","url":"https:\/\/myanimelist.net\/anime\/6231\/Detective_Conan_Magic_File_3__Shinichi_and_Ran_-_Memories_of_Mahjong_Tiles_and_Tanabata"}]}],"theme":{"openings":[],"endings":["\"PUZZLE\" by Mai Kuraki"]},"external":[{"name":"Official Site","url":"https:\/\/www.conan-movie.jp\/index.html"},{"name":"AniDB","url":"https:\/\/anidb.net\/perl-bin\/animedb.pl?show=anime&aid=6245"},{"name":"ANN","url":"https:\/\/www.animenewsnetwork.com\/encyclopedia\/anime.php?id=10522"},{"name":"Wikipedia","url":"http:\/\/en.wikipedia.org\/wiki\/Detective_Conan:_The_Raven_Chaser"},{"name":"Wikipedia","url":"https:\/\/ja.wikipedia.org\/wiki\/%E5%90%8D%E6%8E%A2%E5%81%B5%E3%82%B3%E3%83%8A%E3%83%B3_%E6%BC%86%E9%BB%92%E3%81%AE%E8%BF%BD%E8%B7%A1%E8%80%85"}],"streaming":[{"name":"Crunchyroll","url":"http:\/\/www.crunchyroll.com\/series-281139"}]}}