{"data":{"mal_id":54761,"url":"https:\/\/myanimelist.net\/anime\/54761\/3-nen_Z-gumi_Ginpachi-sensei_Announcement_Special","images":{"jpg":{"image_url":"https:\/\/cdn.myanimelist.net\/images\/anime\/1218\/134528.jpg","small_image_url":"https:\/\/cdn.myanimelist.net\/images\/anime\/1218\/134528t.jpg","large_image_url":"https:\/\/cdn.myanimelist.net\/images\/anime\/1218\/134528l.jpg"},"webp":{"image_url":"https:\/\/cdn.myanimelist.net\/images\/anime\/1218\/134528.webp","small_image_url":"https:\/\/cdn.myanimelist.net\/images\/anime\/1218\/134528t.webp","large_image_url":"https:\/\/cdn.myanimelist.net\/images\/anime\/1218\/134528l.webp"}},"trailer":{"youtube_id":null,"url":null,"embed_url":null,"images":{"image_url":null,"small_image_url":null,"medium_image_url":null,"large_image_url":null,"maximum_image_url":null}},"approved":true,"titles":[{"type":"Default","title":"3-nen Z-gumi Ginpachi-sensei Announcement Special"},{"type":"Japanese","title":"3\u5e74Z\u7d44\u9280\u516b\u5148\u751f"}],"title":"3-nen Z-gumi Ginpachi-sensei Announcement Special","title_english":null,"title_japanese":"3\u5e74Z\u7d44\u9280\u516b\u5148\u751f","title_synonyms":[],"type":"Special","source":"Light novel","episodes":1,"status":"Finished Airing","airing":false,"aired":{"from":"2023-03-19T00:00:00+00:00","to":null,"prop":{"from":{"day":19,"month":3,"year":2023},"to":{"day":null,"month":null,"year":null}},"string":"Mar 19, 2023"},"duration":"1 min","rating":"PG-13 - Teens 13 or older","score":7.47,"scored_by":809,"rank":1879,"popularity":11513,"members":1609,"favorites":4,"synopsis":"Announcement for 3-nen Z-gumi Ginpachi-sensei.","background":null,"season":null,"year":null,"broadcast":{"day":null,"time":null,"timezone":null,"string":null},"producers":[{"mal_id":643,"type":"anime","name":"Trinity Sound","url":"https:\/\/myanimelist.net\/anime\/producer\/643\/Trinity_Sound"}],"licensors":[],"studios":[{"mal_id":1258,"type":"anime","name":"Bandai Namco Pictures","url":"https:\/\/myanimelist.net\/anime\/producer\/1258\/Bandai_Namco_Pictures"}],"genres":[{"mal_id":4,"type":"anime","name":"Comedy","url":"https:\/\/myanimelist.net\/anime\/genre\/4\/Comedy"}],"explicit_genres":[],"themes":[],"demographics":[],"relations":[{"relation":"Other","entry":[{"mal_id":918,"type":"anime","name":"Gintama","url":"https:\/\/myanimelist.net\/anime\/918\/Gintama"},{"mal_id":54757,"type":"anime","name":"3-nen Z-gumi Ginpachi-sensei","url":"https:\/\/myanimelist.net\/anime\/54757\/3-nen_Z-gumi_Ginpachi-sensei"}]}],"theme":{"openings":[],"endings":[]},"external":[{"name":"YouTube","url":"https:\/\/www.youtube.com\/watch?v=bl0VZnRpak8&ab_channel=%E9%8A%80%E9%AD%82%E3%83%81%E3%83%A3%E3%83%B3%E3%83%8D%E3%83%AB%E3%80%90%E5%85%AC%E5%BC%8F%E3%80%91"}],"streaming":[]}}