{"data":{"mal_id":54842,"url":"https:\/\/myanimelist.net\/anime\/54842\/Sugar_Apple_Fairy_Tale_Part_2","images":{"jpg":{"image_url":"https:\/\/cdn.myanimelist.net\/images\/anime\/1693\/138042.jpg","small_image_url":"https:\/\/cdn.myanimelist.net\/images\/anime\/1693\/138042t.jpg","large_image_url":"https:\/\/cdn.myanimelist.net\/images\/anime\/1693\/138042l.jpg"},"webp":{"image_url":"https:\/\/cdn.myanimelist.net\/images\/anime\/1693\/138042.webp","small_image_url":"https:\/\/cdn.myanimelist.net\/images\/anime\/1693\/138042t.webp","large_image_url":"https:\/\/cdn.myanimelist.net\/images\/anime\/1693\/138042l.webp"}},"trailer":{"youtube_id":"f0dUGSfAfGw","url":"https:\/\/www.youtube.com\/watch?v=f0dUGSfAfGw","embed_url":"https:\/\/www.youtube.com\/embed\/f0dUGSfAfGw?enablejsapi=1&wmode=opaque&autoplay=1","images":{"image_url":"https:\/\/img.youtube.com\/vi\/f0dUGSfAfGw\/default.jpg","small_image_url":"https:\/\/img.youtube.com\/vi\/f0dUGSfAfGw\/sddefault.jpg","medium_image_url":"https:\/\/img.youtube.com\/vi\/f0dUGSfAfGw\/mqdefault.jpg","large_image_url":"https:\/\/img.youtube.com\/vi\/f0dUGSfAfGw\/hqdefault.jpg","maximum_image_url":"https:\/\/img.youtube.com\/vi\/f0dUGSfAfGw\/maxresdefault.jpg"}},"approved":true,"titles":[{"type":"Default","title":"Sugar Apple Fairy Tale Part 2"},{"type":"Japanese","title":"\u30b7\u30e5\u30ac\u30fc\u30a2\u30c3\u30d7\u30eb\u30fb\u30d5\u30a7\u30a2\u30ea\u30fc\u30c6\u30a4\u30eb"}],"title":"Sugar Apple Fairy Tale Part 2","title_english":null,"title_japanese":"\u30b7\u30e5\u30ac\u30fc\u30a2\u30c3\u30d7\u30eb\u30fb\u30d5\u30a7\u30a2\u30ea\u30fc\u30c6\u30a4\u30eb","title_synonyms":[],"type":"TV","source":"Light novel","episodes":12,"status":"Finished Airing","airing":false,"aired":{"from":"2023-07-07T00:00:00+00:00","to":"2023-09-22T00:00:00+00:00","prop":{"from":{"day":7,"month":7,"year":2023},"to":{"day":22,"month":9,"year":2023}},"string":"Jul 7, 2023 to Sep 22, 2023"},"duration":"22 min per ep","rating":"PG-13 - Teens 13 or older","score":7.62,"scored_by":16173,"rank":1363,"popularity":3156,"members":45524,"favorites":251,"synopsis":"Despite having accomplished a lifelong dream of hers, Ann Halford faces further challenges ahead. Bridget Paige, the daughter of the Paige Workshop's owner, still possesses the wing of Shall Fen Shall, Ann's former fairy companion. In determination to save Shall from the obsessive Bridget, Ann decides to join the Paige Workshop, hoping at the same time to perhaps reunite with her close friend.\n\nHaving been appointed head of the workshop, Ann becomes entrusted with rebuilding it to its former glory. She quickly discovers that the Paige Workshop has a unique focus on tradition and individuality, and recognizes that she will need to learn about her team and completely revamp the workshop in order to succeed. Motivated by her strong desire to rescue Shall and her obligations as a sugar artisan, Ann wholeheartedly dedicates herself to her new position.\n\n[Written by MAL Rewrite]","background":"Sugar Apple Fairy Tale Part 2 was released on Blu-ray and DVD in two volumes from October 25, 2023, to November 29, 2023.","season":"summer","year":2023,"broadcast":{"day":"Fridays","time":"21:30","timezone":"Asia\/Tokyo","string":"Fridays at 21:30 (JST)"},"producers":[{"mal_id":238,"type":"anime","name":"AT-X","url":"https:\/\/myanimelist.net\/anime\/producer\/238\/AT-X"},{"mal_id":464,"type":"anime","name":"flying DOG","url":"https:\/\/myanimelist.net\/anime\/producer\/464\/flying_DOG"},{"mal_id":1468,"type":"anime","name":"Crunchyroll","url":"https:\/\/myanimelist.net\/anime\/producer\/1468\/Crunchyroll"},{"mal_id":1696,"type":"anime","name":"Kadokawa","url":"https:\/\/myanimelist.net\/anime\/producer\/1696\/Kadokawa"},{"mal_id":2185,"type":"anime","name":"BS Asahi","url":"https:\/\/myanimelist.net\/anime\/producer\/2185\/BS_Asahi"}],"licensors":[],"studios":[{"mal_id":7,"type":"anime","name":"J.C.Staff","url":"https:\/\/myanimelist.net\/anime\/producer\/7\/JCStaff"}],"genres":[{"mal_id":2,"type":"anime","name":"Adventure","url":"https:\/\/myanimelist.net\/anime\/genre\/2\/Adventure"},{"mal_id":8,"type":"anime","name":"Drama","url":"https:\/\/myanimelist.net\/anime\/genre\/8\/Drama"},{"mal_id":10,"type":"anime","name":"Fantasy","url":"https:\/\/myanimelist.net\/anime\/genre\/10\/Fantasy"},{"mal_id":22,"type":"anime","name":"Romance","url":"https:\/\/myanimelist.net\/anime\/genre\/22\/Romance"}],"explicit_genres":[],"themes":[{"mal_id":80,"type":"anime","name":"Visual Arts","url":"https:\/\/myanimelist.net\/anime\/genre\/80\/Visual_Arts"}],"demographics":[{"mal_id":25,"type":"anime","name":"Shoujo","url":"https:\/\/myanimelist.net\/anime\/genre\/25\/Shoujo"}],"relations":[{"relation":"Adaptation","entry":[{"mal_id":45966,"type":"manga","name":"Sugar Apple Fairy Tale","url":"https:\/\/myanimelist.net\/manga\/45966\/Sugar_Apple_Fairy_Tale"}]},{"relation":"Prequel","entry":[{"mal_id":49980,"type":"anime","name":"Sugar Apple Fairy Tale","url":"https:\/\/myanimelist.net\/anime\/49980\/Sugar_Apple_Fairy_Tale"}]}],"theme":{"openings":["\"Surprise (\u30b5\u30d7\u30e9\u30a4\u30ba)\" by Rei Nakashima (\u4e2d\u5cf6\u601c)"],"endings":["\"door\" by Nao Touyama"]},"external":[{"name":"Official Site","url":"https:\/\/sugarapple-anime.com\/"},{"name":"@sugarapple_PR","url":"https:\/\/twitter.com\/sugarapple_PR"},{"name":"AniDB","url":"https:\/\/anidb.net\/perl-bin\/animedb.pl?show=anime&aid=17939"},{"name":"ANN","url":"https:\/\/www.animenewsnetwork.com\/encyclopedia\/anime.php?id=27603"},{"name":"Wikipedia","url":"https:\/\/en.wikipedia.org\/wiki\/Sugar_Apple_Fairy_Tale"},{"name":"Wikipedia","url":"https:\/\/ja.wikipedia.org\/wiki\/%E3%82%B7%E3%83%A5%E3%82%AC%E3%83%BC%E3%82%A2%E3%83%83%E3%83%97%E3%83%AB%E3%83%BB%E3%83%95%E3%82%A7%E3%82%A2%E3%83%AA%E3%83%BC%E3%83%86%E3%82%A4%E3%83%AB"},{"name":"Syoboi","url":"https:\/\/cal.syoboi.jp\/tid\/6739"}],"streaming":[{"name":"Crunchyroll","url":"https:\/\/www.crunchyroll.com\/"},{"name":"Aniplus TV","url":"http:\/\/www.aniplustv.com\/"},{"name":"Bahamut Anime Crazy","url":"https:\/\/ani.gamer.com.tw\/"},{"name":"Muse Asia","url":"https:\/\/www.youtube.com\/channel\/UCGbshtvS9t-8CW11W7TooQg"}]}}