{"data":{"mal_id":54898,"url":"https:\/\/myanimelist.net\/anime\/54898\/Bungou_Stray_Dogs_5th_Season","images":{"jpg":{"image_url":"https:\/\/cdn.myanimelist.net\/images\/anime\/1161\/136691.jpg","small_image_url":"https:\/\/cdn.myanimelist.net\/images\/anime\/1161\/136691t.jpg","large_image_url":"https:\/\/cdn.myanimelist.net\/images\/anime\/1161\/136691l.jpg"},"webp":{"image_url":"https:\/\/cdn.myanimelist.net\/images\/anime\/1161\/136691.webp","small_image_url":"https:\/\/cdn.myanimelist.net\/images\/anime\/1161\/136691t.webp","large_image_url":"https:\/\/cdn.myanimelist.net\/images\/anime\/1161\/136691l.webp"}},"trailer":{"youtube_id":"1eCDPSa6Faw","url":"https:\/\/www.youtube.com\/watch?v=1eCDPSa6Faw","embed_url":"https:\/\/www.youtube.com\/embed\/1eCDPSa6Faw?enablejsapi=1&wmode=opaque&autoplay=1","images":{"image_url":"https:\/\/img.youtube.com\/vi\/1eCDPSa6Faw\/default.jpg","small_image_url":"https:\/\/img.youtube.com\/vi\/1eCDPSa6Faw\/sddefault.jpg","medium_image_url":"https:\/\/img.youtube.com\/vi\/1eCDPSa6Faw\/mqdefault.jpg","large_image_url":"https:\/\/img.youtube.com\/vi\/1eCDPSa6Faw\/hqdefault.jpg","maximum_image_url":"https:\/\/img.youtube.com\/vi\/1eCDPSa6Faw\/maxresdefault.jpg"}},"approved":true,"titles":[{"type":"Default","title":"Bungou Stray Dogs 5th Season"},{"type":"Japanese","title":"\u6587\u8c6a\u30b9\u30c8\u30ec\u30a4\u30c9\u30c3\u30b0\u30b9"},{"type":"English","title":"Bungo Stray Dogs 5"}],"title":"Bungou Stray Dogs 5th Season","title_english":"Bungo Stray Dogs 5","title_japanese":"\u6587\u8c6a\u30b9\u30c8\u30ec\u30a4\u30c9\u30c3\u30b0\u30b9","title_synonyms":[],"type":"TV","source":"Manga","episodes":11,"status":"Finished Airing","airing":false,"aired":{"from":"2023-07-12T00:00:00+00:00","to":"2023-09-20T00:00:00+00:00","prop":{"from":{"day":12,"month":7,"year":2023},"to":{"day":20,"month":9,"year":2023}},"string":"Jul 12, 2023 to Sep 20, 2023"},"duration":"23 min per ep","rating":"R - 17+ (violence & profanity)","score":8.67,"scored_by":53762,"rank":65,"popularity":1524,"members":144018,"favorites":1641,"synopsis":"The Armed Detective Agency is still on the run from the Hunting Dogs, but not all hope is lost. Detective Ranpo Edogawa has a plan to prove the Agency's innocence and save the world from chaos: to find and capture Kamui\u2014the leader of the terrorist organization Decay of the Angel. \n\nIn order to determine Kamui's whereabouts, Ranpo and his colleague Atsushi Nakajima must convince Ouchi Fukuchi, the renowned captain of the Hunting Dogs, for amnesty. Although Fukuchi was tasked with arresting the members of the Agency, his past with the Agency's president, Yukichi Fukuzawa, may be the key to earning his trust. But unbeknownst to them, Fukuchi might not be as honorable as he proclaims.\n\n[Written by MAL Rewrite]","background":"Bungou Stray Dogs 5th Season was released on Blu-ray and DVD in four volumes from September 27, 2023, to December 22, 2023.","season":"summer","year":2023,"broadcast":{"day":"Wednesdays","time":"23:00","timezone":"Asia\/Tokyo","string":"Wednesdays at 23:00 (JST)"},"producers":[{"mal_id":33,"type":"anime","name":"WOWOW","url":"https:\/\/myanimelist.net\/anime\/producer\/33\/WOWOW"},{"mal_id":104,"type":"anime","name":"Lantis","url":"https:\/\/myanimelist.net\/anime\/producer\/104\/Lantis"},{"mal_id":166,"type":"anime","name":"Movic","url":"https:\/\/myanimelist.net\/anime\/producer\/166\/Movic"},{"mal_id":1255,"type":"anime","name":"Glovision","url":"https:\/\/myanimelist.net\/anime\/producer\/1255\/Glovision"},{"mal_id":1468,"type":"anime","name":"Crunchyroll","url":"https:\/\/myanimelist.net\/anime\/producer\/1468\/Crunchyroll"},{"mal_id":1543,"type":"anime","name":"Sunrise Music","url":"https:\/\/myanimelist.net\/anime\/producer\/1543\/Sunrise_Music"},{"mal_id":1696,"type":"anime","name":"Kadokawa","url":"https:\/\/myanimelist.net\/anime\/producer\/1696\/Kadokawa"},{"mal_id":2106,"type":"anime","name":"Sony Music Solutions","url":"https:\/\/myanimelist.net\/anime\/producer\/2106\/Sony_Music_Solutions"},{"mal_id":2425,"type":"anime","name":"Bandai Namco Music Live","url":"https:\/\/myanimelist.net\/anime\/producer\/2425\/Bandai_Namco_Music_Live"}],"licensors":[],"studios":[{"mal_id":4,"type":"anime","name":"Bones","url":"https:\/\/myanimelist.net\/anime\/producer\/4\/Bones"}],"genres":[{"mal_id":1,"type":"anime","name":"Action","url":"https:\/\/myanimelist.net\/anime\/genre\/1\/Action"},{"mal_id":7,"type":"anime","name":"Mystery","url":"https:\/\/myanimelist.net\/anime\/genre\/7\/Mystery"},{"mal_id":37,"type":"anime","name":"Supernatural","url":"https:\/\/myanimelist.net\/anime\/genre\/37\/Supernatural"}],"explicit_genres":[],"themes":[{"mal_id":50,"type":"anime","name":"Adult Cast","url":"https:\/\/myanimelist.net\/anime\/genre\/50\/Adult_Cast"},{"mal_id":39,"type":"anime","name":"Detective","url":"https:\/\/myanimelist.net\/anime\/genre\/39\/Detective"},{"mal_id":68,"type":"anime","name":"Organized Crime","url":"https:\/\/myanimelist.net\/anime\/genre\/68\/Organized_Crime"},{"mal_id":31,"type":"anime","name":"Super Power","url":"https:\/\/myanimelist.net\/anime\/genre\/31\/Super_Power"},{"mal_id":32,"type":"anime","name":"Vampire","url":"https:\/\/myanimelist.net\/anime\/genre\/32\/Vampire"}],"demographics":[{"mal_id":42,"type":"anime","name":"Seinen","url":"https:\/\/myanimelist.net\/anime\/genre\/42\/Seinen"}],"relations":[{"relation":"Adaptation","entry":[{"mal_id":56529,"type":"manga","name":"Bungou Stray Dogs","url":"https:\/\/myanimelist.net\/manga\/56529\/Bungou_Stray_Dogs"}]},{"relation":"Prequel","entry":[{"mal_id":50330,"type":"anime","name":"Bungou Stray Dogs 4th Season","url":"https:\/\/myanimelist.net\/anime\/50330\/Bungou_Stray_Dogs_4th_Season"}]}],"theme":{"openings":["\"Tetsu no Ori (\u9244\u306e\u6abb)\" by GRANRODEO (eps 1-10)"],"endings":["1: \"Kiseki (\u8ecc\u8de1)\" by Luck Life (\u30e9\u30c3\u30af\u30e9\u30a4\u30d5) (eps 1-2,4-)","2: \"Tetsu no Ori (\u9244\u306e\u6abb)\" by GRANRODEO (eps 3)"]},"external":[{"name":"Official Site","url":"https:\/\/bungosd.com\/"},{"name":"@bungosd_anime","url":"https:\/\/twitter.com\/bungosd_anime"},{"name":"AniDB","url":"https:\/\/anidb.net\/perl-bin\/animedb.pl?show=anime&aid=17962"},{"name":"ANN","url":"https:\/\/www.animenewsnetwork.com\/encyclopedia\/anime.php?id=27704"},{"name":"Wikipedia","url":"https:\/\/en.wikipedia.org\/wiki\/Bungo_Stray_Dogs#Anime_series"},{"name":"Wikipedia","url":"https:\/\/ja.wikipedia.org\/wiki\/%E6%96%87%E8%B1%AA%E3%82%B9%E3%83%88%E3%83%AC%E3%82%A4%E3%83%89%E3%83%83%E3%82%B0%E3%82%B9"},{"name":"Syoboi","url":"https:\/\/cal.syoboi.jp\/tid\/6745"}],"streaming":[{"name":"Crunchyroll","url":"https:\/\/www.crunchyroll.com\/"}]}}