{"data":{"mal_id":55310,"url":"https:\/\/myanimelist.net\/anime\/55310\/Atarashii_Joushi_wa_Do_Tennen","images":{"jpg":{"image_url":"https:\/\/cdn.myanimelist.net\/images\/anime\/1630\/138388.jpg","small_image_url":"https:\/\/cdn.myanimelist.net\/images\/anime\/1630\/138388t.jpg","large_image_url":"https:\/\/cdn.myanimelist.net\/images\/anime\/1630\/138388l.jpg"},"webp":{"image_url":"https:\/\/cdn.myanimelist.net\/images\/anime\/1630\/138388.webp","small_image_url":"https:\/\/cdn.myanimelist.net\/images\/anime\/1630\/138388t.webp","large_image_url":"https:\/\/cdn.myanimelist.net\/images\/anime\/1630\/138388l.webp"}},"trailer":{"youtube_id":"Qb9YyEvdkEc","url":"https:\/\/www.youtube.com\/watch?v=Qb9YyEvdkEc","embed_url":"https:\/\/www.youtube.com\/embed\/Qb9YyEvdkEc?enablejsapi=1&wmode=opaque&autoplay=1","images":{"image_url":"https:\/\/img.youtube.com\/vi\/Qb9YyEvdkEc\/default.jpg","small_image_url":"https:\/\/img.youtube.com\/vi\/Qb9YyEvdkEc\/sddefault.jpg","medium_image_url":"https:\/\/img.youtube.com\/vi\/Qb9YyEvdkEc\/mqdefault.jpg","large_image_url":"https:\/\/img.youtube.com\/vi\/Qb9YyEvdkEc\/hqdefault.jpg","maximum_image_url":"https:\/\/img.youtube.com\/vi\/Qb9YyEvdkEc\/maxresdefault.jpg"}},"approved":true,"titles":[{"type":"Default","title":"Atarashii Joushi wa Do Tennen"},{"type":"Japanese","title":"\u65b0\u3057\u3044\u4e0a\u53f8\u306f\u3069\u5929\u7136"},{"type":"English","title":"My New Boss Is Goofy"}],"title":"Atarashii Joushi wa Do Tennen","title_english":"My New Boss Is Goofy","title_japanese":"\u65b0\u3057\u3044\u4e0a\u53f8\u306f\u3069\u5929\u7136","title_synonyms":[],"type":"TV","source":"Web manga","episodes":12,"status":"Currently Airing","airing":true,"aired":{"from":"2023-10-07T00:00:00+00:00","to":null,"prop":{"from":{"day":7,"month":10,"year":2023},"to":{"day":null,"month":null,"year":null}},"string":"Oct 7, 2023 to ?"},"duration":"23 min per ep","rating":"PG-13 - Teens 13 or older","score":7.78,"scored_by":3526,"rank":982,"popularity":4241,"members":25506,"favorites":143,"synopsis":"Momose, a 26-year-old office worker, recently changed jobs after being harassed by his former boss. He is concerned that his new boss will also use power harassment to make his life miserable. Momose tries to hide his concern about facing a similar situation with his new boss, Shirosaki. To Momose's surprise, however, Shirosaki's inherent airheadedness immediately alleviates all of his concerns, giving him a sense of relief.\n\n(Source: MAL News)","background":null,"season":"fall","year":2023,"broadcast":{"day":"Saturdays","time":"23:30","timezone":"Asia\/Tokyo","string":"Saturdays at 23:30 (JST)"},"producers":[{"mal_id":17,"type":"anime","name":"Aniplex","url":"https:\/\/myanimelist.net\/anime\/producer\/17\/Aniplex"},{"mal_id":166,"type":"anime","name":"Movic","url":"https:\/\/myanimelist.net\/anime\/producer\/166\/Movic"},{"mal_id":1211,"type":"anime","name":"Tokyo MX","url":"https:\/\/myanimelist.net\/anime\/producer\/1211\/Tokyo_MX"},{"mal_id":1373,"type":"anime","name":"Akita Shoten","url":"https:\/\/myanimelist.net\/anime\/producer\/1373\/Akita_Shoten"},{"mal_id":1416,"type":"anime","name":"BS11","url":"https:\/\/myanimelist.net\/anime\/producer\/1416\/BS11"},{"mal_id":1500,"type":"anime","name":"ABC Animation","url":"https:\/\/myanimelist.net\/anime\/producer\/1500\/ABC_Animation"},{"mal_id":2548,"type":"anime","name":"ABC Frontier","url":"https:\/\/myanimelist.net\/anime\/producer\/2548\/ABC_Frontier"}],"licensors":[],"studios":[{"mal_id":56,"type":"anime","name":"A-1 Pictures","url":"https:\/\/myanimelist.net\/anime\/producer\/56\/A-1_Pictures"}],"genres":[{"mal_id":4,"type":"anime","name":"Comedy","url":"https:\/\/myanimelist.net\/anime\/genre\/4\/Comedy"}],"explicit_genres":[],"themes":[{"mal_id":50,"type":"anime","name":"Adult Cast","url":"https:\/\/myanimelist.net\/anime\/genre\/50\/Adult_Cast"},{"mal_id":63,"type":"anime","name":"Iyashikei","url":"https:\/\/myanimelist.net\/anime\/genre\/63\/Iyashikei"},{"mal_id":48,"type":"anime","name":"Workplace","url":"https:\/\/myanimelist.net\/anime\/genre\/48\/Workplace"}],"demographics":[],"relations":[{"relation":"Adaptation","entry":[{"mal_id":124129,"type":"manga","name":"Atarashii Joushi wa Do Tennen","url":"https:\/\/myanimelist.net\/manga\/124129\/Atarashii_Joushi_wa_Do_Tennen"}]}],"theme":{"openings":["\"Planetaria (\u30d7\u30e9\u30cd\u30bf\u30ea\u30a2)\" by Fujifabric"],"endings":["\"Hanataba (\u82b1\u675f)\" by Lenny code fiction"]},"external":[{"name":"Official Site","url":"https:\/\/do-tennen.com\/"},{"name":"@do_tennen_anime","url":"https:\/\/twitter.com\/do_tennen_anime"},{"name":"AniDB","url":"https:\/\/anidb.net\/perl-bin\/animedb.pl?show=anime&aid=18029"},{"name":"ANN","url":"https:\/\/www.animenewsnetwork.com\/encyclopedia\/anime.php?id=28237"},{"name":"Wikipedia","url":"https:\/\/ja.wikipedia.org\/wiki\/%E6%96%B0%E3%81%97%E3%81%84%E4%B8%8A%E5%8F%B8%E3%81%AF%E3%81%A9%E5%A4%A9%E7%84%B6"},{"name":"Syoboi","url":"https:\/\/cal.syoboi.jp\/tid\/6855"}],"streaming":[{"name":"Crunchyroll","url":"https:\/\/www.crunchyroll.com\/"}]}}