{"data":{"mal_id":55454,"url":"https:\/\/myanimelist.net\/anime\/55454\/Shuumatsu_no_Walk\u00fcre_II_Part_2","images":{"jpg":{"image_url":"https:\/\/cdn.myanimelist.net\/images\/anime\/1958\/136099.jpg","small_image_url":"https:\/\/cdn.myanimelist.net\/images\/anime\/1958\/136099t.jpg","large_image_url":"https:\/\/cdn.myanimelist.net\/images\/anime\/1958\/136099l.jpg"},"webp":{"image_url":"https:\/\/cdn.myanimelist.net\/images\/anime\/1958\/136099.webp","small_image_url":"https:\/\/cdn.myanimelist.net\/images\/anime\/1958\/136099t.webp","large_image_url":"https:\/\/cdn.myanimelist.net\/images\/anime\/1958\/136099l.webp"}},"trailer":{"youtube_id":"OtHiAWIV4WY","url":"https:\/\/www.youtube.com\/watch?v=OtHiAWIV4WY","embed_url":"https:\/\/www.youtube.com\/embed\/OtHiAWIV4WY?enablejsapi=1&wmode=opaque&autoplay=1","images":{"image_url":"https:\/\/img.youtube.com\/vi\/OtHiAWIV4WY\/default.jpg","small_image_url":"https:\/\/img.youtube.com\/vi\/OtHiAWIV4WY\/sddefault.jpg","medium_image_url":"https:\/\/img.youtube.com\/vi\/OtHiAWIV4WY\/mqdefault.jpg","large_image_url":"https:\/\/img.youtube.com\/vi\/OtHiAWIV4WY\/hqdefault.jpg","maximum_image_url":"https:\/\/img.youtube.com\/vi\/OtHiAWIV4WY\/maxresdefault.jpg"}},"approved":true,"titles":[{"type":"Default","title":"Shuumatsu no Walk\u00fcre II Part 2"},{"type":"Japanese","title":"\u7d42\u672b\u306e\u30ef\u30eb\u30ad\u30e5\u30fc\u30ecII \u5f8c\u7de8"},{"type":"English","title":"Record of Ragnarok II Part 2"}],"title":"Shuumatsu no Walk\u00fcre II Part 2","title_english":"Record of Ragnarok II Part 2","title_japanese":"\u7d42\u672b\u306e\u30ef\u30eb\u30ad\u30e5\u30fc\u30ecII \u5f8c\u7de8","title_synonyms":[],"type":"ONA","source":"Manga","episodes":5,"status":"Finished Airing","airing":false,"aired":{"from":"2023-07-12T00:00:00+00:00","to":null,"prop":{"from":{"day":12,"month":7,"year":2023},"to":{"day":null,"month":null,"year":null}},"string":"Jul 12, 2023"},"duration":"24 min per ep","rating":"R - 17+ (violence & profanity)","score":7.56,"scored_by":29624,"rank":1590,"popularity":2932,"members":52569,"favorites":159,"synopsis":"Second part of Shuumatsu no Walk\u00fcre II.","background":null,"season":null,"year":null,"broadcast":{"day":null,"time":null,"timezone":null,"string":null},"producers":[{"mal_id":143,"type":"anime","name":"Mainichi Broadcasting System","url":"https:\/\/myanimelist.net\/anime\/producer\/143\/Mainichi_Broadcasting_System"},{"mal_id":415,"type":"anime","name":"Warner Bros. Japan","url":"https:\/\/myanimelist.net\/anime\/producer\/415\/Warner_Bros_Japan"},{"mal_id":460,"type":"anime","name":"KlockWorx","url":"https:\/\/myanimelist.net\/anime\/producer\/460\/KlockWorx"},{"mal_id":995,"type":"anime","name":"Coamix","url":"https:\/\/myanimelist.net\/anime\/producer\/995\/Coamix"},{"mal_id":1345,"type":"anime","name":"Sammy","url":"https:\/\/myanimelist.net\/anime\/producer\/1345\/Sammy"}],"licensors":[],"studios":[{"mal_id":96,"type":"anime","name":"Yumeta Company","url":"https:\/\/myanimelist.net\/anime\/producer\/96\/Yumeta_Company"},{"mal_id":894,"type":"anime","name":"Graphinica","url":"https:\/\/myanimelist.net\/anime\/producer\/894\/Graphinica"}],"genres":[{"mal_id":1,"type":"anime","name":"Action","url":"https:\/\/myanimelist.net\/anime\/genre\/1\/Action"},{"mal_id":8,"type":"anime","name":"Drama","url":"https:\/\/myanimelist.net\/anime\/genre\/8\/Drama"},{"mal_id":10,"type":"anime","name":"Fantasy","url":"https:\/\/myanimelist.net\/anime\/genre\/10\/Fantasy"}],"explicit_genres":[],"themes":[{"mal_id":6,"type":"anime","name":"Mythology","url":"https:\/\/myanimelist.net\/anime\/genre\/6\/Mythology"}],"demographics":[{"mal_id":42,"type":"anime","name":"Seinen","url":"https:\/\/myanimelist.net\/anime\/genre\/42\/Seinen"}],"relations":[{"relation":"Adaptation","entry":[{"mal_id":110485,"type":"manga","name":"Shuumatsu no Walk\u00fcre","url":"https:\/\/myanimelist.net\/manga\/110485\/Shuumatsu_no_Walk\u00fcre"}]},{"relation":"Prequel","entry":[{"mal_id":49618,"type":"anime","name":"Shuumatsu no Walk\u00fcre II","url":"https:\/\/myanimelist.net\/anime\/49618\/Shuumatsu_no_Walk\u00fcre_II"}]}],"theme":{"openings":["\"Rude Lose Dance (\u30eb\u30fc\u30c9\u30eb\u30fc\u30ba\u30c0\u30f3\u30b9)\" by Minami (\u7f8e\u6ce2)"],"endings":["\"Inori (\u7948)\" by Masatoshi Ono (\u5c0f\u91ce\u6b63\u5229)"]},"external":[{"name":"Official Site","url":"https:\/\/ragnarok-official.com\/"},{"name":"@ragnarok_PR","url":"https:\/\/twitter.com\/ragnarok_PR"},{"name":"AniDB","url":"https:\/\/anidb.net\/perl-bin\/animedb.pl?show=anime&aid=16540"},{"name":"ANN","url":"https:\/\/www.animenewsnetwork.com\/encyclopedia\/anime.php?id=24643"},{"name":"Wikipedia","url":"https:\/\/en.wikipedia.org\/wiki\/Record_of_Ragnarok#Anime"}],"streaming":[{"name":"Netflix","url":"https:\/\/www.netflix.com\/"}]}}