{"data":{"mal_id":55655,"url":"https:\/\/myanimelist.net\/anime\/55655\/Cang_Yuan_Tu","images":{"jpg":{"image_url":"https:\/\/cdn.myanimelist.net\/images\/anime\/1492\/136461.jpg","small_image_url":"https:\/\/cdn.myanimelist.net\/images\/anime\/1492\/136461t.jpg","large_image_url":"https:\/\/cdn.myanimelist.net\/images\/anime\/1492\/136461l.jpg"},"webp":{"image_url":"https:\/\/cdn.myanimelist.net\/images\/anime\/1492\/136461.webp","small_image_url":"https:\/\/cdn.myanimelist.net\/images\/anime\/1492\/136461t.webp","large_image_url":"https:\/\/cdn.myanimelist.net\/images\/anime\/1492\/136461l.webp"}},"trailer":{"youtube_id":null,"url":null,"embed_url":null,"images":{"image_url":null,"small_image_url":null,"medium_image_url":null,"large_image_url":null,"maximum_image_url":null}},"approved":true,"titles":[{"type":"Default","title":"Cang Yuan Tu"},{"type":"Synonym","title":"\u6ca7\u5143\u56fe\u52a8\u753b"},{"type":"Synonym","title":"Azure Legacy"},{"type":"Synonym","title":"Cang Yuantu"},{"type":"Synonym","title":"Chang Yuan Tu"},{"type":"Synonym","title":"Cang Yuan Tu"},{"type":"Japanese","title":"\u6ca7\u5143\u56fe"},{"type":"English","title":"The Demon Hunter"}],"title":"Cang Yuan Tu","title_english":"The Demon Hunter","title_japanese":"\u6ca7\u5143\u56fe","title_synonyms":["\u6ca7\u5143\u56fe\u52a8\u753b","Azure Legacy","Cang Yuantu","Chang Yuan Tu","Cang Yuan Tu"],"type":"ONA","source":"Web novel","episodes":26,"status":"Currently Airing","airing":true,"aired":{"from":"2023-06-22T00:00:00+00:00","to":null,"prop":{"from":{"day":22,"month":6,"year":2023},"to":{"day":null,"month":null,"year":null}},"string":"Jun 22, 2023 to ?"},"duration":"Unknown","rating":"PG-13 - Teens 13 or older","score":7.52,"scored_by":242,"rank":1727,"popularity":13087,"members":963,"favorites":14,"synopsis":"Meng Chuan witnessed his mother killed before his eyes, so he trained very hard hoping to one day avenge her death. But his peaceful days were broken as his wedding engagement was called off, an invasion by foreign forces, the sanctuary fell into enemy hands... In order to protect the people of Ning City, he picked up his sword and vowed to be the strongest. This is a heavy responsibility and a long journey","background":null,"season":null,"year":null,"broadcast":{"day":null,"time":null,"timezone":null,"string":null},"producers":[{"mal_id":2447,"type":"anime","name":"Youku","url":"https:\/\/myanimelist.net\/anime\/producer\/2447\/Youku"},{"mal_id":2617,"type":"anime","name":"Tianshi Wenhua","url":"https:\/\/myanimelist.net\/anime\/producer\/2617\/Tianshi_Wenhua"},{"mal_id":2627,"type":"anime","name":"China South Angel","url":"https:\/\/myanimelist.net\/anime\/producer\/2627\/China_South_Angel"}],"licensors":[],"studios":[{"mal_id":2526,"type":"anime","name":"Shenman Entertainment","url":"https:\/\/myanimelist.net\/anime\/producer\/2526\/Shenman_Entertainment"}],"genres":[{"mal_id":1,"type":"anime","name":"Action","url":"https:\/\/myanimelist.net\/anime\/genre\/1\/Action"},{"mal_id":2,"type":"anime","name":"Adventure","url":"https:\/\/myanimelist.net\/anime\/genre\/2\/Adventure"},{"mal_id":10,"type":"anime","name":"Fantasy","url":"https:\/\/myanimelist.net\/anime\/genre\/10\/Fantasy"}],"explicit_genres":[],"themes":[{"mal_id":13,"type":"anime","name":"Historical","url":"https:\/\/myanimelist.net\/anime\/genre\/13\/Historical"},{"mal_id":17,"type":"anime","name":"Martial Arts","url":"https:\/\/myanimelist.net\/anime\/genre\/17\/Martial_Arts"}],"demographics":[],"relations":[],"theme":{"openings":[],"endings":[]},"external":[{"name":"Bangumi","url":"https:\/\/bangumi.tv\/subject\/403607"},{"name":"Baidu Baike","url":"https:\/\/baike.baidu.com\/item\/\u6ca7\u5143\u56fe\/54409325"},{"name":"Douban","url":"https:\/\/movie.douban.com\/subject\/36117912\/"}],"streaming":[]}}