{"data":{"mal_id":55684,"url":"https:\/\/myanimelist.net\/anime\/55684\/Yong_Sheng__Shi_Nian_Zhi_Yue","images":{"jpg":{"image_url":"https:\/\/cdn.myanimelist.net\/images\/anime\/1872\/136499.jpg","small_image_url":"https:\/\/cdn.myanimelist.net\/images\/anime\/1872\/136499t.jpg","large_image_url":"https:\/\/cdn.myanimelist.net\/images\/anime\/1872\/136499l.jpg"},"webp":{"image_url":"https:\/\/cdn.myanimelist.net\/images\/anime\/1872\/136499.webp","small_image_url":"https:\/\/cdn.myanimelist.net\/images\/anime\/1872\/136499t.webp","large_image_url":"https:\/\/cdn.myanimelist.net\/images\/anime\/1872\/136499l.webp"}},"trailer":{"youtube_id":null,"url":null,"embed_url":null,"images":{"image_url":null,"small_image_url":null,"medium_image_url":null,"large_image_url":null,"maximum_image_url":null}},"approved":true,"titles":[{"type":"Default","title":"Yong Sheng: Shi Nian Zhi Yue"},{"type":"Synonym","title":"Yong Sheng 2nd Season"},{"type":"Japanese","title":"\u6c38\u751f \u4e4b\u5341\u5e74\u4e4b\u7ea6"},{"type":"English","title":"Immortality 2nd Season"}],"title":"Yong Sheng: Shi Nian Zhi Yue","title_english":"Immortality 2nd Season","title_japanese":"\u6c38\u751f \u4e4b\u5341\u5e74\u4e4b\u7ea6","title_synonyms":["Yong Sheng 2nd Season"],"type":"ONA","source":"Web novel","episodes":12,"status":"Finished Airing","airing":false,"aired":{"from":"2023-07-08T00:00:00+00:00","to":"2023-09-16T00:00:00+00:00","prop":{"from":{"day":8,"month":7,"year":2023},"to":{"day":16,"month":9,"year":2023}},"string":"Jul 8, 2023 to Sep 16, 2023"},"duration":"24 min per ep","rating":"PG-13 - Teens 13 or older","score":7.36,"scored_by":279,"rank":2356,"popularity":13642,"members":826,"favorites":6,"synopsis":"In the majestic fantasy world, how does the protagonist Fang Han traverse the world with his own strength. Relying on an unyielding stubbornness to break through the mysteries of supernatural powers, and forge the physical body into an immortal body. There are endless novel magic weapons, and the brand-new prosperity of the Three Realms of Immortals, Demons and Fans will be opened by the protagonist in turn. It will take you to experience the fantasy demeanor of the immortal sect, demons, gods, kings and emperors. The protagonist will also experience the love and hatred in the world, the entanglement of grievances and resentments, and the disputes between immortals and demons. Finally lead you on the road to the top king.\n\n(Source: bilibili)","background":null,"season":null,"year":null,"broadcast":{"day":null,"time":null,"timezone":null,"string":null},"producers":[{"mal_id":1414,"type":"anime","name":"bilibili","url":"https:\/\/myanimelist.net\/anime\/producer\/1414\/bilibili"}],"licensors":[],"studios":[{"mal_id":2478,"type":"anime","name":"Oriental Creative Color","url":"https:\/\/myanimelist.net\/anime\/producer\/2478\/Oriental_Creative_Color"}],"genres":[{"mal_id":1,"type":"anime","name":"Action","url":"https:\/\/myanimelist.net\/anime\/genre\/1\/Action"},{"mal_id":2,"type":"anime","name":"Adventure","url":"https:\/\/myanimelist.net\/anime\/genre\/2\/Adventure"},{"mal_id":10,"type":"anime","name":"Fantasy","url":"https:\/\/myanimelist.net\/anime\/genre\/10\/Fantasy"}],"explicit_genres":[],"themes":[{"mal_id":17,"type":"anime","name":"Martial Arts","url":"https:\/\/myanimelist.net\/anime\/genre\/17\/Martial_Arts"}],"demographics":[],"relations":[{"relation":"Prequel","entry":[{"mal_id":50444,"type":"anime","name":"Yong Sheng","url":"https:\/\/myanimelist.net\/anime\/50444\/Yong_Sheng"}]}],"theme":{"openings":[],"endings":[]},"external":[{"name":"bilibili","url":"https:\/\/www.bilibili.com\/bangumi\/media\/md28230735"},{"name":"Baidu Baike","url":"https:\/\/baike.baidu.com\/item\/\u6c38\u751f\/54852771"}],"streaming":[{"name":"Bilibili Global","url":"https:\/\/www.bilibili.tv\/en\/index"}]}}