{"data":{"mal_id":558,"url":"https:\/\/myanimelist.net\/anime\/558\/Major_S2","images":{"jpg":{"image_url":"https:\/\/cdn.myanimelist.net\/images\/anime\/6\/73972.jpg","small_image_url":"https:\/\/cdn.myanimelist.net\/images\/anime\/6\/73972t.jpg","large_image_url":"https:\/\/cdn.myanimelist.net\/images\/anime\/6\/73972l.jpg"},"webp":{"image_url":"https:\/\/cdn.myanimelist.net\/images\/anime\/6\/73972.webp","small_image_url":"https:\/\/cdn.myanimelist.net\/images\/anime\/6\/73972t.webp","large_image_url":"https:\/\/cdn.myanimelist.net\/images\/anime\/6\/73972l.webp"}},"trailer":{"youtube_id":null,"url":null,"embed_url":null,"images":{"image_url":null,"small_image_url":null,"medium_image_url":null,"large_image_url":null,"maximum_image_url":null}},"approved":true,"titles":[{"type":"Default","title":"Major S2"},{"type":"Japanese","title":"\u30e1\u30b8\u30e3\u30fc (\u7b2c2\u30b7\u30ea\u30fc\u30ba)"}],"title":"Major S2","title_english":null,"title_japanese":"\u30e1\u30b8\u30e3\u30fc (\u7b2c2\u30b7\u30ea\u30fc\u30ba)","title_synonyms":[],"type":"TV","source":"Manga","episodes":26,"status":"Finished Airing","airing":false,"aired":{"from":"2005-12-10T00:00:00+00:00","to":"2006-06-10T00:00:00+00:00","prop":{"from":{"day":10,"month":12,"year":2005},"to":{"day":10,"month":6,"year":2006}},"string":"Dec 10, 2005 to Jun 10, 2006"},"duration":"25 min per ep","rating":"PG-13 - Teens 13 or older","score":8.19,"scored_by":44743,"rank":362,"popularity":2477,"members":70781,"favorites":313,"synopsis":"Gorou Honda has finally returned to Mifune East Junior High School, surprising his friends upon arrival. Now, Gorou is once again surrounded by those he holds closest, and he strives to continue playing and enjoying the game he loves most.\n\nHowever, things do not go as planned, as Gorou is reminded of the harsh realities of baseball as he copes with an injury he sustained while playing baseball at Hitaka Little. Between new rivals, old friends, and mending broken relationships, Gorou must overcome challenges he has never faced before. \n\nHis goal of attending elite baseball high school Kaido may not be far from his reach, but complicated circumstances may stop him in his tracks once again. How will he deal with the immense pressures of the game? And will he ever be able to find the type of baseball he loves most?\n\n[Written by MAL Rewrite]","background":null,"season":"winter","year":2006,"broadcast":{"day":null,"time":null,"timezone":null,"string":"Unknown"},"producers":[{"mal_id":62,"type":"anime","name":"Shogakukan-Shueisha Productions","url":"https:\/\/myanimelist.net\/anime\/producer\/62\/Shogakukan-Shueisha_Productions"},{"mal_id":111,"type":"anime","name":"NHK","url":"https:\/\/myanimelist.net\/anime\/producer\/111\/NHK"}],"licensors":[],"studios":[{"mal_id":101,"type":"anime","name":"Studio Hibari","url":"https:\/\/myanimelist.net\/anime\/producer\/101\/Studio_Hibari"}],"genres":[{"mal_id":30,"type":"anime","name":"Sports","url":"https:\/\/myanimelist.net\/anime\/genre\/30\/Sports"}],"explicit_genres":[],"themes":[{"mal_id":77,"type":"anime","name":"Team Sports","url":"https:\/\/myanimelist.net\/anime\/genre\/77\/Team_Sports"}],"demographics":[{"mal_id":27,"type":"anime","name":"Shounen","url":"https:\/\/myanimelist.net\/anime\/genre\/27\/Shounen"}],"relations":[{"relation":"Adaptation","entry":[{"mal_id":10978,"type":"manga","name":"Major","url":"https:\/\/myanimelist.net\/manga\/10978\/Major"}]},{"relation":"Prequel","entry":[{"mal_id":627,"type":"anime","name":"Major S1","url":"https:\/\/myanimelist.net\/anime\/627\/Major_S1"},{"mal_id":5029,"type":"anime","name":"Major Movie: Yuujou no Winning Shot","url":"https:\/\/myanimelist.net\/anime\/5029\/Major_Movie__Yuujou_no_Winning_Shot"}]},{"relation":"Sequel","entry":[{"mal_id":1842,"type":"anime","name":"Major S3","url":"https:\/\/myanimelist.net\/anime\/1842\/Major_S3"}]}],"theme":{"openings":["\"Saraba Aoki Omakage\" by Road of Major"],"endings":["1: \"Wonderland\" by May (eps 1-13)","2: \"Shoboi Kao Sunna yo Baby\" by The Loose Dogs (eps 14-25)","3: \"Saraba Aoki Omakage\" by Road of Major (eps 26)"]},"external":[{"name":"Official Site","url":"http:\/\/www3.nhk.or.jp\/anime\/major\/"},{"name":"AniDB","url":"https:\/\/anidb.net\/perl-bin\/animedb.pl?show=anime&aid=3423"},{"name":"ANN","url":"https:\/\/www.animenewsnetwork.com\/encyclopedia\/anime.php?id=4115"},{"name":"Wikipedia","url":"http:\/\/en.wikipedia.org\/wiki\/Major_(manga)"},{"name":"Wikipedia","url":"https:\/\/ja.wikipedia.org\/wiki\/%E3%83%A1%E3%82%B8%E3%83%A3%E3%83%BC_%28%E3%82%A2%E3%83%8B%E3%83%A1%29"},{"name":"Syoboi","url":"https:\/\/cal.syoboi.jp\/tid\/756"}],"streaming":[]}}