{"data":{"mal_id":5630,"url":"https:\/\/myanimelist.net\/anime\/5630\/Higashi_no_Eden","images":{"jpg":{"image_url":"https:\/\/cdn.myanimelist.net\/images\/anime\/9\/15033.jpg","small_image_url":"https:\/\/cdn.myanimelist.net\/images\/anime\/9\/15033t.jpg","large_image_url":"https:\/\/cdn.myanimelist.net\/images\/anime\/9\/15033l.jpg"},"webp":{"image_url":"https:\/\/cdn.myanimelist.net\/images\/anime\/9\/15033.webp","small_image_url":"https:\/\/cdn.myanimelist.net\/images\/anime\/9\/15033t.webp","large_image_url":"https:\/\/cdn.myanimelist.net\/images\/anime\/9\/15033l.webp"}},"trailer":{"youtube_id":"h3dgXYQSeqI","url":"https:\/\/www.youtube.com\/watch?v=h3dgXYQSeqI","embed_url":"https:\/\/www.youtube.com\/embed\/h3dgXYQSeqI?enablejsapi=1&wmode=opaque&autoplay=1","images":{"image_url":"https:\/\/img.youtube.com\/vi\/h3dgXYQSeqI\/default.jpg","small_image_url":"https:\/\/img.youtube.com\/vi\/h3dgXYQSeqI\/sddefault.jpg","medium_image_url":"https:\/\/img.youtube.com\/vi\/h3dgXYQSeqI\/mqdefault.jpg","large_image_url":"https:\/\/img.youtube.com\/vi\/h3dgXYQSeqI\/hqdefault.jpg","maximum_image_url":"https:\/\/img.youtube.com\/vi\/h3dgXYQSeqI\/maxresdefault.jpg"}},"approved":true,"titles":[{"type":"Default","title":"Higashi no Eden"},{"type":"Synonym","title":"Higashi no Eden"},{"type":"Japanese","title":"\u6771\u306e\u30a8\u30c7\u30f3"},{"type":"English","title":"Eden of The East"},{"type":"German","title":"Eden of the East"},{"type":"French","title":"Eden of the East"}],"title":"Higashi no Eden","title_english":"Eden of The East","title_japanese":"\u6771\u306e\u30a8\u30c7\u30f3","title_synonyms":["Higashi no Eden"],"type":"TV","source":"Original","episodes":11,"status":"Finished Airing","airing":false,"aired":{"from":"2009-04-10T00:00:00+00:00","to":"2009-06-19T00:00:00+00:00","prop":{"from":{"day":10,"month":4,"year":2009},"to":{"day":19,"month":6,"year":2009}},"string":"Apr 10, 2009 to Jun 19, 2009"},"duration":"23 min per ep","rating":"R - 17+ (violence & profanity)","score":7.75,"scored_by":253502,"rank":1057,"popularity":375,"members":556972,"favorites":4195,"synopsis":"On November 22, 2010, Japan was hit by missile strikes, a terrorist act that fortunately did not harm anyone, becoming known as \"Careless Monday.\" Quickly forgotten, society goes on about their lives as normal.\n \nDuring her graduation trip to America three months later, friendly college student Saki Morimi's life is forever changed when she finds herself saved from unexpected trouble by Akira Takizawa. Takizawa is cheerful, but odd in many ways\u2014he is stark naked and suffers from amnesia, believing himself to be a terrorist. In addition, he possesses a strange cell phone loaded with 8.2 billion yen in digital cash.\n\nDespite Takizawa's suspicious traits, Saki quickly befriends the enigmatic young man. However, unbeknownst to her, this is the beginning of a thrilling death game involving money, cell phones, and the salvation of the world. Higashi no Eden chronicles Saki's struggle to unravel the mysteries behind her savior, while Takizawa himself battles other individuals armed with similar cell phones and returning memories which reveal his possible connection to the event from months ago.\n\n[Written by MAL Rewrite]","background":"Higashi no Eden won the Animation Kobe Award in the Television category during the Animation Kobe festival in 2009 as well as the best television series of the year award at the ninth annual Tokyo International Anime Fair.","season":"spring","year":2009,"broadcast":{"day":"Fridays","time":"00:45","timezone":"Asia\/Tokyo","string":"Fridays at 00:45 (JST)"},"producers":[{"mal_id":53,"type":"anime","name":"Dentsu","url":"https:\/\/myanimelist.net\/anime\/producer\/53\/Dentsu"},{"mal_id":169,"type":"anime","name":"Fuji TV","url":"https:\/\/myanimelist.net\/anime\/producer\/169\/Fuji_TV"},{"mal_id":517,"type":"anime","name":"Asmik Ace","url":"https:\/\/myanimelist.net\/anime\/producer\/517\/Asmik_Ace"},{"mal_id":757,"type":"anime","name":"Sony Music Entertainment","url":"https:\/\/myanimelist.net\/anime\/producer\/757\/Sony_Music_Entertainment"}],"licensors":[{"mal_id":102,"type":"anime","name":"Funimation","url":"https:\/\/myanimelist.net\/anime\/producer\/102\/Funimation"}],"studios":[{"mal_id":10,"type":"anime","name":"Production I.G","url":"https:\/\/myanimelist.net\/anime\/producer\/10\/Production_IG"}],"genres":[{"mal_id":46,"type":"anime","name":"Award Winning","url":"https:\/\/myanimelist.net\/anime\/genre\/46\/Award_Winning"},{"mal_id":7,"type":"anime","name":"Mystery","url":"https:\/\/myanimelist.net\/anime\/genre\/7\/Mystery"},{"mal_id":22,"type":"anime","name":"Romance","url":"https:\/\/myanimelist.net\/anime\/genre\/22\/Romance"},{"mal_id":24,"type":"anime","name":"Sci-Fi","url":"https:\/\/myanimelist.net\/anime\/genre\/24\/Sci-Fi"},{"mal_id":41,"type":"anime","name":"Suspense","url":"https:\/\/myanimelist.net\/anime\/genre\/41\/Suspense"}],"explicit_genres":[],"themes":[{"mal_id":50,"type":"anime","name":"Adult Cast","url":"https:\/\/myanimelist.net\/anime\/genre\/50\/Adult_Cast"}],"demographics":[],"relations":[{"relation":"Adaptation","entry":[{"mal_id":67765,"type":"manga","name":"Shousetsu Higashi no Eden","url":"https:\/\/myanimelist.net\/manga\/67765\/Shousetsu_Higashi_no_Eden"}]},{"relation":"Sequel","entry":[{"mal_id":6372,"type":"anime","name":"Higashi no Eden Movie I: The King of Eden","url":"https:\/\/myanimelist.net\/anime\/6372\/Higashi_no_Eden_Movie_I__The_King_of_Eden"}]},{"relation":"Other","entry":[{"mal_id":6399,"type":"anime","name":"Higashi no Eden: Falling Down","url":"https:\/\/myanimelist.net\/anime\/6399\/Higashi_no_Eden__Falling_Down"}]},{"relation":"Summary","entry":[{"mal_id":6927,"type":"anime","name":"Higashi no Eden: Air Communication","url":"https:\/\/myanimelist.net\/anime\/6927\/Higashi_no_Eden__Air_Communication"}]}],"theme":{"openings":["1: \"FALLING DOWN\" by Oasis","2: \"Michael Ka Belial\" by Saori Hayami (FUNimation OP)"],"endings":["\"futuristic imagination\" by school food punishment"]},"external":[{"name":"Official Site","url":"http:\/\/www.juiz.jp\/"},{"name":"AniDB","url":"https:\/\/anidb.net\/perl-bin\/animedb.pl?show=anime&aid=6238"},{"name":"ANN","url":"https:\/\/www.animenewsnetwork.com\/encyclopedia\/anime.php?id=10474"},{"name":"Wikipedia","url":"http:\/\/en.wikipedia.org\/wiki\/Higashi_no_Eden"}],"streaming":[{"name":"Crunchyroll","url":"http:\/\/www.crunchyroll.com\/series-274535"},{"name":"Funimation","url":"https:\/\/www.funimation.com\/shows\/eden-of-the-east"}]}}