{"data":{"mal_id":56523,"url":"https:\/\/myanimelist.net\/anime\/56523\/Tunshi_Xingkong_3rd_Season","images":{"jpg":{"image_url":"https:\/\/cdn.myanimelist.net\/images\/anime\/1250\/138217.jpg","small_image_url":"https:\/\/cdn.myanimelist.net\/images\/anime\/1250\/138217t.jpg","large_image_url":"https:\/\/cdn.myanimelist.net\/images\/anime\/1250\/138217l.jpg"},"webp":{"image_url":"https:\/\/cdn.myanimelist.net\/images\/anime\/1250\/138217.webp","small_image_url":"https:\/\/cdn.myanimelist.net\/images\/anime\/1250\/138217t.webp","large_image_url":"https:\/\/cdn.myanimelist.net\/images\/anime\/1250\/138217l.webp"}},"trailer":{"youtube_id":null,"url":null,"embed_url":null,"images":{"image_url":null,"small_image_url":null,"medium_image_url":null,"large_image_url":null,"maximum_image_url":null}},"approved":true,"titles":[{"type":"Default","title":"Tunshi Xingkong 3rd Season"},{"type":"Japanese","title":"\u541e\u566c\u661f\u7a7a \u7b2c\u4e09\u5b63"},{"type":"English","title":"Swallowed Star 3rd Season"}],"title":"Tunshi Xingkong 3rd Season","title_english":"Swallowed Star 3rd Season","title_japanese":"\u541e\u566c\u661f\u7a7a \u7b2c\u4e09\u5b63","title_synonyms":[],"type":"ONA","source":"Novel","episodes":33,"status":"Finished Airing","airing":false,"aired":{"from":"2022-09-14T00:00:00+00:00","to":"2023-04-26T00:00:00+00:00","prop":{"from":{"day":14,"month":9,"year":2022},"to":{"day":26,"month":4,"year":2023}},"string":"Sep 14, 2022 to Apr 26, 2023"},"duration":"21 min per ep","rating":"PG-13 - Teens 13 or older","score":8.12,"scored_by":493,"rank":454,"popularity":13323,"members":902,"favorites":9,"synopsis":"Third season of Tunshi Xingkong.","background":null,"season":null,"year":null,"broadcast":{"day":null,"time":null,"timezone":null,"string":null},"producers":[{"mal_id":1349,"type":"anime","name":"Tencent Animation & Comics","url":"https:\/\/myanimelist.net\/anime\/producer\/1349\/Tencent_Animation___Comics"},{"mal_id":1727,"type":"anime","name":"Tencent Penguin Pictures","url":"https:\/\/myanimelist.net\/anime\/producer\/1727\/Tencent_Penguin_Pictures"}],"licensors":[],"studios":[{"mal_id":1768,"type":"anime","name":"Sparkly Key Animation Studio","url":"https:\/\/myanimelist.net\/anime\/producer\/1768\/Sparkly_Key_Animation_Studio"}],"genres":[{"mal_id":1,"type":"anime","name":"Action","url":"https:\/\/myanimelist.net\/anime\/genre\/1\/Action"},{"mal_id":2,"type":"anime","name":"Adventure","url":"https:\/\/myanimelist.net\/anime\/genre\/2\/Adventure"},{"mal_id":10,"type":"anime","name":"Fantasy","url":"https:\/\/myanimelist.net\/anime\/genre\/10\/Fantasy"},{"mal_id":24,"type":"anime","name":"Sci-Fi","url":"https:\/\/myanimelist.net\/anime\/genre\/24\/Sci-Fi"}],"explicit_genres":[],"themes":[{"mal_id":17,"type":"anime","name":"Martial Arts","url":"https:\/\/myanimelist.net\/anime\/genre\/17\/Martial_Arts"}],"demographics":[],"relations":[{"relation":"Prequel","entry":[{"mal_id":49571,"type":"anime","name":"Tunshi Xingkong 2nd Season","url":"https:\/\/myanimelist.net\/anime\/49571\/Tunshi_Xingkong_2nd_Season"}]},{"relation":"Sequel","entry":[{"mal_id":56524,"type":"anime","name":"Tunshi Xingkong 4th Season","url":"https:\/\/myanimelist.net\/anime\/56524\/Tunshi_Xingkong_4th_Season"}]}],"theme":{"openings":[],"endings":[]},"external":[{"name":"AniDB","url":"https:\/\/anidb.net\/perl-bin\/animedb.pl?show=anime&aid=17093"},{"name":"Bangumi","url":"https:\/\/bgm.tv\/subject\/336340"}],"streaming":[]}}