{"data":{"mal_id":569,"url":"https:\/\/myanimelist.net\/anime\/569\/Musekinin_Kanchou_Tylor","images":{"jpg":{"image_url":"https:\/\/cdn.myanimelist.net\/images\/anime\/4\/14898.jpg","small_image_url":"https:\/\/cdn.myanimelist.net\/images\/anime\/4\/14898t.jpg","large_image_url":"https:\/\/cdn.myanimelist.net\/images\/anime\/4\/14898l.jpg"},"webp":{"image_url":"https:\/\/cdn.myanimelist.net\/images\/anime\/4\/14898.webp","small_image_url":"https:\/\/cdn.myanimelist.net\/images\/anime\/4\/14898t.webp","large_image_url":"https:\/\/cdn.myanimelist.net\/images\/anime\/4\/14898l.webp"}},"trailer":{"youtube_id":"qA-eHCkml18","url":"https:\/\/www.youtube.com\/watch?v=qA-eHCkml18","embed_url":"https:\/\/www.youtube.com\/embed\/qA-eHCkml18?enablejsapi=1&wmode=opaque&autoplay=1","images":{"image_url":"https:\/\/img.youtube.com\/vi\/qA-eHCkml18\/default.jpg","small_image_url":"https:\/\/img.youtube.com\/vi\/qA-eHCkml18\/sddefault.jpg","medium_image_url":"https:\/\/img.youtube.com\/vi\/qA-eHCkml18\/mqdefault.jpg","large_image_url":"https:\/\/img.youtube.com\/vi\/qA-eHCkml18\/hqdefault.jpg","maximum_image_url":"https:\/\/img.youtube.com\/vi\/qA-eHCkml18\/maxresdefault.jpg"}},"approved":true,"titles":[{"type":"Default","title":"Musekinin Kanchou Tylor"},{"type":"Japanese","title":"\u7121\u8cac\u4efb\u8266\u9577\u30bf\u30a4\u30e9\u30fc"},{"type":"English","title":"The Irresponsible Captain Tylor"},{"type":"German","title":"Tylor: The Irresposible Captain"},{"type":"Spanish","title":"El Irresponsable Capit\u00e1n Tylor"},{"type":"French","title":"Irresponsable Capitaine Tylor"}],"title":"Musekinin Kanchou Tylor","title_english":"The Irresponsible Captain Tylor","title_japanese":"\u7121\u8cac\u4efb\u8266\u9577\u30bf\u30a4\u30e9\u30fc","title_synonyms":[],"type":"TV","source":"Light novel","episodes":26,"status":"Finished Airing","airing":false,"aired":{"from":"1993-01-25T00:00:00+00:00","to":"1993-07-19T00:00:00+00:00","prop":{"from":{"day":25,"month":1,"year":1993},"to":{"day":19,"month":7,"year":1993}},"string":"Jan 25, 1993 to Jul 19, 1993"},"duration":"23 min per ep","rating":"PG-13 - Teens 13 or older","score":7.87,"scored_by":15966,"rank":814,"popularity":3046,"members":48797,"favorites":561,"synopsis":"Justy Ueki Tylor is an average 20-year-old man: lazy, greedy, and a passionate womanizer. He plans to land an easy job with the United Planets Space Force that pays decently and is also far away from the rigorous combat raging throughout the galaxy.\n\nHowever, Tylor's dreams of living a simple life are brought to a sudden halt when he stumbles into a dangerous hostage situation. Through one strange mishap after another, Tylor miraculously manages to save the hostages and is awarded command of the decrepit space-cruiser Soyokaze!\n\nNow Tylor finds himself in charge of sending mad mercenaries, proud pilots, skeptical colleagues, and harsh commanders through the infinite expanse of the universe, all the while avoiding the looming threat of the Holy Raalgon Empire. What misadventures await the irresponsible Captain Tylor?\n\n[Written by MAL Rewrite]","background":null,"season":"winter","year":1993,"broadcast":{"day":"Mondays","time":"18:00","timezone":"Asia\/Tokyo","string":"Mondays at 18:00 (JST)"},"producers":[{"mal_id":29,"type":"anime","name":"VAP","url":"https:\/\/myanimelist.net\/anime\/producer\/29\/VAP"},{"mal_id":351,"type":"anime","name":"Big West","url":"https:\/\/myanimelist.net\/anime\/producer\/351\/Big_West"},{"mal_id":1344,"type":"anime","name":"King Records","url":"https:\/\/myanimelist.net\/anime\/producer\/1344\/King_Records"},{"mal_id":1378,"type":"anime","name":"Media Rings","url":"https:\/\/myanimelist.net\/anime\/producer\/1378\/Media_Rings"},{"mal_id":1511,"type":"anime","name":"TV Setouchi","url":"https:\/\/myanimelist.net\/anime\/producer\/1511\/TV_Setouchi"}],"licensors":[{"mal_id":217,"type":"anime","name":"Nozomi Entertainment","url":"https:\/\/myanimelist.net\/anime\/producer\/217\/Nozomi_Entertainment"}],"studios":[{"mal_id":103,"type":"anime","name":"Tatsunoko Production","url":"https:\/\/myanimelist.net\/anime\/producer\/103\/Tatsunoko_Production"}],"genres":[{"mal_id":4,"type":"anime","name":"Comedy","url":"https:\/\/myanimelist.net\/anime\/genre\/4\/Comedy"},{"mal_id":24,"type":"anime","name":"Sci-Fi","url":"https:\/\/myanimelist.net\/anime\/genre\/24\/Sci-Fi"}],"explicit_genres":[],"themes":[{"mal_id":50,"type":"anime","name":"Adult Cast","url":"https:\/\/myanimelist.net\/anime\/genre\/50\/Adult_Cast"},{"mal_id":38,"type":"anime","name":"Military","url":"https:\/\/myanimelist.net\/anime\/genre\/38\/Military"},{"mal_id":20,"type":"anime","name":"Parody","url":"https:\/\/myanimelist.net\/anime\/genre\/20\/Parody"},{"mal_id":29,"type":"anime","name":"Space","url":"https:\/\/myanimelist.net\/anime\/genre\/29\/Space"}],"demographics":[],"relations":[{"relation":"Adaptation","entry":[{"mal_id":107220,"type":"manga","name":"Uchuu Ichi no Musekinin Otoko Series","url":"https:\/\/myanimelist.net\/manga\/107220\/Uchuu_Ichi_no_Musekinin_Otoko_Series"}]},{"relation":"Sequel","entry":[{"mal_id":1168,"type":"anime","name":"Musekinin Kanchou Tylor OVA","url":"https:\/\/myanimelist.net\/anime\/1168\/Musekinin_Kanchou_Tylor_OVA"}]},{"relation":"Alternative version","entry":[{"mal_id":35730,"type":"anime","name":"Musekinin Galaxy\u2606Tylor","url":"https:\/\/myanimelist.net\/anime\/35730\/Musekinin_Galaxy\u2606Tylor"}]},{"relation":"Other","entry":[{"mal_id":41806,"type":"anime","name":"Musekinin Kanchou Tylor Complete Music Clip Collection","url":"https:\/\/myanimelist.net\/anime\/41806\/Musekinin_Kanchou_Tylor_Complete_Music_Clip_Collection"}]}],"theme":{"openings":["\"just think of tomorrow\" by Mari Sasaki"],"endings":["\"Downtown Dance (\u30c0\u30a6\u30f3\u30bf\u30a6\u30f3\u30c0\u30f3\u30b9)\" by Mari Sasaki"]},"external":[{"name":"Official Site","url":"http:\/\/www.vap.co.jp\/tylor\/"},{"name":"AniDB","url":"https:\/\/anidb.net\/perl-bin\/animedb.pl?show=anime&aid=18"},{"name":"ANN","url":"https:\/\/www.animenewsnetwork.com\/encyclopedia\/anime.php?id=160"},{"name":"Wikipedia","url":"http:\/\/en.wikipedia.org\/wiki\/The_Irresponsible_Captain_Tylor"}],"streaming":[{"name":"Crunchyroll","url":"http:\/\/www.crunchyroll.com\/series-282823"}]}}