{"data":{"mal_id":5690,"url":"https:\/\/myanimelist.net\/anime\/5690\/Nodame_Cantabile_Finale","images":{"jpg":{"image_url":"https:\/\/cdn.myanimelist.net\/images\/anime\/1084\/119096.jpg","small_image_url":"https:\/\/cdn.myanimelist.net\/images\/anime\/1084\/119096t.jpg","large_image_url":"https:\/\/cdn.myanimelist.net\/images\/anime\/1084\/119096l.jpg"},"webp":{"image_url":"https:\/\/cdn.myanimelist.net\/images\/anime\/1084\/119096.webp","small_image_url":"https:\/\/cdn.myanimelist.net\/images\/anime\/1084\/119096t.webp","large_image_url":"https:\/\/cdn.myanimelist.net\/images\/anime\/1084\/119096l.webp"}},"trailer":{"youtube_id":null,"url":null,"embed_url":null,"images":{"image_url":null,"small_image_url":null,"medium_image_url":null,"large_image_url":null,"maximum_image_url":null}},"approved":true,"titles":[{"type":"Default","title":"Nodame Cantabile Finale"},{"type":"Synonym","title":"Nodame Cantabile Third Season"},{"type":"Synonym","title":"Nodame Cantabile Season 3"},{"type":"Japanese","title":"\u306e\u3060\u3081\u30ab\u30f3\u30bf\u30fc\u30d3\u30ec \u30d5\u30a3\u30ca\u30fc\u30ec"}],"title":"Nodame Cantabile Finale","title_english":null,"title_japanese":"\u306e\u3060\u3081\u30ab\u30f3\u30bf\u30fc\u30d3\u30ec \u30d5\u30a3\u30ca\u30fc\u30ec","title_synonyms":["Nodame Cantabile Third Season","Nodame Cantabile Season 3"],"type":"TV","source":"Manga","episodes":11,"status":"Finished Airing","airing":false,"aired":{"from":"2010-01-15T00:00:00+00:00","to":"2010-03-26T00:00:00+00:00","prop":{"from":{"day":15,"month":1,"year":2010},"to":{"day":26,"month":3,"year":2010}},"string":"Jan 15, 2010 to Mar 26, 2010"},"duration":"22 min per ep","rating":"PG-13 - Teens 13 or older","score":8.23,"scored_by":68873,"rank":317,"popularity":1685,"members":126488,"favorites":407,"synopsis":"Shinichi Chiaki is quickly making a name for himself as the principal conductor of the revitalized Roux-Marlet Orchestra, and Megumi \"Nodame\" Noda has made leaps and bounds as a pianist at the Conservatoire de Paris. However, tensions mount between the two as Nodame feels left behind by Chiaki's growing success and his close friendship with legendary piano prodigy Rui Son. Disregarding her teacher Professor Charles Auclair's advice, Nodame enters another piano competition in an attempt to jumpstart her own performance career. \n\nMeanwhile, those around Chiaki and Nodame are at their own crossroads. Rui begins to doubt herself after hearing Nodame's playing and being denied tutelage from Auclair; Maestro Franz von Stresemann faces the reality of his mortality; pianists Yunlong Li and Tatiana Vishneva feverishly prepare for a competition, while the latter also struggles with her growing feelings for oboist and fellow student Yasunori Kuroki. \n\nAs Chiaki, Nodame, and their friends continue on their respective journeys, they must not only strive to stay true to themselves, but also remember where it all started.\n\n[Written by MAL Rewrite]","background":null,"season":"winter","year":2010,"broadcast":{"day":"Fridays","time":"00:45","timezone":"Asia\/Tokyo","string":"Fridays at 00:45 (JST)"},"producers":[{"mal_id":53,"type":"anime","name":"Dentsu","url":"https:\/\/myanimelist.net\/anime\/producer\/53\/Dentsu"},{"mal_id":79,"type":"anime","name":"Genco","url":"https:\/\/myanimelist.net\/anime\/producer\/79\/Genco"},{"mal_id":147,"type":"anime","name":"SKY Perfect Well Think","url":"https:\/\/myanimelist.net\/anime\/producer\/147\/SKY_Perfect_Well_Think"},{"mal_id":159,"type":"anime","name":"Kodansha","url":"https:\/\/myanimelist.net\/anime\/producer\/159\/Kodansha"},{"mal_id":169,"type":"anime","name":"Fuji TV","url":"https:\/\/myanimelist.net\/anime\/producer\/169\/Fuji_TV"},{"mal_id":517,"type":"anime","name":"Asmik Ace","url":"https:\/\/myanimelist.net\/anime\/producer\/517\/Asmik_Ace"},{"mal_id":757,"type":"anime","name":"Sony Music Entertainment","url":"https:\/\/myanimelist.net\/anime\/producer\/757\/Sony_Music_Entertainment"}],"licensors":[],"studios":[{"mal_id":7,"type":"anime","name":"J.C.Staff","url":"https:\/\/myanimelist.net\/anime\/producer\/7\/JCStaff"}],"genres":[{"mal_id":4,"type":"anime","name":"Comedy","url":"https:\/\/myanimelist.net\/anime\/genre\/4\/Comedy"},{"mal_id":22,"type":"anime","name":"Romance","url":"https:\/\/myanimelist.net\/anime\/genre\/22\/Romance"}],"explicit_genres":[],"themes":[{"mal_id":50,"type":"anime","name":"Adult Cast","url":"https:\/\/myanimelist.net\/anime\/genre\/50\/Adult_Cast"},{"mal_id":19,"type":"anime","name":"Music","url":"https:\/\/myanimelist.net\/anime\/genre\/19\/Music"}],"demographics":[{"mal_id":43,"type":"anime","name":"Josei","url":"https:\/\/myanimelist.net\/anime\/genre\/43\/Josei"}],"relations":[{"relation":"Adaptation","entry":[{"mal_id":419,"type":"manga","name":"Nodame Cantabile","url":"https:\/\/myanimelist.net\/manga\/419\/Nodame_Cantabile"}]},{"relation":"Prequel","entry":[{"mal_id":8038,"type":"anime","name":"Nodame Cantabile: Finale - Mine to Kiyora no Saikai","url":"https:\/\/myanimelist.net\/anime\/8038\/Nodame_Cantabile__Finale_-_Mine_to_Kiyora_no_Saikai"}]},{"relation":"Sequel","entry":[{"mal_id":8190,"type":"anime","name":"Nodame Cantabile Finale OVA","url":"https:\/\/myanimelist.net\/anime\/8190\/Nodame_Cantabile_Finale_OVA"}]}],"theme":{"openings":["\"Manazashi \u2606 Daydream (\u307e\u306a\u3056\u3057\u2606\u30c7\u30a4\u30c9\u30ea\u30fc\u30e0)\" by Yuu Sakai (\u3055\u304b\u3044\u3086\u3046)"],"endings":["\"Kaze to Oka no Ballad (\u98a8\u3068\u4e18\u306e\u30d0\u30e9\u30fc\u30c9)\" by Real Paradis with Nodame Orchestra"]},"external":[{"name":"Official Site","url":"http:\/\/www.nodame-anime.com\/"},{"name":"AniDB","url":"https:\/\/anidb.net\/perl-bin\/animedb.pl?show=anime&aid=7019"},{"name":"ANN","url":"https:\/\/www.animenewsnetwork.com\/encyclopedia\/anime.php?id=10950"},{"name":"Wikipedia","url":"http:\/\/en.wikipedia.org\/wiki\/Nodame_Cantabile#Anime"},{"name":"Wikipedia","url":"https:\/\/ja.wikipedia.org\/wiki\/%E3%81%AE%E3%81%A0%E3%82%81%E3%82%AB%E3%83%B3%E3%82%BF%E3%83%BC%E3%83%93%E3%83%AC"},{"name":"Syoboi","url":"https:\/\/cal.syoboi.jp\/tid\/1826"}],"streaming":[]}}