{"data":{"mal_id":57,"url":"https:\/\/myanimelist.net\/anime\/57\/Beck","images":{"jpg":{"image_url":"https:\/\/cdn.myanimelist.net\/images\/anime\/11\/11636.jpg","small_image_url":"https:\/\/cdn.myanimelist.net\/images\/anime\/11\/11636t.jpg","large_image_url":"https:\/\/cdn.myanimelist.net\/images\/anime\/11\/11636l.jpg"},"webp":{"image_url":"https:\/\/cdn.myanimelist.net\/images\/anime\/11\/11636.webp","small_image_url":"https:\/\/cdn.myanimelist.net\/images\/anime\/11\/11636t.webp","large_image_url":"https:\/\/cdn.myanimelist.net\/images\/anime\/11\/11636l.webp"}},"trailer":{"youtube_id":"GNgReTHy1EA","url":"https:\/\/www.youtube.com\/watch?v=GNgReTHy1EA","embed_url":"https:\/\/www.youtube.com\/embed\/GNgReTHy1EA?enablejsapi=1&wmode=opaque&autoplay=1","images":{"image_url":"https:\/\/img.youtube.com\/vi\/GNgReTHy1EA\/default.jpg","small_image_url":"https:\/\/img.youtube.com\/vi\/GNgReTHy1EA\/sddefault.jpg","medium_image_url":"https:\/\/img.youtube.com\/vi\/GNgReTHy1EA\/mqdefault.jpg","large_image_url":"https:\/\/img.youtube.com\/vi\/GNgReTHy1EA\/hqdefault.jpg","maximum_image_url":"https:\/\/img.youtube.com\/vi\/GNgReTHy1EA\/maxresdefault.jpg"}},"approved":true,"titles":[{"type":"Default","title":"Beck"},{"type":"Synonym","title":"BECK"},{"type":"Japanese","title":"\u30d9\u30c3\u30af"},{"type":"English","title":"Beck: Mongolian Chop Squad"},{"type":"Spanish","title":"Beck: Mongolian Chop Squad"},{"type":"French","title":"Beck: Mongolian Chop Squad"}],"title":"Beck","title_english":"Beck: Mongolian Chop Squad","title_japanese":"\u30d9\u30c3\u30af","title_synonyms":["BECK"],"type":"TV","source":"Manga","episodes":26,"status":"Finished Airing","airing":false,"aired":{"from":"2004-10-07T00:00:00+00:00","to":"2005-03-31T00:00:00+00:00","prop":{"from":{"day":7,"month":10,"year":2004},"to":{"day":31,"month":3,"year":2005}},"string":"Oct 7, 2004 to Mar 31, 2005"},"duration":"25 min per ep","rating":"R - 17+ (violence & profanity)","score":8.29,"scored_by":138578,"rank":260,"popularity":675,"members":333822,"favorites":8320,"synopsis":"Fourteen-year-old Yukio \"Koyuki\" Tanaka is a dispirited young boy with no goals in life. However, this all changes when Koyuki saves a strange-looking dog named Beck from being harassed by a group of local kids. The dog's owner, 16-year-old Ryuusuke \"Ray\" Minami, is an emerging guitarist and the former member of a popular rock band. \n\nAfter Koyuki meets Ray again in a diner, the older boy leads him to his former band's meeting place and dazzles Koyuki with his amazing guitar skills. Slowly becoming interested in the glamour of western rock culture, Koyuki decides to start playing the guitar while helping Ray achieve his dream of leading the ultimate rock band. Together with Ray's younger sister Maho and a few other members, the two boys launch their career into the world of rock by forming a band called BECK. Beck follows the group's struggles and successes as they spread their fame across Japan.\n\n[Written by MAL Rewrite]","background":null,"season":"fall","year":2004,"broadcast":{"day":"Thursdays","time":"01:30","timezone":"Asia\/Tokyo","string":"Thursdays at 01:30 (JST)"},"producers":[{"mal_id":82,"type":"anime","name":"Marvelous Entertainment","url":"https:\/\/myanimelist.net\/anime\/producer\/82\/Marvelous_Entertainment"},{"mal_id":92,"type":"anime","name":"Starchild Records","url":"https:\/\/myanimelist.net\/anime\/producer\/92\/Starchild_Records"},{"mal_id":142,"type":"anime","name":"Asatsu DK","url":"https:\/\/myanimelist.net\/anime\/producer\/142\/Asatsu_DK"},{"mal_id":159,"type":"anime","name":"Kodansha","url":"https:\/\/myanimelist.net\/anime\/producer\/159\/Kodansha"}],"licensors":[{"mal_id":102,"type":"anime","name":"Funimation","url":"https:\/\/myanimelist.net\/anime\/producer\/102\/Funimation"}],"studios":[{"mal_id":11,"type":"anime","name":"Madhouse","url":"https:\/\/myanimelist.net\/anime\/producer\/11\/Madhouse"}],"genres":[{"mal_id":4,"type":"anime","name":"Comedy","url":"https:\/\/myanimelist.net\/anime\/genre\/4\/Comedy"},{"mal_id":8,"type":"anime","name":"Drama","url":"https:\/\/myanimelist.net\/anime\/genre\/8\/Drama"}],"explicit_genres":[],"themes":[{"mal_id":19,"type":"anime","name":"Music","url":"https:\/\/myanimelist.net\/anime\/genre\/19\/Music"}],"demographics":[{"mal_id":27,"type":"anime","name":"Shounen","url":"https:\/\/myanimelist.net\/anime\/genre\/27\/Shounen"}],"relations":[{"relation":"Adaptation","entry":[{"mal_id":145,"type":"manga","name":"Beck","url":"https:\/\/myanimelist.net\/manga\/145\/Beck"}]}],"theme":{"openings":["\"Hit in the USA\" by Beat Crusaders"],"endings":["1: \"My World Down\" by Meister (eps 1-20)","2: \"Moon on the Water\" by Sowelu (eps 21-25)","3: \"Slip Out\" by Beck\/Mongolian Chop Squad (eps 26)"]},"external":[{"name":"Official Site","url":"https:\/\/www.tv-tokyo.co.jp\/anime\/beck\/"},{"name":"AniDB","url":"https:\/\/anidb.net\/perl-bin\/animedb.pl?show=anime&aid=2320"},{"name":"ANN","url":"https:\/\/www.animenewsnetwork.com\/encyclopedia\/anime.php?id=4404"},{"name":"Wikipedia","url":"http:\/\/en.wikipedia.org\/wiki\/BECK"},{"name":"Wikipedia","url":"https:\/\/ja.wikipedia.org\/wiki\/BECK_(%E6%BC%AB%E7%94%BB)#%E3%83%86%E3%83%AC%E3%83%93%E3%82%A2%E3%83%8B%E3%83%A1"},{"name":"Syoboi","url":"https:\/\/cal.syoboi.jp\/tid\/490"}],"streaming":[{"name":"Crunchyroll","url":"http:\/\/www.crunchyroll.com\/series-283144"},{"name":"Funimation","url":"https:\/\/www.funimation.com\/shows\/MNn-chop-squad"}]}}