{"data":{"mal_id":573,"url":"https:\/\/myanimelist.net\/anime\/573\/Saber_Marionette_J","images":{"jpg":{"image_url":"https:\/\/cdn.myanimelist.net\/images\/anime\/1754\/97053.jpg","small_image_url":"https:\/\/cdn.myanimelist.net\/images\/anime\/1754\/97053t.jpg","large_image_url":"https:\/\/cdn.myanimelist.net\/images\/anime\/1754\/97053l.jpg"},"webp":{"image_url":"https:\/\/cdn.myanimelist.net\/images\/anime\/1754\/97053.webp","small_image_url":"https:\/\/cdn.myanimelist.net\/images\/anime\/1754\/97053t.webp","large_image_url":"https:\/\/cdn.myanimelist.net\/images\/anime\/1754\/97053l.webp"}},"trailer":{"youtube_id":null,"url":null,"embed_url":null,"images":{"image_url":null,"small_image_url":null,"medium_image_url":null,"large_image_url":null,"maximum_image_url":null}},"approved":true,"titles":[{"type":"Default","title":"Saber Marionette J"},{"type":"Japanese","title":"\u30bb\u30a4\u30d0\u30fc\u30de\u30ea\u30aa\u30cd\u30c3\u30c8J"},{"type":"English","title":"Saber Marionette J"}],"title":"Saber Marionette J","title_english":"Saber Marionette J","title_japanese":"\u30bb\u30a4\u30d0\u30fc\u30de\u30ea\u30aa\u30cd\u30c3\u30c8J","title_synonyms":[],"type":"TV","source":"Original","episodes":25,"status":"Finished Airing","airing":false,"aired":{"from":"1996-10-01T00:00:00+00:00","to":"1997-03-25T00:00:00+00:00","prop":{"from":{"day":1,"month":10,"year":1996},"to":{"day":25,"month":3,"year":1997}},"string":"Oct 1, 1996 to Mar 25, 1997"},"duration":"25 min per ep","rating":"PG-13 - Teens 13 or older","score":7.38,"scored_by":14214,"rank":2271,"popularity":3772,"members":32451,"favorites":217,"synopsis":"In the distant future, since the Earth has become overpopulated, efforts to find and colonize on other planets have begun. However, one of the ships, the \"Mesopotamia\" malfunctions and all but 6 of its inhabitants are all killed. the remaining 6 manage to escape to a nearby planet named \"Terra ll \", which is similar to Earth in many respects. However, all of them are male. Therefore, as to not let their efforts go to waste, they begin to set up 6 countries and to reproduce through cloning and genetic engineering. however, there are still no women, and to make up for it they create lifelike advanced female androids called \"Marionettes\" which do everyday chores and work. However, they are all emotionless machines. But one day, a ordinary boy named Otaru finds and awakens 3 special battle type Marionettes that have emotions due to a \"Maiden Circuit\" within them. It's up to him then to teach them and allow their emotions to grow, and when a nearby country threatens with world domination, it's up to to Otaru and his \"human\" Marionettes to protect their country.","background":null,"season":"fall","year":1996,"broadcast":{"day":"Tuesdays","time":"18:00","timezone":"Asia\/Tokyo","string":"Tuesdays at 18:00 (JST)"},"producers":[{"mal_id":16,"type":"anime","name":"TV Tokyo","url":"https:\/\/myanimelist.net\/anime\/producer\/16\/TV_Tokyo"},{"mal_id":23,"type":"anime","name":"Bandai Visual","url":"https:\/\/myanimelist.net\/anime\/producer\/23\/Bandai_Visual"},{"mal_id":34,"type":"anime","name":"Hal Film Maker","url":"https:\/\/myanimelist.net\/anime\/producer\/34\/Hal_Film_Maker"},{"mal_id":64,"type":"anime","name":"Sotsu","url":"https:\/\/myanimelist.net\/anime\/producer\/64\/Sotsu"}],"licensors":[{"mal_id":233,"type":"anime","name":"Bandai Entertainment","url":"https:\/\/myanimelist.net\/anime\/producer\/233\/Bandai_Entertainment"}],"studios":[{"mal_id":280,"type":"anime","name":"Studio Junio","url":"https:\/\/myanimelist.net\/anime\/producer\/280\/Studio_Junio"}],"genres":[{"mal_id":1,"type":"anime","name":"Action","url":"https:\/\/myanimelist.net\/anime\/genre\/1\/Action"},{"mal_id":2,"type":"anime","name":"Adventure","url":"https:\/\/myanimelist.net\/anime\/genre\/2\/Adventure"},{"mal_id":4,"type":"anime","name":"Comedy","url":"https:\/\/myanimelist.net\/anime\/genre\/4\/Comedy"},{"mal_id":8,"type":"anime","name":"Drama","url":"https:\/\/myanimelist.net\/anime\/genre\/8\/Drama"},{"mal_id":22,"type":"anime","name":"Romance","url":"https:\/\/myanimelist.net\/anime\/genre\/22\/Romance"},{"mal_id":24,"type":"anime","name":"Sci-Fi","url":"https:\/\/myanimelist.net\/anime\/genre\/24\/Sci-Fi"}],"explicit_genres":[],"themes":[{"mal_id":35,"type":"anime","name":"Harem","url":"https:\/\/myanimelist.net\/anime\/genre\/35\/Harem"},{"mal_id":17,"type":"anime","name":"Martial Arts","url":"https:\/\/myanimelist.net\/anime\/genre\/17\/Martial_Arts"},{"mal_id":18,"type":"anime","name":"Mecha","url":"https:\/\/myanimelist.net\/anime\/genre\/18\/Mecha"}],"demographics":[],"relations":[{"relation":"Adaptation","entry":[{"mal_id":506,"type":"manga","name":"Saber Marionette J","url":"https:\/\/myanimelist.net\/manga\/506\/Saber_Marionette_J"},{"mal_id":90134,"type":"manga","name":"SM Girls: Saber Marionette J","url":"https:\/\/myanimelist.net\/manga\/90134\/SM_Girls__Saber_Marionette_J"}]},{"relation":"Sequel","entry":[{"mal_id":1191,"type":"anime","name":"Saber Marionette J Again","url":"https:\/\/myanimelist.net\/anime\/1191\/Saber_Marionette_J_Again"}]},{"relation":"Alternative setting","entry":[{"mal_id":1232,"type":"anime","name":"Saber Marionette R","url":"https:\/\/myanimelist.net\/anime\/1232\/Saber_Marionette_R"}]}],"theme":{"openings":["\"Successful Mission\" by Megumi Hayashibara"],"endings":["1: \"I'll Be There\" by Megumi Hayashibara (eps 1-24,26)","2: \"Izayoi (\u5341\u516d\u591c)\" by Megumi Hayashibara (eps 25)"]},"external":[{"name":"AniDB","url":"https:\/\/anidb.net\/perl-bin\/animedb.pl?show=anime&aid=344"},{"name":"ANN","url":"https:\/\/www.animenewsnetwork.com\/encyclopedia\/anime.php?id=77"},{"name":"Wikipedia","url":"http:\/\/en.wikipedia.org\/wiki\/Saber_Marionette_J"}],"streaming":[]}}