{"data":{"mal_id":5781,"url":"https:\/\/myanimelist.net\/anime\/5781\/Isekai_no_Seikishi_Monogatari","images":{"jpg":{"image_url":"https:\/\/cdn.myanimelist.net\/images\/anime\/2\/20345.jpg","small_image_url":"https:\/\/cdn.myanimelist.net\/images\/anime\/2\/20345t.jpg","large_image_url":"https:\/\/cdn.myanimelist.net\/images\/anime\/2\/20345l.jpg"},"webp":{"image_url":"https:\/\/cdn.myanimelist.net\/images\/anime\/2\/20345.webp","small_image_url":"https:\/\/cdn.myanimelist.net\/images\/anime\/2\/20345t.webp","large_image_url":"https:\/\/cdn.myanimelist.net\/images\/anime\/2\/20345l.webp"}},"trailer":{"youtube_id":"hpyfGc0UUDk","url":"https:\/\/www.youtube.com\/watch?v=hpyfGc0UUDk","embed_url":"https:\/\/www.youtube.com\/embed\/hpyfGc0UUDk?enablejsapi=1&wmode=opaque&autoplay=1","images":{"image_url":"https:\/\/img.youtube.com\/vi\/hpyfGc0UUDk\/default.jpg","small_image_url":"https:\/\/img.youtube.com\/vi\/hpyfGc0UUDk\/sddefault.jpg","medium_image_url":"https:\/\/img.youtube.com\/vi\/hpyfGc0UUDk\/mqdefault.jpg","large_image_url":"https:\/\/img.youtube.com\/vi\/hpyfGc0UUDk\/hqdefault.jpg","maximum_image_url":"https:\/\/img.youtube.com\/vi\/hpyfGc0UUDk\/maxresdefault.jpg"}},"approved":true,"titles":[{"type":"Default","title":"Isekai no Seikishi Monogatari"},{"type":"Synonym","title":"ISM"},{"type":"Synonym","title":"Isekai no Seikishi Monogatari"},{"type":"Japanese","title":"\u7570\u4e16\u754c\u306e\u8056\u6a5f\u5e2b\u7269\u8a9e"},{"type":"English","title":"Tenchi Muyo! War on Geminar"},{"type":"German","title":"Tenchi Muyo! War on Geminar"},{"type":"French","title":"Tenchi Muyo! War on Geminar"}],"title":"Isekai no Seikishi Monogatari","title_english":"Tenchi Muyo! War on Geminar","title_japanese":"\u7570\u4e16\u754c\u306e\u8056\u6a5f\u5e2b\u7269\u8a9e","title_synonyms":["ISM","Isekai no Seikishi Monogatari"],"type":"OVA","source":"Original","episodes":13,"status":"Finished Airing","airing":false,"aired":{"from":"2009-05-22T00:00:00+00:00","to":"2010-05-26T00:00:00+00:00","prop":{"from":{"day":22,"month":5,"year":2009},"to":{"day":26,"month":5,"year":2010}},"string":"May 22, 2009 to May 26, 2010"},"duration":"45 min per ep","rating":"R+ - Mild Nudity","score":7.74,"scored_by":82487,"rank":1086,"popularity":1157,"members":197678,"favorites":1822,"synopsis":"Kenshi Masaki has been kidnapped and brought to the world of Geminar by a mysterious group. To get back home, he agrees to help them assassinate the newly crowned empress of the Shtrayu Empire, Lashara Aasu XXVIII, using a giant robot called a Sacred Mechanoid.\n \nAs her army fights them off, Lashara takes note of Kenshi's abilities and demands that her attacker be captured alive, only to find out that the pilot is male which is extremely rare on Geminar. Believing it to be a waste to kill him, she makes Kenshi her attendant.\n \nAs the empress' new servant, Kenshi is required to accompany Lashara to the Holy Land, an academy where Sacred Mechanoid pilots hone their skills. His arrival attracts attention, but Kenshi is unaware that something sinister is brewing within the academy and it could plunge the entire world into war.\n\n[Written by MAL Rewrite]","background":null,"season":null,"year":null,"broadcast":{"day":null,"time":null,"timezone":null,"string":null},"producers":[{"mal_id":29,"type":"anime","name":"VAP","url":"https:\/\/myanimelist.net\/anime\/producer\/29\/VAP"},{"mal_id":48,"type":"anime","name":"AIC","url":"https:\/\/myanimelist.net\/anime\/producer\/48\/AIC"}],"licensors":[{"mal_id":102,"type":"anime","name":"Funimation","url":"https:\/\/myanimelist.net\/anime\/producer\/102\/Funimation"}],"studios":[{"mal_id":83,"type":"anime","name":"AIC Spirits","url":"https:\/\/myanimelist.net\/anime\/producer\/83\/AIC_Spirits"},{"mal_id":89,"type":"anime","name":"BeSTACK","url":"https:\/\/myanimelist.net\/anime\/producer\/89\/BeSTACK"}],"genres":[{"mal_id":1,"type":"anime","name":"Action","url":"https:\/\/myanimelist.net\/anime\/genre\/1\/Action"},{"mal_id":4,"type":"anime","name":"Comedy","url":"https:\/\/myanimelist.net\/anime\/genre\/4\/Comedy"},{"mal_id":10,"type":"anime","name":"Fantasy","url":"https:\/\/myanimelist.net\/anime\/genre\/10\/Fantasy"},{"mal_id":9,"type":"anime","name":"Ecchi","url":"https:\/\/myanimelist.net\/anime\/genre\/9\/Ecchi"}],"explicit_genres":[],"themes":[{"mal_id":35,"type":"anime","name":"Harem","url":"https:\/\/myanimelist.net\/anime\/genre\/35\/Harem"},{"mal_id":62,"type":"anime","name":"Isekai","url":"https:\/\/myanimelist.net\/anime\/genre\/62\/Isekai"},{"mal_id":18,"type":"anime","name":"Mecha","url":"https:\/\/myanimelist.net\/anime\/genre\/18\/Mecha"},{"mal_id":23,"type":"anime","name":"School","url":"https:\/\/myanimelist.net\/anime\/genre\/23\/School"}],"demographics":[],"relations":[{"relation":"Adaptation","entry":[{"mal_id":24800,"type":"manga","name":"Isekai no Seikishi Monogatari","url":"https:\/\/myanimelist.net\/manga\/24800\/Isekai_no_Seikishi_Monogatari"},{"mal_id":24834,"type":"manga","name":"Isekai no Seikishi Monogatari","url":"https:\/\/myanimelist.net\/manga\/24834\/Isekai_no_Seikishi_Monogatari"}]},{"relation":"Spin-off","entry":[{"mal_id":539,"type":"anime","name":"Tenchi Muyou! Ryououki","url":"https:\/\/myanimelist.net\/anime\/539\/Tenchi_Muyou_Ryououki"}]},{"relation":"Other","entry":[{"mal_id":1944,"type":"anime","name":"Photon","url":"https:\/\/myanimelist.net\/anime\/1944\/Photon"}]}],"theme":{"openings":["\"Follow Me\" by Seira Kagami ft. Sound Around"],"endings":["\"Destino\" by Alchemy+"]},"external":[{"name":"Official Site","url":"http:\/\/www.vap.co.jp\/seikishi\/"},{"name":"AniDB","url":"https:\/\/anidb.net\/perl-bin\/animedb.pl?show=anime&aid=6304"},{"name":"ANN","url":"https:\/\/www.animenewsnetwork.com\/encyclopedia\/anime.php?id=10393"},{"name":"Wikipedia","url":"http:\/\/en.wikipedia.org\/wiki\/Tenchi_Muyo!_War_on_Geminar"}],"streaming":[{"name":"Crunchyroll","url":"http:\/\/www.crunchyroll.com\/series-275097"},{"name":"Funimation","url":"https:\/\/www.funimation.com\/shows\/tenchi-muyo-war-on-geminar"}]}}