{"data":{"mal_id":6024,"url":"https:\/\/myanimelist.net\/anime\/6024\/Chis_Sweet_Home__Atarashii_Ouchi","images":{"jpg":{"image_url":"https:\/\/cdn.myanimelist.net\/images\/anime\/9\/14095.jpg","small_image_url":"https:\/\/cdn.myanimelist.net\/images\/anime\/9\/14095t.jpg","large_image_url":"https:\/\/cdn.myanimelist.net\/images\/anime\/9\/14095l.jpg"},"webp":{"image_url":"https:\/\/cdn.myanimelist.net\/images\/anime\/9\/14095.webp","small_image_url":"https:\/\/cdn.myanimelist.net\/images\/anime\/9\/14095t.webp","large_image_url":"https:\/\/cdn.myanimelist.net\/images\/anime\/9\/14095l.webp"}},"trailer":{"youtube_id":null,"url":null,"embed_url":null,"images":{"image_url":null,"small_image_url":null,"medium_image_url":null,"large_image_url":null,"maximum_image_url":null}},"approved":true,"titles":[{"type":"Default","title":"Chi's Sweet Home: Atarashii Ouchi"},{"type":"Synonym","title":"Chii's Sweet Home 2"},{"type":"Synonym","title":"Chi's Sweet Home: A New Home"},{"type":"Japanese","title":"\u30c1\u30fc\u30ba\u30b9\u30a4\u30fc\u30c8\u30db\u30fc\u30e0 \u3042\u305f\u3089\u3057\u3044\u304a\u3046\u3061"},{"type":"English","title":"Chi's New Address"},{"type":"German","title":"Chi's Sweet Home: Chi's New Address"},{"type":"Spanish","title":"Chi's Sweet Home: Chi's New Address"},{"type":"French","title":"Chi's Sweet Home: Chi's New Address"}],"title":"Chi's Sweet Home: Atarashii Ouchi","title_english":"Chi's New Address","title_japanese":"\u30c1\u30fc\u30ba\u30b9\u30a4\u30fc\u30c8\u30db\u30fc\u30e0 \u3042\u305f\u3089\u3057\u3044\u304a\u3046\u3061","title_synonyms":["Chii's Sweet Home 2","Chi's Sweet Home: A New Home"],"type":"TV","source":"Manga","episodes":104,"status":"Finished Airing","airing":false,"aired":{"from":"2009-03-30T00:00:00+00:00","to":"2009-09-24T00:00:00+00:00","prop":{"from":{"day":30,"month":3,"year":2009},"to":{"day":24,"month":9,"year":2009}},"string":"Mar 30, 2009 to Sep 24, 2009"},"duration":"3 min per ep","rating":"G - All Ages","score":7.7,"scored_by":12045,"rank":1191,"popularity":3937,"members":29743,"favorites":109,"synopsis":"The Yamadas and Chi move to a new apartment house, where keeping a pet is allowed.","background":null,"season":"spring","year":2009,"broadcast":{"day":null,"time":null,"timezone":null,"string":"Not scheduled once per week"},"producers":[],"licensors":[{"mal_id":467,"type":"anime","name":"Discotek Media","url":"https:\/\/myanimelist.net\/anime\/producer\/467\/Discotek_Media"}],"studios":[{"mal_id":11,"type":"anime","name":"Madhouse","url":"https:\/\/myanimelist.net\/anime\/producer\/11\/Madhouse"}],"genres":[{"mal_id":4,"type":"anime","name":"Comedy","url":"https:\/\/myanimelist.net\/anime\/genre\/4\/Comedy"},{"mal_id":36,"type":"anime","name":"Slice of Life","url":"https:\/\/myanimelist.net\/anime\/genre\/36\/Slice_of_Life"}],"explicit_genres":[],"themes":[{"mal_id":71,"type":"anime","name":"Pets","url":"https:\/\/myanimelist.net\/anime\/genre\/71\/Pets"}],"demographics":[{"mal_id":42,"type":"anime","name":"Seinen","url":"https:\/\/myanimelist.net\/anime\/genre\/42\/Seinen"}],"relations":[{"relation":"Adaptation","entry":[{"mal_id":1397,"type":"manga","name":"Chi's Sweet Home","url":"https:\/\/myanimelist.net\/manga\/1397\/Chis_Sweet_Home"}]},{"relation":"Prequel","entry":[{"mal_id":3841,"type":"anime","name":"Chi's Sweet Home","url":"https:\/\/myanimelist.net\/anime\/3841\/Chis_Sweet_Home"}]},{"relation":"Sequel","entry":[{"mal_id":7972,"type":"anime","name":"Chi's Sweet Home: Chi to Kocchi, Deau.","url":"https:\/\/myanimelist.net\/anime\/7972\/Chis_Sweet_Home__Chi_to_Kocchi_Deau"}]}],"theme":{"openings":["\"Chiisana Dai Bouken\" by Rica Matsumoto"],"endings":["\"Ouchi ni Kaerou (\u304a\u3046\u3061\u306b\u304b\u3048\u308d\u3046)\" by Chi (Satomi Koorogi)"]},"external":[{"name":"Official Site","url":"http:\/\/www.tv-tokyo.co.jp\/anime\/chissweet2009\/"},{"name":"AniDB","url":"https:\/\/anidb.net\/perl-bin\/animedb.pl?show=anime&aid=6452"},{"name":"ANN","url":"https:\/\/www.animenewsnetwork.com\/encyclopedia\/anime.php?id=10707"},{"name":"Wikipedia","url":"http:\/\/en.wikipedia.org\/wiki\/Chi%27s_Sweet_Home"}],"streaming":[{"name":"Crunchyroll","url":"http:\/\/www.crunchyroll.com\/series-62162"}]}}