{"data":{"mal_id":6154,"url":"https:\/\/myanimelist.net\/anime\/6154\/Saint_Seiya__Meiou_Hades_Juuni_Kyuu-hen_-_Yomigaerishi_Gold_Saint-tachi_no_Shinwa","images":{"jpg":{"image_url":"https:\/\/cdn.myanimelist.net\/images\/anime\/7\/13518.jpg","small_image_url":"https:\/\/cdn.myanimelist.net\/images\/anime\/7\/13518t.jpg","large_image_url":"https:\/\/cdn.myanimelist.net\/images\/anime\/7\/13518l.jpg"},"webp":{"image_url":"https:\/\/cdn.myanimelist.net\/images\/anime\/7\/13518.webp","small_image_url":"https:\/\/cdn.myanimelist.net\/images\/anime\/7\/13518t.webp","large_image_url":"https:\/\/cdn.myanimelist.net\/images\/anime\/7\/13518l.webp"}},"trailer":{"youtube_id":null,"url":null,"embed_url":null,"images":{"image_url":null,"small_image_url":null,"medium_image_url":null,"large_image_url":null,"maximum_image_url":null}},"approved":true,"titles":[{"type":"Default","title":"Saint Seiya: Meiou Hades Juuni Kyuu-hen - Yomigaerishi Gold Saint-tachi no Shinwa"},{"type":"Japanese","title":"\u51a5\u738b\u30cf\u30fc\u30c7\u30b9\u5341\u4e8c\u5bae\u7de8\u3000\u3088\u307f\u304c\u3048\u308a\u3057\u9ec4\u91d1\u8056\u95d8\u58eb\u305f\u3061\u306e\u795e\u8a71"},{"type":"English","title":"Saint Seiya: The Hades Chapter - Recaps"}],"title":"Saint Seiya: Meiou Hades Juuni Kyuu-hen - Yomigaerishi Gold Saint-tachi no Shinwa","title_english":"Saint Seiya: The Hades Chapter - Recaps","title_japanese":"\u51a5\u738b\u30cf\u30fc\u30c7\u30b9\u5341\u4e8c\u5bae\u7de8\u3000\u3088\u307f\u304c\u3048\u308a\u3057\u9ec4\u91d1\u8056\u95d8\u58eb\u305f\u3061\u306e\u795e\u8a71","title_synonyms":[],"type":"Special","source":"Unknown","episodes":2,"status":"Finished Airing","airing":false,"aired":{"from":"2003-01-01T00:00:00+00:00","to":null,"prop":{"from":{"day":1,"month":1,"year":2003},"to":{"day":null,"month":null,"year":null}},"string":"2003"},"duration":"54 min per ep","rating":"PG-13 - Teens 13 or older","score":7.67,"scored_by":4599,"rank":1243,"popularity":6193,"members":9981,"favorites":18,"synopsis":"Is a summary of the Saga Hades Sanctuary from the perspective of the golden knights resurrected, especially Shura, Camus and Saga.","background":null,"season":null,"year":null,"broadcast":{"day":null,"time":null,"timezone":null,"string":null},"producers":[],"licensors":[],"studios":[{"mal_id":18,"type":"anime","name":"Toei Animation","url":"https:\/\/myanimelist.net\/anime\/producer\/18\/Toei_Animation"}],"genres":[{"mal_id":2,"type":"anime","name":"Adventure","url":"https:\/\/myanimelist.net\/anime\/genre\/2\/Adventure"},{"mal_id":24,"type":"anime","name":"Sci-Fi","url":"https:\/\/myanimelist.net\/anime\/genre\/24\/Sci-Fi"}],"explicit_genres":[],"themes":[],"demographics":[{"mal_id":27,"type":"anime","name":"Shounen","url":"https:\/\/myanimelist.net\/anime\/genre\/27\/Shounen"}],"relations":[{"relation":"Full story","entry":[{"mal_id":1257,"type":"anime","name":"Saint Seiya: Meiou Hades Juuni Kyuu-hen","url":"https:\/\/myanimelist.net\/anime\/1257\/Saint_Seiya__Meiou_Hades_Juuni_Kyuu-hen"}]}],"theme":{"openings":["\"Chikyuugi\" by Matsuzawa Yumi"],"endings":["\"Kimi to Onaji Aozora\" by Matsuzawa Yumi"]},"external":[{"name":"AniDB","url":"https:\/\/anidb.net\/perl-bin\/animedb.pl?show=anime&aid=343"}],"streaming":[]}}