{"data":{"mal_id":627,"url":"https:\/\/myanimelist.net\/anime\/627\/Major_S1","images":{"jpg":{"image_url":"https:\/\/cdn.myanimelist.net\/images\/anime\/13\/73973.jpg","small_image_url":"https:\/\/cdn.myanimelist.net\/images\/anime\/13\/73973t.jpg","large_image_url":"https:\/\/cdn.myanimelist.net\/images\/anime\/13\/73973l.jpg"},"webp":{"image_url":"https:\/\/cdn.myanimelist.net\/images\/anime\/13\/73973.webp","small_image_url":"https:\/\/cdn.myanimelist.net\/images\/anime\/13\/73973t.webp","large_image_url":"https:\/\/cdn.myanimelist.net\/images\/anime\/13\/73973l.webp"}},"trailer":{"youtube_id":null,"url":null,"embed_url":null,"images":{"image_url":null,"small_image_url":null,"medium_image_url":null,"large_image_url":null,"maximum_image_url":null}},"approved":true,"titles":[{"type":"Default","title":"Major S1"},{"type":"Japanese","title":"\u30e1\u30b8\u30e3\u30fc \uff08\u7b2c1\u30b7\u30ea\u30fc\u30ba\uff09"}],"title":"Major S1","title_english":null,"title_japanese":"\u30e1\u30b8\u30e3\u30fc \uff08\u7b2c1\u30b7\u30ea\u30fc\u30ba\uff09","title_synonyms":[],"type":"TV","source":"Manga","episodes":26,"status":"Finished Airing","airing":false,"aired":{"from":"2004-11-13T00:00:00+00:00","to":"2005-05-21T00:00:00+00:00","prop":{"from":{"day":13,"month":11,"year":2004},"to":{"day":21,"month":5,"year":2005}},"string":"Nov 13, 2004 to May 21, 2005"},"duration":"25 min per ep","rating":"PG-13 - Teens 13 or older","score":8.21,"scored_by":50508,"rank":339,"popularity":2002,"members":99739,"favorites":1384,"synopsis":"Gorou Honda, a little boy obsessed with baseball, has always admired his father, Shigeharu. Wishing to follow in his father's footsteps, Gorou dreams of becoming a professional baseball player. In turn, his son's starry-eyed admiration encourages Shigeharu to keep persevering, despite his late wife's death and his unsatisfying position on the second-string team Blue Ocean.\n\nUnfortunately, an elbow injury forces Shigeharu off the team, and he falls into despair. However, after an offhand joke from his childhood friend, Shigeharu reevaluates his choices and decides to keep playing, leaving behind his prime position as pitcher and taking up the bat. Now motivated more than ever, Gorou works hard to carve his way in the Japanese Little League.\n\n[Written by MAL Rewrite]","background":null,"season":"fall","year":2004,"broadcast":{"day":"Saturdays","time":"18:00","timezone":"Asia\/Tokyo","string":"Saturdays at 18:00 (JST)"},"producers":[{"mal_id":62,"type":"anime","name":"Shogakukan-Shueisha Productions","url":"https:\/\/myanimelist.net\/anime\/producer\/62\/Shogakukan-Shueisha_Productions"},{"mal_id":111,"type":"anime","name":"NHK","url":"https:\/\/myanimelist.net\/anime\/producer\/111\/NHK"}],"licensors":[],"studios":[{"mal_id":101,"type":"anime","name":"Studio Hibari","url":"https:\/\/myanimelist.net\/anime\/producer\/101\/Studio_Hibari"}],"genres":[{"mal_id":30,"type":"anime","name":"Sports","url":"https:\/\/myanimelist.net\/anime\/genre\/30\/Sports"}],"explicit_genres":[],"themes":[{"mal_id":77,"type":"anime","name":"Team Sports","url":"https:\/\/myanimelist.net\/anime\/genre\/77\/Team_Sports"}],"demographics":[{"mal_id":27,"type":"anime","name":"Shounen","url":"https:\/\/myanimelist.net\/anime\/genre\/27\/Shounen"}],"relations":[{"relation":"Adaptation","entry":[{"mal_id":10978,"type":"manga","name":"Major","url":"https:\/\/myanimelist.net\/manga\/10978\/Major"}]},{"relation":"Sequel","entry":[{"mal_id":558,"type":"anime","name":"Major S2","url":"https:\/\/myanimelist.net\/anime\/558\/Major_S2"},{"mal_id":5029,"type":"anime","name":"Major Movie: Yuujou no Winning Shot","url":"https:\/\/myanimelist.net\/anime\/5029\/Major_Movie__Yuujou_no_Winning_Shot"}]},{"relation":"Other","entry":[{"mal_id":52616,"type":"anime","name":"Shounen Sunday CM: Major","url":"https:\/\/myanimelist.net\/anime\/52616\/Shounen_Sunday_CM__Major"}]}],"theme":{"openings":["\"Kokoro e\" by Road of Major"],"endings":["1: \"Step'' by Beni Arashiro (eps 1-16)","2: \"Faraway\" by Paradise GO!! GO!! (eps 17-25)","3: \"Kokoro e\" by Road of Major (eps 26)"]},"external":[{"name":"Official Site","url":"http:\/\/www3.nhk.or.jp\/anime\/major\/"},{"name":"AniDB","url":"https:\/\/anidb.net\/perl-bin\/animedb.pl?show=anime&aid=2168"},{"name":"ANN","url":"https:\/\/www.animenewsnetwork.com\/encyclopedia\/anime.php?id=4115"},{"name":"Wikipedia","url":"http:\/\/en.wikipedia.org\/wiki\/Major_(manga)"},{"name":"Wikipedia","url":"https:\/\/ja.wikipedia.org\/wiki\/%E3%83%A1%E3%82%B8%E3%83%A3%E3%83%BC_%28%E3%82%A2%E3%83%8B%E3%83%A1%29"},{"name":"Syoboi","url":"https:\/\/cal.syoboi.jp\/tid\/451"}],"streaming":[]}}