{"data":{"mal_id":6347,"url":"https:\/\/myanimelist.net\/anime\/6347\/Baka_to_Test_to_Shoukanjuu","images":{"jpg":{"image_url":"https:\/\/cdn.myanimelist.net\/images\/anime\/3\/50389.jpg","small_image_url":"https:\/\/cdn.myanimelist.net\/images\/anime\/3\/50389t.jpg","large_image_url":"https:\/\/cdn.myanimelist.net\/images\/anime\/3\/50389l.jpg"},"webp":{"image_url":"https:\/\/cdn.myanimelist.net\/images\/anime\/3\/50389.webp","small_image_url":"https:\/\/cdn.myanimelist.net\/images\/anime\/3\/50389t.webp","large_image_url":"https:\/\/cdn.myanimelist.net\/images\/anime\/3\/50389l.webp"}},"trailer":{"youtube_id":"OiqsI1rNnGo","url":"https:\/\/www.youtube.com\/watch?v=OiqsI1rNnGo","embed_url":"https:\/\/www.youtube.com\/embed\/OiqsI1rNnGo?enablejsapi=1&wmode=opaque&autoplay=1","images":{"image_url":"https:\/\/img.youtube.com\/vi\/OiqsI1rNnGo\/default.jpg","small_image_url":"https:\/\/img.youtube.com\/vi\/OiqsI1rNnGo\/sddefault.jpg","medium_image_url":"https:\/\/img.youtube.com\/vi\/OiqsI1rNnGo\/mqdefault.jpg","large_image_url":"https:\/\/img.youtube.com\/vi\/OiqsI1rNnGo\/hqdefault.jpg","maximum_image_url":"https:\/\/img.youtube.com\/vi\/OiqsI1rNnGo\/maxresdefault.jpg"}},"approved":true,"titles":[{"type":"Default","title":"Baka to Test to Shoukanjuu"},{"type":"Synonym","title":"The Idiot"},{"type":"Synonym","title":"the Tests"},{"type":"Synonym","title":"and the Summoned Creatures"},{"type":"Synonym","title":"Baka to Test to Shokanju"},{"type":"Synonym","title":"BakaTest"},{"type":"Japanese","title":"\u30d0\u30ab\u3068\u30c6\u30b9\u30c8\u3068\u53ec\u559a\u7363"},{"type":"English","title":"Baka & Test - Summon the Beasts"},{"type":"German","title":"Baka & Test - Summon the Beasts"},{"type":"French","title":"Baka & Test - Summon the Beasts"}],"title":"Baka to Test to Shoukanjuu","title_english":"Baka & Test - Summon the Beasts","title_japanese":"\u30d0\u30ab\u3068\u30c6\u30b9\u30c8\u3068\u53ec\u559a\u7363","title_synonyms":["The Idiot","the Tests","and the Summoned Creatures","Baka to Test to Shokanju","BakaTest"],"type":"TV","source":"Light novel","episodes":13,"status":"Finished Airing","airing":false,"aired":{"from":"2010-01-07T00:00:00+00:00","to":"2010-04-01T00:00:00+00:00","prop":{"from":{"day":7,"month":1,"year":2010},"to":{"day":1,"month":4,"year":2010}},"string":"Jan 7, 2010 to Apr 1, 2010"},"duration":"24 min per ep","rating":"PG-13 - Teens 13 or older","score":7.52,"scored_by":343481,"rank":1723,"popularity":325,"members":627853,"favorites":5622,"synopsis":"Fumizuki Academy isn't a typical Japanese high school. This unique institution has implemented a new and innovative system to sort its students. At the end of their freshman year, students take a test that divides up the student body. The highest scorers are placed into A class, all the way down until F class, for the lowest of the low.\n\nUnfortunately for Akihisa Yoshii, his supposedly \"great\" intellect wasn't quite enough for such a test, and he's now stuck at the bottom of F class. Naturally, F class has the worst facilities: not only rotten tatami mats and broken tables, but also outdated equipment and worn out furniture. On the bright side, his friend Yuuji Sakamoto is in the same class, and to everyone's surprise, the genius girl Mizuki Himeji has also ended up in the same class due to an unforeseen fever on the day of the test.\n\nUnsatisfied with their perquisites, F class rallies behind Yuuji, determined to take on the higher-tiered classes in order to seize their perks by using the school's Examinations Summon Battle system. The participants can summon fantasy characters\u2014whose power levels are equal to their student's test scores\u2014in an all-out battle. Will F class be able to rise to the top, or will they live up to everyone's expectations and fail?\n\n[Written by MAL Rewrite]","background":null,"season":"winter","year":2010,"broadcast":{"day":"Thursdays","time":"02:20","timezone":"Asia\/Tokyo","string":"Thursdays at 02:20 (JST)"},"producers":[{"mal_id":104,"type":"anime","name":"Lantis","url":"https:\/\/myanimelist.net\/anime\/producer\/104\/Lantis"},{"mal_id":108,"type":"anime","name":"Media Factory","url":"https:\/\/myanimelist.net\/anime\/producer\/108\/Media_Factory"},{"mal_id":619,"type":"anime","name":"Cospa","url":"https:\/\/myanimelist.net\/anime\/producer\/619\/Cospa"},{"mal_id":1015,"type":"anime","name":"T.O Entertainment","url":"https:\/\/myanimelist.net\/anime\/producer\/1015\/TO_Entertainment"}],"licensors":[{"mal_id":102,"type":"anime","name":"Funimation","url":"https:\/\/myanimelist.net\/anime\/producer\/102\/Funimation"}],"studios":[{"mal_id":300,"type":"anime","name":"SILVER LINK.","url":"https:\/\/myanimelist.net\/anime\/producer\/300\/SILVER_LINK"}],"genres":[{"mal_id":4,"type":"anime","name":"Comedy","url":"https:\/\/myanimelist.net\/anime\/genre\/4\/Comedy"},{"mal_id":22,"type":"anime","name":"Romance","url":"https:\/\/myanimelist.net\/anime\/genre\/22\/Romance"}],"explicit_genres":[],"themes":[{"mal_id":64,"type":"anime","name":"Love Polygon","url":"https:\/\/myanimelist.net\/anime\/genre\/64\/Love_Polygon"},{"mal_id":23,"type":"anime","name":"School","url":"https:\/\/myanimelist.net\/anime\/genre\/23\/School"}],"demographics":[],"relations":[{"relation":"Adaptation","entry":[{"mal_id":12295,"type":"manga","name":"Baka to Test to Shoukanjuu","url":"https:\/\/myanimelist.net\/manga\/12295\/Baka_to_Test_to_Shoukanjuu"}]},{"relation":"Spin-off","entry":[{"mal_id":7805,"type":"anime","name":"Baka to Test to Shoukanjuu: Mondai - Christmas ni Tsuite Kotae Nasai","url":"https:\/\/myanimelist.net\/anime\/7805\/Baka_to_Test_to_Shoukanjuu__Mondai_-_Christmas_ni_Tsuite_Kotae_Nasai"}]},{"relation":"Side story","entry":[{"mal_id":7870,"type":"anime","name":"Baka to Test to Shoukanjuu Specials","url":"https:\/\/myanimelist.net\/anime\/7870\/Baka_to_Test_to_Shoukanjuu_Specials"},{"mal_id":36250,"type":"anime","name":"Baka to Test to Shoukanjuu Mini Anime","url":"https:\/\/myanimelist.net\/anime\/36250\/Baka_to_Test_to_Shoukanjuu_Mini_Anime"}]},{"relation":"Sequel","entry":[{"mal_id":9471,"type":"anime","name":"Baka to Test to Shoukanjuu: Matsuri","url":"https:\/\/myanimelist.net\/anime\/9471\/Baka_to_Test_to_Shoukanjuu__Matsuri"}]}],"theme":{"openings":["\"Perfect-area complete!\" by Natsuko Asou"],"endings":["1: \"Baka Go Home\" by milktub (eps 1-6, 10-13)","2: \"Hare Tokidoki Egao\" by Hitomi Harada, Kaori Mizuhashi, Emiri Katou, and Tomomi Isomura (eps 7-9)"]},"external":[{"name":"Official Site","url":"http:\/\/www.bakatest.com\/"},{"name":"AniDB","url":"https:\/\/anidb.net\/perl-bin\/animedb.pl?show=anime&aid=6747"},{"name":"ANN","url":"https:\/\/www.animenewsnetwork.com\/encyclopedia\/anime.php?id=10816"},{"name":"Wikipedia","url":"http:\/\/en.wikipedia.org\/wiki\/Baka_to_Test_to_Sh%C5%8Dkanj%C5%AB"}],"streaming":[{"name":"Crunchyroll","url":"http:\/\/www.crunchyroll.com\/series-274651"},{"name":"Funimation","url":"https:\/\/www.funimation.com\/shows\/baka-test-summon-the-beasts-"}]}}