{"data":{"mal_id":645,"url":"https:\/\/myanimelist.net\/anime\/645\/Hikaru_no_Go__Hokuto_Hai_e_no_Michi","images":{"jpg":{"image_url":"https:\/\/cdn.myanimelist.net\/images\/anime\/12\/78453.jpg","small_image_url":"https:\/\/cdn.myanimelist.net\/images\/anime\/12\/78453t.jpg","large_image_url":"https:\/\/cdn.myanimelist.net\/images\/anime\/12\/78453l.jpg"},"webp":{"image_url":"https:\/\/cdn.myanimelist.net\/images\/anime\/12\/78453.webp","small_image_url":"https:\/\/cdn.myanimelist.net\/images\/anime\/12\/78453t.webp","large_image_url":"https:\/\/cdn.myanimelist.net\/images\/anime\/12\/78453l.webp"}},"trailer":{"youtube_id":null,"url":null,"embed_url":null,"images":{"image_url":null,"small_image_url":null,"medium_image_url":null,"large_image_url":null,"maximum_image_url":null}},"approved":true,"titles":[{"type":"Default","title":"Hikaru no Go: Hokuto Hai e no Michi"},{"type":"Synonym","title":"Hikaru no Go: Journey to the North Star Cup"},{"type":"Japanese","title":"\u30d2\u30ab\u30eb\u306e\u7881 \u5317\u6597\u676f\u3078\u306e\u9053"}],"title":"Hikaru no Go: Hokuto Hai e no Michi","title_english":null,"title_japanese":"\u30d2\u30ab\u30eb\u306e\u7881 \u5317\u6597\u676f\u3078\u306e\u9053","title_synonyms":["Hikaru no Go: Journey to the North Star Cup"],"type":"Special","source":"Manga","episodes":1,"status":"Finished Airing","airing":false,"aired":{"from":"2004-01-03T00:00:00+00:00","to":null,"prop":{"from":{"day":3,"month":1,"year":2004},"to":{"day":null,"month":null,"year":null}},"string":"Jan 3, 2004"},"duration":"1 hr 17 min","rating":"G - All Ages","score":7.94,"scored_by":12640,"rank":699,"popularity":4377,"members":23708,"favorites":37,"synopsis":"Hikaru is given a phone call asking him to appear in the Japan\/China\/Korea Junior's Tournament but he finds out he will have to take place in a preliminary tournament to choose Japan's three contestants. Upon discussing this with Akira, he discovers that Akira has already been chosen for the tournament and will not be taking place in the preliminaries. Hikaru then decides not to visit Akira's Go Salon until he takes his place on the team with Akira. That may be tougher than originally planned, as not only does Hikaru have to battle with old friends for one of two coveted spots, but he may have a new challenger, in a promising player from the Kansai Go Institute. \n\n(Source: ANN)","background":null,"season":null,"year":null,"broadcast":{"day":null,"time":null,"timezone":null,"string":null},"producers":[{"mal_id":53,"type":"anime","name":"Dentsu","url":"https:\/\/myanimelist.net\/anime\/producer\/53\/Dentsu"}],"licensors":[],"studios":[{"mal_id":1,"type":"anime","name":"Pierrot","url":"https:\/\/myanimelist.net\/anime\/producer\/1\/Pierrot"}],"genres":[],"explicit_genres":[],"themes":[{"mal_id":11,"type":"anime","name":"Strategy Game","url":"https:\/\/myanimelist.net\/anime\/genre\/11\/Strategy_Game"}],"demographics":[{"mal_id":27,"type":"anime","name":"Shounen","url":"https:\/\/myanimelist.net\/anime\/genre\/27\/Shounen"}],"relations":[{"relation":"Adaptation","entry":[{"mal_id":20,"type":"manga","name":"Hikaru no Go","url":"https:\/\/myanimelist.net\/manga\/20\/Hikaru_no_Go"}]},{"relation":"Prequel","entry":[{"mal_id":135,"type":"anime","name":"Hikaru no Go","url":"https:\/\/myanimelist.net\/anime\/135\/Hikaru_no_Go"}]}],"theme":{"openings":["\"Get Over\" by dream"],"endings":["\"Everlasting Snow\" by Dream"]},"external":[{"name":"Official Site","url":"http:\/\/www.tv-tokyo.co.jp\/anime\/hikaru"},{"name":"AniDB","url":"https:\/\/anidb.net\/perl-bin\/animedb.pl?show=anime&aid=84"},{"name":"ANN","url":"https:\/\/www.animenewsnetwork.com\/encyclopedia\/anime.php?id=3433"},{"name":"Wikipedia","url":"http:\/\/en.wikipedia.org\/wiki\/Hikaru_No_Go"}],"streaming":[]}}