{"data":{"mal_id":6467,"url":"https:\/\/myanimelist.net\/anime\/6467\/Detective_Conan_Movie_14__The_Lost_Ship_in_the_Sky","images":{"jpg":{"image_url":"https:\/\/cdn.myanimelist.net\/images\/anime\/7\/22312.jpg","small_image_url":"https:\/\/cdn.myanimelist.net\/images\/anime\/7\/22312t.jpg","large_image_url":"https:\/\/cdn.myanimelist.net\/images\/anime\/7\/22312l.jpg"},"webp":{"image_url":"https:\/\/cdn.myanimelist.net\/images\/anime\/7\/22312.webp","small_image_url":"https:\/\/cdn.myanimelist.net\/images\/anime\/7\/22312t.webp","large_image_url":"https:\/\/cdn.myanimelist.net\/images\/anime\/7\/22312l.webp"}},"trailer":{"youtube_id":null,"url":null,"embed_url":null,"images":{"image_url":null,"small_image_url":null,"medium_image_url":null,"large_image_url":null,"maximum_image_url":null}},"approved":true,"titles":[{"type":"Default","title":"Detective Conan Movie 14: The Lost Ship in the Sky"},{"type":"Synonym","title":"Meitantei Conan Tenkuu no Lost Ship"},{"type":"Japanese","title":"\u540d\u63a2\u5075\u30b3\u30ca\u30f3 \u5929\u7a7a\u306e\u96e3\u7834\u8239"},{"type":"German","title":"Detektiv Conan Film 14: Das verlorene Schiff am Himmel"},{"type":"Spanish","title":"Detective Conan Pel\u00edcula 14: El Barco Perdido en el Cielo"},{"type":"French","title":"Detective Conan Film 14: L'Arche du Ciel"}],"title":"Detective Conan Movie 14: The Lost Ship in the Sky","title_english":null,"title_japanese":"\u540d\u63a2\u5075\u30b3\u30ca\u30f3 \u5929\u7a7a\u306e\u96e3\u7834\u8239","title_synonyms":["Meitantei Conan Tenkuu no Lost Ship"],"type":"Movie","source":"Manga","episodes":1,"status":"Finished Airing","airing":false,"aired":{"from":"2010-04-17T00:00:00+00:00","to":null,"prop":{"from":{"day":17,"month":4,"year":2010},"to":{"day":null,"month":null,"year":null}},"string":"Apr 17, 2010"},"duration":"1 hr 42 min","rating":"G - All Ages","score":8.11,"scored_by":32162,"rank":458,"popularity":2841,"members":55630,"favorites":59,"synopsis":"One night, the Tokyo National Institute of Microorganisms is attacked by a mysterious organization calling themselves the \"Red Siamese Cats.\" The group causes the explosion of a high-security lab storing a virus\u2014said to have a mortality rate of 80% with no known cure. This act of terror dominates the headlines, overshadowing the unveiling of the world's biggest airship developed under Jirokichi Suzuki. Peculiarly, the unveiling has a note attached for Kaito \"Kaitou Kid\" Kuroba, challenging him to steal the jewel on display\u2014the illustrious Lady Sky.\n\nConan Edogawa is permitted to board the airship along with Kogorou Mouri, Ran Mouri, Sonoko Suzuki, Professor Agasa, and the Detective Boys. However, their fun comes to a halt when an unknown caller contacts Jirokichi and declares that they have released a certain virus in the smoking room. Soon after, symptoms begin to appear among the passengers and chaos ensues. Seizing the opportunity, the Red Siamese Cats suddenly appear and hijack the airship! \n\nTo stop the assailants, Conan and Kaitou Kid, along with their allies, must work together to decipher the clues and discover the Red Siamese Cats' real objective before time runs out.\n\n[Written by MAL Rewrite]","background":null,"season":null,"year":null,"broadcast":{"day":null,"time":null,"timezone":null,"string":null},"producers":[{"mal_id":62,"type":"anime","name":"Shogakukan-Shueisha Productions","url":"https:\/\/myanimelist.net\/anime\/producer\/62\/Shogakukan-Shueisha_Productions"},{"mal_id":73,"type":"anime","name":"TMS Entertainment","url":"https:\/\/myanimelist.net\/anime\/producer\/73\/TMS_Entertainment"}],"licensors":[],"studios":[{"mal_id":65,"type":"anime","name":"Tokyo Movie Shinsha","url":"https:\/\/myanimelist.net\/anime\/producer\/65\/Tokyo_Movie_Shinsha"}],"genres":[{"mal_id":1,"type":"anime","name":"Action","url":"https:\/\/myanimelist.net\/anime\/genre\/1\/Action"},{"mal_id":7,"type":"anime","name":"Mystery","url":"https:\/\/myanimelist.net\/anime\/genre\/7\/Mystery"}],"explicit_genres":[],"themes":[{"mal_id":39,"type":"anime","name":"Detective","url":"https:\/\/myanimelist.net\/anime\/genre\/39\/Detective"}],"demographics":[{"mal_id":27,"type":"anime","name":"Shounen","url":"https:\/\/myanimelist.net\/anime\/genre\/27\/Shounen"}],"relations":[{"relation":"Adaptation","entry":[{"mal_id":133341,"type":"manga","name":"Meitantei Conan: Tenkuu no Lost Ship","url":"https:\/\/myanimelist.net\/manga\/133341\/Meitantei_Conan__Tenkuu_no_Lost_Ship"}]},{"relation":"Parent story","entry":[{"mal_id":235,"type":"anime","name":"Detective Conan","url":"https:\/\/myanimelist.net\/anime\/235\/Detective_Conan"}]},{"relation":"Side story","entry":[{"mal_id":8331,"type":"anime","name":"Detective Conan Magic File 4: Osaka Okonomiyaki Odyssey","url":"https:\/\/myanimelist.net\/anime\/8331\/Detective_Conan_Magic_File_4__Osaka_Okonomiyaki_Odyssey"}]}],"theme":{"openings":[],"endings":["\"Over Drive\" by GARNET CROW"]},"external":[{"name":"Official Site","url":"http:\/\/www.conan-movie.jp\/"},{"name":"AniDB","url":"https:\/\/anidb.net\/perl-bin\/animedb.pl?show=anime&aid=7250"},{"name":"ANN","url":"https:\/\/www.animenewsnetwork.com\/encyclopedia\/anime.php?id=11207"},{"name":"Wikipedia","url":"http:\/\/en.wikipedia.org\/wiki\/List_of_Case_Closed_films#The_Lost_Ship_in_the_Sky"},{"name":"Wikipedia","url":"https:\/\/ja.wikipedia.org\/wiki\/%E5%90%8D%E6%8E%A2%E5%81%B5%E3%82%B3%E3%83%8A%E3%83%B3_%E5%A4%A9%E7%A9%BA%E3%81%AE%E9%9B%A3%E7%A0%B4%E8%88%B9"},{"name":"Syoboi","url":"https:\/\/cal.syoboi.jp\/tid\/2672"}],"streaming":[{"name":"Crunchyroll","url":"http:\/\/www.crunchyroll.com\/series-281139"}]}}