{"data":{"mal_id":6573,"url":"https:\/\/myanimelist.net\/anime\/6573\/Darker_than_Black__Ryuusei_no_Gemini","images":{"jpg":{"image_url":"https:\/\/cdn.myanimelist.net\/images\/anime\/1189\/134110.jpg","small_image_url":"https:\/\/cdn.myanimelist.net\/images\/anime\/1189\/134110t.jpg","large_image_url":"https:\/\/cdn.myanimelist.net\/images\/anime\/1189\/134110l.jpg"},"webp":{"image_url":"https:\/\/cdn.myanimelist.net\/images\/anime\/1189\/134110.webp","small_image_url":"https:\/\/cdn.myanimelist.net\/images\/anime\/1189\/134110t.webp","large_image_url":"https:\/\/cdn.myanimelist.net\/images\/anime\/1189\/134110l.webp"}},"trailer":{"youtube_id":null,"url":null,"embed_url":null,"images":{"image_url":null,"small_image_url":null,"medium_image_url":null,"large_image_url":null,"maximum_image_url":null}},"approved":true,"titles":[{"type":"Default","title":"Darker than Black: Ryuusei no Gemini"},{"type":"Synonym","title":"Darker than BLACK 2nd Season"},{"type":"Synonym","title":"Darker than BLACK Second Season"},{"type":"Synonym","title":"DTB2"},{"type":"Japanese","title":"DARKER THAN BLACK \u6d41\u661f\u306e\u53cc\u5b50"},{"type":"English","title":"Darker than Black: Gemini of the Meteor"}],"title":"Darker than Black: Ryuusei no Gemini","title_english":"Darker than Black: Gemini of the Meteor","title_japanese":"DARKER THAN BLACK \u6d41\u661f\u306e\u53cc\u5b50","title_synonyms":["Darker than BLACK 2nd Season","Darker than BLACK Second Season","DTB2"],"type":"TV","source":"Original","episodes":12,"status":"Finished Airing","airing":false,"aired":{"from":"2009-10-09T00:00:00+00:00","to":"2009-12-25T00:00:00+00:00","prop":{"from":{"day":9,"month":10,"year":2009},"to":{"day":25,"month":12,"year":2009}},"string":"Oct 9, 2009 to Dec 25, 2009"},"duration":"24 min per ep","rating":"R - 17+ (violence & profanity)","score":7.43,"scored_by":228694,"rank":2055,"popularity":541,"members":407351,"favorites":1495,"synopsis":"One night, as meteors streak across the star-studded sky, Shion Pavlichenko becomes a Contractor. Despite her brother's transformation, Shion's twin sister Suou continues to live a fairly ordinary life, attending middle school with her friends and getting caught up in the awkwardness of growing up. However, everything changes when her home is invaded by a masked man cloaked in black, destroying any sense of normality she once had. Revealed to possess latent Contractor abilities of her own, Suou is caught between family, friends, and her own sense of purpose as she ventures into the ruthless world of cutthroats and espionage that Contractors call home.\n\nMeanwhile in Tokyo, investigation surrounding Hell's Gate's sudden collapse is underway, and prophetic signs of doom point in the direction of a silver-haired doll.\n\n[Written by MAL Rewrite]","background":null,"season":"fall","year":2009,"broadcast":{"day":null,"time":null,"timezone":null,"string":"Unknown"},"producers":[{"mal_id":17,"type":"anime","name":"Aniplex","url":"https:\/\/myanimelist.net\/anime\/producer\/17\/Aniplex"},{"mal_id":58,"type":"anime","name":"Square Enix","url":"https:\/\/myanimelist.net\/anime\/producer\/58\/Square_Enix"},{"mal_id":143,"type":"anime","name":"Mainichi Broadcasting System","url":"https:\/\/myanimelist.net\/anime\/producer\/143\/Mainichi_Broadcasting_System"},{"mal_id":166,"type":"anime","name":"Movic","url":"https:\/\/myanimelist.net\/anime\/producer\/166\/Movic"},{"mal_id":765,"type":"anime","name":"Sakura Create","url":"https:\/\/myanimelist.net\/anime\/producer\/765\/Sakura_Create"}],"licensors":[{"mal_id":102,"type":"anime","name":"Funimation","url":"https:\/\/myanimelist.net\/anime\/producer\/102\/Funimation"}],"studios":[{"mal_id":4,"type":"anime","name":"Bones","url":"https:\/\/myanimelist.net\/anime\/producer\/4\/Bones"}],"genres":[{"mal_id":1,"type":"anime","name":"Action","url":"https:\/\/myanimelist.net\/anime\/genre\/1\/Action"},{"mal_id":7,"type":"anime","name":"Mystery","url":"https:\/\/myanimelist.net\/anime\/genre\/7\/Mystery"},{"mal_id":24,"type":"anime","name":"Sci-Fi","url":"https:\/\/myanimelist.net\/anime\/genre\/24\/Sci-Fi"}],"explicit_genres":[],"themes":[{"mal_id":31,"type":"anime","name":"Super Power","url":"https:\/\/myanimelist.net\/anime\/genre\/31\/Super_Power"}],"demographics":[],"relations":[{"relation":"Prequel","entry":[{"mal_id":7338,"type":"anime","name":"Darker than Black: Kuro no Keiyakusha Gaiden","url":"https:\/\/myanimelist.net\/anime\/7338\/Darker_than_Black__Kuro_no_Keiyakusha_Gaiden"}]}],"theme":{"openings":["\"Tsukiakari no Michishirube\" by STEREOPONY"],"endings":["\"From Dusk Till Dawn\" by abingdon boys school"]},"external":[{"name":"Official Site","url":"http:\/\/www.d-black.net\/"},{"name":"AniDB","url":"https:\/\/anidb.net\/perl-bin\/animedb.pl?show=anime&aid=6644"},{"name":"ANN","url":"https:\/\/www.animenewsnetwork.com\/encyclopedia\/anime.php?id=10984"},{"name":"Wikipedia","url":"http:\/\/en.wikipedia.org\/wiki\/Darker_Than_Black:_Ry%C5%ABsei_no_Gemini"}],"streaming":[{"name":"Crunchyroll","url":"http:\/\/www.crunchyroll.com\/series-275417"}]}}