{"data":{"mal_id":6624,"url":"https:\/\/myanimelist.net\/anime\/6624\/Kara_no_Kyoukai_Remix__Gate_of_Seventh_Heaven","images":{"jpg":{"image_url":"https:\/\/cdn.myanimelist.net\/images\/anime\/11\/15175.jpg","small_image_url":"https:\/\/cdn.myanimelist.net\/images\/anime\/11\/15175t.jpg","large_image_url":"https:\/\/cdn.myanimelist.net\/images\/anime\/11\/15175l.jpg"},"webp":{"image_url":"https:\/\/cdn.myanimelist.net\/images\/anime\/11\/15175.webp","small_image_url":"https:\/\/cdn.myanimelist.net\/images\/anime\/11\/15175t.webp","large_image_url":"https:\/\/cdn.myanimelist.net\/images\/anime\/11\/15175l.webp"}},"trailer":{"youtube_id":null,"url":null,"embed_url":null,"images":{"image_url":null,"small_image_url":null,"medium_image_url":null,"large_image_url":null,"maximum_image_url":null}},"approved":true,"titles":[{"type":"Default","title":"Kara no Kyoukai Remix: Gate of Seventh Heaven"},{"type":"Synonym","title":"The Garden of Sinners: Gate of Seventh Heaven"},{"type":"Japanese","title":"\u7a7a\u306e\u5883\u754c Remix -Gate of seventh heaven-"},{"type":"English","title":"The Garden of Sinners Remix: Gate of Seventh Heaven"}],"title":"Kara no Kyoukai Remix: Gate of Seventh Heaven","title_english":"The Garden of Sinners Remix: Gate of Seventh Heaven","title_japanese":"\u7a7a\u306e\u5883\u754c Remix -Gate of seventh heaven-","title_synonyms":["The Garden of Sinners: Gate of Seventh Heaven"],"type":"Movie","source":"Light novel","episodes":1,"status":"Finished Airing","airing":false,"aired":{"from":"2009-03-14T00:00:00+00:00","to":null,"prop":{"from":{"day":14,"month":3,"year":2009},"to":{"day":null,"month":null,"year":null}},"string":"Mar 14, 2009"},"duration":"1 hr 1 min","rating":"R - 17+ (violence & profanity)","score":7.54,"scored_by":19828,"rank":1647,"popularity":3093,"members":47307,"favorites":58,"synopsis":"In August of 1995, Mikiya Kokutou meets a young kimono-clad woman named Shiki Ryougi. When he finds out that they go to the same school, he attempts to befriend her. Though her upbringing is unconventional and she herself is strange, Mikiya is not deterred, and Shiki gradually opens up to him. But Mikiya's life will be changed forever by this simple meeting, and in ways that he never imagined, as he begins to see a deadly side to his new friend...\n\n[Written by MAL Rewrite]","background":null,"season":null,"year":null,"broadcast":{"day":null,"time":null,"timezone":null,"string":null},"producers":[{"mal_id":17,"type":"anime","name":"Aniplex","url":"https:\/\/myanimelist.net\/anime\/producer\/17\/Aniplex"},{"mal_id":159,"type":"anime","name":"Kodansha","url":"https:\/\/myanimelist.net\/anime\/producer\/159\/Kodansha"}],"licensors":[{"mal_id":493,"type":"anime","name":"Aniplex of America","url":"https:\/\/myanimelist.net\/anime\/producer\/493\/Aniplex_of_America"}],"studios":[{"mal_id":43,"type":"anime","name":"ufotable","url":"https:\/\/myanimelist.net\/anime\/producer\/43\/ufotable"}],"genres":[{"mal_id":1,"type":"anime","name":"Action","url":"https:\/\/myanimelist.net\/anime\/genre\/1\/Action"},{"mal_id":7,"type":"anime","name":"Mystery","url":"https:\/\/myanimelist.net\/anime\/genre\/7\/Mystery"},{"mal_id":22,"type":"anime","name":"Romance","url":"https:\/\/myanimelist.net\/anime\/genre\/22\/Romance"},{"mal_id":41,"type":"anime","name":"Suspense","url":"https:\/\/myanimelist.net\/anime\/genre\/41\/Suspense"}],"explicit_genres":[],"themes":[{"mal_id":31,"type":"anime","name":"Super Power","url":"https:\/\/myanimelist.net\/anime\/genre\/31\/Super_Power"}],"demographics":[],"relations":[{"relation":"Adaptation","entry":[{"mal_id":2062,"type":"manga","name":"Kara no Kyoukai: The Garden of Sinners","url":"https:\/\/myanimelist.net\/manga\/2062\/Kara_no_Kyoukai__The_Garden_of_Sinners"}]},{"relation":"Full story","entry":[{"mal_id":2593,"type":"anime","name":"Kara no Kyoukai Movie 1: Fukan Fuukei","url":"https:\/\/myanimelist.net\/anime\/2593\/Kara_no_Kyoukai_Movie_1__Fukan_Fuukei"},{"mal_id":3782,"type":"anime","name":"Kara no Kyoukai Movie 2: Satsujin Kousatsu (Zen)","url":"https:\/\/myanimelist.net\/anime\/3782\/Kara_no_Kyoukai_Movie_2__Satsujin_Kousatsu_Zen"},{"mal_id":3783,"type":"anime","name":"Kara no Kyoukai Movie 3: Tsuukaku Zanryuu","url":"https:\/\/myanimelist.net\/anime\/3783\/Kara_no_Kyoukai_Movie_3__Tsuukaku_Zanryuu"},{"mal_id":4280,"type":"anime","name":"Kara no Kyoukai Movie 4: Garan no Dou","url":"https:\/\/myanimelist.net\/anime\/4280\/Kara_no_Kyoukai_Movie_4__Garan_no_Dou"},{"mal_id":4282,"type":"anime","name":"Kara no Kyoukai Movie 5: Mujun Rasen","url":"https:\/\/myanimelist.net\/anime\/4282\/Kara_no_Kyoukai_Movie_5__Mujun_Rasen"},{"mal_id":5204,"type":"anime","name":"Kara no Kyoukai Movie 6: Boukyaku Rokuon","url":"https:\/\/myanimelist.net\/anime\/5204\/Kara_no_Kyoukai_Movie_6__Boukyaku_Rokuon"}]}],"theme":{"openings":[],"endings":[]},"external":[{"name":"Official Site","url":"http:\/\/www.karanokyoukai.com\/"},{"name":"AniDB","url":"https:\/\/anidb.net\/perl-bin\/animedb.pl?show=anime&aid=4932"},{"name":"ANN","url":"https:\/\/www.animenewsnetwork.com\/encyclopedia\/anime.php?id=23796"},{"name":"Wikipedia","url":"http:\/\/en.wikipedia.org\/wiki\/Kara_no_Ky%C5%8Dkai"}],"streaming":[]}}