{"data":{"mal_id":6675,"url":"https:\/\/myanimelist.net\/anime\/6675\/Redline","images":{"jpg":{"image_url":"https:\/\/cdn.myanimelist.net\/images\/anime\/12\/28553.jpg","small_image_url":"https:\/\/cdn.myanimelist.net\/images\/anime\/12\/28553t.jpg","large_image_url":"https:\/\/cdn.myanimelist.net\/images\/anime\/12\/28553l.jpg"},"webp":{"image_url":"https:\/\/cdn.myanimelist.net\/images\/anime\/12\/28553.webp","small_image_url":"https:\/\/cdn.myanimelist.net\/images\/anime\/12\/28553t.webp","large_image_url":"https:\/\/cdn.myanimelist.net\/images\/anime\/12\/28553l.webp"}},"trailer":{"youtube_id":"RB-2Hjj_eEg","url":"https:\/\/www.youtube.com\/watch?v=RB-2Hjj_eEg","embed_url":"https:\/\/www.youtube.com\/embed\/RB-2Hjj_eEg?enablejsapi=1&wmode=opaque&autoplay=1","images":{"image_url":"https:\/\/img.youtube.com\/vi\/RB-2Hjj_eEg\/default.jpg","small_image_url":"https:\/\/img.youtube.com\/vi\/RB-2Hjj_eEg\/sddefault.jpg","medium_image_url":"https:\/\/img.youtube.com\/vi\/RB-2Hjj_eEg\/mqdefault.jpg","large_image_url":"https:\/\/img.youtube.com\/vi\/RB-2Hjj_eEg\/hqdefault.jpg","maximum_image_url":"https:\/\/img.youtube.com\/vi\/RB-2Hjj_eEg\/maxresdefault.jpg"}},"approved":true,"titles":[{"type":"Default","title":"Redline"},{"type":"Synonym","title":"Red line"},{"type":"Japanese","title":"REDLINE"},{"type":"English","title":"Redline"}],"title":"Redline","title_english":"Redline","title_japanese":"REDLINE","title_synonyms":["Red line"],"type":"Movie","source":"Original","episodes":1,"status":"Finished Airing","airing":false,"aired":{"from":"2009-08-14T00:00:00+00:00","to":null,"prop":{"from":{"day":14,"month":8,"year":2009},"to":{"day":null,"month":null,"year":null}},"string":"Aug 14, 2009"},"duration":"1 hr 42 min","rating":"R+ - Mild Nudity","score":8.28,"scored_by":198832,"rank":275,"popularity":610,"members":368316,"favorites":5495,"synopsis":"Every five years, an exhilarating race called Redline is held, and the universe's most anticipated competition has only one rule: that there are none. Racers are pushed to their absolute limit\u2014a feeling that daredevil driver JP knows all too well. Having just qualified to participate in Redline, he is eager to battle against the other highly skilled drivers, particularly the beautiful rising star and the only other human that qualified, Sonoshee McLaren.\n\nBut this year's Redline may be far more dangerous than usual\u2014it has been announced to take place on the planet Roboworld with its trigger-happy military and criminals who look to turn the race to their own advantage. However, the potential danger doesn't stop the racers; in fact, it only adds to the thrill. Relying solely on his vehicle's speed, JP prepares for the event to come, aiming to take first place in the biggest race of his life.\n\n[Written by MAL Rewrite]","background":"Redline took a full seven years to create and used more than 100,000 frames in production. When finally complete, it made its debut at the 2009 Locarno International Film Festival, more than a year before it came to Japanese theaters.","season":null,"year":null,"broadcast":{"day":null,"time":null,"timezone":null,"string":null},"producers":[{"mal_id":577,"type":"anime","name":"Tohokushinsha Film Corporation","url":"https:\/\/myanimelist.net\/anime\/producer\/577\/Tohokushinsha_Film_Corporation"}],"licensors":[{"mal_id":488,"type":"anime","name":"Anchor Bay Films","url":"https:\/\/myanimelist.net\/anime\/producer\/488\/Anchor_Bay_Films"}],"studios":[{"mal_id":11,"type":"anime","name":"Madhouse","url":"https:\/\/myanimelist.net\/anime\/producer\/11\/Madhouse"}],"genres":[{"mal_id":1,"type":"anime","name":"Action","url":"https:\/\/myanimelist.net\/anime\/genre\/1\/Action"},{"mal_id":24,"type":"anime","name":"Sci-Fi","url":"https:\/\/myanimelist.net\/anime\/genre\/24\/Sci-Fi"}],"explicit_genres":[],"themes":[{"mal_id":50,"type":"anime","name":"Adult Cast","url":"https:\/\/myanimelist.net\/anime\/genre\/50\/Adult_Cast"},{"mal_id":3,"type":"anime","name":"Racing","url":"https:\/\/myanimelist.net\/anime\/genre\/3\/Racing"}],"demographics":[],"relations":[{"relation":"Character","entry":[{"mal_id":1980,"type":"anime","name":"Trava: Fist Planet","url":"https:\/\/myanimelist.net\/anime\/1980\/Trava__Fist_Planet"}]},{"relation":"Alternative version","entry":[{"mal_id":11483,"type":"anime","name":"Redline Pilot","url":"https:\/\/myanimelist.net\/anime\/11483\/Redline_Pilot"}]}],"theme":{"openings":[],"endings":["\"REDLINE DAY\" by James Shimoji feat. Rob Laufer"]},"external":[{"name":"@REDLINEJP","url":"https:\/\/twitter.com\/REDLINEJP\/"},{"name":"AniDB","url":"https:\/\/anidb.net\/perl-bin\/animedb.pl?show=anime&aid=6529"},{"name":"ANN","url":"https:\/\/www.animenewsnetwork.com\/encyclopedia\/anime.php?id=6456"},{"name":"Wikipedia","url":"http:\/\/en.wikipedia.org\/wiki\/Redline_(2009_film)"},{"name":"Wikipedia","url":"https:\/\/ja.wikipedia.org\/wiki\/REDLINE"},{"name":"Syoboi","url":"https:\/\/cal.syoboi.jp\/tid\/2603"}],"streaming":[]}}