{"data":{"mal_id":6774,"url":"https:\/\/myanimelist.net\/anime\/6774\/Kuuchuu_Buranko","images":{"jpg":{"image_url":"https:\/\/cdn.myanimelist.net\/images\/anime\/3\/18386.jpg","small_image_url":"https:\/\/cdn.myanimelist.net\/images\/anime\/3\/18386t.jpg","large_image_url":"https:\/\/cdn.myanimelist.net\/images\/anime\/3\/18386l.jpg"},"webp":{"image_url":"https:\/\/cdn.myanimelist.net\/images\/anime\/3\/18386.webp","small_image_url":"https:\/\/cdn.myanimelist.net\/images\/anime\/3\/18386t.webp","large_image_url":"https:\/\/cdn.myanimelist.net\/images\/anime\/3\/18386l.webp"}},"trailer":{"youtube_id":null,"url":null,"embed_url":null,"images":{"image_url":null,"small_image_url":null,"medium_image_url":null,"large_image_url":null,"maximum_image_url":null}},"approved":true,"titles":[{"type":"Default","title":"Kuuchuu Buranko"},{"type":"Synonym","title":"Kuchu Buranko"},{"type":"Synonym","title":"Trapeze"},{"type":"Synonym","title":"Flying Trapeze"},{"type":"Japanese","title":"\u7a7a\u4e2d\u30d6\u30e9\u30f3\u30b3"},{"type":"English","title":"Welcome to Irabu's Office"}],"title":"Kuuchuu Buranko","title_english":"Welcome to Irabu's Office","title_japanese":"\u7a7a\u4e2d\u30d6\u30e9\u30f3\u30b3","title_synonyms":["Kuchu Buranko","Trapeze","Flying Trapeze"],"type":"TV","source":"Novel","episodes":11,"status":"Finished Airing","airing":false,"aired":{"from":"2009-10-15T00:00:00+00:00","to":"2009-12-24T00:00:00+00:00","prop":{"from":{"day":15,"month":10,"year":2009},"to":{"day":24,"month":12,"year":2009}},"string":"Oct 15, 2009 to Dec 24, 2009"},"duration":"23 min per ep","rating":"R - 17+ (violence & profanity)","score":7.92,"scored_by":24873,"rank":728,"popularity":2115,"members":92185,"favorites":1256,"synopsis":"The world of psychology is far from strange to the unusual Dr. Ichirou Irabu, a resident psychiatrist of Irabu General Hospital. He and his charming nurse Mayumi run through several patients, each suffering from a mental illness that harms their everyday life. \n\nPatients should be wary of the seductive Mayumi, with her spellbinding looks and devilishly short pink nurse uniform. On the other hand, the doctor seems to have three separate personalities: a child with an oversized lab coat; an intelligent, youthful man with feminine traits; and a selfish, outgoing green bear. While curing his patients in questionable ways, Dr. Irabu often tries to gain something from them outside of his profession\u2014and in doing so, occasionally forgets his role as a doctor.\n\nAs each patient struggles to face the nature of their distress, an obvious yet invisible thread ties their paths together.\n\n[Written by MAL Rewrite]","background":null,"season":"fall","year":2009,"broadcast":{"day":"Fridays","time":"00:45","timezone":"Asia\/Tokyo","string":"Fridays at 00:45 (JST)"},"producers":[{"mal_id":53,"type":"anime","name":"Dentsu","url":"https:\/\/myanimelist.net\/anime\/producer\/53\/Dentsu"},{"mal_id":169,"type":"anime","name":"Fuji TV","url":"https:\/\/myanimelist.net\/anime\/producer\/169\/Fuji_TV"},{"mal_id":517,"type":"anime","name":"Asmik Ace","url":"https:\/\/myanimelist.net\/anime\/producer\/517\/Asmik_Ace"},{"mal_id":757,"type":"anime","name":"Sony Music Entertainment","url":"https:\/\/myanimelist.net\/anime\/producer\/757\/Sony_Music_Entertainment"},{"mal_id":1619,"type":"anime","name":"Bungeishunjuu","url":"https:\/\/myanimelist.net\/anime\/producer\/1619\/Bungeishunjuu"}],"licensors":[],"studios":[{"mal_id":18,"type":"anime","name":"Toei Animation","url":"https:\/\/myanimelist.net\/anime\/producer\/18\/Toei_Animation"}],"genres":[{"mal_id":8,"type":"anime","name":"Drama","url":"https:\/\/myanimelist.net\/anime\/genre\/8\/Drama"}],"explicit_genres":[],"themes":[{"mal_id":67,"type":"anime","name":"Medical","url":"https:\/\/myanimelist.net\/anime\/genre\/67\/Medical"},{"mal_id":40,"type":"anime","name":"Psychological","url":"https:\/\/myanimelist.net\/anime\/genre\/40\/Psychological"}],"demographics":[],"relations":[],"theme":{"openings":["\"Upside Down\" by Denki Groove (\u96fb\u6c17\u30b0\u30eb\u30fc\u30f4)"],"endings":["\"Shangri-La (Y.Sunahara 2009 Remodel)\" by Denki Groove (\u96fb\u6c17\u30b0\u30eb\u30fc\u30f4)"]},"external":[{"name":"Official Site","url":"http:\/\/www.toei-anim.co.jp\/tv\/kuchu_buranko\/"},{"name":"AniDB","url":"https:\/\/anidb.net\/perl-bin\/animedb.pl?show=anime&aid=6677"},{"name":"ANN","url":"https:\/\/www.animenewsnetwork.com\/encyclopedia\/anime.php?id=10953"},{"name":"Wikipedia","url":"http:\/\/en.wikipedia.org\/wiki\/K\u016bch\u016b_Buranko"}],"streaming":[]}}