{"data":{"mal_id":6811,"url":"https:\/\/myanimelist.net\/anime\/6811\/InuYasha__Kanketsu-hen","images":{"jpg":{"image_url":"https:\/\/cdn.myanimelist.net\/images\/anime\/7\/75570.jpg","small_image_url":"https:\/\/cdn.myanimelist.net\/images\/anime\/7\/75570t.jpg","large_image_url":"https:\/\/cdn.myanimelist.net\/images\/anime\/7\/75570l.jpg"},"webp":{"image_url":"https:\/\/cdn.myanimelist.net\/images\/anime\/7\/75570.webp","small_image_url":"https:\/\/cdn.myanimelist.net\/images\/anime\/7\/75570t.webp","large_image_url":"https:\/\/cdn.myanimelist.net\/images\/anime\/7\/75570l.webp"}},"trailer":{"youtube_id":"BcAuqVLCsZE","url":"https:\/\/www.youtube.com\/watch?v=BcAuqVLCsZE","embed_url":"https:\/\/www.youtube.com\/embed\/BcAuqVLCsZE?enablejsapi=1&wmode=opaque&autoplay=1","images":{"image_url":"https:\/\/img.youtube.com\/vi\/BcAuqVLCsZE\/default.jpg","small_image_url":"https:\/\/img.youtube.com\/vi\/BcAuqVLCsZE\/sddefault.jpg","medium_image_url":"https:\/\/img.youtube.com\/vi\/BcAuqVLCsZE\/mqdefault.jpg","large_image_url":"https:\/\/img.youtube.com\/vi\/BcAuqVLCsZE\/hqdefault.jpg","maximum_image_url":"https:\/\/img.youtube.com\/vi\/BcAuqVLCsZE\/maxresdefault.jpg"}},"approved":true,"titles":[{"type":"Default","title":"InuYasha: Kanketsu-hen"},{"type":"Synonym","title":"Inu Yasha: Kanketsu-hen"},{"type":"Japanese","title":"\u72ac\u591c\u53c9 \u5b8c\u7d50\u7de8"},{"type":"English","title":"InuYasha: The Final Act"},{"type":"German","title":"InuYasha: The Final Act"}],"title":"InuYasha: Kanketsu-hen","title_english":"InuYasha: The Final Act","title_japanese":"\u72ac\u591c\u53c9 \u5b8c\u7d50\u7de8","title_synonyms":["Inu Yasha: Kanketsu-hen"],"type":"TV","source":"Manga","episodes":26,"status":"Finished Airing","airing":false,"aired":{"from":"2009-10-04T00:00:00+00:00","to":"2010-03-30T00:00:00+00:00","prop":{"from":{"day":4,"month":10,"year":2009},"to":{"day":30,"month":3,"year":2010}},"string":"Oct 4, 2009 to Mar 30, 2010"},"duration":"24 min per ep","rating":"PG-13 - Teens 13 or older","score":8.2,"scored_by":140303,"rank":354,"popularity":836,"members":277615,"favorites":2166,"synopsis":"Thwarted again by Naraku, Inuyasha, Kagome Higurashi, and their friends must continue their hunt for the few remaining Shikon Jewel shards, lest they fully form into a corrupted jewel at the hands of Naraku. But Naraku has plans of his own to acquire them, and will destroy anyone and anything standing in his way\u2014even his own underlings.\n\nThe persistent, unyielding danger posed by Naraku forces Sango and Miroku to decide what is most important to them\u2014each other or their duty in battle. Meanwhile, Inuyasha must decide whether his heart lies with Kikyou or Kagome, before fate decides for him. Amid the race to find the shards, Inuyasha and his brother Sesshoumaru must also resolve their feud and cooperate for their final confrontation with Naraku, as it is a battle they must win in order to put a stop to his evil and cruelty once and for all.\n\n[Written by MAL Rewrite]","background":null,"season":"fall","year":2009,"broadcast":{"day":"Sundays","time":"02:20","timezone":"Asia\/Tokyo","string":"Sundays at 02:20 (JST)"},"producers":[{"mal_id":76,"type":"anime","name":"Yomiuri Telecasting","url":"https:\/\/myanimelist.net\/anime\/producer\/76\/Yomiuri_Telecasting"},{"mal_id":1430,"type":"anime","name":"Shogakukan","url":"https:\/\/myanimelist.net\/anime\/producer\/1430\/Shogakukan"}],"licensors":[{"mal_id":119,"type":"anime","name":"VIZ Media","url":"https:\/\/myanimelist.net\/anime\/producer\/119\/VIZ_Media"}],"studios":[{"mal_id":14,"type":"anime","name":"Sunrise","url":"https:\/\/myanimelist.net\/anime\/producer\/14\/Sunrise"}],"genres":[{"mal_id":1,"type":"anime","name":"Action","url":"https:\/\/myanimelist.net\/anime\/genre\/1\/Action"},{"mal_id":2,"type":"anime","name":"Adventure","url":"https:\/\/myanimelist.net\/anime\/genre\/2\/Adventure"},{"mal_id":10,"type":"anime","name":"Fantasy","url":"https:\/\/myanimelist.net\/anime\/genre\/10\/Fantasy"},{"mal_id":22,"type":"anime","name":"Romance","url":"https:\/\/myanimelist.net\/anime\/genre\/22\/Romance"}],"explicit_genres":[],"themes":[{"mal_id":13,"type":"anime","name":"Historical","url":"https:\/\/myanimelist.net\/anime\/genre\/13\/Historical"},{"mal_id":64,"type":"anime","name":"Love Polygon","url":"https:\/\/myanimelist.net\/anime\/genre\/64\/Love_Polygon"},{"mal_id":6,"type":"anime","name":"Mythology","url":"https:\/\/myanimelist.net\/anime\/genre\/6\/Mythology"},{"mal_id":78,"type":"anime","name":"Time Travel","url":"https:\/\/myanimelist.net\/anime\/genre\/78\/Time_Travel"}],"demographics":[{"mal_id":27,"type":"anime","name":"Shounen","url":"https:\/\/myanimelist.net\/anime\/genre\/27\/Shounen"}],"relations":[{"relation":"Adaptation","entry":[{"mal_id":676,"type":"manga","name":"InuYasha","url":"https:\/\/myanimelist.net\/manga\/676\/InuYasha"}]},{"relation":"Prequel","entry":[{"mal_id":249,"type":"anime","name":"InuYasha","url":"https:\/\/myanimelist.net\/anime\/249\/InuYasha"}]},{"relation":"Sequel","entry":[{"mal_id":41911,"type":"anime","name":"Hanyou no Yashahime: Sengoku Otogizoushi","url":"https:\/\/myanimelist.net\/anime\/41911\/Hanyou_no_Yashahime__Sengoku_Otogizoushi"}]}],"theme":{"openings":["\"Kimi ga Inai Mirai\" by Do as Infinity (eps 1-25)"],"endings":["1: \"With You\" by AAA  (eps 1-9)","2: \"Diamond\" by alan  (eps 10-17)","3: \"Tooi Michi no Saki de (\u9060\u3044\u9053\u306e\u5148\u3067)\" by Ai Takekawa (\u6b66\u5ddd\u30a2\u30a4) (eps 18-26)"]},"external":[{"name":"Official Site","url":"http:\/\/www.ytv.co.jp\/inuyasha\/"},{"name":"AniDB","url":"https:\/\/anidb.net\/perl-bin\/animedb.pl?show=anime&aid=6716"},{"name":"ANN","url":"https:\/\/www.animenewsnetwork.com\/encyclopedia\/anime.php?id=10970"},{"name":"Wikipedia","url":"http:\/\/en.wikipedia.org\/wiki\/InuYasha"},{"name":"Wikipedia","url":"https:\/\/ja.wikipedia.org\/wiki\/%E7%8A%AC%E5%A4%9C%E5%8F%89"},{"name":"Syoboi","url":"https:\/\/cal.syoboi.jp\/tid\/1740"}],"streaming":[{"name":"Netflix","url":"https:\/\/www.netflix.com\/"}]}}