{"data":{"mal_id":6904,"url":"https:\/\/myanimelist.net\/anime\/6904\/Hellsing__Digest_for_Freaks","images":{"jpg":{"image_url":"https:\/\/cdn.myanimelist.net\/images\/anime\/7\/26935.jpg","small_image_url":"https:\/\/cdn.myanimelist.net\/images\/anime\/7\/26935t.jpg","large_image_url":"https:\/\/cdn.myanimelist.net\/images\/anime\/7\/26935l.jpg"},"webp":{"image_url":"https:\/\/cdn.myanimelist.net\/images\/anime\/7\/26935.webp","small_image_url":"https:\/\/cdn.myanimelist.net\/images\/anime\/7\/26935t.webp","large_image_url":"https:\/\/cdn.myanimelist.net\/images\/anime\/7\/26935l.webp"}},"trailer":{"youtube_id":null,"url":null,"embed_url":null,"images":{"image_url":null,"small_image_url":null,"medium_image_url":null,"large_image_url":null,"maximum_image_url":null}},"approved":true,"titles":[{"type":"Default","title":"Hellsing: Digest for Freaks"},{"type":"Synonym","title":"Hellsing I OVA: Digest for Fleaks"},{"type":"Japanese","title":"HELLSING I OVA DIGEST FOR FREAKS"}],"title":"Hellsing: Digest for Freaks","title_english":null,"title_japanese":"HELLSING I OVA DIGEST FOR FREAKS","title_synonyms":["Hellsing I OVA: Digest for Fleaks"],"type":"OVA","source":"Manga","episodes":1,"status":"Finished Airing","airing":false,"aired":{"from":"2006-01-22T00:00:00+00:00","to":null,"prop":{"from":{"day":22,"month":1,"year":2006},"to":{"day":null,"month":null,"year":null}},"string":"Jan 22, 2006"},"duration":"28 min","rating":"R - 17+ (violence & profanity)","score":7.6,"scored_by":15060,"rank":1435,"popularity":3233,"members":43631,"favorites":64,"synopsis":"This OVA is a summary of the first three episodes of Hellsing, with the animation style of Hellsing Ultimate and following the events of the Hellsing manga.","background":null,"season":null,"year":null,"broadcast":{"day":null,"time":null,"timezone":null,"string":null},"producers":[],"licensors":[],"studios":[{"mal_id":41,"type":"anime","name":"Satelight","url":"https:\/\/myanimelist.net\/anime\/producer\/41\/Satelight"}],"genres":[{"mal_id":1,"type":"anime","name":"Action","url":"https:\/\/myanimelist.net\/anime\/genre\/1\/Action"},{"mal_id":14,"type":"anime","name":"Horror","url":"https:\/\/myanimelist.net\/anime\/genre\/14\/Horror"},{"mal_id":37,"type":"anime","name":"Supernatural","url":"https:\/\/myanimelist.net\/anime\/genre\/37\/Supernatural"}],"explicit_genres":[],"themes":[{"mal_id":50,"type":"anime","name":"Adult Cast","url":"https:\/\/myanimelist.net\/anime\/genre\/50\/Adult_Cast"},{"mal_id":58,"type":"anime","name":"Gore","url":"https:\/\/myanimelist.net\/anime\/genre\/58\/Gore"},{"mal_id":38,"type":"anime","name":"Military","url":"https:\/\/myanimelist.net\/anime\/genre\/38\/Military"},{"mal_id":31,"type":"anime","name":"Super Power","url":"https:\/\/myanimelist.net\/anime\/genre\/31\/Super_Power"},{"mal_id":32,"type":"anime","name":"Vampire","url":"https:\/\/myanimelist.net\/anime\/genre\/32\/Vampire"}],"demographics":[{"mal_id":42,"type":"anime","name":"Seinen","url":"https:\/\/myanimelist.net\/anime\/genre\/42\/Seinen"}],"relations":[{"relation":"Full story","entry":[{"mal_id":777,"type":"anime","name":"Hellsing Ultimate","url":"https:\/\/myanimelist.net\/anime\/777\/Hellsing_Ultimate"}]}],"theme":{"openings":[],"endings":["\"Gradus Vita\" by Hayato Matsuo, performed by the Warsaw Philharmonic Orchestra"]},"external":[{"name":"AniDB","url":"https:\/\/anidb.net\/perl-bin\/animedb.pl?show=anime&aid=3296"}],"streaming":[]}}