{"data":{"mal_id":6922,"url":"https:\/\/myanimelist.net\/anime\/6922\/Fate_stay_night_Movie__Unlimited_Blade_Works","images":{"jpg":{"image_url":"https:\/\/cdn.myanimelist.net\/images\/anime\/1889\/95111.jpg","small_image_url":"https:\/\/cdn.myanimelist.net\/images\/anime\/1889\/95111t.jpg","large_image_url":"https:\/\/cdn.myanimelist.net\/images\/anime\/1889\/95111l.jpg"},"webp":{"image_url":"https:\/\/cdn.myanimelist.net\/images\/anime\/1889\/95111.webp","small_image_url":"https:\/\/cdn.myanimelist.net\/images\/anime\/1889\/95111t.webp","large_image_url":"https:\/\/cdn.myanimelist.net\/images\/anime\/1889\/95111l.webp"}},"trailer":{"youtube_id":"scaa8EDoy_E","url":"https:\/\/www.youtube.com\/watch?v=scaa8EDoy_E","embed_url":"https:\/\/www.youtube.com\/embed\/scaa8EDoy_E?enablejsapi=1&wmode=opaque&autoplay=1","images":{"image_url":"https:\/\/img.youtube.com\/vi\/scaa8EDoy_E\/default.jpg","small_image_url":"https:\/\/img.youtube.com\/vi\/scaa8EDoy_E\/sddefault.jpg","medium_image_url":"https:\/\/img.youtube.com\/vi\/scaa8EDoy_E\/mqdefault.jpg","large_image_url":"https:\/\/img.youtube.com\/vi\/scaa8EDoy_E\/hqdefault.jpg","maximum_image_url":"https:\/\/img.youtube.com\/vi\/scaa8EDoy_E\/maxresdefault.jpg"}},"approved":true,"titles":[{"type":"Default","title":"Fate\/stay night Movie: Unlimited Blade Works"},{"type":"Synonym","title":"Gekijouban Fate\/Stay Night: Unlimited Blade Works"},{"type":"Synonym","title":"Fate\/stay night Movie"},{"type":"Synonym","title":"Fate\/stay night UBW"},{"type":"Japanese","title":"\u5287\u5834\u7248 Fate\/stay night UNLIMITED BLADE WORKS"},{"type":"English","title":"Fate\/stay night: Unlimited Blade Works"},{"type":"German","title":"Fate\/stay night der Film: Unlimited Blade Works"},{"type":"Spanish","title":"Fate stay night la Pel\u00edcula: Unlimited Blade Works"},{"type":"French","title":"Fate\/stay night le Film: Unlimited Blade Works"}],"title":"Fate\/stay night Movie: Unlimited Blade Works","title_english":"Fate\/stay night: Unlimited Blade Works","title_japanese":"\u5287\u5834\u7248 Fate\/stay night UNLIMITED BLADE WORKS","title_synonyms":["Gekijouban Fate\/Stay Night: Unlimited Blade Works","Fate\/stay night Movie","Fate\/stay night UBW"],"type":"Movie","source":"Visual novel","episodes":1,"status":"Finished Airing","airing":false,"aired":{"from":"2010-01-23T00:00:00+00:00","to":null,"prop":{"from":{"day":23,"month":1,"year":2010},"to":{"day":null,"month":null,"year":null}},"string":"Jan 23, 2010"},"duration":"1 hr 45 min","rating":"R - 17+ (violence & profanity)","score":7.38,"scored_by":119993,"rank":2254,"popularity":1044,"members":223241,"favorites":887,"synopsis":"In Fuyuki City, the Fifth Holy Grail War is about to commence a lengthy battle of blood, death, and misery. High school student Rin Toosaka has trained her entire life for this moment\u2014to become a magus capable of being a Master in the war. Summoning her Servant known as Archer, Rin finally sets foot into the battle.\n\nDiscovering that one of her acquaintances, Shirou Emiya, is drawn into the war as well, Rin offers to form an alliance for the time being. And as the two of them grow closer, Rin begins to learn more about Shirou's fate and ideals. Nevertheless, her goal remains the same: to win the all-powerful relic that can fulfill the wishes of those who are victorious after the war\u2014the Holy Grail.\n\n[Written by MAL Rewrite]","background":null,"season":null,"year":null,"broadcast":{"day":null,"time":null,"timezone":null,"string":null},"producers":[{"mal_id":31,"type":"anime","name":"Geneon Universal Entertainment","url":"https:\/\/myanimelist.net\/anime\/producer\/31\/Geneon_Universal_Entertainment"},{"mal_id":61,"type":"anime","name":"Frontier Works","url":"https:\/\/myanimelist.net\/anime\/producer\/61\/Frontier_Works"},{"mal_id":145,"type":"anime","name":"TBS","url":"https:\/\/myanimelist.net\/anime\/producer\/145\/TBS"},{"mal_id":460,"type":"anime","name":"KlockWorx","url":"https:\/\/myanimelist.net\/anime\/producer\/460\/KlockWorx"},{"mal_id":703,"type":"anime","name":"Notes","url":"https:\/\/myanimelist.net\/anime\/producer\/703\/Notes"},{"mal_id":1490,"type":"anime","name":"CREi","url":"https:\/\/myanimelist.net\/anime\/producer\/1490\/CREi"}],"licensors":[{"mal_id":376,"type":"anime","name":"Sentai Filmworks","url":"https:\/\/myanimelist.net\/anime\/producer\/376\/Sentai_Filmworks"}],"studios":[{"mal_id":37,"type":"anime","name":"Studio Deen","url":"https:\/\/myanimelist.net\/anime\/producer\/37\/Studio_Deen"}],"genres":[{"mal_id":1,"type":"anime","name":"Action","url":"https:\/\/myanimelist.net\/anime\/genre\/1\/Action"},{"mal_id":10,"type":"anime","name":"Fantasy","url":"https:\/\/myanimelist.net\/anime\/genre\/10\/Fantasy"},{"mal_id":37,"type":"anime","name":"Supernatural","url":"https:\/\/myanimelist.net\/anime\/genre\/37\/Supernatural"}],"explicit_genres":[],"themes":[],"demographics":[],"relations":[{"relation":"Adaptation","entry":[{"mal_id":135178,"type":"manga","name":"Fate\/stay night: Unlimited Blade Works","url":"https:\/\/myanimelist.net\/manga\/135178\/Fate_stay_night__Unlimited_Blade_Works"}]},{"relation":"Alternative version","entry":[{"mal_id":356,"type":"anime","name":"Fate\/stay night","url":"https:\/\/myanimelist.net\/anime\/356\/Fate_stay_night"},{"mal_id":22297,"type":"anime","name":"Fate\/stay night: Unlimited Blade Works","url":"https:\/\/myanimelist.net\/anime\/22297\/Fate_stay_night__Unlimited_Blade_Works"},{"mal_id":25537,"type":"anime","name":"Fate\/stay night Movie: Heaven's Feel - I. Presage Flower","url":"https:\/\/myanimelist.net\/anime\/25537\/Fate_stay_night_Movie__Heavens_Feel_-_I_Presage_Flower"}]},{"relation":"Prequel","entry":[{"mal_id":11741,"type":"anime","name":"Fate\/Zero 2nd Season","url":"https:\/\/myanimelist.net\/anime\/11741\/Fate_Zero_2nd_Season"}]}],"theme":{"openings":["\"Imitation\" by Tainaka Sachi"],"endings":["\"Voice ~Tadori Tsuku Basho~\" by Tainaka Sachi"]},"external":[{"name":"Official Site","url":"http:\/\/www.fatestaynight.jp\/"},{"name":"AniDB","url":"https:\/\/anidb.net\/perl-bin\/animedb.pl?show=anime&aid=6784"},{"name":"ANN","url":"https:\/\/www.animenewsnetwork.com\/encyclopedia\/anime.php?id=10981"},{"name":"Wikipedia","url":"http:\/\/en.wikipedia.org\/wiki\/Fate_stay_night#Film"}],"streaming":[]}}