{"data":{"mal_id":6927,"url":"https:\/\/myanimelist.net\/anime\/6927\/Higashi_no_Eden__Air_Communication","images":{"jpg":{"image_url":"https:\/\/cdn.myanimelist.net\/images\/anime\/11\/17608.jpg","small_image_url":"https:\/\/cdn.myanimelist.net\/images\/anime\/11\/17608t.jpg","large_image_url":"https:\/\/cdn.myanimelist.net\/images\/anime\/11\/17608l.jpg"},"webp":{"image_url":"https:\/\/cdn.myanimelist.net\/images\/anime\/11\/17608.webp","small_image_url":"https:\/\/cdn.myanimelist.net\/images\/anime\/11\/17608t.webp","large_image_url":"https:\/\/cdn.myanimelist.net\/images\/anime\/11\/17608l.webp"}},"trailer":{"youtube_id":null,"url":null,"embed_url":null,"images":{"image_url":null,"small_image_url":null,"medium_image_url":null,"large_image_url":null,"maximum_image_url":null}},"approved":true,"titles":[{"type":"Default","title":"Higashi no Eden: Air Communication"},{"type":"Japanese","title":"\u6771\u306e\u30a8\u30c7\u30f3 \u7dcf\u96c6\u7de8 Air Communication"},{"type":"English","title":"Eden of The East Compilation: Air Communication; Higashi no Eden Recap"}],"title":"Higashi no Eden: Air Communication","title_english":"Eden of The East Compilation: Air Communication; Higashi no Eden Recap","title_japanese":"\u6771\u306e\u30a8\u30c7\u30f3 \u7dcf\u96c6\u7de8 Air Communication","title_synonyms":[],"type":"Movie","source":"Original","episodes":1,"status":"Finished Airing","airing":false,"aired":{"from":"2009-09-26T00:00:00+00:00","to":null,"prop":{"from":{"day":26,"month":9,"year":2009},"to":{"day":null,"month":null,"year":null}},"string":"Sep 26, 2009"},"duration":"2 hr 3 min","rating":"PG-13 - Teens 13 or older","score":7.57,"scored_by":13147,"rank":1525,"popularity":3683,"members":34067,"favorites":23,"synopsis":"A re-editing of the 11 television episodes of Higashi no Eden.","background":null,"season":null,"year":null,"broadcast":{"day":null,"time":null,"timezone":null,"string":null},"producers":[{"mal_id":53,"type":"anime","name":"Dentsu","url":"https:\/\/myanimelist.net\/anime\/producer\/53\/Dentsu"},{"mal_id":169,"type":"anime","name":"Fuji TV","url":"https:\/\/myanimelist.net\/anime\/producer\/169\/Fuji_TV"},{"mal_id":517,"type":"anime","name":"Asmik Ace","url":"https:\/\/myanimelist.net\/anime\/producer\/517\/Asmik_Ace"},{"mal_id":757,"type":"anime","name":"Sony Music Entertainment","url":"https:\/\/myanimelist.net\/anime\/producer\/757\/Sony_Music_Entertainment"}],"licensors":[{"mal_id":102,"type":"anime","name":"Funimation","url":"https:\/\/myanimelist.net\/anime\/producer\/102\/Funimation"}],"studios":[{"mal_id":10,"type":"anime","name":"Production I.G","url":"https:\/\/myanimelist.net\/anime\/producer\/10\/Production_IG"}],"genres":[{"mal_id":7,"type":"anime","name":"Mystery","url":"https:\/\/myanimelist.net\/anime\/genre\/7\/Mystery"},{"mal_id":22,"type":"anime","name":"Romance","url":"https:\/\/myanimelist.net\/anime\/genre\/22\/Romance"},{"mal_id":24,"type":"anime","name":"Sci-Fi","url":"https:\/\/myanimelist.net\/anime\/genre\/24\/Sci-Fi"},{"mal_id":41,"type":"anime","name":"Suspense","url":"https:\/\/myanimelist.net\/anime\/genre\/41\/Suspense"}],"explicit_genres":[],"themes":[{"mal_id":50,"type":"anime","name":"Adult Cast","url":"https:\/\/myanimelist.net\/anime\/genre\/50\/Adult_Cast"}],"demographics":[],"relations":[{"relation":"Full story","entry":[{"mal_id":5630,"type":"anime","name":"Higashi no Eden","url":"https:\/\/myanimelist.net\/anime\/5630\/Higashi_no_Eden"}]},{"relation":"Sequel","entry":[{"mal_id":6372,"type":"anime","name":"Higashi no Eden Movie I: The King of Eden","url":"https:\/\/myanimelist.net\/anime\/6372\/Higashi_no_Eden_Movie_I__The_King_of_Eden"}]}],"theme":{"openings":[],"endings":["\"futuristic imagination\" by school food punishment"]},"external":[{"name":"Official Site","url":"http:\/\/juiz.jp\/"},{"name":"AniDB","url":"https:\/\/anidb.net\/perl-bin\/animedb.pl?show=anime&aid=6763"},{"name":"Wikipedia","url":"http:\/\/en.wikipedia.org\/wiki\/Eden_of_the_East"}],"streaming":[]}}