{"data":{"mal_id":6945,"url":"https:\/\/myanimelist.net\/anime\/6945\/Gintama__Shiroyasha_Koutan","images":{"jpg":{"image_url":"https:\/\/cdn.myanimelist.net\/images\/anime\/6\/16161.jpg","small_image_url":"https:\/\/cdn.myanimelist.net\/images\/anime\/6\/16161t.jpg","large_image_url":"https:\/\/cdn.myanimelist.net\/images\/anime\/6\/16161l.jpg"},"webp":{"image_url":"https:\/\/cdn.myanimelist.net\/images\/anime\/6\/16161.webp","small_image_url":"https:\/\/cdn.myanimelist.net\/images\/anime\/6\/16161t.webp","large_image_url":"https:\/\/cdn.myanimelist.net\/images\/anime\/6\/16161l.webp"}},"trailer":{"youtube_id":null,"url":null,"embed_url":null,"images":{"image_url":null,"small_image_url":null,"medium_image_url":null,"large_image_url":null,"maximum_image_url":null}},"approved":true,"titles":[{"type":"Default","title":"Gintama: Shiroyasha Koutan"},{"type":"Synonym","title":"Gintama: Jump Anime Tour 2008 Special"},{"type":"Japanese","title":"\u30b8\u30e3\u30f3\u30d7\u30a2\u30cb\u30e1\u30c4\u30a2\u30fc 2008 \u767d\u591c\u53c9\u964d\u8a95"},{"type":"English","title":"Gintama: Jump Festa 2008 Special"}],"title":"Gintama: Shiroyasha Koutan","title_english":"Gintama: Jump Festa 2008 Special","title_japanese":"\u30b8\u30e3\u30f3\u30d7\u30a2\u30cb\u30e1\u30c4\u30a2\u30fc 2008 \u767d\u591c\u53c9\u964d\u8a95","title_synonyms":["Gintama: Jump Anime Tour 2008 Special"],"type":"Special","source":"Manga","episodes":1,"status":"Finished Airing","airing":false,"aired":{"from":"2008-09-21T00:00:00+00:00","to":null,"prop":{"from":{"day":21,"month":9,"year":2008},"to":{"day":null,"month":null,"year":null}},"string":"Sep 21, 2008"},"duration":"10 min","rating":"PG-13 - Teens 13 or older","score":8.35,"scored_by":33809,"rank":210,"popularity":2528,"members":68789,"favorites":93,"synopsis":"According to Aniplex, a 10min short anime of Gintama \"Shiroyasha Koutan\" will be released on September 30th. It was shown at Jump Super Anime Tour 2008 and had never been released as a DVD.\n\nIt's a trailer of an imaginary Gintama movie. Gintama OVA shown at Jump Anime Tour '05 is also included in the DVD.","background":null,"season":null,"year":null,"broadcast":{"day":null,"time":null,"timezone":null,"string":null},"producers":[],"licensors":[],"studios":[{"mal_id":14,"type":"anime","name":"Sunrise","url":"https:\/\/myanimelist.net\/anime\/producer\/14\/Sunrise"}],"genres":[{"mal_id":1,"type":"anime","name":"Action","url":"https:\/\/myanimelist.net\/anime\/genre\/1\/Action"},{"mal_id":4,"type":"anime","name":"Comedy","url":"https:\/\/myanimelist.net\/anime\/genre\/4\/Comedy"},{"mal_id":24,"type":"anime","name":"Sci-Fi","url":"https:\/\/myanimelist.net\/anime\/genre\/24\/Sci-Fi"}],"explicit_genres":[],"themes":[{"mal_id":13,"type":"anime","name":"Historical","url":"https:\/\/myanimelist.net\/anime\/genre\/13\/Historical"},{"mal_id":20,"type":"anime","name":"Parody","url":"https:\/\/myanimelist.net\/anime\/genre\/20\/Parody"}],"demographics":[],"relations":[{"relation":"Adaptation","entry":[{"mal_id":44,"type":"manga","name":"Gintama","url":"https:\/\/myanimelist.net\/manga\/44\/Gintama"}]},{"relation":"Parent story","entry":[{"mal_id":918,"type":"anime","name":"Gintama","url":"https:\/\/myanimelist.net\/anime\/918\/Gintama"}]},{"relation":"Other","entry":[{"mal_id":2951,"type":"anime","name":"Gintama: Nanigoto mo Saisho ga Kanjin nanode Tashou Senobisuru Kurai ga Choudoyoi","url":"https:\/\/myanimelist.net\/anime\/2951\/Gintama__Nanigoto_mo_Saisho_ga_Kanjin_nanode_Tashou_Senobisuru_Kurai_ga_Choudoyoi"},{"mal_id":25313,"type":"anime","name":"Gintama': Futon ni Haitte kara Buki Nokoshi ni Kizuite Neru ni Nerenai Toki mo Aru","url":"https:\/\/myanimelist.net\/anime\/25313\/Gintama__Futon_ni_Haitte_kara_Buki_Nokoshi_ni_Kizuite_Neru_ni_Nerenai_Toki_mo_Aru"}]}],"theme":{"openings":["\"DONTEN\" by DOES"],"endings":["1: \"We Are! (\u30a6\u30a3\u30fc\u30a2\u30fc!)\" by Hiroshi Kitadani","2: \"Dondake! Konishi Man (\u3069\u3093\u3060\u3051\u30fc!\u5c0f\u897f\u30de\u30f3)\""]},"external":[{"name":"Official Site","url":"http:\/\/www.j-gintama.com\/"},{"name":"AniDB","url":"https:\/\/anidb.net\/perl-bin\/animedb.pl?show=anime&aid=3468"},{"name":"Wikipedia","url":"http:\/\/en.wikipedia.org\/wiki\/Gintama"},{"name":"Wikipedia","url":"https:\/\/ja.wikipedia.org\/wiki\/%E9%8A%80%E9%AD%82_(%E3%82%A2%E3%83%8B%E3%83%A1)"}],"streaming":[]}}