{"data":{"mal_id":714,"url":"https:\/\/myanimelist.net\/anime\/714\/High_School_Kimengumi","images":{"jpg":{"image_url":"https:\/\/cdn.myanimelist.net\/images\/anime\/1146\/106160.jpg","small_image_url":"https:\/\/cdn.myanimelist.net\/images\/anime\/1146\/106160t.jpg","large_image_url":"https:\/\/cdn.myanimelist.net\/images\/anime\/1146\/106160l.jpg"},"webp":{"image_url":"https:\/\/cdn.myanimelist.net\/images\/anime\/1146\/106160.webp","small_image_url":"https:\/\/cdn.myanimelist.net\/images\/anime\/1146\/106160t.webp","large_image_url":"https:\/\/cdn.myanimelist.net\/images\/anime\/1146\/106160l.webp"}},"trailer":{"youtube_id":null,"url":null,"embed_url":null,"images":{"image_url":null,"small_image_url":null,"medium_image_url":null,"large_image_url":null,"maximum_image_url":null}},"approved":true,"titles":[{"type":"Default","title":"High School! Kimengumi"},{"type":"Synonym","title":"High School Funny-face Club"},{"type":"Japanese","title":"\u30cf\u30a4\u30b9\u30af\u30fc\u30eb\uff01\u5947\u9762\u7d44"},{"type":"English","title":"Funny Faces in High School"},{"type":"French","title":"Le Coll\u00e8ge Fou Fou Fou"}],"title":"High School! Kimengumi","title_english":"Funny Faces in High School","title_japanese":"\u30cf\u30a4\u30b9\u30af\u30fc\u30eb\uff01\u5947\u9762\u7d44","title_synonyms":["High School Funny-face Club"],"type":"TV","source":"Manga","episodes":86,"status":"Finished Airing","airing":false,"aired":{"from":"1985-10-20T00:00:00+00:00","to":"1987-10-03T00:00:00+00:00","prop":{"from":{"day":20,"month":10,"year":1985},"to":{"day":3,"month":10,"year":1987}},"string":"Oct 20, 1985 to Oct 3, 1987"},"duration":"25 min per ep","rating":"PG-13 - Teens 13 or older","score":7.35,"scored_by":1199,"rank":2387,"popularity":8825,"members":4057,"favorites":21,"synopsis":"A group of 5 male high school students that call themselves the funny-face group cause trouble at school with their crazy antics. \n\n(Source: AniDB)","background":null,"season":"fall","year":1985,"broadcast":{"day":null,"time":null,"timezone":null,"string":"Unknown"},"producers":[{"mal_id":390,"type":"anime","name":"Tsuchida Productions","url":"https:\/\/myanimelist.net\/anime\/producer\/390\/Tsuchida_Productions"}],"licensors":[],"studios":[{"mal_id":36,"type":"anime","name":"Gallop","url":"https:\/\/myanimelist.net\/anime\/producer\/36\/Gallop"},{"mal_id":126,"type":"anime","name":"Studio Comet","url":"https:\/\/myanimelist.net\/anime\/producer\/126\/Studio_Comet"}],"genres":[{"mal_id":4,"type":"anime","name":"Comedy","url":"https:\/\/myanimelist.net\/anime\/genre\/4\/Comedy"},{"mal_id":22,"type":"anime","name":"Romance","url":"https:\/\/myanimelist.net\/anime\/genre\/22\/Romance"}],"explicit_genres":[],"themes":[{"mal_id":57,"type":"anime","name":"Gag Humor","url":"https:\/\/myanimelist.net\/anime\/genre\/57\/Gag_Humor"},{"mal_id":20,"type":"anime","name":"Parody","url":"https:\/\/myanimelist.net\/anime\/genre\/20\/Parody"},{"mal_id":23,"type":"anime","name":"School","url":"https:\/\/myanimelist.net\/anime\/genre\/23\/School"}],"demographics":[{"mal_id":27,"type":"anime","name":"Shounen","url":"https:\/\/myanimelist.net\/anime\/genre\/27\/Shounen"}],"relations":[{"relation":"Adaptation","entry":[{"mal_id":7634,"type":"manga","name":"High School! Kimengumi","url":"https:\/\/myanimelist.net\/manga\/7634\/High_School_Kimengumi"}]},{"relation":"Side story","entry":[{"mal_id":5956,"type":"anime","name":"High School! Kimengumi (Movie)","url":"https:\/\/myanimelist.net\/anime\/5956\/High_School_Kimengumi_Movie"}]}],"theme":{"openings":["1: \"Ushiroyubi Sasaregumi\" by Ushiroyubi Sasaregumi (eps 1-23)","2: \"Zou-san no Scanty\" by Ushiroyubi Sasaregumi (eps 24-36)","3: \"Nagisa no \u300e\u30fb\u30fb\u30fb\u30fb\u30fb\u300f (Kagikakko)\" by Ushiroyubi Sasaregumi (eps 37-49)","4: \"Waza Ari!\" by Ushiroyubi Sasaregumi (eps 50-59)","5: \"Kashiko\" by Ushiroyubi Sasaregumi (eps 60-65)","6: \"Toki no Kawa wo Koete\" by Ushirogami Hikaretai (eps 66-8)","7: \"Anata wo Shiritai\" by Ushirogami Hikaretai (eps 79-86)"],"endings":["1: \"Jogakusei no Ketsui\" by Ushiroyubi Sasaregumi (eps 1-8)","2: \"Banana no Namida\" by Ushiroyubi Sasaregumi (eps 9-23)","3: \"Nekojita Kokoro mo Koi no Uchi\" by Ushiroyubi Sasaregumi (eps 24-36)","4: \"Not Only \u2605 But Also\" by Ushiroyubi Sasaregumi (eps 37-49)","5: \"Chotto Karai Aitsu\" by Musukko Club (eps 50-59)","6: \"Pythagoras wo Buttobase\" by Ushiroyubi Sasaregumi (eps 60-65)","7: \"Ushirogami Hikaretai\" by Ushirogami Hikaretai (eps 66-78)","8: \"Tatsutori Ato wo Nigosazu\" by Ushirogami Hikaretai (eps 79-86)"]},"external":[{"name":"AniDB","url":"https:\/\/anidb.net\/perl-bin\/animedb.pl?show=anime&aid=1356"},{"name":"ANN","url":"https:\/\/www.animenewsnetwork.com\/encyclopedia\/anime.php?id=1414"},{"name":"Wikipedia","url":"http:\/\/en.wikipedia.org\/wiki\/High_School!_Kimengumi"}],"streaming":[]}}