{"data":{"mal_id":7222,"url":"https:\/\/myanimelist.net\/anime\/7222\/Macross_F_Movie_2__Sayonara_no_Tsubasa","images":{"jpg":{"image_url":"https:\/\/cdn.myanimelist.net\/images\/anime\/13\/76398.jpg","small_image_url":"https:\/\/cdn.myanimelist.net\/images\/anime\/13\/76398t.jpg","large_image_url":"https:\/\/cdn.myanimelist.net\/images\/anime\/13\/76398l.jpg"},"webp":{"image_url":"https:\/\/cdn.myanimelist.net\/images\/anime\/13\/76398.webp","small_image_url":"https:\/\/cdn.myanimelist.net\/images\/anime\/13\/76398t.webp","large_image_url":"https:\/\/cdn.myanimelist.net\/images\/anime\/13\/76398l.webp"}},"trailer":{"youtube_id":"CcPpjCMRVqs","url":"https:\/\/www.youtube.com\/watch?v=CcPpjCMRVqs","embed_url":"https:\/\/www.youtube.com\/embed\/CcPpjCMRVqs?enablejsapi=1&wmode=opaque&autoplay=1","images":{"image_url":"https:\/\/img.youtube.com\/vi\/CcPpjCMRVqs\/default.jpg","small_image_url":"https:\/\/img.youtube.com\/vi\/CcPpjCMRVqs\/sddefault.jpg","medium_image_url":"https:\/\/img.youtube.com\/vi\/CcPpjCMRVqs\/mqdefault.jpg","large_image_url":"https:\/\/img.youtube.com\/vi\/CcPpjCMRVqs\/hqdefault.jpg","maximum_image_url":"https:\/\/img.youtube.com\/vi\/CcPpjCMRVqs\/maxresdefault.jpg"}},"approved":true,"titles":[{"type":"Default","title":"Macross F Movie 2: Sayonara no Tsubasa"},{"type":"Synonym","title":"Macross Frontier the Movie 2"},{"type":"Synonym","title":"Gekijouban Macross F: Sayonara no Tsubasa"},{"type":"Synonym","title":"Macross Frontier: The Wings of Goodbye"},{"type":"Synonym","title":"Macross Frontier: The Wings of Farewell"},{"type":"Japanese","title":"\u5287\u5834\u7248 \u30de\u30af\u30ed\u30b9\uff26 \u604b\u96e2\u98db\u7ffc \uff5e\u30b5\u30e8\u30ca\u30e9\u30ce\u30c4\u30d0\u30b5\uff5e"},{"type":"English","title":"Macross Frontier: The Wings of Farewell"}],"title":"Macross F Movie 2: Sayonara no Tsubasa","title_english":"Macross Frontier: The Wings of Farewell","title_japanese":"\u5287\u5834\u7248 \u30de\u30af\u30ed\u30b9\uff26 \u604b\u96e2\u98db\u7ffc \uff5e\u30b5\u30e8\u30ca\u30e9\u30ce\u30c4\u30d0\u30b5\uff5e","title_synonyms":["Macross Frontier the Movie 2","Gekijouban Macross F: Sayonara no Tsubasa","Macross Frontier: The Wings of Goodbye","Macross Frontier: The Wings of Farewell"],"type":"Movie","source":"Original","episodes":1,"status":"Finished Airing","airing":false,"aired":{"from":"2011-02-26T00:00:00+00:00","to":null,"prop":{"from":{"day":26,"month":2,"year":2011},"to":{"day":null,"month":null,"year":null}},"string":"Feb 26, 2011"},"duration":"1 hr 54 min","rating":"PG-13 - Teens 13 or older","score":7.94,"scored_by":13495,"rank":687,"popularity":4106,"members":27143,"favorites":123,"synopsis":"Second Macross Frontier movie.","background":"The movie won the Feature Film Award in the 15th Animation Kobe Awards in 2010 and the 2011 Newtype Anime Awards for Best Anime Film.","season":null,"year":null,"broadcast":{"day":null,"time":null,"timezone":null,"string":null},"producers":[{"mal_id":23,"type":"anime","name":"Bandai Visual","url":"https:\/\/myanimelist.net\/anime\/producer\/23\/Bandai_Visual"},{"mal_id":351,"type":"anime","name":"Big West","url":"https:\/\/myanimelist.net\/anime\/producer\/351\/Big_West"},{"mal_id":460,"type":"anime","name":"KlockWorx","url":"https:\/\/myanimelist.net\/anime\/producer\/460\/KlockWorx"},{"mal_id":1097,"type":"anime","name":"Bandai Namco Games","url":"https:\/\/myanimelist.net\/anime\/producer\/1097\/Bandai_Namco_Games"}],"licensors":[],"studios":[{"mal_id":41,"type":"anime","name":"Satelight","url":"https:\/\/myanimelist.net\/anime\/producer\/41\/Satelight"},{"mal_id":441,"type":"anime","name":"8bit","url":"https:\/\/myanimelist.net\/anime\/producer\/441\/8bit"}],"genres":[{"mal_id":1,"type":"anime","name":"Action","url":"https:\/\/myanimelist.net\/anime\/genre\/1\/Action"},{"mal_id":46,"type":"anime","name":"Award Winning","url":"https:\/\/myanimelist.net\/anime\/genre\/46\/Award_Winning"},{"mal_id":22,"type":"anime","name":"Romance","url":"https:\/\/myanimelist.net\/anime\/genre\/22\/Romance"},{"mal_id":24,"type":"anime","name":"Sci-Fi","url":"https:\/\/myanimelist.net\/anime\/genre\/24\/Sci-Fi"}],"explicit_genres":[],"themes":[{"mal_id":18,"type":"anime","name":"Mecha","url":"https:\/\/myanimelist.net\/anime\/genre\/18\/Mecha"},{"mal_id":38,"type":"anime","name":"Military","url":"https:\/\/myanimelist.net\/anime\/genre\/38\/Military"},{"mal_id":19,"type":"anime","name":"Music","url":"https:\/\/myanimelist.net\/anime\/genre\/19\/Music"},{"mal_id":29,"type":"anime","name":"Space","url":"https:\/\/myanimelist.net\/anime\/genre\/29\/Space"}],"demographics":[],"relations":[{"relation":"Alternative version","entry":[{"mal_id":3572,"type":"anime","name":"Macross F","url":"https:\/\/myanimelist.net\/anime\/3572\/Macross_F"}]},{"relation":"Prequel","entry":[{"mal_id":5310,"type":"anime","name":"Macross F Movie 1: Itsuwari no Utahime","url":"https:\/\/myanimelist.net\/anime\/5310\/Macross_F_Movie_1__Itsuwari_no_Utahime"}]},{"relation":"Sequel","entry":[{"mal_id":47409,"type":"anime","name":"Gekijou Tanpen Macross Frontier: Toki no Meikyuu","url":"https:\/\/myanimelist.net\/anime\/47409\/Gekijou_Tanpen_Macross_Frontier__Toki_no_Meikyuu"}]}],"theme":{"openings":[],"endings":["1: \"Hoshikira (\u30db\u30b7\u30ad\u30e9)\" by Megumi Nakajima (First part)","2: \"d Shooting Star b (d\u30b7\u30e5\u30c7\u30a3\u30b9\u30bfb)\" by May'n and Megumi Nakajima (Second part)"]},"external":[{"name":"Official Site","url":"http:\/\/www.macrossf.com\/movie2\/"},{"name":"AniDB","url":"https:\/\/anidb.net\/perl-bin\/animedb.pl?show=anime&aid=7959"},{"name":"ANN","url":"https:\/\/www.animenewsnetwork.com\/encyclopedia\/anime.php?id=11821"},{"name":"Wikipedia","url":"http:\/\/ja.wikipedia.org\/wiki\/%E5%8A%87%E5%A0%B4%E7%89%88_%E3%83%9E%E3%82%AF%E3%83%AD%E3%82%B9F"}],"streaming":[]}}