{"data":{"mal_id":7311,"url":"https:\/\/myanimelist.net\/anime\/7311\/Suzumiya_Haruhi_no_Shoushitsu","images":{"jpg":{"image_url":"https:\/\/cdn.myanimelist.net\/images\/anime\/1248\/112352.jpg","small_image_url":"https:\/\/cdn.myanimelist.net\/images\/anime\/1248\/112352t.jpg","large_image_url":"https:\/\/cdn.myanimelist.net\/images\/anime\/1248\/112352l.jpg"},"webp":{"image_url":"https:\/\/cdn.myanimelist.net\/images\/anime\/1248\/112352.webp","small_image_url":"https:\/\/cdn.myanimelist.net\/images\/anime\/1248\/112352t.webp","large_image_url":"https:\/\/cdn.myanimelist.net\/images\/anime\/1248\/112352l.webp"}},"trailer":{"youtube_id":"eHKyNQopYXo","url":"https:\/\/www.youtube.com\/watch?v=eHKyNQopYXo","embed_url":"https:\/\/www.youtube.com\/embed\/eHKyNQopYXo?enablejsapi=1&wmode=opaque&autoplay=1","images":{"image_url":"https:\/\/img.youtube.com\/vi\/eHKyNQopYXo\/default.jpg","small_image_url":"https:\/\/img.youtube.com\/vi\/eHKyNQopYXo\/sddefault.jpg","medium_image_url":"https:\/\/img.youtube.com\/vi\/eHKyNQopYXo\/mqdefault.jpg","large_image_url":"https:\/\/img.youtube.com\/vi\/eHKyNQopYXo\/hqdefault.jpg","maximum_image_url":"https:\/\/img.youtube.com\/vi\/eHKyNQopYXo\/maxresdefault.jpg"}},"approved":true,"titles":[{"type":"Default","title":"Suzumiya Haruhi no Shoushitsu"},{"type":"Synonym","title":"The Vanishment of Haruhi Suzumiya"},{"type":"Synonym","title":"Suzumiya Haruhi no Syoshitsu"},{"type":"Synonym","title":"Haruhi Movie"},{"type":"Japanese","title":"\u6dbc\u5bae\u30cf\u30eb\u30d2\u306e\u6d88\u5931"},{"type":"English","title":"The Disappearance of Haruhi Suzumiya"},{"type":"German","title":"Das Verschwinden der Haruhi Suzumiya der Film"},{"type":"French","title":"La Disparition de Haruhi Suzumiya la Film"}],"title":"Suzumiya Haruhi no Shoushitsu","title_english":"The Disappearance of Haruhi Suzumiya","title_japanese":"\u6dbc\u5bae\u30cf\u30eb\u30d2\u306e\u6d88\u5931","title_synonyms":["The Vanishment of Haruhi Suzumiya","Suzumiya Haruhi no Syoshitsu","Haruhi Movie"],"type":"Movie","source":"Light novel","episodes":1,"status":"Finished Airing","airing":false,"aired":{"from":"2010-02-06T00:00:00+00:00","to":null,"prop":{"from":{"day":6,"month":2,"year":2010},"to":{"day":null,"month":null,"year":null}},"string":"Feb 6, 2010"},"duration":"2 hr 41 min","rating":"PG-13 - Teens 13 or older","score":8.6,"scored_by":305036,"rank":87,"popularity":346,"members":598697,"favorites":13362,"synopsis":"On a cold December day, Kyon arrives at school prepared for another outing with his fellow SOS Brigade members. However, much to his surprise, he discovers that almost everything has changed completely: Haruhi Suzumiya and Itsuki Koizumi are nowhere to be found; Mikuru Asahina does not recognize him at all; Yuki Nagato is a regular human; and Ryouko Asakura has mysteriously returned. Although he is no stranger to the supernatural, Kyon is disturbed by this odd turn of events and decides to investigate on his own.\n\nFinding himself to be the only person that is aware of the previous reality, Kyon is now faced with a difficult choice: to finally live the normal life he has always wanted, or uncover a way to turn back the hands of time and restore his chaotic yet familiar world.\n\n[Written by MAL Rewrite]","background":"Suzumiya Haruhi no Shoushitsu won the Theatrical Film Award at the Animation Kobe Awards in 2010. The film earned an estimated 200 million yen in its first week of release in Japan; it also placed in the top 10 for Japanese box office sales in its first weekend. The film was released on Blu-ray and DVD in Japan on December 18, 2010. The movie was released on the same formats in North America by Bandai Entertainment as The Disappearance of Haruhi Suzumiya on September 20, 2011. It was later republished by Funimation Entertainment on May 30, 2017.","season":null,"year":null,"broadcast":{"day":null,"time":null,"timezone":null,"string":null},"producers":[{"mal_id":113,"type":"anime","name":"Kadokawa Shoten","url":"https:\/\/myanimelist.net\/anime\/producer\/113\/Kadokawa_Shoten"},{"mal_id":929,"type":"anime","name":"Animation Do","url":"https:\/\/myanimelist.net\/anime\/producer\/929\/Animation_Do"}],"licensors":[{"mal_id":102,"type":"anime","name":"Funimation","url":"https:\/\/myanimelist.net\/anime\/producer\/102\/Funimation"},{"mal_id":233,"type":"anime","name":"Bandai Entertainment","url":"https:\/\/myanimelist.net\/anime\/producer\/233\/Bandai_Entertainment"}],"studios":[{"mal_id":2,"type":"anime","name":"Kyoto Animation","url":"https:\/\/myanimelist.net\/anime\/producer\/2\/Kyoto_Animation"}],"genres":[{"mal_id":46,"type":"anime","name":"Award Winning","url":"https:\/\/myanimelist.net\/anime\/genre\/46\/Award_Winning"},{"mal_id":7,"type":"anime","name":"Mystery","url":"https:\/\/myanimelist.net\/anime\/genre\/7\/Mystery"},{"mal_id":24,"type":"anime","name":"Sci-Fi","url":"https:\/\/myanimelist.net\/anime\/genre\/24\/Sci-Fi"},{"mal_id":37,"type":"anime","name":"Supernatural","url":"https:\/\/myanimelist.net\/anime\/genre\/37\/Supernatural"}],"explicit_genres":[],"themes":[{"mal_id":23,"type":"anime","name":"School","url":"https:\/\/myanimelist.net\/anime\/genre\/23\/School"}],"demographics":[],"relations":[{"relation":"Adaptation","entry":[{"mal_id":3083,"type":"manga","name":"Suzumiya Haruhi Series","url":"https:\/\/myanimelist.net\/manga\/3083\/Suzumiya_Haruhi_Series"}]},{"relation":"Prequel","entry":[{"mal_id":4382,"type":"anime","name":"Suzumiya Haruhi no Yuuutsu (2009)","url":"https:\/\/myanimelist.net\/anime\/4382\/Suzumiya_Haruhi_no_Yuuutsu_2009"}]},{"relation":"Alternative version","entry":[{"mal_id":26351,"type":"anime","name":"Nagato Yuki-chan no Shoushitsu","url":"https:\/\/myanimelist.net\/anime\/26351\/Nagato_Yuki-chan_no_Shoushitsu"}]}],"theme":{"openings":["\"Bouken Desho Desho? (\u5192\u967a\u3067\u3057\u3087\u3067\u3057\u3087?)\" by Aya Hirano"],"endings":["\"Yasashii Boukyaku (\u512a\u3057\u3044\u5fd8\u5374)\" by Minori Chihara"]},"external":[{"name":"Official Site","url":"http:\/\/www.kyotoanimation.co.jp\/haruhi\/movie\/"},{"name":"@haruhi_official","url":"https:\/\/twitter.com\/haruhi_official"},{"name":"AniDB","url":"https:\/\/anidb.net\/perl-bin\/animedb.pl?show=anime&aid=7221"},{"name":"ANN","url":"https:\/\/www.animenewsnetwork.com\/encyclopedia\/anime.php?id=11120"},{"name":"Wikipedia","url":"http:\/\/en.wikipedia.org\/wiki\/The_Disappearance_of_Haruhi_Suzumiya"},{"name":"Wikipedia","url":"https:\/\/ja.wikipedia.org\/wiki\/%E6%B6%BC%E5%AE%AE%E3%83%8F%E3%83%AB%E3%83%92%E3%82%B7%E3%83%AA%E3%83%BC%E3%82%BA"},{"name":"Syoboi","url":"https:\/\/cal.syoboi.jp\/tid\/2185"}],"streaming":[{"name":"Netflix","url":"https:\/\/www.netflix.com\/"}]}}