{"data":{"mal_id":74,"url":"https:\/\/myanimelist.net\/anime\/74\/Gakuen_Alice","images":{"jpg":{"image_url":"https:\/\/cdn.myanimelist.net\/images\/anime\/4\/18118.jpg","small_image_url":"https:\/\/cdn.myanimelist.net\/images\/anime\/4\/18118t.jpg","large_image_url":"https:\/\/cdn.myanimelist.net\/images\/anime\/4\/18118l.jpg"},"webp":{"image_url":"https:\/\/cdn.myanimelist.net\/images\/anime\/4\/18118.webp","small_image_url":"https:\/\/cdn.myanimelist.net\/images\/anime\/4\/18118t.webp","large_image_url":"https:\/\/cdn.myanimelist.net\/images\/anime\/4\/18118l.webp"}},"trailer":{"youtube_id":null,"url":null,"embed_url":null,"images":{"image_url":null,"small_image_url":null,"medium_image_url":null,"large_image_url":null,"maximum_image_url":null}},"approved":true,"titles":[{"type":"Default","title":"Gakuen Alice"},{"type":"Synonym","title":"Campus Alice"},{"type":"Synonym","title":"Alice Academy"},{"type":"Japanese","title":"\u5b66\u5712\u30a2\u30ea\u30b9"},{"type":"English","title":"Gakuen Alice"},{"type":"French","title":"Alice Academy"}],"title":"Gakuen Alice","title_english":"Gakuen Alice","title_japanese":"\u5b66\u5712\u30a2\u30ea\u30b9","title_synonyms":["Campus Alice","Alice Academy"],"type":"TV","source":"Manga","episodes":26,"status":"Finished Airing","airing":false,"aired":{"from":"2004-10-30T00:00:00+00:00","to":"2005-05-14T00:00:00+00:00","prop":{"from":{"day":30,"month":10,"year":2004},"to":{"day":14,"month":5,"year":2005}},"string":"Oct 30, 2004 to May 14, 2005"},"duration":"25 min per ep","rating":"G - All Ages","score":7.64,"scored_by":50842,"rank":1332,"popularity":2023,"members":98466,"favorites":1421,"synopsis":"Mikan Sakura is a normal 10-year-old girl. Optimistic, energetic, and overall a very sweet child, Mikan is the complete opposite of the aloof, intelligent, and somewhat cold-hearted, Hotaru Imai. Despite their glaring differences, the two girls have been best friends for a very long time. So when Hotaru suddenly transfers to Alice Academy, a prestigious school in the city, her best friend is devastated\u2014especially when she hears of the horrible rumors regarding the academy's harsh treatment of students. Beset with worry, Mikan runs away to see her best friend!\n\nUpon her arrival, Mikan learns of \"Alices,\" individuals gifted with various supernatural abilities, and that the school is an institution built by the government to train and protect them. Discovering that she has her own unique powers, Mikan enrolls in the academy, and, after a lot of trouble, finally reunites with Hotaru.\n\nGakuen Alice is a heartwarming comedy that follows Mikan and her friends' adventures in the academy, as well as their attempt to uncover the mysteries surrounding the problematic, fire-wielding student Natsume Hyuuga.\n\n[Written by MAL Rewrite]","background":null,"season":"fall","year":2004,"broadcast":{"day":null,"time":null,"timezone":null,"string":"Unknown"},"producers":[{"mal_id":17,"type":"anime","name":"Aniplex","url":"https:\/\/myanimelist.net\/anime\/producer\/17\/Aniplex"},{"mal_id":161,"type":"anime","name":"Sogo Vision","url":"https:\/\/myanimelist.net\/anime\/producer\/161\/Sogo_Vision"}],"licensors":[{"mal_id":217,"type":"anime","name":"Nozomi Entertainment","url":"https:\/\/myanimelist.net\/anime\/producer\/217\/Nozomi_Entertainment"}],"studios":[{"mal_id":86,"type":"anime","name":"Group TAC","url":"https:\/\/myanimelist.net\/anime\/producer\/86\/Group_TAC"}],"genres":[{"mal_id":4,"type":"anime","name":"Comedy","url":"https:\/\/myanimelist.net\/anime\/genre\/4\/Comedy"},{"mal_id":10,"type":"anime","name":"Fantasy","url":"https:\/\/myanimelist.net\/anime\/genre\/10\/Fantasy"}],"explicit_genres":[],"themes":[{"mal_id":64,"type":"anime","name":"Love Polygon","url":"https:\/\/myanimelist.net\/anime\/genre\/64\/Love_Polygon"},{"mal_id":23,"type":"anime","name":"School","url":"https:\/\/myanimelist.net\/anime\/genre\/23\/School"},{"mal_id":31,"type":"anime","name":"Super Power","url":"https:\/\/myanimelist.net\/anime\/genre\/31\/Super_Power"}],"demographics":[{"mal_id":25,"type":"anime","name":"Shoujo","url":"https:\/\/myanimelist.net\/anime\/genre\/25\/Shoujo"}],"relations":[{"relation":"Adaptation","entry":[{"mal_id":320,"type":"manga","name":"Gakuen Alice","url":"https:\/\/myanimelist.net\/manga\/320\/Gakuen_Alice"}]}],"theme":{"openings":["\"Pikapika no Taiyou\" by Ueda, Kana"],"endings":["\"Shiawase no Niji\" by Ueda Kana & Kugimiya Rie"]},"external":[{"name":"Official Site","url":"http:\/\/www.sonymusic.co.jp\/Animation\/alice\/"},{"name":"AniDB","url":"https:\/\/anidb.net\/perl-bin\/animedb.pl?show=anime&aid=2435"},{"name":"ANN","url":"https:\/\/www.animenewsnetwork.com\/encyclopedia\/anime.php?id=4543"},{"name":"Wikipedia","url":"http:\/\/en.wikipedia.org\/wiki\/Gakuen_Alice"}],"streaming":[{"name":"Crunchyroll","url":"http:\/\/www.crunchyroll.com\/series-272599"}]}}