{"data":{"mal_id":740,"url":"https:\/\/myanimelist.net\/anime\/740\/Bishoujo_Senshi_Sailor_Moon_R","images":{"jpg":{"image_url":"https:\/\/cdn.myanimelist.net\/images\/anime\/1\/740.jpg","small_image_url":"https:\/\/cdn.myanimelist.net\/images\/anime\/1\/740t.jpg","large_image_url":"https:\/\/cdn.myanimelist.net\/images\/anime\/1\/740l.jpg"},"webp":{"image_url":"https:\/\/cdn.myanimelist.net\/images\/anime\/1\/740.webp","small_image_url":"https:\/\/cdn.myanimelist.net\/images\/anime\/1\/740t.webp","large_image_url":"https:\/\/cdn.myanimelist.net\/images\/anime\/1\/740l.webp"}},"trailer":{"youtube_id":"mKV6I31WL6c","url":"https:\/\/www.youtube.com\/watch?v=mKV6I31WL6c","embed_url":"https:\/\/www.youtube.com\/embed\/mKV6I31WL6c?enablejsapi=1&wmode=opaque&autoplay=1","images":{"image_url":"https:\/\/img.youtube.com\/vi\/mKV6I31WL6c\/default.jpg","small_image_url":"https:\/\/img.youtube.com\/vi\/mKV6I31WL6c\/sddefault.jpg","medium_image_url":"https:\/\/img.youtube.com\/vi\/mKV6I31WL6c\/mqdefault.jpg","large_image_url":"https:\/\/img.youtube.com\/vi\/mKV6I31WL6c\/hqdefault.jpg","maximum_image_url":"https:\/\/img.youtube.com\/vi\/mKV6I31WL6c\/maxresdefault.jpg"}},"approved":true,"titles":[{"type":"Default","title":"Bishoujo Senshi Sailor Moon R"},{"type":"Synonym","title":"Pretty Soldier Sailor Moon R"},{"type":"Japanese","title":"\u7f8e\u5c11\u5973\u6226\u58eb\u30bb\u30fc\u30e9\u30fc\u30e0\u30fc\u30f3 R"},{"type":"English","title":"Sailor Moon R"},{"type":"Spanish","title":"Sailor Moon R"},{"type":"French","title":"Sailor Moon R"}],"title":"Bishoujo Senshi Sailor Moon R","title_english":"Sailor Moon R","title_japanese":"\u7f8e\u5c11\u5973\u6226\u58eb\u30bb\u30fc\u30e9\u30fc\u30e0\u30fc\u30f3 R","title_synonyms":["Pretty Soldier Sailor Moon R"],"type":"TV","source":"Manga","episodes":43,"status":"Finished Airing","airing":false,"aired":{"from":"1993-03-06T00:00:00+00:00","to":"1994-03-12T00:00:00+00:00","prop":{"from":{"day":6,"month":3,"year":1993},"to":{"day":12,"month":3,"year":1994}},"string":"Mar 6, 1993 to Mar 12, 1994"},"duration":"24 min per ep","rating":"PG-13 - Teens 13 or older","score":7.72,"scored_by":85209,"rank":1122,"popularity":1430,"members":155564,"favorites":835,"synopsis":"Usagi Tsukino and her friends have been living peacefully until they are called into action again as Sailor Guardians, planetary warriors fighting for the peace of the galaxy. Usagi, also known as Sailor Moon, leads their group into battle when a new threat from beyond the stars presents itself: two survivors of an alien race, An and Ail. In order to save the source of their life force, the Makai Tree, An and Ail begin harvesting energy from unsuspecting humans. The Sailor Guardians must stop their plot or face the annihilation of Earth.\n\nBut as one threat subsides, another follows\u2014this time in the form of a little girl from the future who seeks the source of Sailor Moon's power to save her family. However, she is not the only one vying for it, as a group known as the Black Moon Clan also wishes to obtain the power and use it for nefarious purposes. In order to protect their destinies and the harmony of the universe, Sailor Moon and the rest of the Sailor Guardians must fight to stop these forces from succeeding.\n\n[Written by MAL Rewrite]","background":null,"season":"spring","year":1993,"broadcast":{"day":null,"time":null,"timezone":null,"string":"Unknown"},"producers":[{"mal_id":55,"type":"anime","name":"TV Asahi","url":"https:\/\/myanimelist.net\/anime\/producer\/55\/TV_Asahi"},{"mal_id":2292,"type":"anime","name":"Toei Advertising","url":"https:\/\/myanimelist.net\/anime\/producer\/2292\/Toei_Advertising"}],"licensors":[{"mal_id":97,"type":"anime","name":"ADV Films","url":"https:\/\/myanimelist.net\/anime\/producer\/97\/ADV_Films"},{"mal_id":119,"type":"anime","name":"VIZ Media","url":"https:\/\/myanimelist.net\/anime\/producer\/119\/VIZ_Media"},{"mal_id":269,"type":"anime","name":"DiC Entertainment","url":"https:\/\/myanimelist.net\/anime\/producer\/269\/DiC_Entertainment"}],"studios":[{"mal_id":18,"type":"anime","name":"Toei Animation","url":"https:\/\/myanimelist.net\/anime\/producer\/18\/Toei_Animation"}],"genres":[{"mal_id":10,"type":"anime","name":"Fantasy","url":"https:\/\/myanimelist.net\/anime\/genre\/10\/Fantasy"},{"mal_id":22,"type":"anime","name":"Romance","url":"https:\/\/myanimelist.net\/anime\/genre\/22\/Romance"}],"explicit_genres":[],"themes":[{"mal_id":66,"type":"anime","name":"Mahou Shoujo","url":"https:\/\/myanimelist.net\/anime\/genre\/66\/Mahou_Shoujo"},{"mal_id":6,"type":"anime","name":"Mythology","url":"https:\/\/myanimelist.net\/anime\/genre\/6\/Mythology"}],"demographics":[{"mal_id":25,"type":"anime","name":"Shoujo","url":"https:\/\/myanimelist.net\/anime\/genre\/25\/Shoujo"}],"relations":[{"relation":"Adaptation","entry":[{"mal_id":92,"type":"manga","name":"Bishoujo Senshi Sailor Moon","url":"https:\/\/myanimelist.net\/manga\/92\/Bishoujo_Senshi_Sailor_Moon"}]},{"relation":"Prequel","entry":[{"mal_id":530,"type":"anime","name":"Bishoujo Senshi Sailor Moon","url":"https:\/\/myanimelist.net\/anime\/530\/Bishoujo_Senshi_Sailor_Moon"}]},{"relation":"Side story","entry":[{"mal_id":531,"type":"anime","name":"Bishoujo Senshi Sailor Moon R: The Movie","url":"https:\/\/myanimelist.net\/anime\/531\/Bishoujo_Senshi_Sailor_Moon_R__The_Movie"}]},{"relation":"Sequel","entry":[{"mal_id":532,"type":"anime","name":"Bishoujo Senshi Sailor Moon S","url":"https:\/\/myanimelist.net\/anime\/532\/Bishoujo_Senshi_Sailor_Moon_S"}]},{"relation":"Summary","entry":[{"mal_id":8756,"type":"anime","name":"Bishoujo Senshi Sailor Moon Memorial","url":"https:\/\/myanimelist.net\/anime\/8756\/Bishoujo_Senshi_Sailor_Moon_Memorial"}]},{"relation":"Alternative version","entry":[{"mal_id":14751,"type":"anime","name":"Bishoujo Senshi Sailor Moon Crystal","url":"https:\/\/myanimelist.net\/anime\/14751\/Bishoujo_Senshi_Sailor_Moon_Crystal"}]}],"theme":{"openings":["\"Moonlight Densetsu\" by DALI"],"endings":["\"Otome no Policy\" by Yoko Ishida"]},"external":[{"name":"Official Site","url":"http:\/\/www.toei-anim.co.jp\/lineup\/tv\/sailor_moon_r\/"},{"name":"AniDB","url":"https:\/\/anidb.net\/perl-bin\/animedb.pl?show=anime&aid=2539"},{"name":"ANN","url":"https:\/\/www.animenewsnetwork.com\/encyclopedia\/anime.php?id=213"},{"name":"Wikipedia","url":"http:\/\/en.wikipedia.org\/wiki\/Sailor_Moon_R"}],"streaming":[]}}