{"data":{"mal_id":763,"url":"https:\/\/myanimelist.net\/anime\/763\/Zoids","images":{"jpg":{"image_url":"https:\/\/cdn.myanimelist.net\/images\/anime\/2\/15412.jpg","small_image_url":"https:\/\/cdn.myanimelist.net\/images\/anime\/2\/15412t.jpg","large_image_url":"https:\/\/cdn.myanimelist.net\/images\/anime\/2\/15412l.jpg"},"webp":{"image_url":"https:\/\/cdn.myanimelist.net\/images\/anime\/2\/15412.webp","small_image_url":"https:\/\/cdn.myanimelist.net\/images\/anime\/2\/15412t.webp","large_image_url":"https:\/\/cdn.myanimelist.net\/images\/anime\/2\/15412l.webp"}},"trailer":{"youtube_id":null,"url":null,"embed_url":null,"images":{"image_url":null,"small_image_url":null,"medium_image_url":null,"large_image_url":null,"maximum_image_url":null}},"approved":true,"titles":[{"type":"Default","title":"Zoids"},{"type":"Synonym","title":"Zoids Classic"},{"type":"Synonym","title":"Zoids: Chaotic Century"},{"type":"Synonym","title":"Zoids: Guardian Forces"},{"type":"Japanese","title":"\u30be\u30a4\u30c9"},{"type":"English","title":"Zoids"}],"title":"Zoids","title_english":"Zoids","title_japanese":"\u30be\u30a4\u30c9","title_synonyms":["Zoids Classic","Zoids: Chaotic Century","Zoids: Guardian Forces"],"type":"TV","source":"Other","episodes":67,"status":"Finished Airing","airing":false,"aired":{"from":"1999-09-04T00:00:00+00:00","to":"2000-12-23T00:00:00+00:00","prop":{"from":{"day":4,"month":9,"year":1999},"to":{"day":23,"month":12,"year":2000}},"string":"Sep 4, 1999 to Dec 23, 2000"},"duration":"25 min per ep","rating":"PG-13 - Teens 13 or older","score":7.36,"scored_by":25653,"rank":2359,"popularity":3023,"members":49322,"favorites":271,"synopsis":"In a remote desert on the Planet Zi, a boy named Van discovers an abandoned, dilapidated facility. Inside, he finds an opaque cocoon that breaks on its own, and a dinosaur-like robot known as an \"Organoid\" emerges from the shell. Van names the creature Zeke and claims it for himself, but a group of bandits come after him to seize the Organoid. The bandits are equipped with \"Zoids,\" beast-like mechanical units that are used for combat. Van is able to fend off his pursuers by reviving and fusing with an old Zoid dubbed the \"Shield Liger.\"\n\nVan returns to the facility with Zeke in tow and finds a new cocoon. He is ecstatic that he may have obtained another Organoid, but when the cocoon breaks, a girl emerges from it instead. Unaware of her origins, the girl only remembers that her name is Fiona and that she has to locate an object called the \"Zoid Eve.\" Determined to solve the mystery behind her existence, Fiona ventures out alongside Van and Zeke to uncover what the Zoid Eve truly is. The trio runs across many friends and foes in their adventure, encountering various dangers and experiencing slices of light-heartedness as they travel.\n\n[Written by MAL Rewrite]","background":null,"season":"fall","year":1999,"broadcast":{"day":"Saturdays","time":"18:00","timezone":"Asia\/Tokyo","string":"Saturdays at 18:00 (JST)"},"producers":[],"licensors":[{"mal_id":119,"type":"anime","name":"VIZ Media","url":"https:\/\/myanimelist.net\/anime\/producer\/119\/VIZ_Media"}],"studios":[{"mal_id":27,"type":"anime","name":"Xebec","url":"https:\/\/myanimelist.net\/anime\/producer\/27\/Xebec"}],"genres":[{"mal_id":1,"type":"anime","name":"Action","url":"https:\/\/myanimelist.net\/anime\/genre\/1\/Action"},{"mal_id":2,"type":"anime","name":"Adventure","url":"https:\/\/myanimelist.net\/anime\/genre\/2\/Adventure"},{"mal_id":4,"type":"anime","name":"Comedy","url":"https:\/\/myanimelist.net\/anime\/genre\/4\/Comedy"},{"mal_id":24,"type":"anime","name":"Sci-Fi","url":"https:\/\/myanimelist.net\/anime\/genre\/24\/Sci-Fi"}],"explicit_genres":[],"themes":[{"mal_id":18,"type":"anime","name":"Mecha","url":"https:\/\/myanimelist.net\/anime\/genre\/18\/Mecha"}],"demographics":[],"relations":[{"relation":"Adaptation","entry":[{"mal_id":359,"type":"manga","name":"Kijuushin Seiki Zoids","url":"https:\/\/myanimelist.net\/manga\/359\/Kijuushin_Seiki_Zoids"}]},{"relation":"Other","entry":[{"mal_id":712,"type":"anime","name":"Zoids Genesis","url":"https:\/\/myanimelist.net\/anime\/712\/Zoids_Genesis"},{"mal_id":764,"type":"anime","name":"Zoids Shinseiki\/Zero","url":"https:\/\/myanimelist.net\/anime\/764\/Zoids_Shinseiki_Zero"},{"mal_id":1746,"type":"anime","name":"Zoids Fuzors","url":"https:\/\/myanimelist.net\/anime\/1746\/Zoids_Fuzors"},{"mal_id":37395,"type":"anime","name":"Zoids Wild","url":"https:\/\/myanimelist.net\/anime\/37395\/Zoids_Wild"},{"mal_id":40166,"type":"anime","name":"Zoids Wild Zero","url":"https:\/\/myanimelist.net\/anime\/40166\/Zoids_Wild_Zero"}]}],"theme":{"openings":["\"Wild Flowers\" by RAMAR"],"endings":["#02: \"Chase\" by Develop=Frame","#03: \"Into Yourself\" by Transtic Nerve","#04: \"Your Song\" by Earth","1: \"Song for...\" by Dear"]},"external":[{"name":"AniDB","url":"https:\/\/anidb.net\/perl-bin\/animedb.pl?show=anime&aid=1382"},{"name":"ANN","url":"https:\/\/www.animenewsnetwork.com\/encyclopedia\/anime.php?id=1031"},{"name":"Wikipedia","url":"http:\/\/en.wikipedia.org\/wiki\/Zoids:_Chaotic_Century"}],"streaming":[]}}