{"data":{"mal_id":7762,"url":"https:\/\/myanimelist.net\/anime\/7762\/Yondemasu_yo_Azazel-san","images":{"jpg":{"image_url":"https:\/\/cdn.myanimelist.net\/images\/anime\/2\/24619.jpg","small_image_url":"https:\/\/cdn.myanimelist.net\/images\/anime\/2\/24619t.jpg","large_image_url":"https:\/\/cdn.myanimelist.net\/images\/anime\/2\/24619l.jpg"},"webp":{"image_url":"https:\/\/cdn.myanimelist.net\/images\/anime\/2\/24619.webp","small_image_url":"https:\/\/cdn.myanimelist.net\/images\/anime\/2\/24619t.webp","large_image_url":"https:\/\/cdn.myanimelist.net\/images\/anime\/2\/24619l.webp"}},"trailer":{"youtube_id":null,"url":null,"embed_url":null,"images":{"image_url":null,"small_image_url":null,"medium_image_url":null,"large_image_url":null,"maximum_image_url":null}},"approved":true,"titles":[{"type":"Default","title":"Yondemasu yo, Azazel-san."},{"type":"Japanese","title":"\u3088\u3093\u3067\u307e\u3059\u3088\u3001\u30a2\u30b6\u30bc\u30eb\u3055\u3093\u3002"}],"title":"Yondemasu yo, Azazel-san.","title_english":null,"title_japanese":"\u3088\u3093\u3067\u307e\u3059\u3088\u3001\u30a2\u30b6\u30bc\u30eb\u3055\u3093\u3002","title_synonyms":[],"type":"OVA","source":"Manga","episodes":4,"status":"Finished Airing","airing":false,"aired":{"from":"2010-02-23T00:00:00+00:00","to":"2014-06-23T00:00:00+00:00","prop":{"from":{"day":23,"month":2,"year":2010},"to":{"day":23,"month":6,"year":2014}},"string":"Feb 23, 2010 to Jun 23, 2014"},"duration":"21 min per ep","rating":"R+ - Mild Nudity","score":7.57,"scored_by":12745,"rank":1548,"popularity":3836,"members":31470,"favorites":69,"synopsis":"The great detective Akutabe has an assistant, Rinko Sakuma, who is trying to learn to summon demons. This is the story of her misadventure when she actually manages to summon 2 demons unexpectedly. \n\n(Source: ANN)","background":null,"season":null,"year":null,"broadcast":{"day":null,"time":null,"timezone":null,"string":null},"producers":[],"licensors":[],"studios":[{"mal_id":10,"type":"anime","name":"Production I.G","url":"https:\/\/myanimelist.net\/anime\/producer\/10\/Production_IG"}],"genres":[{"mal_id":4,"type":"anime","name":"Comedy","url":"https:\/\/myanimelist.net\/anime\/genre\/4\/Comedy"},{"mal_id":37,"type":"anime","name":"Supernatural","url":"https:\/\/myanimelist.net\/anime\/genre\/37\/Supernatural"}],"explicit_genres":[],"themes":[{"mal_id":57,"type":"anime","name":"Gag Humor","url":"https:\/\/myanimelist.net\/anime\/genre\/57\/Gag_Humor"},{"mal_id":6,"type":"anime","name":"Mythology","url":"https:\/\/myanimelist.net\/anime\/genre\/6\/Mythology"}],"demographics":[{"mal_id":42,"type":"anime","name":"Seinen","url":"https:\/\/myanimelist.net\/anime\/genre\/42\/Seinen"}],"relations":[{"relation":"Adaptation","entry":[{"mal_id":22114,"type":"manga","name":"Yondemasu yo, Azazel-san.","url":"https:\/\/myanimelist.net\/manga\/22114\/Yondemasu_yo_Azazel-san"}]},{"relation":"Parent story","entry":[{"mal_id":10216,"type":"anime","name":"Yondemasu yo, Azazel-san. (TV)","url":"https:\/\/myanimelist.net\/anime\/10216\/Yondemasu_yo_Azazel-san_TV"}]}],"theme":{"openings":["\"Miracle Trouble New Face! (\u30df\u30e9\u30af\u30eb \u3068\u3089\u3076\u308b New Face\uff01)\" by Team Nekokan feat. Chihiro Yonekura (eps 3-4)"],"endings":["1: \"OVER THE WAVES\" (eps 1-2)","2: \"Travelog\" by Team Nekokan feat. Masaya Onosaka (eps 3)","3: \"Travelog Chill Tropic MIX\" by Team Nekokan feat. Masaya Onosaka (eps 4)"]},"external":[{"name":"Official Site","url":"http:\/\/kc.kodansha.co.jp\/azazel\/oad\/"},{"name":"AniDB","url":"https:\/\/anidb.net\/perl-bin\/animedb.pl?show=anime&aid=7275"},{"name":"ANN","url":"https:\/\/www.animenewsnetwork.com\/encyclopedia\/anime.php?id=11216"},{"name":"Wikipedia","url":"http:\/\/ja.wikipedia.org\/wiki\/\u3088\u3093\u3067\u307e\u3059\u3088\u3001\u30a2\u30b6\u30bc\u30eb\u3055\u3093\u3002"}],"streaming":[]}}