{"data":{"mal_id":798,"url":"https:\/\/myanimelist.net\/anime\/798\/Yomigaeru_Sora__Rescue_Wings","images":{"jpg":{"image_url":"https:\/\/cdn.myanimelist.net\/images\/anime\/1255\/120063.jpg","small_image_url":"https:\/\/cdn.myanimelist.net\/images\/anime\/1255\/120063t.jpg","large_image_url":"https:\/\/cdn.myanimelist.net\/images\/anime\/1255\/120063l.jpg"},"webp":{"image_url":"https:\/\/cdn.myanimelist.net\/images\/anime\/1255\/120063.webp","small_image_url":"https:\/\/cdn.myanimelist.net\/images\/anime\/1255\/120063t.webp","large_image_url":"https:\/\/cdn.myanimelist.net\/images\/anime\/1255\/120063l.webp"}},"trailer":{"youtube_id":"rSA6JSGlS_4","url":"https:\/\/www.youtube.com\/watch?v=rSA6JSGlS_4","embed_url":"https:\/\/www.youtube.com\/embed\/rSA6JSGlS_4?enablejsapi=1&wmode=opaque&autoplay=1","images":{"image_url":"https:\/\/img.youtube.com\/vi\/rSA6JSGlS_4\/default.jpg","small_image_url":"https:\/\/img.youtube.com\/vi\/rSA6JSGlS_4\/sddefault.jpg","medium_image_url":"https:\/\/img.youtube.com\/vi\/rSA6JSGlS_4\/mqdefault.jpg","large_image_url":"https:\/\/img.youtube.com\/vi\/rSA6JSGlS_4\/hqdefault.jpg","maximum_image_url":"https:\/\/img.youtube.com\/vi\/rSA6JSGlS_4\/maxresdefault.jpg"}},"approved":true,"titles":[{"type":"Default","title":"Yomigaeru Sora: Rescue Wings"},{"type":"Japanese","title":"\u3088\u307f\u304c\u3048\u308b\u7a7a -Rescue Wings-"}],"title":"Yomigaeru Sora: Rescue Wings","title_english":null,"title_japanese":"\u3088\u307f\u304c\u3048\u308b\u7a7a -Rescue Wings-","title_synonyms":[],"type":"TV","source":"Original","episodes":12,"status":"Finished Airing","airing":false,"aired":{"from":"2006-01-09T00:00:00+00:00","to":"2006-03-27T00:00:00+00:00","prop":{"from":{"day":9,"month":1,"year":2006},"to":{"day":27,"month":3,"year":2006}},"string":"Jan 9, 2006 to Mar 27, 2006"},"duration":"23 min per ep","rating":"PG-13 - Teens 13 or older","score":7.36,"scored_by":4361,"rank":2355,"popularity":5328,"members":14512,"favorites":49,"synopsis":"Kazuhiro Uchida is transferred to a rescue centre located in a small town while training to become a fighter pilot. Initially, Kazuhiro thinks negatively about his new occupation, due to the difficult missions and the harsh discipline he receives from his seniors. However, over the course of his training, he begins to accept the job for what it is and becomes a true member of the rescue force.\n\n(Source: ANN)","background":null,"season":"winter","year":2006,"broadcast":{"day":null,"time":null,"timezone":null,"string":"Unknown"},"producers":[{"mal_id":23,"type":"anime","name":"Bandai Visual","url":"https:\/\/myanimelist.net\/anime\/producer\/23\/Bandai_Visual"},{"mal_id":104,"type":"anime","name":"Lantis","url":"https:\/\/myanimelist.net\/anime\/producer\/104\/Lantis"},{"mal_id":2135,"type":"anime","name":"Imagine","url":"https:\/\/myanimelist.net\/anime\/producer\/2135\/Imagine"}],"licensors":[],"studios":[{"mal_id":7,"type":"anime","name":"J.C.Staff","url":"https:\/\/myanimelist.net\/anime\/producer\/7\/JCStaff"}],"genres":[{"mal_id":8,"type":"anime","name":"Drama","url":"https:\/\/myanimelist.net\/anime\/genre\/8\/Drama"}],"explicit_genres":[],"themes":[{"mal_id":50,"type":"anime","name":"Adult Cast","url":"https:\/\/myanimelist.net\/anime\/genre\/50\/Adult_Cast"},{"mal_id":38,"type":"anime","name":"Military","url":"https:\/\/myanimelist.net\/anime\/genre\/38\/Military"},{"mal_id":48,"type":"anime","name":"Workplace","url":"https:\/\/myanimelist.net\/anime\/genre\/48\/Workplace"}],"demographics":[],"relations":[{"relation":"Prequel","entry":[{"mal_id":1843,"type":"anime","name":"Yomigaeru Sora: Rescue Wings - Saigo no Shigoto","url":"https:\/\/myanimelist.net\/anime\/1843\/Yomigaeru_Sora__Rescue_Wings_-_Saigo_no_Shigoto"}]},{"relation":"Alternative version","entry":[{"mal_id":24527,"type":"anime","name":"Yomigaeru Sora Pilot","url":"https:\/\/myanimelist.net\/anime\/24527\/Yomigaeru_Sora_Pilot"}]}],"theme":{"openings":["1: \"Ashita o Tomenai de\" by Misato Aki","2: \"Hyokkori Hyoutan-Jima (\u3072\u3087\u3063\u3053\u308a\u3072\u3087\u3046\u305f\u3093\u5cf6)\" by Maekawa Youko, Young Fresh (eps 6)"],"endings":["1: \"Emblem\" by JAM Project","2: \"Hyokkori Hyoutan-Jima (\u3072\u3087\u3063\u3053\u308a\u3072\u3087\u3046\u305f\u3093\u5cf6)\" by Maekawa Youko, Young Fresh (eps 7)"]},"external":[{"name":"Official Site","url":"http:\/\/www.rescue-w.jp\/"},{"name":"AniDB","url":"https:\/\/anidb.net\/perl-bin\/animedb.pl?show=anime&aid=4113"},{"name":"ANN","url":"https:\/\/www.animenewsnetwork.com\/encyclopedia\/anime.php?id=6234"},{"name":"Wikipedia","url":"http:\/\/en.wikipedia.org\/wiki\/Yomigaeru_Sora_-_Rescue_Wings"}],"streaming":[]}}