{"data":{"mal_id":8086,"url":"https:\/\/myanimelist.net\/anime\/8086\/Densetsu_no_Yuusha_no_Densetsu","images":{"jpg":{"image_url":"https:\/\/cdn.myanimelist.net\/images\/anime\/8\/73651.jpg","small_image_url":"https:\/\/cdn.myanimelist.net\/images\/anime\/8\/73651t.jpg","large_image_url":"https:\/\/cdn.myanimelist.net\/images\/anime\/8\/73651l.jpg"},"webp":{"image_url":"https:\/\/cdn.myanimelist.net\/images\/anime\/8\/73651.webp","small_image_url":"https:\/\/cdn.myanimelist.net\/images\/anime\/8\/73651t.webp","large_image_url":"https:\/\/cdn.myanimelist.net\/images\/anime\/8\/73651l.webp"}},"trailer":{"youtube_id":"-KQwoCCvf_0","url":"https:\/\/www.youtube.com\/watch?v=-KQwoCCvf_0","embed_url":"https:\/\/www.youtube.com\/embed\/-KQwoCCvf_0?enablejsapi=1&wmode=opaque&autoplay=1","images":{"image_url":"https:\/\/img.youtube.com\/vi\/-KQwoCCvf_0\/default.jpg","small_image_url":"https:\/\/img.youtube.com\/vi\/-KQwoCCvf_0\/sddefault.jpg","medium_image_url":"https:\/\/img.youtube.com\/vi\/-KQwoCCvf_0\/mqdefault.jpg","large_image_url":"https:\/\/img.youtube.com\/vi\/-KQwoCCvf_0\/hqdefault.jpg","maximum_image_url":"https:\/\/img.youtube.com\/vi\/-KQwoCCvf_0\/maxresdefault.jpg"}},"approved":true,"titles":[{"type":"Default","title":"Densetsu no Yuusha no Densetsu"},{"type":"Synonym","title":"DenYuDen"},{"type":"Synonym","title":"DenYuuDen"},{"type":"Synonym","title":"Densetsu no Yusha no Densetsu"},{"type":"Synonym","title":"LOLH"},{"type":"Japanese","title":"\u4f1d\u8aac\u306e\u52c7\u8005\u306e\u4f1d\u8aac"},{"type":"English","title":"The Legend of the Legendary Heroes"},{"type":"Spanish","title":"La Leyenda de los H\u00e9roes Legendarios"}],"title":"Densetsu no Yuusha no Densetsu","title_english":"The Legend of the Legendary Heroes","title_japanese":"\u4f1d\u8aac\u306e\u52c7\u8005\u306e\u4f1d\u8aac","title_synonyms":["DenYuDen","DenYuuDen","Densetsu no Yusha no Densetsu","LOLH"],"type":"TV","source":"Light novel","episodes":24,"status":"Finished Airing","airing":false,"aired":{"from":"2010-07-02T00:00:00+00:00","to":"2010-12-17T00:00:00+00:00","prop":{"from":{"day":2,"month":7,"year":2010},"to":{"day":17,"month":12,"year":2010}},"string":"Jul 2, 2010 to Dec 17, 2010"},"duration":"24 min per ep","rating":"R - 17+ (violence & profanity)","score":7.51,"scored_by":135729,"rank":1744,"popularity":771,"members":296988,"favorites":1991,"synopsis":"\"Alpha Stigma\" are known to be eyes that can analyze all types of magic. However, they are more infamously known as cursed eyes that can only bring destruction and death to others.\n\nRyner Lute, a talented mage and also an Alpha Stigma bearer, was once a student of the Roland Empire's Magician Academy, an elite school dedicated to training magicians for military purposes. However, after many of his classmates died in a war, he makes an oath to make the nation a more orderly and peaceful place, with fellow survivor and best friend, Sion Astal.\n\nNow that Sion is the king of Roland, he orders Ryner to search for useful relics that will aid the nation. Together with Ferris Eris, a beautiful and highly skilled swordswoman, Ryner goes on a journey to search for relics of legendary heroes from the past, and also uncover the secrets behind his cursed eyes.\n\n[Written by MAL Rewrite]","background":"Advanced screening on June 26, 2010. The regular TV airing started on July 2, 2010.","season":"summer","year":2010,"broadcast":{"day":null,"time":null,"timezone":null,"string":"Unknown"},"producers":[{"mal_id":104,"type":"anime","name":"Lantis","url":"https:\/\/myanimelist.net\/anime\/producer\/104\/Lantis"},{"mal_id":108,"type":"anime","name":"Media Factory","url":"https:\/\/myanimelist.net\/anime\/producer\/108\/Media_Factory"},{"mal_id":685,"type":"anime","name":"Kadokawa Contents Gate","url":"https:\/\/myanimelist.net\/anime\/producer\/685\/Kadokawa_Contents_Gate"},{"mal_id":1664,"type":"anime","name":"Fujimi Shobo","url":"https:\/\/myanimelist.net\/anime\/producer\/1664\/Fujimi_Shobo"}],"licensors":[{"mal_id":102,"type":"anime","name":"Funimation","url":"https:\/\/myanimelist.net\/anime\/producer\/102\/Funimation"}],"studios":[{"mal_id":218,"type":"anime","name":"Zexcs","url":"https:\/\/myanimelist.net\/anime\/producer\/218\/Zexcs"}],"genres":[{"mal_id":1,"type":"anime","name":"Action","url":"https:\/\/myanimelist.net\/anime\/genre\/1\/Action"},{"mal_id":2,"type":"anime","name":"Adventure","url":"https:\/\/myanimelist.net\/anime\/genre\/2\/Adventure"},{"mal_id":10,"type":"anime","name":"Fantasy","url":"https:\/\/myanimelist.net\/anime\/genre\/10\/Fantasy"}],"explicit_genres":[],"themes":[],"demographics":[],"relations":[{"relation":"Adaptation","entry":[{"mal_id":21658,"type":"manga","name":"Densetsu no Yuusha no Densetsu","url":"https:\/\/myanimelist.net\/manga\/21658\/Densetsu_no_Yuusha_no_Densetsu"}]},{"relation":"Summary","entry":[{"mal_id":9690,"type":"anime","name":"Densetsu no Yuusha no Densetsu: Iris Report","url":"https:\/\/myanimelist.net\/anime\/9690\/Densetsu_no_Yuusha_no_Densetsu__Iris_Report"}]},{"relation":"Character","entry":[{"mal_id":10934,"type":"anime","name":"Itsuka Tenma no Kuro Usagi: Kokoro Utsuri no Toukoubi - School Attendance Day","url":"https:\/\/myanimelist.net\/anime\/10934\/Itsuka_Tenma_no_Kuro_Usagi__Kokoro_Utsuri_no_Toukoubi_-_School_Attendance_Day"}]}],"theme":{"openings":["1: \"LAMENT: Yagate Yorokobi wo (LAMENT~\u3084\u304c\u3066\u559c\u3073\u3092~)\" by Aira Yuki (eps 1-12)","2: \"Last Inferno\" by Ceui (eps 13-24)"],"endings":["1: \"Truth Of My Destiny\" by Ceui (eps 1-12)","2: \"Hikari no Filament (\u5149\u306e\u30d5\u30a3\u30eb\u30e1\u30f3\u30c8)\" by Ayahi Takagaki (eps 13-24)"]},"external":[{"name":"Official Site","url":"http:\/\/www.denyuden.jp\/"},{"name":"AniDB","url":"https:\/\/anidb.net\/perl-bin\/animedb.pl?show=anime&aid=7315"},{"name":"ANN","url":"https:\/\/www.animenewsnetwork.com\/encyclopedia\/anime.php?id=11250"},{"name":"Wikipedia","url":"http:\/\/en.wikipedia.org\/wiki\/Densetsu_no_Y%C5%ABsha_no_Densetsu"}],"streaming":[{"name":"Funimation","url":"https:\/\/www.funimation.com\/shows\/the-legend-of-the-legendary-heroes"}]}}