{"data":{"mal_id":813,"url":"https:\/\/myanimelist.net\/anime\/813\/Dragon_Ball_Z","images":{"jpg":{"image_url":"https:\/\/cdn.myanimelist.net\/images\/anime\/1607\/117271.jpg","small_image_url":"https:\/\/cdn.myanimelist.net\/images\/anime\/1607\/117271t.jpg","large_image_url":"https:\/\/cdn.myanimelist.net\/images\/anime\/1607\/117271l.jpg"},"webp":{"image_url":"https:\/\/cdn.myanimelist.net\/images\/anime\/1607\/117271.webp","small_image_url":"https:\/\/cdn.myanimelist.net\/images\/anime\/1607\/117271t.webp","large_image_url":"https:\/\/cdn.myanimelist.net\/images\/anime\/1607\/117271l.webp"}},"trailer":{"youtube_id":null,"url":null,"embed_url":null,"images":{"image_url":null,"small_image_url":null,"medium_image_url":null,"large_image_url":null,"maximum_image_url":null}},"approved":true,"titles":[{"type":"Default","title":"Dragon Ball Z"},{"type":"Synonym","title":"DBZ"},{"type":"Synonym","title":"Dragonball Z"},{"type":"Japanese","title":"\u30c9\u30e9\u30b4\u30f3\u30dc\u30fc\u30ebZ"},{"type":"English","title":"Dragon Ball Z"}],"title":"Dragon Ball Z","title_english":"Dragon Ball Z","title_japanese":"\u30c9\u30e9\u30b4\u30f3\u30dc\u30fc\u30ebZ","title_synonyms":["DBZ","Dragonball Z"],"type":"TV","source":"Manga","episodes":291,"status":"Finished Airing","airing":false,"aired":{"from":"1989-04-26T00:00:00+00:00","to":"1996-01-31T00:00:00+00:00","prop":{"from":{"day":26,"month":4,"year":1989},"to":{"day":31,"month":1,"year":1996}},"string":"Apr 26, 1989 to Jan 31, 1996"},"duration":"24 min per ep","rating":"PG-13 - Teens 13 or older","score":8.17,"scored_by":826911,"rank":396,"popularity":110,"members":1197717,"favorites":37129,"synopsis":"Five years after winning the World Martial Arts tournament, Gokuu is now living a peaceful life with his wife and son. This changes, however, with the arrival of a mysterious enemy named Raditz who presents himself as Gokuu's long-lost brother. He reveals that Gokuu is a warrior from the once powerful but now virtually extinct Saiyan race, whose homeworld was completely annihilated. When he was sent to Earth as a baby, Gokuu's sole purpose was to conquer and destroy the planet; but after suffering amnesia from a head injury, his violent and savage nature changed, and instead was raised as a kind and well-mannered boy, now fighting to protect others.\n\nWith his failed attempt at forcibly recruiting Gokuu as an ally, Raditz warns Gokuu's friends of a new threat that's rapidly approaching Earth\u2014one that could plunge Earth into an intergalactic conflict and cause the heavens themselves to shake. A war will be fought over the seven mystical dragon balls, and only the strongest will survive in Dragon Ball Z.\n\n[Written by MAL Rewrite]","background":"Adapts chapters 195-519 of Akira Toriyama's Dragon Ball manga. The U.S. version is a dubbed alternative version of the original Japanese anime. For example, blood has been removed, beer is called root beer, the afterlife is called \"Another Universe,\" and people emigrate before cities are destroyed. The U.S. version edited and compiled the original for a reduced episode count of 276 instead of the original 291. The proper episode count was later restored on the uncut \"Orange Brick\" Season Set released by FUNimation Entertainment from 2006 to 2009. Additionally, these sets as well as the Season Set Blu-rays crop the show from its original 4:3 aspect ratio to 16:9. The only complete 4:3 release ever released in English were the Dragon Boxes, which have long since gone out of print.","season":"spring","year":1989,"broadcast":{"day":"Wednesdays","time":"19:00","timezone":"Asia\/Tokyo","string":"Wednesdays at 19:00 (JST)"},"producers":[{"mal_id":169,"type":"anime","name":"Fuji TV","url":"https:\/\/myanimelist.net\/anime\/producer\/169\/Fuji_TV"},{"mal_id":1365,"type":"anime","name":"Shueisha","url":"https:\/\/myanimelist.net\/anime\/producer\/1365\/Shueisha"}],"licensors":[{"mal_id":102,"type":"anime","name":"Funimation","url":"https:\/\/myanimelist.net\/anime\/producer\/102\/Funimation"}],"studios":[{"mal_id":18,"type":"anime","name":"Toei Animation","url":"https:\/\/myanimelist.net\/anime\/producer\/18\/Toei_Animation"}],"genres":[{"mal_id":1,"type":"anime","name":"Action","url":"https:\/\/myanimelist.net\/anime\/genre\/1\/Action"},{"mal_id":2,"type":"anime","name":"Adventure","url":"https:\/\/myanimelist.net\/anime\/genre\/2\/Adventure"},{"mal_id":4,"type":"anime","name":"Comedy","url":"https:\/\/myanimelist.net\/anime\/genre\/4\/Comedy"},{"mal_id":10,"type":"anime","name":"Fantasy","url":"https:\/\/myanimelist.net\/anime\/genre\/10\/Fantasy"}],"explicit_genres":[],"themes":[{"mal_id":17,"type":"anime","name":"Martial Arts","url":"https:\/\/myanimelist.net\/anime\/genre\/17\/Martial_Arts"},{"mal_id":31,"type":"anime","name":"Super Power","url":"https:\/\/myanimelist.net\/anime\/genre\/31\/Super_Power"}],"demographics":[{"mal_id":27,"type":"anime","name":"Shounen","url":"https:\/\/myanimelist.net\/anime\/genre\/27\/Shounen"}],"relations":[{"relation":"Adaptation","entry":[{"mal_id":42,"type":"manga","name":"Dragon Ball","url":"https:\/\/myanimelist.net\/manga\/42\/Dragon_Ball"}]},{"relation":"Prequel","entry":[{"mal_id":223,"type":"anime","name":"Dragon Ball","url":"https:\/\/myanimelist.net\/anime\/223\/Dragon_Ball"}]},{"relation":"Sequel","entry":[{"mal_id":225,"type":"anime","name":"Dragon Ball GT","url":"https:\/\/myanimelist.net\/anime\/225\/Dragon_Ball_GT"}]},{"relation":"Side story","entry":[{"mal_id":894,"type":"anime","name":"Dragon Ball Z Movie 01: Ora no Gohan wo Kaese!!","url":"https:\/\/myanimelist.net\/anime\/894\/Dragon_Ball_Z_Movie_01__Ora_no_Gohan_wo_Kaese"},{"mal_id":895,"type":"anime","name":"Dragon Ball Z Movie 02: Kono Yo de Ichiban Tsuyoi Yatsu","url":"https:\/\/myanimelist.net\/anime\/895\/Dragon_Ball_Z_Movie_02__Kono_Yo_de_Ichiban_Tsuyoi_Yatsu"},{"mal_id":896,"type":"anime","name":"Dragon Ball Z Movie 03: Chikyuu Marugoto Choukessen","url":"https:\/\/myanimelist.net\/anime\/896\/Dragon_Ball_Z_Movie_03__Chikyuu_Marugoto_Choukessen"},{"mal_id":897,"type":"anime","name":"Dragon Ball Z Movie 04: Super Saiyajin da Son Gokuu","url":"https:\/\/myanimelist.net\/anime\/897\/Dragon_Ball_Z_Movie_04__Super_Saiyajin_da_Son_Gokuu"},{"mal_id":898,"type":"anime","name":"Dragon Ball Z Movie 05: Tobikkiri no Saikyou tai Saikyou","url":"https:\/\/myanimelist.net\/anime\/898\/Dragon_Ball_Z_Movie_05__Tobikkiri_no_Saikyou_tai_Saikyou"},{"mal_id":899,"type":"anime","name":"Dragon Ball Z Movie 06: Gekitotsu!! 100-oku Power no Senshi-tachi","url":"https:\/\/myanimelist.net\/anime\/899\/Dragon_Ball_Z_Movie_06__Gekitotsu_100-oku_Power_no_Senshi-tachi"},{"mal_id":900,"type":"anime","name":"Dragon Ball Z Movie 07: Kyokugen Battle!! Sandai Super Saiyajin","url":"https:\/\/myanimelist.net\/anime\/900\/Dragon_Ball_Z_Movie_07__Kyokugen_Battle_Sandai_Super_Saiyajin"},{"mal_id":901,"type":"anime","name":"Dragon Ball Z Movie 08: Moetsukiro!! Nessen, Ressen, Chougekisen","url":"https:\/\/myanimelist.net\/anime\/901\/Dragon_Ball_Z_Movie_08__Moetsukiro_Nessen_Ressen_Chougekisen"},{"mal_id":902,"type":"anime","name":"Dragon Ball Z Movie 09: Ginga Girigiri!! Bucchigiri no Sugoi Yatsu","url":"https:\/\/myanimelist.net\/anime\/902\/Dragon_Ball_Z_Movie_09__Ginga_Girigiri_Bucchigiri_no_Sugoi_Yatsu"},{"mal_id":903,"type":"anime","name":"Dragon Ball Z Movie 10: Kiken na Futari! Super Senshi wa Nemurenai","url":"https:\/\/myanimelist.net\/anime\/903\/Dragon_Ball_Z_Movie_10__Kiken_na_Futari_Super_Senshi_wa_Nemurenai"},{"mal_id":904,"type":"anime","name":"Dragon Ball Z Movie 11: Super Senshi Gekiha!! Katsu no wa Ore da","url":"https:\/\/myanimelist.net\/anime\/904\/Dragon_Ball_Z_Movie_11__Super_Senshi_Gekiha_Katsu_no_wa_Ore_da"},{"mal_id":905,"type":"anime","name":"Dragon Ball Z Movie 12: Fukkatsu no Fusion!! Gokuu to Vegeta","url":"https:\/\/myanimelist.net\/anime\/905\/Dragon_Ball_Z_Movie_12__Fukkatsu_no_Fusion_Gokuu_to_Vegeta"},{"mal_id":906,"type":"anime","name":"Dragon Ball Z Movie 13: Ryuuken Bakuhatsu!! Gokuu ga Yaraneba Dare ga Yaru","url":"https:\/\/myanimelist.net\/anime\/906\/Dragon_Ball_Z_Movie_13__Ryuuken_Bakuhatsu_Gokuu_ga_Yaraneba_Dare_ga_Yaru"},{"mal_id":984,"type":"anime","name":"Dragon Ball Z: Saiya-jin Zetsumetsu Keikaku","url":"https:\/\/myanimelist.net\/anime\/984\/Dragon_Ball_Z__Saiya-jin_Zetsumetsu_Keikaku"},{"mal_id":985,"type":"anime","name":"Dragon Ball Z Special 2: Zetsubou e no Hankou!! Nokosareta Chousenshi - Gohan to Trunks","url":"https:\/\/myanimelist.net\/anime\/985\/Dragon_Ball_Z_Special_2__Zetsubou_e_no_Hankou_Nokosareta_Chousenshi_-_Gohan_to_Trunks"},{"mal_id":986,"type":"anime","name":"Dragon Ball Z Special 1: Tatta Hitori no Saishuu Kessen","url":"https:\/\/myanimelist.net\/anime\/986\/Dragon_Ball_Z_Special_1__Tatta_Hitori_no_Saishuu_Kessen"},{"mal_id":5152,"type":"anime","name":"Dragon Ball: Ossu! Kaettekita Son Gokuu to Nakama-tachi!!","url":"https:\/\/myanimelist.net\/anime\/5152\/Dragon_Ball__Ossu_Kaettekita_Son_Gokuu_to_Nakama-tachi"},{"mal_id":6714,"type":"anime","name":"Dragon Ball Z: Atsumare! Gokuu World","url":"https:\/\/myanimelist.net\/anime\/6714\/Dragon_Ball_Z__Atsumare_Gokuu_World"},{"mal_id":10017,"type":"anime","name":"Dragon Ball: Super Saiya-jin Zetsumetsu Keikaku","url":"https:\/\/myanimelist.net\/anime\/10017\/Dragon_Ball__Super_Saiya-jin_Zetsumetsu_Keikaku"},{"mal_id":12231,"type":"anime","name":"Dragon Ball: Episode of Bardock","url":"https:\/\/myanimelist.net\/anime\/12231\/Dragon_Ball__Episode_of_Bardock"},{"mal_id":14837,"type":"anime","name":"Dragon Ball Z Movie 14: Kami to Kami","url":"https:\/\/myanimelist.net\/anime\/14837\/Dragon_Ball_Z_Movie_14__Kami_to_Kami"},{"mal_id":22699,"type":"anime","name":"Dragon Ball Z: Zenbu Misemasu Toshi Wasure Dragon Ball Z!","url":"https:\/\/myanimelist.net\/anime\/22699\/Dragon_Ball_Z__Zenbu_Misemasu_Toshi_Wasure_Dragon_Ball_Z"},{"mal_id":25389,"type":"anime","name":"Dragon Ball Z Movie 15: Fukkatsu no \"F\"","url":"https:\/\/myanimelist.net\/anime\/25389\/Dragon_Ball_Z_Movie_15__Fukkatsu_no_F"},{"mal_id":30694,"type":"anime","name":"Dragon Ball Super","url":"https:\/\/myanimelist.net\/anime\/30694\/Dragon_Ball_Super"},{"mal_id":0,"type":"anime","name":"","url":"https:\/\/myanimelist.net\/anime\/\/-"}]},{"relation":"Alternative version","entry":[{"mal_id":6033,"type":"anime","name":"Dragon Ball Kai","url":"https:\/\/myanimelist.net\/anime\/6033\/Dragon_Ball_Kai"},{"mal_id":22777,"type":"anime","name":"Dragon Ball Kai (2014)","url":"https:\/\/myanimelist.net\/anime\/22777\/Dragon_Ball_Kai_2014"}]},{"relation":"Character","entry":[{"mal_id":23933,"type":"anime","name":"Kyutai Panic Adventure!","url":"https:\/\/myanimelist.net\/anime\/23933\/Kyutai_Panic_Adventure"},{"mal_id":23935,"type":"anime","name":"Kyutai Panic Adventure Returns!","url":"https:\/\/myanimelist.net\/anime\/23935\/Kyutai_Panic_Adventure_Returns"},{"mal_id":48617,"type":"anime","name":"Vegeta Super Yasaijin ni Narou-hen","url":"https:\/\/myanimelist.net\/anime\/48617\/Vegeta_Super_Yasaijin_ni_Narou-hen"},{"mal_id":52282,"type":"anime","name":"Dragon Ball Z x Kao","url":"https:\/\/myanimelist.net\/anime\/52282\/Dragon_Ball_Z_x_Kao"}]},{"relation":"Other","entry":[{"mal_id":37885,"type":"anime","name":"Super Dragon Ball Heroes","url":"https:\/\/myanimelist.net\/anime\/37885\/Super_Dragon_Ball_Heroes"},{"mal_id":56894,"type":"anime","name":"Dragon Ball Daima","url":"https:\/\/myanimelist.net\/anime\/56894\/Dragon_Ball_Daima"}]}],"theme":{"openings":["1: \"Cha-La Head-Cha-La\" by Hironobu Kageyama (eps 1-199)","2: \"We Gotta Power\" by Hironobu Kageyama (eps 200-291)"],"endings":["1: \"Dete Koi Tobikiri ZENKAI Power!\" by MANNA (eps 1-199)","2: \"Boku-tachi wa Tenshi datta\" by Hironobu Kageyama (eps 200-291)"]},"external":[{"name":"Official Site","url":"http:\/\/www.toei-anim.co.jp\/tv\/dragonz\/"},{"name":"AniDB","url":"https:\/\/anidb.net\/perl-bin\/animedb.pl?show=anime&aid=1530"},{"name":"ANN","url":"https:\/\/www.animenewsnetwork.com\/encyclopedia\/anime.php?id=244"},{"name":"Wikipedia","url":"http:\/\/en.wikipedia.org\/wiki\/Dragon_Ball_Z"},{"name":"Wikipedia","url":"https:\/\/ja.wikipedia.org\/wiki\/%E3%83%89%E3%83%A9%E3%82%B4%E3%83%B3%E3%83%9C%E3%83%BC%E3%83%ABZ"},{"name":"Syoboi","url":"https:\/\/cal.syoboi.jp\/tid\/1062"},{"name":"Bangumi","url":"https:\/\/bangumi.tv\/subject\/9005"}],"streaming":[{"name":"Crunchyroll","url":"http:\/\/www.crunchyroll.com\/series-282422"},{"name":"Funimation","url":"https:\/\/www.funimation.com\/shows\/dragon-ball-z"}]}}