{"data":{"mal_id":8246,"url":"https:\/\/myanimelist.net\/anime\/8246\/Naruto__Shippuuden_Movie_4_-_The_Lost_Tower","images":{"jpg":{"image_url":"https:\/\/cdn.myanimelist.net\/images\/anime\/1479\/116734.jpg","small_image_url":"https:\/\/cdn.myanimelist.net\/images\/anime\/1479\/116734t.jpg","large_image_url":"https:\/\/cdn.myanimelist.net\/images\/anime\/1479\/116734l.jpg"},"webp":{"image_url":"https:\/\/cdn.myanimelist.net\/images\/anime\/1479\/116734.webp","small_image_url":"https:\/\/cdn.myanimelist.net\/images\/anime\/1479\/116734t.webp","large_image_url":"https:\/\/cdn.myanimelist.net\/images\/anime\/1479\/116734l.webp"}},"trailer":{"youtube_id":"q4C4CZT8NTM","url":"https:\/\/www.youtube.com\/watch?v=q4C4CZT8NTM","embed_url":"https:\/\/www.youtube.com\/embed\/q4C4CZT8NTM?enablejsapi=1&wmode=opaque&autoplay=1","images":{"image_url":"https:\/\/img.youtube.com\/vi\/q4C4CZT8NTM\/default.jpg","small_image_url":"https:\/\/img.youtube.com\/vi\/q4C4CZT8NTM\/sddefault.jpg","medium_image_url":"https:\/\/img.youtube.com\/vi\/q4C4CZT8NTM\/mqdefault.jpg","large_image_url":"https:\/\/img.youtube.com\/vi\/q4C4CZT8NTM\/hqdefault.jpg","maximum_image_url":"https:\/\/img.youtube.com\/vi\/q4C4CZT8NTM\/maxresdefault.jpg"}},"approved":true,"titles":[{"type":"Default","title":"Naruto: Shippuuden Movie 4 - The Lost Tower"},{"type":"Synonym","title":"Naruto Movie 7"},{"type":"Synonym","title":"Gekijouban Naruto Shippuuden: The Lost Tower"},{"type":"Japanese","title":"\u5287\u5834\u7248 NARUTO-\u30ca\u30eb\u30c8-\u75be\u98a8\u4f1d \u30b6\u30fb\u30ed\u30b9\u30c8\u30bf\u30ef\u30fc"},{"type":"English","title":"Naruto Shippuden the Movie 4: The Lost Tower"},{"type":"German","title":"Naruto Shippuden Film 4: The Lost Tower"},{"type":"French","title":"Naruto Shippuden Film 4: The Lost Tower"}],"title":"Naruto: Shippuuden Movie 4 - The Lost Tower","title_english":"Naruto Shippuden the Movie 4: The Lost Tower","title_japanese":"\u5287\u5834\u7248 NARUTO-\u30ca\u30eb\u30c8-\u75be\u98a8\u4f1d \u30b6\u30fb\u30ed\u30b9\u30c8\u30bf\u30ef\u30fc","title_synonyms":["Naruto Movie 7","Gekijouban Naruto Shippuuden: The Lost Tower"],"type":"Movie","source":"Manga","episodes":1,"status":"Finished Airing","airing":false,"aired":{"from":"2010-07-31T00:00:00+00:00","to":null,"prop":{"from":{"day":31,"month":7,"year":2010},"to":{"day":null,"month":null,"year":null}},"string":"Jul 31, 2010"},"duration":"1 hr 25 min","rating":"PG-13 - Teens 13 or older","score":7.42,"scored_by":144914,"rank":2086,"popularity":932,"members":250815,"favorites":220,"synopsis":"Led by Yamato, Naruto Uzumaki, Sakura Haruno, and Sai are assigned to capture Mukade, a rogue ninja who is pursuing the ancient chakra Ryuumyaku located underneath the Rouran ruins. While the Ryuumyaku has been sealed by the Fourth Hokage, the group fails to prevent Mukade from releasing its power. Consequently, a strong energy burst engulfs both Naruto and Yamato before they can escape.\n\nAs he awakens in a magnificent yet hostile kingdom, Naruto meets its young queen Saara and three Konohagakure ninjas on a top-secret mission. They reveal to him that he has time-traveled to Rouran 20 years into the past! To make matters worse, Mukade has already infiltrated the royal court, becoming the naive queen's most trusted minister under the alias Anrokuzan.\n\nJoining forces with the three ninjas, Naruto must protect Saara's life without fail to stop the villain's plans and return to the present.\n\n[Written by MAL Rewrite]","background":"Naruto: Shippuuden Movie 4 - The Lost Tower is set approximately in between episodes 152-156 of the Naruto: Shippuuden anime series at the beginning of the \"Pain's Assault\" arc. Along with the film, an exclusive animated short feature named Naruto Soyokazeden Movie: Naruto to Mashin to Mitsu no Onegai Dattebayo!! was shown as well. To celebrate the movie's release on July 31, 2010, a one-hour episode titled \"Naruto Shippuuden Big Adventure! The Quest for the Fourth Hokage's Legacy\" was broadcasted on July 29, 2010. The DVD version was issued on April 27, 2011. The film was released in North America on September 17, 2013 by Viz Media. According to a Pia Corporation survey, Naruto: Shippuuden Movie 4 - The Lost Tower had been well received not only by children but also by women in their teens and 20s. The movie has an animanga adaptation as well, released exclusively in Japan on August 4, 2011.","season":null,"year":null,"broadcast":{"day":null,"time":null,"timezone":null,"string":null},"producers":[{"mal_id":245,"type":"anime","name":"TOHO","url":"https:\/\/myanimelist.net\/anime\/producer\/245\/TOHO"}],"licensors":[{"mal_id":119,"type":"anime","name":"VIZ Media","url":"https:\/\/myanimelist.net\/anime\/producer\/119\/VIZ_Media"}],"studios":[{"mal_id":1,"type":"anime","name":"Pierrot","url":"https:\/\/myanimelist.net\/anime\/producer\/1\/Pierrot"}],"genres":[{"mal_id":1,"type":"anime","name":"Action","url":"https:\/\/myanimelist.net\/anime\/genre\/1\/Action"},{"mal_id":2,"type":"anime","name":"Adventure","url":"https:\/\/myanimelist.net\/anime\/genre\/2\/Adventure"},{"mal_id":10,"type":"anime","name":"Fantasy","url":"https:\/\/myanimelist.net\/anime\/genre\/10\/Fantasy"}],"explicit_genres":[],"themes":[{"mal_id":78,"type":"anime","name":"Time Travel","url":"https:\/\/myanimelist.net\/anime\/genre\/78\/Time_Travel"}],"demographics":[{"mal_id":27,"type":"anime","name":"Shounen","url":"https:\/\/myanimelist.net\/anime\/genre\/27\/Shounen"}],"relations":[{"relation":"Adaptation","entry":[{"mal_id":96768,"type":"manga","name":"Gekijouban Naruto: Shippuuden - The Lost Tower","url":"https:\/\/myanimelist.net\/manga\/96768\/Gekijouban_Naruto__Shippuuden_-_The_Lost_Tower"}]},{"relation":"Parent story","entry":[{"mal_id":1735,"type":"anime","name":"Naruto: Shippuuden","url":"https:\/\/myanimelist.net\/anime\/1735\/Naruto__Shippuuden"}]},{"relation":"Other","entry":[{"mal_id":10659,"type":"anime","name":"Naruto Soyokazeden Movie: Naruto to Mashin to Mitsu no Onegai Dattebayo!!","url":"https:\/\/myanimelist.net\/anime\/10659\/Naruto_Soyokazeden_Movie__Naruto_to_Mashin_to_Mitsu_no_Onegai_Dattebayo"}]}],"theme":{"openings":[],"endings":["\"if\" by Kana Nishino"]},"external":[{"name":"Official Site","url":"http:\/\/www.tv-tokyo.co.jp\/anime\/naruto\/movie10\/"},{"name":"AniDB","url":"https:\/\/anidb.net\/perl-bin\/animedb.pl?show=anime&aid=7483"},{"name":"ANN","url":"https:\/\/www.animenewsnetwork.com\/encyclopedia\/anime.php?id=11422"},{"name":"Wikipedia","url":"http:\/\/en.wikipedia.org\/wiki\/Naruto_Shippuden_4:_The_Lost_Tower"}],"streaming":[{"name":"Crunchyroll","url":"http:\/\/www.crunchyroll.com\/series-278872"},{"name":"Netflix","url":"https:\/\/www.netflix.com\/"}]}}