{"data":{"mal_id":8331,"url":"https:\/\/myanimelist.net\/anime\/8331\/Detective_Conan_Magic_File_4__Osaka_Okonomiyaki_Odyssey","images":{"jpg":{"image_url":"https:\/\/cdn.myanimelist.net\/images\/anime\/2\/21912.jpg","small_image_url":"https:\/\/cdn.myanimelist.net\/images\/anime\/2\/21912t.jpg","large_image_url":"https:\/\/cdn.myanimelist.net\/images\/anime\/2\/21912l.jpg"},"webp":{"image_url":"https:\/\/cdn.myanimelist.net\/images\/anime\/2\/21912.webp","small_image_url":"https:\/\/cdn.myanimelist.net\/images\/anime\/2\/21912t.webp","large_image_url":"https:\/\/cdn.myanimelist.net\/images\/anime\/2\/21912l.webp"}},"trailer":{"youtube_id":null,"url":null,"embed_url":null,"images":{"image_url":null,"small_image_url":null,"medium_image_url":null,"large_image_url":null,"maximum_image_url":null}},"approved":true,"titles":[{"type":"Default","title":"Detective Conan Magic File 4: Osaka Okonomiyaki Odyssey"},{"type":"Synonym","title":"Meitantei Conan: Osaka Okonomiyaki Odyssey"},{"type":"Japanese","title":"\u540d\u63a2\u5075\u30b3\u30ca\u30f3MAGIC FILE 4 \uff5e\u5927\u962a\u304a\u597d\u307f\u713c\u304d\u30aa\u30c7\u30c3\u30bb\u30a4\uff5e"}],"title":"Detective Conan Magic File 4: Osaka Okonomiyaki Odyssey","title_english":null,"title_japanese":"\u540d\u63a2\u5075\u30b3\u30ca\u30f3MAGIC FILE 4 \uff5e\u5927\u962a\u304a\u597d\u307f\u713c\u304d\u30aa\u30c7\u30c3\u30bb\u30a4\uff5e","title_synonyms":["Meitantei Conan: Osaka Okonomiyaki Odyssey"],"type":"OVA","source":"Manga","episodes":1,"status":"Finished Airing","airing":false,"aired":{"from":"2010-04-17T00:00:00+00:00","to":null,"prop":{"from":{"day":17,"month":4,"year":2010},"to":{"day":null,"month":null,"year":null}},"string":"Apr 17, 2010"},"duration":"25 min","rating":"PG-13 - Teens 13 or older","score":7.48,"scored_by":5215,"rank":1849,"popularity":5857,"members":11488,"favorites":13,"synopsis":"Another special to accompany the release of the 14th feature film, The Lost Ship in the Sky. Along with a number of previous episodes, the original episode contained within will take place after the events of the film.","background":null,"season":null,"year":null,"broadcast":{"day":null,"time":null,"timezone":null,"string":null},"producers":[{"mal_id":62,"type":"anime","name":"Shogakukan-Shueisha Productions","url":"https:\/\/myanimelist.net\/anime\/producer\/62\/Shogakukan-Shueisha_Productions"},{"mal_id":65,"type":"anime","name":"Tokyo Movie Shinsha","url":"https:\/\/myanimelist.net\/anime\/producer\/65\/Tokyo_Movie_Shinsha"}],"licensors":[],"studios":[],"genres":[{"mal_id":4,"type":"anime","name":"Comedy","url":"https:\/\/myanimelist.net\/anime\/genre\/4\/Comedy"},{"mal_id":7,"type":"anime","name":"Mystery","url":"https:\/\/myanimelist.net\/anime\/genre\/7\/Mystery"}],"explicit_genres":[],"themes":[{"mal_id":39,"type":"anime","name":"Detective","url":"https:\/\/myanimelist.net\/anime\/genre\/39\/Detective"}],"demographics":[{"mal_id":27,"type":"anime","name":"Shounen","url":"https:\/\/myanimelist.net\/anime\/genre\/27\/Shounen"}],"relations":[{"relation":"Parent story","entry":[{"mal_id":235,"type":"anime","name":"Detective Conan","url":"https:\/\/myanimelist.net\/anime\/235\/Detective_Conan"},{"mal_id":6467,"type":"anime","name":"Detective Conan Movie 14: The Lost Ship in the Sky","url":"https:\/\/myanimelist.net\/anime\/6467\/Detective_Conan_Movie_14__The_Lost_Ship_in_the_Sky"}]}],"theme":{"openings":[],"endings":[]},"external":[{"name":"Official Site","url":"http:\/\/www.conan-movie.jp\/info\/dvd_m_file4.html"},{"name":"AniDB","url":"https:\/\/anidb.net\/perl-bin\/animedb.pl?show=anime&aid=7537"},{"name":"ANN","url":"https:\/\/www.animenewsnetwork.com\/encyclopedia\/anime.php?id=11693"},{"name":"Wikipedia","url":"http:\/\/en.wikipedia.org\/wiki\/Detective_Conan"}],"streaming":[]}}