{"data":{"mal_id":8408,"url":"https:\/\/myanimelist.net\/anime\/8408\/Durarara_Specials","images":{"jpg":{"image_url":"https:\/\/cdn.myanimelist.net\/images\/anime\/4\/28684.jpg","small_image_url":"https:\/\/cdn.myanimelist.net\/images\/anime\/4\/28684t.jpg","large_image_url":"https:\/\/cdn.myanimelist.net\/images\/anime\/4\/28684l.jpg"},"webp":{"image_url":"https:\/\/cdn.myanimelist.net\/images\/anime\/4\/28684.webp","small_image_url":"https:\/\/cdn.myanimelist.net\/images\/anime\/4\/28684t.webp","large_image_url":"https:\/\/cdn.myanimelist.net\/images\/anime\/4\/28684l.webp"}},"trailer":{"youtube_id":null,"url":null,"embed_url":null,"images":{"image_url":null,"small_image_url":null,"medium_image_url":null,"large_image_url":null,"maximum_image_url":null}},"approved":true,"titles":[{"type":"Default","title":"Durarara!! Specials"},{"type":"Synonym","title":"Durarara!! Episode 12.5"},{"type":"Synonym","title":"Durarara!! Episode 25"},{"type":"Synonym","title":"Dhurarara!!"},{"type":"Synonym","title":"Dyurarara!!"},{"type":"Synonym","title":"Dulalala!!"},{"type":"Synonym","title":"Dullalala!!"},{"type":"Synonym","title":"DRRR!! OVA"},{"type":"Japanese","title":"\u30c7\u30e5\u30e9\u30e9\u30e9!!"},{"type":"English","title":"Durarara!! Specials"}],"title":"Durarara!! Specials","title_english":"Durarara!! Specials","title_japanese":"\u30c7\u30e5\u30e9\u30e9\u30e9!!","title_synonyms":["Durarara!! Episode 12.5","Durarara!! Episode 25","Dhurarara!!","Dyurarara!!","Dulalala!!","Dullalala!!","DRRR!! OVA"],"type":"Special","source":"Light novel","episodes":2,"status":"Finished Airing","airing":false,"aired":{"from":"2010-08-25T00:00:00+00:00","to":"2011-02-23T00:00:00+00:00","prop":{"from":{"day":25,"month":8,"year":2010},"to":{"day":23,"month":2,"year":2011}},"string":"Aug 25, 2010 to Feb 23, 2011"},"duration":"23 min per ep","rating":"R - 17+ (violence & profanity)","score":7.85,"scored_by":93264,"rank":858,"popularity":1360,"members":166671,"favorites":156,"synopsis":"Celty Sturluson is tasked to deliver a suspicious red handbag as part of her courier duties\u2014the problem is: it is being sought by several organizations. As she makes her way through Ikebukuro toward the place the bag is supposed to be brought to, she is chased by mysterious men speaking a foreign language, and her package ends up dragging many of the city's residents into the conflict.\n\nSubsequently, famous actor Yuuhei Hanejima has just arrived in Ikebukuro as part of a special TV program, searching for the best couple to give them a chance to appear in one of his movies. However, Yuuhei Hanejima is actually a stage name for Kasuka Heiwajima, Shizuo's younger brother, and when an anonymous internet user threatens to kill the superstar, this user learns the weight of what that relationship means. Moreover, Shizuo discovers that the one responsible for the attempted attack is the meddlesome pest that he loathes with a burning passion.\n\n[Written by MAL Rewrite]","background":null,"season":null,"year":null,"broadcast":{"day":null,"time":null,"timezone":null,"string":null},"producers":[{"mal_id":17,"type":"anime","name":"Aniplex","url":"https:\/\/myanimelist.net\/anime\/producer\/17\/Aniplex"}],"licensors":[{"mal_id":493,"type":"anime","name":"Aniplex of America","url":"https:\/\/myanimelist.net\/anime\/producer\/493\/Aniplex_of_America"}],"studios":[{"mal_id":112,"type":"anime","name":"Brain's Base","url":"https:\/\/myanimelist.net\/anime\/producer\/112\/Brains_Base"}],"genres":[{"mal_id":1,"type":"anime","name":"Action","url":"https:\/\/myanimelist.net\/anime\/genre\/1\/Action"},{"mal_id":4,"type":"anime","name":"Comedy","url":"https:\/\/myanimelist.net\/anime\/genre\/4\/Comedy"},{"mal_id":37,"type":"anime","name":"Supernatural","url":"https:\/\/myanimelist.net\/anime\/genre\/37\/Supernatural"}],"explicit_genres":[],"themes":[],"demographics":[],"relations":[{"relation":"Parent story","entry":[{"mal_id":6746,"type":"anime","name":"Durarara!!","url":"https:\/\/myanimelist.net\/anime\/6746\/Durarara"}]}],"theme":{"openings":["1: \"Uragiri no Yuuyake (\u88cf\u5207\u308a\u306e\u5915\u713c\u3051; Sunset of Betrayal)\" by Theatre Brook (eps 12.5)","2: \"Complication (\u30b3\u30f3\u30d7\u30ea\u30b1\u30a4\u30b7\u30e7\u30f3)\" by ROOKiEZ is PUNK'D (eps 25)"],"endings":["1: \"Trust Me\" by Yuya Matsushita (eps 12.5)","2: \"Butterfly\" by ON\/OFF (eps 25)"]},"external":[{"name":"Official Site","url":"http:\/\/www.durarara.com\/1st\/special\/"},{"name":"AniDB","url":"https:\/\/anidb.net\/perl-bin\/animedb.pl?show=anime&aid=6671"},{"name":"ANN","url":"https:\/\/www.animenewsnetwork.com\/encyclopedia\/anime.php?id=10947"},{"name":"Wikipedia","url":"http:\/\/en.wikipedia.org\/wiki\/Durarara!!"}],"streaming":[]}}