{"data":{"mal_id":8532,"url":"https:\/\/myanimelist.net\/anime\/8532\/Katekyou_Hitman_Reborn_Vongola_Family_Soutoujou_Vongola_Shiki_Shuugakuryokou_Kuru","images":{"jpg":{"image_url":"https:\/\/cdn.myanimelist.net\/images\/anime\/7\/27088.jpg","small_image_url":"https:\/\/cdn.myanimelist.net\/images\/anime\/7\/27088t.jpg","large_image_url":"https:\/\/cdn.myanimelist.net\/images\/anime\/7\/27088l.jpg"},"webp":{"image_url":"https:\/\/cdn.myanimelist.net\/images\/anime\/7\/27088.webp","small_image_url":"https:\/\/cdn.myanimelist.net\/images\/anime\/7\/27088t.webp","large_image_url":"https:\/\/cdn.myanimelist.net\/images\/anime\/7\/27088l.webp"}},"trailer":{"youtube_id":null,"url":null,"embed_url":null,"images":{"image_url":null,"small_image_url":null,"medium_image_url":null,"large_image_url":null,"maximum_image_url":null}},"approved":true,"titles":[{"type":"Default","title":"Katekyou Hitman Reborn! Vongola Family Soutoujou! Vongola Shiki Shuugakuryokou, Kuru!!"},{"type":"Synonym","title":"Katekyou Hitman Reborn! Special"},{"type":"Japanese","title":"\u5bb6\u5ead\u6559\u5e2b\u30d2\u30c3\u30c8\u30de\u30f3REBORN! \u30dc\u30f3\u30b4\u30ec\u30d5\u30a1\u30df\u30ea\u30fc\u7dcf\u767b\u5834! \u30dc\u30f3\u30b4\u30ec\u5f0f\u4fee\u5b66\u65c5\u884c\u3001\u6765\u308b!!"},{"type":"English","title":"Reborn! Here Comes a Vongola Family-Style School Trip!"}],"title":"Katekyou Hitman Reborn! Vongola Family Soutoujou! Vongola Shiki Shuugakuryokou, Kuru!!","title_english":"Reborn! Here Comes a Vongola Family-Style School Trip!","title_japanese":"\u5bb6\u5ead\u6559\u5e2b\u30d2\u30c3\u30c8\u30de\u30f3REBORN! \u30dc\u30f3\u30b4\u30ec\u30d5\u30a1\u30df\u30ea\u30fc\u7dcf\u767b\u5834! \u30dc\u30f3\u30b4\u30ec\u5f0f\u4fee\u5b66\u65c5\u884c\u3001\u6765\u308b!!","title_synonyms":["Katekyou Hitman Reborn! Special"],"type":"ONA","source":"Manga","episodes":1,"status":"Finished Airing","airing":false,"aired":{"from":"2010-03-01T00:00:00+00:00","to":null,"prop":{"from":{"day":1,"month":3,"year":2010},"to":{"day":null,"month":null,"year":null}},"string":"Mar 2010"},"duration":"26 min","rating":"PG-13 - Teens 13 or older","score":7.53,"scored_by":14204,"rank":1688,"popularity":4018,"members":28512,"favorites":96,"synopsis":"An internet-only stand-alone special episode of Katekyou Hitman Reborn! on the Shounen-Jump website, where the main characters go to various tourist spots in Japan. It will be made available on DVD in July 2010, and extra scenes will be included.","background":null,"season":null,"year":null,"broadcast":{"day":null,"time":null,"timezone":null,"string":null},"producers":[],"licensors":[],"studios":[{"mal_id":8,"type":"anime","name":"Artland","url":"https:\/\/myanimelist.net\/anime\/producer\/8\/Artland"}],"genres":[{"mal_id":4,"type":"anime","name":"Comedy","url":"https:\/\/myanimelist.net\/anime\/genre\/4\/Comedy"}],"explicit_genres":[],"themes":[],"demographics":[{"mal_id":27,"type":"anime","name":"Shounen","url":"https:\/\/myanimelist.net\/anime\/genre\/27\/Shounen"}],"relations":[{"relation":"Parent story","entry":[{"mal_id":1604,"type":"anime","name":"Katekyou Hitman Reborn!","url":"https:\/\/myanimelist.net\/anime\/1604\/Katekyou_Hitman_Reborn"}]}],"theme":{"openings":["\"Drawing Days\" by SPLAY"],"endings":[]},"external":[{"name":"Official Site","url":"http:\/\/www.shonenjump.com\/j\/sp_reborn_spring\/anime.html"},{"name":"AniDB","url":"https:\/\/anidb.net\/perl-bin\/animedb.pl?show=anime&aid=4747"},{"name":"Wikipedia","url":"http:\/\/en.wikipedia.org\/wiki\/Reborn!"}],"streaming":[]}}