{"data":{"mal_id":8675,"url":"https:\/\/myanimelist.net\/anime\/8675\/Seitokai_Yakuindomo","images":{"jpg":{"image_url":"https:\/\/cdn.myanimelist.net\/images\/anime\/4\/75550.jpg","small_image_url":"https:\/\/cdn.myanimelist.net\/images\/anime\/4\/75550t.jpg","large_image_url":"https:\/\/cdn.myanimelist.net\/images\/anime\/4\/75550l.jpg"},"webp":{"image_url":"https:\/\/cdn.myanimelist.net\/images\/anime\/4\/75550.webp","small_image_url":"https:\/\/cdn.myanimelist.net\/images\/anime\/4\/75550t.webp","large_image_url":"https:\/\/cdn.myanimelist.net\/images\/anime\/4\/75550l.webp"}},"trailer":{"youtube_id":"vzfkD0wz7_Y","url":"https:\/\/www.youtube.com\/watch?v=vzfkD0wz7_Y","embed_url":"https:\/\/www.youtube.com\/embed\/vzfkD0wz7_Y?enablejsapi=1&wmode=opaque&autoplay=1","images":{"image_url":"https:\/\/img.youtube.com\/vi\/vzfkD0wz7_Y\/default.jpg","small_image_url":"https:\/\/img.youtube.com\/vi\/vzfkD0wz7_Y\/sddefault.jpg","medium_image_url":"https:\/\/img.youtube.com\/vi\/vzfkD0wz7_Y\/mqdefault.jpg","large_image_url":"https:\/\/img.youtube.com\/vi\/vzfkD0wz7_Y\/hqdefault.jpg","maximum_image_url":"https:\/\/img.youtube.com\/vi\/vzfkD0wz7_Y\/maxresdefault.jpg"}},"approved":true,"titles":[{"type":"Default","title":"Seitokai Yakuindomo"},{"type":"Synonym","title":"SYD"},{"type":"Japanese","title":"\u751f\u5f92\u4f1a\u5f79\u54e1\u5171"},{"type":"English","title":"Student Council Staff Members"}],"title":"Seitokai Yakuindomo","title_english":"Student Council Staff Members","title_japanese":"\u751f\u5f92\u4f1a\u5f79\u54e1\u5171","title_synonyms":["SYD"],"type":"TV","source":"4-koma manga","episodes":13,"status":"Finished Airing","airing":false,"aired":{"from":"2010-07-04T00:00:00+00:00","to":"2010-09-26T00:00:00+00:00","prop":{"from":{"day":4,"month":7,"year":2010},"to":{"day":26,"month":9,"year":2010}},"string":"Jul 4, 2010 to Sep 26, 2010"},"duration":"24 min per ep","rating":"R - 17+ (violence & profanity)","score":7.55,"scored_by":218630,"rank":1605,"popularity":444,"members":485054,"favorites":3300,"synopsis":"On his first day of high school at the formerly all-girl's Ousai Private Academy, Takatoshi Tsuda is called out for his untidy uniform by the student council president Shino Amakusa. In apology for delaying Takatoshi for his first class\u2014and stating that the group needs a male point of view to accommodate the arrival of boys at the school\u2014Shino offers him the position of vice president of the student council. Though unwilling, Takatoshi finds himself appointed as the newest member of the student council having yet to even step foot inside the school building.\n\nTakatoshi soon realizes that the other student council members who are more than a little strange: President Shino, who is studious and serious in appearance, but actually a huge pervert, fascinated with the erotic and constantly making lewd jokes; the secretary Aria Shichijou, who may seem like a typical sheltered rich girl, but is just as risque as the president, if not more so; and finally, the treasurer Suzu Hagimura, who may act fairly normal, but has the body of an elementary school student and is extremely self-conscious of it. Surrounded by these colorful characters, the new vice president must now work through a nonstop assault of sexual humor and insanity.\n\n[Written by MAL Rewrite]","background":"Advance screening on May 29th. The regular TV airing started on July 4th.","season":"summer","year":2010,"broadcast":{"day":"Sundays","time":"00:30","timezone":"Asia\/Tokyo","string":"Sundays at 00:30 (JST)"},"producers":[{"mal_id":92,"type":"anime","name":"Starchild Records","url":"https:\/\/myanimelist.net\/anime\/producer\/92\/Starchild_Records"},{"mal_id":399,"type":"anime","name":"Dream Force","url":"https:\/\/myanimelist.net\/anime\/producer\/399\/Dream_Force"}],"licensors":[{"mal_id":376,"type":"anime","name":"Sentai Filmworks","url":"https:\/\/myanimelist.net\/anime\/producer\/376\/Sentai_Filmworks"}],"studios":[{"mal_id":309,"type":"anime","name":"GoHands","url":"https:\/\/myanimelist.net\/anime\/producer\/309\/GoHands"}],"genres":[{"mal_id":4,"type":"anime","name":"Comedy","url":"https:\/\/myanimelist.net\/anime\/genre\/4\/Comedy"}],"explicit_genres":[],"themes":[{"mal_id":57,"type":"anime","name":"Gag Humor","url":"https:\/\/myanimelist.net\/anime\/genre\/57\/Gag_Humor"},{"mal_id":23,"type":"anime","name":"School","url":"https:\/\/myanimelist.net\/anime\/genre\/23\/School"}],"demographics":[{"mal_id":27,"type":"anime","name":"Shounen","url":"https:\/\/myanimelist.net\/anime\/genre\/27\/Shounen"}],"relations":[{"relation":"Adaptation","entry":[{"mal_id":14110,"type":"manga","name":"Seitokai Yakuindomo","url":"https:\/\/myanimelist.net\/manga\/14110\/Seitokai_Yakuindomo"}]},{"relation":"Sequel","entry":[{"mal_id":10119,"type":"anime","name":"Seitokai Yakuindomo OVA","url":"https:\/\/myanimelist.net\/anime\/10119\/Seitokai_Yakuindomo_OVA"}]}],"theme":{"openings":["\"Yamato Nadeshiko Education (\u5927\u548c\u64ab\u5b50\u30a8\u30c7\u30e5\u30b1\u30a4\u30b7\u30e7\u30f3)\" by Triple Booking"],"endings":["\"Aoi Haru (\u84bc\u3044\u6625)\" by angela"]},"external":[{"name":"Official Site","url":"http:\/\/www.starchild.co.jp\/special\/seitokai\/"},{"name":"AniDB","url":"https:\/\/anidb.net\/perl-bin\/animedb.pl?show=anime&aid=7532"},{"name":"ANN","url":"https:\/\/www.animenewsnetwork.com\/encyclopedia\/anime.php?id=11476"},{"name":"Wikipedia","url":"http:\/\/en.wikipedia.org\/wiki\/Seitokai_Yakuindomo"}],"streaming":[]}}