{"data":{"mal_id":875,"url":"https:\/\/myanimelist.net\/anime\/875\/Mind_Game","images":{"jpg":{"image_url":"https:\/\/cdn.myanimelist.net\/images\/anime\/1861\/112656.jpg","small_image_url":"https:\/\/cdn.myanimelist.net\/images\/anime\/1861\/112656t.jpg","large_image_url":"https:\/\/cdn.myanimelist.net\/images\/anime\/1861\/112656l.jpg"},"webp":{"image_url":"https:\/\/cdn.myanimelist.net\/images\/anime\/1861\/112656.webp","small_image_url":"https:\/\/cdn.myanimelist.net\/images\/anime\/1861\/112656t.webp","large_image_url":"https:\/\/cdn.myanimelist.net\/images\/anime\/1861\/112656l.webp"}},"trailer":{"youtube_id":null,"url":null,"embed_url":null,"images":{"image_url":null,"small_image_url":null,"medium_image_url":null,"large_image_url":null,"maximum_image_url":null}},"approved":true,"titles":[{"type":"Default","title":"Mind Game"},{"type":"Synonym","title":"Mindgame"},{"type":"Japanese","title":"\u30de\u30a4\u30f3\u30c9\u30fb\u30b2\u30fc\u30e0"}],"title":"Mind Game","title_english":null,"title_japanese":"\u30de\u30a4\u30f3\u30c9\u30fb\u30b2\u30fc\u30e0","title_synonyms":["Mindgame"],"type":"Movie","source":"Manga","episodes":1,"status":"Finished Airing","airing":false,"aired":{"from":"2004-08-07T00:00:00+00:00","to":null,"prop":{"from":{"day":7,"month":8,"year":2004},"to":{"day":null,"month":null,"year":null}},"string":"Aug 7, 2004"},"duration":"1 hr 43 min","rating":"R - 17+ (violence & profanity)","score":7.78,"scored_by":31204,"rank":996,"popularity":2229,"members":84122,"favorites":1082,"synopsis":"After seeing her jump onto a subway at the last second and getting her ankle crushed between the doors, Nishi reconnects with his high school sweetheart, Myon. Nishi is still very much in love with Myon, but is shocked to learn that she is engaged to another man. Nishi agrees to meet Myon's fianc\u00e9 at her family's Yakitori restaurant, but members of the Yakuza storm the joint and murder Nishi when he tries to stop them from raping Myon.\n\nNishi, now dead, wakes up and meets a constantly shapeshifting god, who mocks him for dying. The god tells Nishi to walk into a portal and disappear from existence, which Nishi rejects, choosing instead to sprint past the god and reanimate. With a new outlook on life and knowledge of how the Yakuza are going to attack him, Nishi kills one of the Yakuza with his own gun, fleeing in a stolen car with Myon and her sister.\n\nAcclaimed director Masaaki Yuasa's debut film, Mind Game's constantly shifting visuals tell a story about living one's life without regrets that is unlike any other.\n\n[Written by MAL Rewrite]","background":"The film was awarded the Animation Division Grand Prize at the 2004 Japan Media Arts Festival. It also won the Oufuji Noburou Award at the 2005 Mainichi Film Awards. Also in 2005 it won the Best Film, Best Director (tying with Survive Style 5 +), Best Script (tying with Survive Style 5 +), Special Award \u2013 Visual Accomplishment, and the Audience Award for the Best Animation Film during the Fantasia Festival in Canada.","season":null,"year":null,"broadcast":{"day":null,"time":null,"timezone":null,"string":null},"producers":[{"mal_id":1584,"type":"anime","name":"Beyond C.","url":"https:\/\/myanimelist.net\/anime\/producer\/1584\/Beyond_C"}],"licensors":[{"mal_id":783,"type":"anime","name":"GKIDS","url":"https:\/\/myanimelist.net\/anime\/producer\/783\/GKIDS"}],"studios":[{"mal_id":13,"type":"anime","name":"Studio 4\u00b0C","url":"https:\/\/myanimelist.net\/anime\/producer\/13\/Studio_4%C2%B0C"}],"genres":[{"mal_id":2,"type":"anime","name":"Adventure","url":"https:\/\/myanimelist.net\/anime\/genre\/2\/Adventure"},{"mal_id":5,"type":"anime","name":"Avant Garde","url":"https:\/\/myanimelist.net\/anime\/genre\/5\/Avant_Garde"},{"mal_id":46,"type":"anime","name":"Award Winning","url":"https:\/\/myanimelist.net\/anime\/genre\/46\/Award_Winning"},{"mal_id":4,"type":"anime","name":"Comedy","url":"https:\/\/myanimelist.net\/anime\/genre\/4\/Comedy"},{"mal_id":22,"type":"anime","name":"Romance","url":"https:\/\/myanimelist.net\/anime\/genre\/22\/Romance"}],"explicit_genres":[],"themes":[{"mal_id":50,"type":"anime","name":"Adult Cast","url":"https:\/\/myanimelist.net\/anime\/genre\/50\/Adult_Cast"},{"mal_id":40,"type":"anime","name":"Psychological","url":"https:\/\/myanimelist.net\/anime\/genre\/40\/Psychological"}],"demographics":[],"relations":[{"relation":"Adaptation","entry":[{"mal_id":73265,"type":"manga","name":"Mind Game","url":"https:\/\/myanimelist.net\/manga\/73265\/Mind_Game"}]}],"theme":{"openings":[],"endings":["\"Saisho de Saigo no Koi\" by Fayray"]},"external":[{"name":"Official Site","url":"http:\/\/www.mindgame.jp\/"},{"name":"AniDB","url":"https:\/\/anidb.net\/perl-bin\/animedb.pl?show=anime&aid=1834"},{"name":"ANN","url":"https:\/\/www.animenewsnetwork.com\/encyclopedia\/anime.php?id=4363"},{"name":"Wikipedia","url":"http:\/\/en.wikipedia.org\/wiki\/Mind_Game_%28film%29"}],"streaming":[]}}