{"data":{"mal_id":877,"url":"https:\/\/myanimelist.net\/anime\/877\/Nana","images":{"jpg":{"image_url":"https:\/\/cdn.myanimelist.net\/images\/anime\/2\/11232.jpg","small_image_url":"https:\/\/cdn.myanimelist.net\/images\/anime\/2\/11232t.jpg","large_image_url":"https:\/\/cdn.myanimelist.net\/images\/anime\/2\/11232l.jpg"},"webp":{"image_url":"https:\/\/cdn.myanimelist.net\/images\/anime\/2\/11232.webp","small_image_url":"https:\/\/cdn.myanimelist.net\/images\/anime\/2\/11232t.webp","large_image_url":"https:\/\/cdn.myanimelist.net\/images\/anime\/2\/11232l.webp"}},"trailer":{"youtube_id":"NtXI90cMN10","url":"https:\/\/www.youtube.com\/watch?v=NtXI90cMN10","embed_url":"https:\/\/www.youtube.com\/embed\/NtXI90cMN10?enablejsapi=1&wmode=opaque&autoplay=1","images":{"image_url":"https:\/\/img.youtube.com\/vi\/NtXI90cMN10\/default.jpg","small_image_url":"https:\/\/img.youtube.com\/vi\/NtXI90cMN10\/sddefault.jpg","medium_image_url":"https:\/\/img.youtube.com\/vi\/NtXI90cMN10\/mqdefault.jpg","large_image_url":"https:\/\/img.youtube.com\/vi\/NtXI90cMN10\/hqdefault.jpg","maximum_image_url":"https:\/\/img.youtube.com\/vi\/NtXI90cMN10\/maxresdefault.jpg"}},"approved":true,"titles":[{"type":"Default","title":"Nana"},{"type":"Japanese","title":"NANA [\u30ca\u30ca]"},{"type":"English","title":"Nana"}],"title":"Nana","title_english":"Nana","title_japanese":"NANA [\u30ca\u30ca]","title_synonyms":[],"type":"TV","source":"Manga","episodes":47,"status":"Finished Airing","airing":false,"aired":{"from":"2006-04-05T00:00:00+00:00","to":"2007-03-28T00:00:00+00:00","prop":{"from":{"day":5,"month":4,"year":2006},"to":{"day":28,"month":3,"year":2007}},"string":"Apr 5, 2006 to Mar 28, 2007"},"duration":"23 min per ep","rating":"R+ - Mild Nudity","score":8.54,"scored_by":243909,"rank":110,"popularity":312,"members":639400,"favorites":28426,"synopsis":"Departing from their respective hometowns, two young women with identical names are brought together in their pursuit of new beginnings. With their hearts set on going to Tokyo, Nana Komatsu dreams about blissful love, while Nana Osaki aims for a successful music career.\n\nThe former has a cheerful and friendly nature, but her naivety has steered her romantic life astray until she meets her dependable boyfriend\u2014Shouji Endo. Without letting herself be dismayed by Shouji's decision to study in Tokyo, Nana works hard to earn enough money and follow him there. Meanwhile, her namesake is a solitary punk vocalist whose impassioned romance with her band's bassist, Ren Honjou, comes to a sudden end. Though heartbroken, Nana bravely looks forward and travels to the capital with the ambition of becoming a recognized artist.\n\nShortly after they arrive in Tokyo, the girls cross paths again due to an unexpected coincidence that ultimately leads them to live under the same roof. As they grow closer, the two strive to support one another amid their struggles to forge a future for themselves.\n\n[Written by MAL Rewrite]","background":"After the release of the first episode on April 5, 2006, Nana's highest TV rating was 6.3% in the Kanto region, making it the first late-night anime to reach the top 10 of the weekly audience ranking. In Japan, VAP published 17 DVDs of the series between July 7, 2006 and November 21, 2007. In North America, four DVD box sets were released by Viz Media from September 2009 to April 2010. The company also released an English dub version, which premiered on the Funimation Channel on September 19, 2009. Sentai Filmworks licensed the series in 2021 after Viz Media lost its rights. Nana inspired a couple of tribute albums, the most notable of them being \"Love for Nana - Only 1 Tribute,\" which was released by EMI Music Japan on March 16, 2005.","season":"spring","year":2006,"broadcast":{"day":"Wednesdays","time":"23:25","timezone":"Asia\/Tokyo","string":"Wednesdays at 23:25 (JST)"},"producers":[{"mal_id":29,"type":"anime","name":"VAP","url":"https:\/\/myanimelist.net\/anime\/producer\/29\/VAP"},{"mal_id":1003,"type":"anime","name":"Nippon Television Network","url":"https:\/\/myanimelist.net\/anime\/producer\/1003\/Nippon_Television_Network"},{"mal_id":1365,"type":"anime","name":"Shueisha","url":"https:\/\/myanimelist.net\/anime\/producer\/1365\/Shueisha"}],"licensors":[{"mal_id":119,"type":"anime","name":"VIZ Media","url":"https:\/\/myanimelist.net\/anime\/producer\/119\/VIZ_Media"},{"mal_id":376,"type":"anime","name":"Sentai Filmworks","url":"https:\/\/myanimelist.net\/anime\/producer\/376\/Sentai_Filmworks"}],"studios":[{"mal_id":11,"type":"anime","name":"Madhouse","url":"https:\/\/myanimelist.net\/anime\/producer\/11\/Madhouse"}],"genres":[{"mal_id":8,"type":"anime","name":"Drama","url":"https:\/\/myanimelist.net\/anime\/genre\/8\/Drama"},{"mal_id":22,"type":"anime","name":"Romance","url":"https:\/\/myanimelist.net\/anime\/genre\/22\/Romance"}],"explicit_genres":[],"themes":[{"mal_id":50,"type":"anime","name":"Adult Cast","url":"https:\/\/myanimelist.net\/anime\/genre\/50\/Adult_Cast"},{"mal_id":64,"type":"anime","name":"Love Polygon","url":"https:\/\/myanimelist.net\/anime\/genre\/64\/Love_Polygon"},{"mal_id":19,"type":"anime","name":"Music","url":"https:\/\/myanimelist.net\/anime\/genre\/19\/Music"}],"demographics":[{"mal_id":25,"type":"anime","name":"Shoujo","url":"https:\/\/myanimelist.net\/anime\/genre\/25\/Shoujo"}],"relations":[{"relation":"Adaptation","entry":[{"mal_id":28,"type":"manga","name":"Nana","url":"https:\/\/myanimelist.net\/manga\/28\/Nana"}]},{"relation":"Summary","entry":[{"mal_id":1869,"type":"anime","name":"Nana Recaps","url":"https:\/\/myanimelist.net\/anime\/1869\/Nana_Recaps"}]}],"theme":{"openings":["1: \"Rose\" by Anna inspi' Nana ~Black Stones~ (eps 1-21)","2: \"Wish\" by Olivia inspi' Reira ~Trapnest~ (eps 22-36)","3: \"Lucy\" by Tsuchiya, Anna inspi' Nana ~Black Stones~ (eps 37-47)"],"endings":["1: \"A Little Pain\" by Olivia inspi' Reira ~Trapnest~ (eps 01-08, 10-18, 41 (for TV broadcast))","2: \"Rose\" by Anna inspi' Nana ~Black Stones~ (eps 9 (for TV broadcast and DVD))","3: \"Starless Night\" by Olivia inspi' Reira ~Trapnest~ (eps 19-29, 42 (for TV broadcast), DVD: eps 01-08, 10-29, 41-42)","4: \"Kuroi Namida\" by Anna inspi' Nana ~Black Stones~ (eps 30-40, 47 (for TV broadcast and DVD))","5: \"Winter Sleep\" by Olivia inspi' Reira ~Trapnest~ (eps 43-44 (for TV broadcast and DVD))","6: \"Stand By Me\" by Tsuchiya, Anna inspi' Nana ~Black Stones~ (eps 45-46 (for TV broadcast and DVD))"]},"external":[{"name":"Official Site","url":"http:\/\/www.ntv.co.jp\/nana\/index.html"},{"name":"AniDB","url":"https:\/\/anidb.net\/perl-bin\/animedb.pl?show=anime&aid=4143"},{"name":"ANN","url":"https:\/\/www.animenewsnetwork.com\/encyclopedia\/anime.php?id=6115"},{"name":"Wikipedia","url":"http:\/\/en.wikipedia.org\/wiki\/Nana_%28manga%29"},{"name":"Wikipedia","url":"https:\/\/ja.wikipedia.org\/wiki\/NANA"},{"name":"Syoboi","url":"https:\/\/cal.syoboi.jp\/tid\/844"}],"streaming":[{"name":"Crunchyroll","url":"http:\/\/www.crunchyroll.com\/series-283282"},{"name":"Netflix","url":"https:\/\/www.netflix.com\/"}]}}