{"data":{"mal_id":8795,"url":"https:\/\/myanimelist.net\/anime\/8795\/Panty___Stocking_with_Garterbelt","images":{"jpg":{"image_url":"https:\/\/cdn.myanimelist.net\/images\/anime\/12\/73643.jpg","small_image_url":"https:\/\/cdn.myanimelist.net\/images\/anime\/12\/73643t.jpg","large_image_url":"https:\/\/cdn.myanimelist.net\/images\/anime\/12\/73643l.jpg"},"webp":{"image_url":"https:\/\/cdn.myanimelist.net\/images\/anime\/12\/73643.webp","small_image_url":"https:\/\/cdn.myanimelist.net\/images\/anime\/12\/73643t.webp","large_image_url":"https:\/\/cdn.myanimelist.net\/images\/anime\/12\/73643l.webp"}},"trailer":{"youtube_id":"iZbGlVqKXTM","url":"https:\/\/www.youtube.com\/watch?v=iZbGlVqKXTM","embed_url":"https:\/\/www.youtube.com\/embed\/iZbGlVqKXTM?enablejsapi=1&wmode=opaque&autoplay=1","images":{"image_url":"https:\/\/img.youtube.com\/vi\/iZbGlVqKXTM\/default.jpg","small_image_url":"https:\/\/img.youtube.com\/vi\/iZbGlVqKXTM\/sddefault.jpg","medium_image_url":"https:\/\/img.youtube.com\/vi\/iZbGlVqKXTM\/mqdefault.jpg","large_image_url":"https:\/\/img.youtube.com\/vi\/iZbGlVqKXTM\/hqdefault.jpg","maximum_image_url":"https:\/\/img.youtube.com\/vi\/iZbGlVqKXTM\/maxresdefault.jpg"}},"approved":true,"titles":[{"type":"Default","title":"Panty & Stocking with Garterbelt"},{"type":"Synonym","title":"PanSto"},{"type":"Synonym","title":"PSG"},{"type":"Japanese","title":"\u30d1\u30f3\u30c6\u30a3\uff06\u30b9\u30c8\u30c3\u30ad\u30f3\u30b0with\u30ac\u30fc\u30bf\u30fc\u30d9\u30eb\u30c8"},{"type":"English","title":"Panty & Stocking with Garterbelt"}],"title":"Panty & Stocking with Garterbelt","title_english":"Panty & Stocking with Garterbelt","title_japanese":"\u30d1\u30f3\u30c6\u30a3\uff06\u30b9\u30c8\u30c3\u30ad\u30f3\u30b0with\u30ac\u30fc\u30bf\u30fc\u30d9\u30eb\u30c8","title_synonyms":["PanSto","PSG"],"type":"TV","source":"Original","episodes":13,"status":"Finished Airing","airing":false,"aired":{"from":"2010-10-02T00:00:00+00:00","to":"2010-12-25T00:00:00+00:00","prop":{"from":{"day":2,"month":10,"year":2010},"to":{"day":25,"month":12,"year":2010}},"string":"Oct 2, 2010 to Dec 25, 2010"},"duration":"23 min per ep","rating":"R - 17+ (violence & profanity)","score":7.73,"scored_by":193115,"rank":1101,"popularity":579,"members":385174,"favorites":5819,"synopsis":"The \"Anarchy Sisters,\" Panty and Stocking, have been kicked out of Heaven for, to put it mildly, misbehaving. Led by a priest named Garterbelt, these angels must buy their way back by exterminating ghosts in Daten City. But this task requires unconventional weapons for these unorthodox angels\u2014they transform their lingerie into weapons to dispatch the spirits. Unfortunately, neither of them take their duties seriously, as they rather spend their time in pursuit of other \"hobbies\": Panty prefers to sleep with anything that walks, and Stocking favors stuffing her face with sweets than hunting ghosts.\n\nFollow these two unruly angels as they battle ghosts, an overflow of bodily fluids, and their own tendency to get side-tracked in Panty &amp; Stocking with Garterbelt.\n\n[Written by MAL Rewrite]","background":null,"season":"fall","year":2010,"broadcast":{"day":"Saturdays","time":"02:00","timezone":"Asia\/Tokyo","string":"Saturdays at 02:00 (JST)"},"producers":[{"mal_id":113,"type":"anime","name":"Kadokawa Shoten","url":"https:\/\/myanimelist.net\/anime\/producer\/113\/Kadokawa_Shoten"},{"mal_id":213,"type":"anime","name":"Half H.P Studio","url":"https:\/\/myanimelist.net\/anime\/producer\/213\/Half_HP_Studio"},{"mal_id":238,"type":"anime","name":"AT-X","url":"https:\/\/myanimelist.net\/anime\/producer\/238\/AT-X"},{"mal_id":352,"type":"anime","name":"Kadokawa Pictures Japan","url":"https:\/\/myanimelist.net\/anime\/producer\/352\/Kadokawa_Pictures_Japan"},{"mal_id":460,"type":"anime","name":"KlockWorx","url":"https:\/\/myanimelist.net\/anime\/producer\/460\/KlockWorx"},{"mal_id":464,"type":"anime","name":"flying DOG","url":"https:\/\/myanimelist.net\/anime\/producer\/464\/flying_DOG"},{"mal_id":685,"type":"anime","name":"Kadokawa Contents Gate","url":"https:\/\/myanimelist.net\/anime\/producer\/685\/Kadokawa_Contents_Gate"}],"licensors":[{"mal_id":102,"type":"anime","name":"Funimation","url":"https:\/\/myanimelist.net\/anime\/producer\/102\/Funimation"}],"studios":[{"mal_id":6,"type":"anime","name":"Gainax","url":"https:\/\/myanimelist.net\/anime\/producer\/6\/Gainax"}],"genres":[{"mal_id":1,"type":"anime","name":"Action","url":"https:\/\/myanimelist.net\/anime\/genre\/1\/Action"},{"mal_id":4,"type":"anime","name":"Comedy","url":"https:\/\/myanimelist.net\/anime\/genre\/4\/Comedy"},{"mal_id":37,"type":"anime","name":"Supernatural","url":"https:\/\/myanimelist.net\/anime\/genre\/37\/Supernatural"},{"mal_id":9,"type":"anime","name":"Ecchi","url":"https:\/\/myanimelist.net\/anime\/genre\/9\/Ecchi"}],"explicit_genres":[],"themes":[{"mal_id":57,"type":"anime","name":"Gag Humor","url":"https:\/\/myanimelist.net\/anime\/genre\/57\/Gag_Humor"},{"mal_id":20,"type":"anime","name":"Parody","url":"https:\/\/myanimelist.net\/anime\/genre\/20\/Parody"}],"demographics":[],"relations":[{"relation":"Adaptation","entry":[{"mal_id":21848,"type":"manga","name":"Panty & Stocking with Garterbelt","url":"https:\/\/myanimelist.net\/manga\/21848\/Panty___Stocking_with_Garterbelt"}]},{"relation":"Other","entry":[{"mal_id":10739,"type":"anime","name":"Panty & Stocking in Sanitarybox","url":"https:\/\/myanimelist.net\/anime\/10739\/Panty___Stocking_in_Sanitarybox"}]},{"relation":"Sequel","entry":[{"mal_id":52293,"type":"anime","name":"New Panty & Stocking with Garterbelt","url":"https:\/\/myanimelist.net\/anime\/52293\/New_Panty___Stocking_with_Garterbelt"}]}],"theme":{"openings":["\"Theme for Panty & Stocking\" by Hoshina Anniversary"],"endings":["\"Fallen Angel\" by Mitsunori Ikeda ft. Aimee B"]},"external":[{"name":"Official Site","url":"http:\/\/www.gainax.co.jp\/anime\/psg\/"},{"name":"AniDB","url":"https:\/\/anidb.net\/perl-bin\/animedb.pl?show=anime&aid=7529"},{"name":"ANN","url":"https:\/\/www.animenewsnetwork.com\/encyclopedia\/anime.php?id=11605"},{"name":"Wikipedia","url":"http:\/\/en.wikipedia.org\/wiki\/Panty_&_Stocking_with_Garterbelt"}],"streaming":[{"name":"Funimation","url":"https:\/\/www.funimation.com\/shows\/panty-stocking-with-garterbelt"}]}}