{"data":{"mal_id":8995,"url":"https:\/\/myanimelist.net\/anime\/8995\/Tales_of_Symphonia_The_Animation__Sekai_Tougou-hen","images":{"jpg":{"image_url":"https:\/\/cdn.myanimelist.net\/images\/anime\/6\/35809.jpg","small_image_url":"https:\/\/cdn.myanimelist.net\/images\/anime\/6\/35809t.jpg","large_image_url":"https:\/\/cdn.myanimelist.net\/images\/anime\/6\/35809l.jpg"},"webp":{"image_url":"https:\/\/cdn.myanimelist.net\/images\/anime\/6\/35809.webp","small_image_url":"https:\/\/cdn.myanimelist.net\/images\/anime\/6\/35809t.webp","large_image_url":"https:\/\/cdn.myanimelist.net\/images\/anime\/6\/35809l.webp"}},"trailer":{"youtube_id":"EAlucRkmPHg","url":"https:\/\/www.youtube.com\/watch?v=EAlucRkmPHg","embed_url":"https:\/\/www.youtube.com\/embed\/EAlucRkmPHg?enablejsapi=1&wmode=opaque&autoplay=1","images":{"image_url":"https:\/\/img.youtube.com\/vi\/EAlucRkmPHg\/default.jpg","small_image_url":"https:\/\/img.youtube.com\/vi\/EAlucRkmPHg\/sddefault.jpg","medium_image_url":"https:\/\/img.youtube.com\/vi\/EAlucRkmPHg\/mqdefault.jpg","large_image_url":"https:\/\/img.youtube.com\/vi\/EAlucRkmPHg\/hqdefault.jpg","maximum_image_url":"https:\/\/img.youtube.com\/vi\/EAlucRkmPHg\/maxresdefault.jpg"}},"approved":true,"titles":[{"type":"Default","title":"Tales of Symphonia The Animation: Sekai Tougou-hen"},{"type":"Synonym","title":"Tales of Symphonia The Animation: United World Episode"},{"type":"Japanese","title":"\u30c6\u30a4\u30eb\u30ba \u30aa\u30d6 \u30b7\u30f3\u30d5\u30a9\u30cb\u30a2 THE ANIMATION \u4e16\u754c\u7d71\u5408\u7de8"}],"title":"Tales of Symphonia The Animation: Sekai Tougou-hen","title_english":null,"title_japanese":"\u30c6\u30a4\u30eb\u30ba \u30aa\u30d6 \u30b7\u30f3\u30d5\u30a9\u30cb\u30a2 THE ANIMATION \u4e16\u754c\u7d71\u5408\u7de8","title_synonyms":["Tales of Symphonia The Animation: United World Episode"],"type":"OVA","source":"Game","episodes":3,"status":"Finished Airing","airing":false,"aired":{"from":"2011-11-23T00:00:00+00:00","to":"2012-10-24T00:00:00+00:00","prop":{"from":{"day":23,"month":11,"year":2011},"to":{"day":24,"month":10,"year":2012}},"string":"Nov 23, 2011 to Oct 24, 2012"},"duration":"39 min per ep","rating":"PG-13 - Teens 13 or older","score":7.42,"scored_by":9477,"rank":2095,"popularity":4350,"members":24065,"favorites":55,"synopsis":"The third and final OVA series concluding the story of Tales of Symphonia: The Animation.","background":null,"season":null,"year":null,"broadcast":{"day":null,"time":null,"timezone":null,"string":null},"producers":[],"licensors":[{"mal_id":467,"type":"anime","name":"Discotek Media","url":"https:\/\/myanimelist.net\/anime\/producer\/467\/Discotek_Media"}],"studios":[{"mal_id":43,"type":"anime","name":"ufotable","url":"https:\/\/myanimelist.net\/anime\/producer\/43\/ufotable"}],"genres":[{"mal_id":1,"type":"anime","name":"Action","url":"https:\/\/myanimelist.net\/anime\/genre\/1\/Action"},{"mal_id":2,"type":"anime","name":"Adventure","url":"https:\/\/myanimelist.net\/anime\/genre\/2\/Adventure"},{"mal_id":10,"type":"anime","name":"Fantasy","url":"https:\/\/myanimelist.net\/anime\/genre\/10\/Fantasy"}],"explicit_genres":[],"themes":[{"mal_id":17,"type":"anime","name":"Martial Arts","url":"https:\/\/myanimelist.net\/anime\/genre\/17\/Martial_Arts"}],"demographics":[],"relations":[{"relation":"Prequel","entry":[{"mal_id":5306,"type":"anime","name":"Tales of Symphonia The Animation: Tethe'alla-hen","url":"https:\/\/myanimelist.net\/anime\/5306\/Tales_of_Symphonia_The_Animation__Tethealla-hen"}]},{"relation":"Side story","entry":[{"mal_id":12709,"type":"anime","name":"Tales of Symphonia The Animation: Sekai Tougou-hen Specials","url":"https:\/\/myanimelist.net\/anime\/12709\/Tales_of_Symphonia_The_Animation__Sekai_Tougou-hen_Specials"}]}],"theme":{"openings":["\"Honto Uso (\u30db\u30fb\u30f3\u30fb\u30c8\u30fb\u30a6\u30fb\u30bd)\" by Me"],"endings":["1: \"Tagatame no Sekai (\u8ab0\u30ac\u70ba\u30ce\u4e16\u754c)\" by Akiko Shikata (eps 1)","2: \"Ibitsu (\u6b6a)\" by Akiko Shikata (eps 2)","3: \"Hikari Furu Basho De ~Promesse~ (\u5149\u964d\u308b\u5834\u6240\u3067\uff5ePromesse\uff5e)\" by Akiko Shikata (eps 3)","4: \"Kaze wa Harukana Asu wo Shiru (\u98a8\u306f\u9065\u304b\u306a\u660e\u65e5\u3092\u77e5\u308b)\" by Akiko Shikata (eps 3)"]},"external":[{"name":"Official Site","url":"http:\/\/www.ova-tos.com\/"},{"name":"AniDB","url":"https:\/\/anidb.net\/perl-bin\/animedb.pl?show=anime&aid=8521"},{"name":"ANN","url":"https:\/\/www.animenewsnetwork.com\/encyclopedia\/anime.php?id=11601"}],"streaming":[]}}