{"data":{"mal_id":9088,"url":"https:\/\/myanimelist.net\/anime\/9088\/Saiyuuki_Gaiden","images":{"jpg":{"image_url":"https:\/\/cdn.myanimelist.net\/images\/anime\/5\/75818.jpg","small_image_url":"https:\/\/cdn.myanimelist.net\/images\/anime\/5\/75818t.jpg","large_image_url":"https:\/\/cdn.myanimelist.net\/images\/anime\/5\/75818l.jpg"},"webp":{"image_url":"https:\/\/cdn.myanimelist.net\/images\/anime\/5\/75818.webp","small_image_url":"https:\/\/cdn.myanimelist.net\/images\/anime\/5\/75818t.webp","large_image_url":"https:\/\/cdn.myanimelist.net\/images\/anime\/5\/75818l.webp"}},"trailer":{"youtube_id":null,"url":null,"embed_url":null,"images":{"image_url":null,"small_image_url":null,"medium_image_url":null,"large_image_url":null,"maximum_image_url":null}},"approved":true,"titles":[{"type":"Default","title":"Saiyuuki Gaiden"},{"type":"Synonym","title":"Saiyuki Gaiden"},{"type":"Japanese","title":"\u6700\u904a\u8a18\u5916\u4f1d"}],"title":"Saiyuuki Gaiden","title_english":null,"title_japanese":"\u6700\u904a\u8a18\u5916\u4f1d","title_synonyms":["Saiyuki Gaiden"],"type":"OVA","source":"Manga","episodes":3,"status":"Finished Airing","airing":false,"aired":{"from":"2011-03-25T00:00:00+00:00","to":"2011-11-25T00:00:00+00:00","prop":{"from":{"day":25,"month":3,"year":2011},"to":{"day":25,"month":11,"year":2011}},"string":"Mar 25, 2011 to Nov 25, 2011"},"duration":"29 min per ep","rating":"R - 17+ (violence & profanity)","score":7.78,"scored_by":4440,"rank":997,"popularity":5477,"members":13541,"favorites":72,"synopsis":"In their former lives, 500 years before Genjyo Sanzo and his crew of misfits began their journey west, they were gods, but being godly didn't make them act any more divine. When Goku flies into a murderous rage after seeing his best friend die, Heaven's had enough and wants him dead! But Konzen Douji, Field Marshal Tenpou, and General Kenren are willing to do anything to protect Goku, even if it means turning all of Heaven against them.\n\n(source: Sentai Filmworks)","background":null,"season":null,"year":null,"broadcast":{"day":null,"time":null,"timezone":null,"string":null},"producers":[{"mal_id":16,"type":"anime","name":"TV Tokyo","url":"https:\/\/myanimelist.net\/anime\/producer\/16\/TV_Tokyo"},{"mal_id":53,"type":"anime","name":"Dentsu","url":"https:\/\/myanimelist.net\/anime\/producer\/53\/Dentsu"},{"mal_id":61,"type":"anime","name":"Frontier Works","url":"https:\/\/myanimelist.net\/anime\/producer\/61\/Frontier_Works"},{"mal_id":1488,"type":"anime","name":"Hakuhodo DY Media Partners","url":"https:\/\/myanimelist.net\/anime\/producer\/1488\/Hakuhodo_DY_Media_Partners"}],"licensors":[{"mal_id":376,"type":"anime","name":"Sentai Filmworks","url":"https:\/\/myanimelist.net\/anime\/producer\/376\/Sentai_Filmworks"}],"studios":[{"mal_id":521,"type":"anime","name":"Anpro","url":"https:\/\/myanimelist.net\/anime\/producer\/521\/Anpro"}],"genres":[{"mal_id":1,"type":"anime","name":"Action","url":"https:\/\/myanimelist.net\/anime\/genre\/1\/Action"},{"mal_id":2,"type":"anime","name":"Adventure","url":"https:\/\/myanimelist.net\/anime\/genre\/2\/Adventure"},{"mal_id":8,"type":"anime","name":"Drama","url":"https:\/\/myanimelist.net\/anime\/genre\/8\/Drama"},{"mal_id":10,"type":"anime","name":"Fantasy","url":"https:\/\/myanimelist.net\/anime\/genre\/10\/Fantasy"}],"explicit_genres":[],"themes":[{"mal_id":6,"type":"anime","name":"Mythology","url":"https:\/\/myanimelist.net\/anime\/genre\/6\/Mythology"}],"demographics":[{"mal_id":27,"type":"anime","name":"Shounen","url":"https:\/\/myanimelist.net\/anime\/genre\/27\/Shounen"}],"relations":[{"relation":"Adaptation","entry":[{"mal_id":1097,"type":"manga","name":"Saiyuuki Gaiden","url":"https:\/\/myanimelist.net\/manga\/1097\/Saiyuuki_Gaiden"}]},{"relation":"Sequel","entry":[{"mal_id":2143,"type":"anime","name":"Saiyuuki Reload: Burial","url":"https:\/\/myanimelist.net\/anime\/2143\/Saiyuuki_Reload__Burial"}]},{"relation":"Other","entry":[{"mal_id":17137,"type":"anime","name":"Saiyuuki Gaiden: Kouga no Shou","url":"https:\/\/myanimelist.net\/anime\/17137\/Saiyuuki_Gaiden__Kouga_no_Shou"}]}],"theme":{"openings":["\"Sakura no Ki no Shita (\u685c\u306e\u6a39\u306e\u4e0b)\" by KOKIA"],"endings":["\"Hikari no Hou e (\u5149\u306e\u65b9\u3078)\" by KOKIA"]},"external":[{"name":"Official Site","url":"http:\/\/saiyuki-gaiden.com\/"},{"name":"AniDB","url":"https:\/\/anidb.net\/perl-bin\/animedb.pl?show=anime&aid=7728"},{"name":"ANN","url":"https:\/\/www.animenewsnetwork.com\/encyclopedia\/anime.php?id=11673"},{"name":"Wikipedia","url":"https:\/\/en.wikipedia.org\/wiki\/Saiyuki_Gaiden"},{"name":"Wikipedia","url":"https:\/\/ja.wikipedia.org\/wiki\/%E6%9C%80%E9%81%8A%E8%A8%98%E3%82%B7%E3%83%AA%E3%83%BC%E3%82%BA#OVA%E3%80%8E%E6%9C%80%E9%81%8A%E8%A8%98%E5%A4%96%E4%BC%9D%E3%80%8F"},{"name":"Bangumi","url":"https:\/\/bangumi.tv\/subject\/6998"},{"name":"Baidu Baike","url":"https:\/\/baike.baidu.com\/item\/%E6%9C%80%E6%B8%B8%E8%AE%B0%E5%A4%96%E4%BC%A0"},{"name":"Douban","url":"https:\/\/movie.douban.com\/subject\/25703558\/"},{"name":"Douban","url":"https:\/\/movie.douban.com\/subject\/25703568\/"},{"name":"Douban","url":"https:\/\/movie.douban.com\/subject\/4894066\/"}],"streaming":[]}}