{"data":{"mal_id":9136,"url":"https:\/\/myanimelist.net\/anime\/9136\/Kuroshitsuji_II_Specials","images":{"jpg":{"image_url":"https:\/\/cdn.myanimelist.net\/images\/anime\/7\/26664.jpg","small_image_url":"https:\/\/cdn.myanimelist.net\/images\/anime\/7\/26664t.jpg","large_image_url":"https:\/\/cdn.myanimelist.net\/images\/anime\/7\/26664l.jpg"},"webp":{"image_url":"https:\/\/cdn.myanimelist.net\/images\/anime\/7\/26664.webp","small_image_url":"https:\/\/cdn.myanimelist.net\/images\/anime\/7\/26664t.webp","large_image_url":"https:\/\/cdn.myanimelist.net\/images\/anime\/7\/26664l.webp"}},"trailer":{"youtube_id":null,"url":null,"embed_url":null,"images":{"image_url":null,"small_image_url":null,"medium_image_url":null,"large_image_url":null,"maximum_image_url":null}},"approved":true,"titles":[{"type":"Default","title":"Kuroshitsuji II Specials"},{"type":"Synonym","title":"Ciel in Wonderland"},{"type":"Synonym","title":"Welcome to the Phantomhive Family"},{"type":"Japanese","title":"\u9ed2\u57f7\u4e8bII: \u30b7\u30a8\u30eb\u30fb\u30a4\u30f3\u30fb\u30ef\u30f3\u30c0\u30fc\u30e9\u30f3\u30c9"},{"type":"English","title":"Black Butler II Specials"}],"title":"Kuroshitsuji II Specials","title_english":"Black Butler II Specials","title_japanese":"\u9ed2\u57f7\u4e8bII: \u30b7\u30a8\u30eb\u30fb\u30a4\u30f3\u30fb\u30ef\u30f3\u30c0\u30fc\u30e9\u30f3\u30c9","title_synonyms":["Ciel in Wonderland","Welcome to the Phantomhive Family"],"type":"Special","source":"Manga","episodes":6,"status":"Finished Airing","airing":false,"aired":{"from":"2010-10-27T00:00:00+00:00","to":"2011-05-25T00:00:00+00:00","prop":{"from":{"day":27,"month":10,"year":2010},"to":{"day":25,"month":5,"year":2011}},"string":"Oct 27, 2010 to May 25, 2011"},"duration":"25 min per ep","rating":"PG-13 - Teens 13 or older","score":7.41,"scored_by":63087,"rank":2139,"popularity":1718,"members":123503,"favorites":362,"synopsis":"According to the Kuroshitsuji website, there are 6 OVAs included in the DVD releases.\n\nDVD 2: Ciel in Wonderland (Part 1)\nThis re-imagines the cast of Kuroshitsuji II as characters in Lewis Carroll's Alice in Wonderland story.\n\nDVD 3: Welcome to the Phantomhive's\nThis is meant to be like a simulation game. Elizabeth invites a lady (perhaps the viewer) to join her at a ball held at the Phantomhive mansion.\n\nDVD 5: The Making of Kuroshitsuji II\nThis is a Hollywood style documentary with behind the scenes interviews with Sebastian, Ciel, Claude and Alois etc.\n\nDVD 6: Ciel in Wonderland (Part 2)\nThis re-imagines the cast of Kuroshitsuji II as characters in Lewis Carroll's Alice in Wonderland story.\n\nDVD 8: The Tale of William the Shinigami\nWilliam and Grell have to train new shinigami and reminisce about when they were training partners.\n\nDVD 9: The Spider's Intention\nThe life in Trancy household and how those work under Alois is caring for him.","background":null,"season":null,"year":null,"broadcast":{"day":null,"time":null,"timezone":null,"string":null},"producers":[{"mal_id":58,"type":"anime","name":"Square Enix","url":"https:\/\/myanimelist.net\/anime\/producer\/58\/Square_Enix"}],"licensors":[{"mal_id":102,"type":"anime","name":"Funimation","url":"https:\/\/myanimelist.net\/anime\/producer\/102\/Funimation"}],"studios":[{"mal_id":56,"type":"anime","name":"A-1 Pictures","url":"https:\/\/myanimelist.net\/anime\/producer\/56\/A-1_Pictures"}],"genres":[{"mal_id":4,"type":"anime","name":"Comedy","url":"https:\/\/myanimelist.net\/anime\/genre\/4\/Comedy"},{"mal_id":37,"type":"anime","name":"Supernatural","url":"https:\/\/myanimelist.net\/anime\/genre\/37\/Supernatural"}],"explicit_genres":[],"themes":[{"mal_id":20,"type":"anime","name":"Parody","url":"https:\/\/myanimelist.net\/anime\/genre\/20\/Parody"}],"demographics":[{"mal_id":27,"type":"anime","name":"Shounen","url":"https:\/\/myanimelist.net\/anime\/genre\/27\/Shounen"}],"relations":[{"relation":"Parent story","entry":[{"mal_id":6707,"type":"anime","name":"Kuroshitsuji II","url":"https:\/\/myanimelist.net\/anime\/6707\/Kuroshitsuji_II"}]}],"theme":{"openings":["\"SHIVER\" by the GazettE (The Making of Kuroshitsuji II)"],"endings":["\"Bird\" by Matsushita Yuuya (The Making of Kuroshitsuji II)","\"Kagayaku Sora no Shijima ni wa\" by Kalafina (The Spider's Intention)"]},"external":[{"name":"Official Site","url":"http:\/\/www.kuroshitsuji.tv\/"},{"name":"AniDB","url":"https:\/\/anidb.net\/perl-bin\/animedb.pl?show=anime&aid=7369"},{"name":"Wikipedia","url":"http:\/\/en.wikipedia.org\/wiki\/Black_Butler"}],"streaming":[{"name":"Netflix","url":"https:\/\/www.netflix.com\/"}]}}