{"data":{"mal_id":9252,"url":"https:\/\/myanimelist.net\/anime\/9252\/Break_Blade_Movie_3__Kyoujin_no_Ato","images":{"jpg":{"image_url":"https:\/\/cdn.myanimelist.net\/images\/anime\/8\/68083.jpg","small_image_url":"https:\/\/cdn.myanimelist.net\/images\/anime\/8\/68083t.jpg","large_image_url":"https:\/\/cdn.myanimelist.net\/images\/anime\/8\/68083l.jpg"},"webp":{"image_url":"https:\/\/cdn.myanimelist.net\/images\/anime\/8\/68083.webp","small_image_url":"https:\/\/cdn.myanimelist.net\/images\/anime\/8\/68083t.webp","large_image_url":"https:\/\/cdn.myanimelist.net\/images\/anime\/8\/68083l.webp"}},"trailer":{"youtube_id":null,"url":null,"embed_url":null,"images":{"image_url":null,"small_image_url":null,"medium_image_url":null,"large_image_url":null,"maximum_image_url":null}},"approved":true,"titles":[{"type":"Default","title":"Break Blade Movie 3: Kyoujin no Ato"},{"type":"Synonym","title":"Breaker Blade 3"},{"type":"Synonym","title":"Break Blade 3: Scars from an Assassin's Blade"},{"type":"Japanese","title":"\u30d6\u30ec\u30a4\u30af \u30d6\u30ec\u30a4\u30c9 \u7b2c\u4e09\u7ae0 \u51f6\u5203\u30ce\u75d5"},{"type":"English","title":"Broken Blade 3"}],"title":"Break Blade Movie 3: Kyoujin no Ato","title_english":"Broken Blade 3","title_japanese":"\u30d6\u30ec\u30a4\u30af \u30d6\u30ec\u30a4\u30c9 \u7b2c\u4e09\u7ae0 \u51f6\u5203\u30ce\u75d5","title_synonyms":["Breaker Blade 3","Break Blade 3: Scars from an Assassin's Blade"],"type":"Movie","source":"Manga","episodes":1,"status":"Finished Airing","airing":false,"aired":{"from":"2010-09-25T00:00:00+00:00","to":null,"prop":{"from":{"day":25,"month":9,"year":2010},"to":{"day":null,"month":null,"year":null}},"string":"Sep 25, 2010"},"duration":"47 min","rating":"R - 17+ (violence & profanity)","score":7.78,"scored_by":35618,"rank":983,"popularity":2767,"members":58596,"favorites":27,"synopsis":"Third Break Blade movie.","background":null,"season":null,"year":null,"broadcast":{"day":null,"time":null,"timezone":null,"string":null},"producers":[{"mal_id":460,"type":"anime","name":"KlockWorx","url":"https:\/\/myanimelist.net\/anime\/producer\/460\/KlockWorx"}],"licensors":[{"mal_id":376,"type":"anime","name":"Sentai Filmworks","url":"https:\/\/myanimelist.net\/anime\/producer\/376\/Sentai_Filmworks"}],"studios":[{"mal_id":10,"type":"anime","name":"Production I.G","url":"https:\/\/myanimelist.net\/anime\/producer\/10\/Production_IG"},{"mal_id":27,"type":"anime","name":"Xebec","url":"https:\/\/myanimelist.net\/anime\/producer\/27\/Xebec"}],"genres":[{"mal_id":1,"type":"anime","name":"Action","url":"https:\/\/myanimelist.net\/anime\/genre\/1\/Action"},{"mal_id":10,"type":"anime","name":"Fantasy","url":"https:\/\/myanimelist.net\/anime\/genre\/10\/Fantasy"}],"explicit_genres":[],"themes":[{"mal_id":50,"type":"anime","name":"Adult Cast","url":"https:\/\/myanimelist.net\/anime\/genre\/50\/Adult_Cast"},{"mal_id":18,"type":"anime","name":"Mecha","url":"https:\/\/myanimelist.net\/anime\/genre\/18\/Mecha"},{"mal_id":38,"type":"anime","name":"Military","url":"https:\/\/myanimelist.net\/anime\/genre\/38\/Military"}],"demographics":[{"mal_id":27,"type":"anime","name":"Shounen","url":"https:\/\/myanimelist.net\/anime\/genre\/27\/Shounen"}],"relations":[{"relation":"Adaptation","entry":[{"mal_id":4608,"type":"manga","name":"Break Blade","url":"https:\/\/myanimelist.net\/manga\/4608\/Break_Blade"}]},{"relation":"Prequel","entry":[{"mal_id":8514,"type":"anime","name":"Break Blade Movie 2: Ketsubetsu no Michi","url":"https:\/\/myanimelist.net\/anime\/8514\/Break_Blade_Movie_2__Ketsubetsu_no_Michi"}]},{"relation":"Sequel","entry":[{"mal_id":9465,"type":"anime","name":"Break Blade Movie 4: Sanka no Chi","url":"https:\/\/myanimelist.net\/anime\/9465\/Break_Blade_Movie_4__Sanka_no_Chi"}]},{"relation":"Alternative version","entry":[{"mal_id":22433,"type":"anime","name":"Break Blade","url":"https:\/\/myanimelist.net\/anime\/22433\/Break_Blade"}]}],"theme":{"openings":["\"Fate\" by KOKIA"],"endings":["\"SERIOUS-AGE\" by Faylan"]},"external":[{"name":"Official Site","url":"http:\/\/breakblade.jp\/"},{"name":"AniDB","url":"https:\/\/anidb.net\/perl-bin\/animedb.pl?show=anime&aid=7103"},{"name":"ANN","url":"https:\/\/www.animenewsnetwork.com\/encyclopedia\/anime.php?id=10952"},{"name":"Wikipedia","url":"https:\/\/en.wikipedia.org\/wiki\/Broken_Blade"}],"streaming":[]}}