{"data":{"mal_id":9289,"url":"https:\/\/myanimelist.net\/anime\/9289\/Hanasaku_Iroha","images":{"jpg":{"image_url":"https:\/\/cdn.myanimelist.net\/images\/anime\/1491\/117229.jpg","small_image_url":"https:\/\/cdn.myanimelist.net\/images\/anime\/1491\/117229t.jpg","large_image_url":"https:\/\/cdn.myanimelist.net\/images\/anime\/1491\/117229l.jpg"},"webp":{"image_url":"https:\/\/cdn.myanimelist.net\/images\/anime\/1491\/117229.webp","small_image_url":"https:\/\/cdn.myanimelist.net\/images\/anime\/1491\/117229t.webp","large_image_url":"https:\/\/cdn.myanimelist.net\/images\/anime\/1491\/117229l.webp"}},"trailer":{"youtube_id":"8TNn2nsy0KA","url":"https:\/\/www.youtube.com\/watch?v=8TNn2nsy0KA","embed_url":"https:\/\/www.youtube.com\/embed\/8TNn2nsy0KA?enablejsapi=1&wmode=opaque&autoplay=1","images":{"image_url":"https:\/\/img.youtube.com\/vi\/8TNn2nsy0KA\/default.jpg","small_image_url":"https:\/\/img.youtube.com\/vi\/8TNn2nsy0KA\/sddefault.jpg","medium_image_url":"https:\/\/img.youtube.com\/vi\/8TNn2nsy0KA\/mqdefault.jpg","large_image_url":"https:\/\/img.youtube.com\/vi\/8TNn2nsy0KA\/hqdefault.jpg","maximum_image_url":"https:\/\/img.youtube.com\/vi\/8TNn2nsy0KA\/maxresdefault.jpg"}},"approved":true,"titles":[{"type":"Default","title":"Hanasaku Iroha"},{"type":"Japanese","title":"\u82b1\u54b2\u304f\u3044\u308d\u306f"},{"type":"English","title":"Hanasaku Iroha: Blossoms for Tomorrow"}],"title":"Hanasaku Iroha","title_english":"Hanasaku Iroha: Blossoms for Tomorrow","title_japanese":"\u82b1\u54b2\u304f\u3044\u308d\u306f","title_synonyms":[],"type":"TV","source":"Original","episodes":26,"status":"Finished Airing","airing":false,"aired":{"from":"2011-04-03T00:00:00+00:00","to":"2011-09-25T00:00:00+00:00","prop":{"from":{"day":3,"month":4,"year":2011},"to":{"day":25,"month":9,"year":2011}},"string":"Apr 3, 2011 to Sep 25, 2011"},"duration":"24 min per ep","rating":"PG-13 - Teens 13 or older","score":7.9,"scored_by":127472,"rank":749,"popularity":690,"members":327333,"favorites":2581,"synopsis":"Ohana Matsumae is an energetic and wild teenager residing in Tokyo with her carefree single mother. Abruptly, her mother decides to run away with her new boyfriend from debt collectors, forcing the young girl to fend for herself\u2014as per her mother's \"rely only on yourself\" philosophy\u2014in rural Japan, where her cold grandmother runs a small inn. Driven to adapt to the tranquil lifestyle of the countryside, Ohana experiences and deals with the challenges of working as a maid, as well as meeting and making friends with enthralling people at her new school and the inn.\n\n[Written by MAL Rewrite]","background":null,"season":"spring","year":2011,"broadcast":{"day":"Sundays","time":"22:00","timezone":"Asia\/Tokyo","string":"Sundays at 22:00 (JST)"},"producers":[{"mal_id":23,"type":"anime","name":"Bandai Visual","url":"https:\/\/myanimelist.net\/anime\/producer\/23\/Bandai_Visual"},{"mal_id":64,"type":"anime","name":"Sotsu","url":"https:\/\/myanimelist.net\/anime\/producer\/64\/Sotsu"},{"mal_id":76,"type":"anime","name":"Yomiuri Telecasting","url":"https:\/\/myanimelist.net\/anime\/producer\/76\/Yomiuri_Telecasting"},{"mal_id":104,"type":"anime","name":"Lantis","url":"https:\/\/myanimelist.net\/anime\/producer\/104\/Lantis"},{"mal_id":144,"type":"anime","name":"Pony Canyon","url":"https:\/\/myanimelist.net\/anime\/producer\/144\/Pony_Canyon"},{"mal_id":777,"type":"anime","name":"Showgate","url":"https:\/\/myanimelist.net\/anime\/producer\/777\/Showgate"},{"mal_id":1386,"type":"anime","name":"Infinite","url":"https:\/\/myanimelist.net\/anime\/producer\/1386\/Infinite"}],"licensors":[{"mal_id":372,"type":"anime","name":"NIS America, Inc.","url":"https:\/\/myanimelist.net\/anime\/producer\/372\/NIS_America_Inc"}],"studios":[{"mal_id":132,"type":"anime","name":"P.A. Works","url":"https:\/\/myanimelist.net\/anime\/producer\/132\/PA_Works"}],"genres":[{"mal_id":8,"type":"anime","name":"Drama","url":"https:\/\/myanimelist.net\/anime\/genre\/8\/Drama"}],"explicit_genres":[],"themes":[{"mal_id":48,"type":"anime","name":"Workplace","url":"https:\/\/myanimelist.net\/anime\/genre\/48\/Workplace"}],"demographics":[],"relations":[{"relation":"Adaptation","entry":[{"mal_id":25408,"type":"manga","name":"Hanasaku Iroha","url":"https:\/\/myanimelist.net\/manga\/25408\/Hanasaku_Iroha"}]},{"relation":"Side story","entry":[{"mal_id":14175,"type":"anime","name":"Hanasaku Iroha Movie: Home Sweet Home","url":"https:\/\/myanimelist.net\/anime\/14175\/Hanasaku_Iroha_Movie__Home_Sweet_Home"}]},{"relation":"Character","entry":[{"mal_id":21103,"type":"anime","name":"Utopia","url":"https:\/\/myanimelist.net\/anime\/21103\/Utopia"}]}],"theme":{"openings":["1: \"Hana no Iro (\u30cf\u30ca\u30ce\u30a4\u30ed)\" by nano.RIPE (eps 2-13)","2: \"Omokage Warp (\u9762\u5f71\u30ef\u30fc\u30d7)\" by nano.RIPE (eps 14-25)"],"endings":["1: \"Hana no Iro (\u30cf\u30ca\u30ce\u30a4\u30ed)\" by nano.RIPE (eps 1)","2: \"Hazy\" by Sphere (eps 2-5, 7, 9-10, 12-13)","3: \"Tsukikage to Buranko (\u6708\u5f71\u3068\u30d6\u30e9\u30f3\u30b3)\" by nano.RIPE (eps 6)","4: \"Yumeji (\u5922\u8def)\" by nano.RIPE (eps 8,26)","5: \"Saibou Kioku (\u7d30\u80de\u30ad\u30aa\u30af)\" by nano.RIPE (eps 11)","6: \"Hanasaku Iroha (\u306f\u306a\u3055\u304f\u3044\u308d\u306f)\" by Clammbon (\u30af\u30e9\u30e0\u30dc\u30f3) (eps 14-21, 23, 24)","7: \"Hi Leap (\u30cf\u30a4\u30ea\u30fc\u30d7)\" by nano.RIPE (eps 22)"]},"external":[{"name":"Official Site","url":"http:\/\/www.hanasakuiroha.jp\/tv\/"},{"name":"AniDB","url":"https:\/\/anidb.net\/perl-bin\/animedb.pl?show=anime&aid=7874"},{"name":"ANN","url":"https:\/\/www.animenewsnetwork.com\/encyclopedia\/anime.php?id=11795"},{"name":"Wikipedia","url":"https:\/\/en.wikipedia.org\/wiki\/Hanasaku_Iroha"}],"streaming":[{"name":"Funimation","url":"https:\/\/www.funimation.com\/shows\/hanasaku-iroha-blossoms-for-tomorrow"}]}}