{"data":{"mal_id":9611,"url":"https:\/\/myanimelist.net\/anime\/9611\/Aa_Megami-sama_2011","images":{"jpg":{"image_url":"https:\/\/cdn.myanimelist.net\/images\/anime\/5\/28569.jpg","small_image_url":"https:\/\/cdn.myanimelist.net\/images\/anime\/5\/28569t.jpg","large_image_url":"https:\/\/cdn.myanimelist.net\/images\/anime\/5\/28569l.jpg"},"webp":{"image_url":"https:\/\/cdn.myanimelist.net\/images\/anime\/5\/28569.webp","small_image_url":"https:\/\/cdn.myanimelist.net\/images\/anime\/5\/28569t.webp","large_image_url":"https:\/\/cdn.myanimelist.net\/images\/anime\/5\/28569l.webp"}},"trailer":{"youtube_id":"Nz-JIFdyXdg","url":"https:\/\/www.youtube.com\/watch?v=Nz-JIFdyXdg","embed_url":"https:\/\/www.youtube.com\/embed\/Nz-JIFdyXdg?enablejsapi=1&wmode=opaque&autoplay=1","images":{"image_url":"https:\/\/img.youtube.com\/vi\/Nz-JIFdyXdg\/default.jpg","small_image_url":"https:\/\/img.youtube.com\/vi\/Nz-JIFdyXdg\/sddefault.jpg","medium_image_url":"https:\/\/img.youtube.com\/vi\/Nz-JIFdyXdg\/mqdefault.jpg","large_image_url":"https:\/\/img.youtube.com\/vi\/Nz-JIFdyXdg\/hqdefault.jpg","maximum_image_url":"https:\/\/img.youtube.com\/vi\/Nz-JIFdyXdg\/maxresdefault.jpg"}},"approved":true,"titles":[{"type":"Default","title":"Aa! Megami-sama! (2011)"},{"type":"Synonym","title":"Ah! My Goddess (2011)"},{"type":"Synonym","title":"Oh! My Goddess (2011)"},{"type":"Synonym","title":"Aa! Megami-sama!: Itsumo Futari de"},{"type":"Synonym","title":"Aa! Megami-sama! OAD"},{"type":"Japanese","title":"\u3042\u3042\u3063\u5973\u795e\u3055\u307e\u3063"},{"type":"English","title":"Ah! My Goddess: Together Forever"}],"title":"Aa! Megami-sama! (2011)","title_english":"Ah! My Goddess: Together Forever","title_japanese":"\u3042\u3042\u3063\u5973\u795e\u3055\u307e\u3063","title_synonyms":["Ah! My Goddess (2011)","Oh! My Goddess (2011)","Aa! Megami-sama!: Itsumo Futari de","Aa! Megami-sama! OAD"],"type":"OVA","source":"Manga","episodes":3,"status":"Finished Airing","airing":false,"aired":{"from":"2011-02-23T00:00:00+00:00","to":"2013-08-23T00:00:00+00:00","prop":{"from":{"day":23,"month":2,"year":2011},"to":{"day":23,"month":8,"year":2013}},"string":"Feb 23, 2011 to Aug 23, 2013"},"duration":"28 min per ep","rating":"PG-13 - Teens 13 or older","score":7.33,"scored_by":9549,"rank":2449,"popularity":4495,"members":22191,"favorites":30,"synopsis":"OVAs bundled with volumes 42, 43 &amp; 46 of the Aa! Megami-sama! manga.","background":null,"season":null,"year":null,"broadcast":{"day":null,"time":null,"timezone":null,"string":null},"producers":[{"mal_id":77,"type":"anime","name":"APPP","url":"https:\/\/myanimelist.net\/anime\/producer\/77\/APPP"}],"licensors":[],"studios":[{"mal_id":48,"type":"anime","name":"AIC","url":"https:\/\/myanimelist.net\/anime\/producer\/48\/AIC"}],"genres":[{"mal_id":4,"type":"anime","name":"Comedy","url":"https:\/\/myanimelist.net\/anime\/genre\/4\/Comedy"},{"mal_id":22,"type":"anime","name":"Romance","url":"https:\/\/myanimelist.net\/anime\/genre\/22\/Romance"},{"mal_id":37,"type":"anime","name":"Supernatural","url":"https:\/\/myanimelist.net\/anime\/genre\/37\/Supernatural"}],"explicit_genres":[],"themes":[],"demographics":[{"mal_id":42,"type":"anime","name":"Seinen","url":"https:\/\/myanimelist.net\/anime\/genre\/42\/Seinen"}],"relations":[{"relation":"Adaptation","entry":[{"mal_id":446,"type":"manga","name":"Aa! Megami-sama!","url":"https:\/\/myanimelist.net\/manga\/446\/Aa_Megami-sama"}]},{"relation":"Other","entry":[{"mal_id":49,"type":"anime","name":"Aa! Megami-sama!","url":"https:\/\/myanimelist.net\/anime\/49\/Aa_Megami-sama"}]},{"relation":"Prequel","entry":[{"mal_id":3090,"type":"anime","name":"Aa! Megami-sama! Tatakau Tsubasa","url":"https:\/\/myanimelist.net\/anime\/3090\/Aa_Megami-sama_Tatakau_Tsubasa"}]}],"theme":{"openings":["\"everlasting\" by fripside (eps 1-2)"],"endings":["\"yuujou\" by Hamaguchi Shirou (eps 1-2)"]},"external":[{"name":"Official Site","url":"http:\/\/kc.kodansha.co.jp\/megamisama\/"},{"name":"AniDB","url":"https:\/\/anidb.net\/perl-bin\/animedb.pl?show=anime&aid=7973"},{"name":"ANN","url":"https:\/\/www.animenewsnetwork.com\/encyclopedia\/anime.php?id=11951"}],"streaming":[]}}