{"data":{"mal_id":9617,"url":"https:\/\/myanimelist.net\/anime\/9617\/K-On_Movie","images":{"jpg":{"image_url":"https:\/\/cdn.myanimelist.net\/images\/anime\/5\/76233.jpg","small_image_url":"https:\/\/cdn.myanimelist.net\/images\/anime\/5\/76233t.jpg","large_image_url":"https:\/\/cdn.myanimelist.net\/images\/anime\/5\/76233l.jpg"},"webp":{"image_url":"https:\/\/cdn.myanimelist.net\/images\/anime\/5\/76233.webp","small_image_url":"https:\/\/cdn.myanimelist.net\/images\/anime\/5\/76233t.webp","large_image_url":"https:\/\/cdn.myanimelist.net\/images\/anime\/5\/76233l.webp"}},"trailer":{"youtube_id":"f-_BPUz-Rxs","url":"https:\/\/www.youtube.com\/watch?v=f-_BPUz-Rxs","embed_url":"https:\/\/www.youtube.com\/embed\/f-_BPUz-Rxs?enablejsapi=1&wmode=opaque&autoplay=1","images":{"image_url":"https:\/\/img.youtube.com\/vi\/f-_BPUz-Rxs\/default.jpg","small_image_url":"https:\/\/img.youtube.com\/vi\/f-_BPUz-Rxs\/sddefault.jpg","medium_image_url":"https:\/\/img.youtube.com\/vi\/f-_BPUz-Rxs\/mqdefault.jpg","large_image_url":"https:\/\/img.youtube.com\/vi\/f-_BPUz-Rxs\/hqdefault.jpg","maximum_image_url":"https:\/\/img.youtube.com\/vi\/f-_BPUz-Rxs\/maxresdefault.jpg"}},"approved":true,"titles":[{"type":"Default","title":"K-On! Movie"},{"type":"Synonym","title":"Eiga K-On!"},{"type":"Synonym","title":"Keion Movie"},{"type":"Japanese","title":"\u6620\u753b \u3051\u3044\u304a\u3093\uff01"},{"type":"English","title":"K-ON! The Movie"},{"type":"German","title":"K-On! The Movie"}],"title":"K-On! Movie","title_english":"K-ON! The Movie","title_japanese":"\u6620\u753b \u3051\u3044\u304a\u3093\uff01","title_synonyms":["Eiga K-On!","Keion Movie"],"type":"Movie","source":"4-koma manga","episodes":1,"status":"Finished Airing","airing":false,"aired":{"from":"2011-12-03T00:00:00+00:00","to":null,"prop":{"from":{"day":3,"month":12,"year":2011},"to":{"day":null,"month":null,"year":null}},"string":"Dec 3, 2011"},"duration":"1 hr 50 min","rating":"PG-13 - Teens 13 or older","score":8.35,"scored_by":190414,"rank":212,"popularity":713,"members":323039,"favorites":2744,"synopsis":"Graduation looms for the founding members of the Light Music Club. With only a few precious weeks of school left, the girls decide to make the most of it and plan a trip abroad. Hawaii, New York, Dubai\u2014many destinations are suggested, but after a little help from the club's precious pet turtle, Ton-chan, London is chosen as the host of their next misadventure!\n\nYui Hirasawa, Mio Akiyama, Tsumugi Kotobuki, Ritsu Tainaka, and Azusa Nakano will visit famous landmarks, perform live music for Londoners, and eat all sorts of delicious food, all while stumbling clumsily from place to place. But the fun won't last forever, as heartfelt songs and goodbyes will be made as their high school days together come to a close. One thing is for certain though: the undeniable friendships these girls have formed is something that will carry on long after the final scene rolls.\n\n[Written by MAL Rewrite]","background":"The movie won the Feature Film Award in the 17th Animation Kobe Awards in 2012 and the 2012 Newtype Anime Awards for Best Anime Film.","season":null,"year":null,"broadcast":{"day":null,"time":null,"timezone":null,"string":null},"producers":[{"mal_id":144,"type":"anime","name":"Pony Canyon","url":"https:\/\/myanimelist.net\/anime\/producer\/144\/Pony_Canyon"},{"mal_id":929,"type":"anime","name":"Animation Do","url":"https:\/\/myanimelist.net\/anime\/producer\/929\/Animation_Do"}],"licensors":[{"mal_id":376,"type":"anime","name":"Sentai Filmworks","url":"https:\/\/myanimelist.net\/anime\/producer\/376\/Sentai_Filmworks"}],"studios":[{"mal_id":2,"type":"anime","name":"Kyoto Animation","url":"https:\/\/myanimelist.net\/anime\/producer\/2\/Kyoto_Animation"}],"genres":[{"mal_id":46,"type":"anime","name":"Award Winning","url":"https:\/\/myanimelist.net\/anime\/genre\/46\/Award_Winning"},{"mal_id":4,"type":"anime","name":"Comedy","url":"https:\/\/myanimelist.net\/anime\/genre\/4\/Comedy"}],"explicit_genres":[],"themes":[{"mal_id":52,"type":"anime","name":"CGDCT","url":"https:\/\/myanimelist.net\/anime\/genre\/52\/CGDCT"},{"mal_id":19,"type":"anime","name":"Music","url":"https:\/\/myanimelist.net\/anime\/genre\/19\/Music"}],"demographics":[],"relations":[{"relation":"Adaptation","entry":[{"mal_id":13001,"type":"manga","name":"K-On!","url":"https:\/\/myanimelist.net\/manga\/13001\/K-On"}]},{"relation":"Parent story","entry":[{"mal_id":7791,"type":"anime","name":"K-On!!","url":"https:\/\/myanimelist.net\/anime\/7791\/K-On"}]}],"theme":{"openings":["\"Ichiban Ippai (\u3044\u3061\u3070\u3093\u3044\u3063\u3071\u3044)\" by HTT (Houkago Tea Time)"],"endings":["\"Singing!\" by HTT (Houkago Tea Time)"]},"external":[{"name":"Official Site","url":"http:\/\/www.tbs.co.jp\/anime\/k-on\/"},{"name":"AniDB","url":"https:\/\/anidb.net\/perl-bin\/animedb.pl?show=anime&aid=8280"},{"name":"ANN","url":"https:\/\/www.animenewsnetwork.com\/encyclopedia\/anime.php?id=11963"},{"name":"Wikipedia","url":"http:\/\/en.wikipedia.org\/wiki\/K-On!"},{"name":"Wikipedia","url":"https:\/\/ja.wikipedia.org\/wiki\/%E3%81%91%E3%81%84%E3%81%8A%E3%82%93!#%E3%83%86%E3%83%AC%E3%83%93%E3%82%A2%E3%83%8B%E3%83%A1"},{"name":"Syoboi","url":"https:\/\/cal.syoboi.jp\/tid\/2336"}],"streaming":[{"name":"Crunchyroll","url":"http:\/\/www.crunchyroll.com\/series-280851"},{"name":"HIDIVE","url":"https:\/\/www.hidive.com\/movies\/k-on-the-movie"}]}}