{"data":{"mal_id":9735,"url":"https:\/\/myanimelist.net\/anime\/9735\/Gintama__Shinyaku_Benizakura-hen","images":{"jpg":{"image_url":"https:\/\/cdn.myanimelist.net\/images\/anime\/12\/26966.jpg","small_image_url":"https:\/\/cdn.myanimelist.net\/images\/anime\/12\/26966t.jpg","large_image_url":"https:\/\/cdn.myanimelist.net\/images\/anime\/12\/26966l.jpg"},"webp":{"image_url":"https:\/\/cdn.myanimelist.net\/images\/anime\/12\/26966.webp","small_image_url":"https:\/\/cdn.myanimelist.net\/images\/anime\/12\/26966t.webp","large_image_url":"https:\/\/cdn.myanimelist.net\/images\/anime\/12\/26966l.webp"}},"trailer":{"youtube_id":null,"url":null,"embed_url":null,"images":{"image_url":null,"small_image_url":null,"medium_image_url":null,"large_image_url":null,"maximum_image_url":null}},"approved":true,"titles":[{"type":"Default","title":"Gintama: Shinyaku Benizakura-hen"},{"type":"Synonym","title":"Gintama: Shinyaku Benizakura-hen OVA"},{"type":"Synonym","title":"Gintama: Benizakura Arc - A New Retelling Special"},{"type":"Synonym","title":"Gintama Movie: Crimson Sakura Chapter New Edition"},{"type":"Synonym","title":"Gintama: Shin-yaku Benizakura-hen"},{"type":"Japanese","title":"\u9280\u9b42 \u65b0\u8a33\u7d05\u685c\u7bc7"}],"title":"Gintama: Shinyaku Benizakura-hen","title_english":null,"title_japanese":"\u9280\u9b42 \u65b0\u8a33\u7d05\u685c\u7bc7","title_synonyms":["Gintama: Shinyaku Benizakura-hen OVA","Gintama: Benizakura Arc - A New Retelling Special","Gintama Movie: Crimson Sakura Chapter New Edition","Gintama: Shin-yaku Benizakura-hen"],"type":"Special","source":"Manga","episodes":1,"status":"Finished Airing","airing":false,"aired":{"from":"2010-12-15T00:00:00+00:00","to":null,"prop":{"from":{"day":15,"month":12,"year":2010},"to":{"day":null,"month":null,"year":null}},"string":"Dec 15, 2010"},"duration":"11 min","rating":"PG-13 - Teens 13 or older","score":8.28,"scored_by":19033,"rank":271,"popularity":3257,"members":43057,"favorites":53,"synopsis":"It's the running gag of Ben Johnson episode where animation staff reuse the New Years footage; Yorozuya would sit around the kotatsu eating a bowl of tangerines. They discuss elaborate subjects, Shinpachi complains about reusing animation footage, and then Gin-chan always ending the gag with a pointless announcement.","background":null,"season":null,"year":null,"broadcast":{"day":null,"time":null,"timezone":null,"string":null},"producers":[],"licensors":[],"studios":[{"mal_id":14,"type":"anime","name":"Sunrise","url":"https:\/\/myanimelist.net\/anime\/producer\/14\/Sunrise"}],"genres":[{"mal_id":1,"type":"anime","name":"Action","url":"https:\/\/myanimelist.net\/anime\/genre\/1\/Action"},{"mal_id":4,"type":"anime","name":"Comedy","url":"https:\/\/myanimelist.net\/anime\/genre\/4\/Comedy"},{"mal_id":24,"type":"anime","name":"Sci-Fi","url":"https:\/\/myanimelist.net\/anime\/genre\/24\/Sci-Fi"}],"explicit_genres":[],"themes":[{"mal_id":13,"type":"anime","name":"Historical","url":"https:\/\/myanimelist.net\/anime\/genre\/13\/Historical"},{"mal_id":20,"type":"anime","name":"Parody","url":"https:\/\/myanimelist.net\/anime\/genre\/20\/Parody"},{"mal_id":21,"type":"anime","name":"Samurai","url":"https:\/\/myanimelist.net\/anime\/genre\/21\/Samurai"}],"demographics":[{"mal_id":27,"type":"anime","name":"Shounen","url":"https:\/\/myanimelist.net\/anime\/genre\/27\/Shounen"}],"relations":[{"relation":"Other","entry":[{"mal_id":7472,"type":"anime","name":"Gintama Movie 1: Shinyaku Benizakura-hen","url":"https:\/\/myanimelist.net\/anime\/7472\/Gintama_Movie_1__Shinyaku_Benizakura-hen"}]}],"theme":{"openings":[],"endings":[]},"external":[{"name":"Official Site","url":"https:\/\/www.sunrise-inc.co.jp\/work\/detail.php?cid=289"},{"name":"AniDB","url":"https:\/\/anidb.net\/perl-bin\/animedb.pl?show=anime&aid=7177"},{"name":"ANN","url":"https:\/\/www.animenewsnetwork.com\/encyclopedia\/anime.php?id=11152"},{"name":"Wikipedia","url":"http:\/\/en.wikipedia.org\/wiki\/Gintama#Film"},{"name":"Wikipedia","url":"https:\/\/ja.wikipedia.org\/wiki\/%E5%8A%87%E5%A0%B4%E7%89%88_%E9%8A%80%E9%AD%82_%E6%96%B0%E8%A8%B3%E7%B4%85%E6%A1%9C%E7%AF%87"},{"name":"Syoboi","url":"https:\/\/cal.syoboi.jp\/tid\/2186"}],"streaming":[]}}