{"data":{"mal_id":975,"url":"https:\/\/myanimelist.net\/anime\/975\/Yokohama_Kaidashi_Kikou","images":{"jpg":{"image_url":"https:\/\/cdn.myanimelist.net\/images\/anime\/6\/23054.jpg","small_image_url":"https:\/\/cdn.myanimelist.net\/images\/anime\/6\/23054t.jpg","large_image_url":"https:\/\/cdn.myanimelist.net\/images\/anime\/6\/23054l.jpg"},"webp":{"image_url":"https:\/\/cdn.myanimelist.net\/images\/anime\/6\/23054.webp","small_image_url":"https:\/\/cdn.myanimelist.net\/images\/anime\/6\/23054t.webp","large_image_url":"https:\/\/cdn.myanimelist.net\/images\/anime\/6\/23054l.webp"}},"trailer":{"youtube_id":null,"url":null,"embed_url":null,"images":{"image_url":null,"small_image_url":null,"medium_image_url":null,"large_image_url":null,"maximum_image_url":null}},"approved":true,"titles":[{"type":"Default","title":"Yokohama Kaidashi Kikou"},{"type":"Synonym","title":"YKK"},{"type":"Synonym","title":"Yokohama Shopping Log"},{"type":"Synonym","title":"Yokohama Shopping Trip"},{"type":"Japanese","title":"\u30e8\u30b3\u30cf\u30de\u8cb7\u3044\u51fa\u3057\u7d00\u884c"}],"title":"Yokohama Kaidashi Kikou","title_english":null,"title_japanese":"\u30e8\u30b3\u30cf\u30de\u8cb7\u3044\u51fa\u3057\u7d00\u884c","title_synonyms":["YKK","Yokohama Shopping Log","Yokohama Shopping Trip"],"type":"OVA","source":"Manga","episodes":2,"status":"Finished Airing","airing":false,"aired":{"from":"1998-05-21T00:00:00+00:00","to":"1998-12-02T00:00:00+00:00","prop":{"from":{"day":21,"month":5,"year":1998},"to":{"day":2,"month":12,"year":1998}},"string":"May 21, 1998 to Dec 2, 1998"},"duration":"29 min per ep","rating":"G - All Ages","score":7.4,"scored_by":14372,"rank":2171,"popularity":3429,"members":39335,"favorites":373,"synopsis":"After a disaster leaves the world in a state of decline, the remaining human population lives out their lives peacefully and quietly in the twilight of the human age. Alpha Hatsuseno is an android who works at a cafe bordering Yokohama that rarely gets visitors, and is waiting for her owner to return.\n\nOne day, another android, the courier Kokone Takatsu, brings Alpha a package from her master. Inside is a camera, given to Alpha so she can take pictures to reminisce about.\n\nYokohama Kaidashi Kikou is a slow and contemplative anime that follows an android girl as she takes beautiful pictures and experiences touching moments, all amidst a calming sense of peace.\n\n[Written by MAL Rewrite]","background":null,"season":null,"year":null,"broadcast":{"day":null,"time":null,"timezone":null,"string":null},"producers":[{"mal_id":17,"type":"anime","name":"Aniplex","url":"https:\/\/myanimelist.net\/anime\/producer\/17\/Aniplex"}],"licensors":[],"studios":[{"mal_id":30,"type":"anime","name":"Ajia-do","url":"https:\/\/myanimelist.net\/anime\/producer\/30\/Ajia-do"}],"genres":[{"mal_id":24,"type":"anime","name":"Sci-Fi","url":"https:\/\/myanimelist.net\/anime\/genre\/24\/Sci-Fi"},{"mal_id":36,"type":"anime","name":"Slice of Life","url":"https:\/\/myanimelist.net\/anime\/genre\/36\/Slice_of_Life"}],"explicit_genres":[],"themes":[{"mal_id":63,"type":"anime","name":"Iyashikei","url":"https:\/\/myanimelist.net\/anime\/genre\/63\/Iyashikei"}],"demographics":[{"mal_id":42,"type":"anime","name":"Seinen","url":"https:\/\/myanimelist.net\/anime\/genre\/42\/Seinen"}],"relations":[{"relation":"Adaptation","entry":[{"mal_id":4,"type":"manga","name":"Yokohama Kaidashi Kikou","url":"https:\/\/myanimelist.net\/manga\/4\/Yokohama_Kaidashi_Kikou"}]},{"relation":"Sequel","entry":[{"mal_id":976,"type":"anime","name":"Yokohama Kaidashi Kikou: Quiet Country Cafe","url":"https:\/\/myanimelist.net\/anime\/976\/Yokohama_Kaidashi_Kikou__Quiet_Country_Cafe"}]}],"theme":{"openings":["\"Cafe Alpha\" by Gontiti"],"endings":["\"Closing Time\" by Gontiti"]},"external":[{"name":"Official Site","url":"http:\/\/www.sonymusic.co.jp\/Animation\/yokohama\/"},{"name":"AniDB","url":"https:\/\/anidb.net\/perl-bin\/animedb.pl?show=anime&aid=424"},{"name":"ANN","url":"https:\/\/www.animenewsnetwork.com\/encyclopedia\/anime.php?id=1156"},{"name":"Wikipedia","url":"http:\/\/en.wikipedia.org\/wiki\/Yokohama_Kaidashi_Kik%C5%8D"}],"streaming":[]}}