{"data":{"mal_id":9760,"url":"https:\/\/myanimelist.net\/anime\/9760\/Hoshi_wo_Ou_Kodomo","images":{"jpg":{"image_url":"https:\/\/cdn.myanimelist.net\/images\/anime\/1000\/133740.jpg","small_image_url":"https:\/\/cdn.myanimelist.net\/images\/anime\/1000\/133740t.jpg","large_image_url":"https:\/\/cdn.myanimelist.net\/images\/anime\/1000\/133740l.jpg"},"webp":{"image_url":"https:\/\/cdn.myanimelist.net\/images\/anime\/1000\/133740.webp","small_image_url":"https:\/\/cdn.myanimelist.net\/images\/anime\/1000\/133740t.webp","large_image_url":"https:\/\/cdn.myanimelist.net\/images\/anime\/1000\/133740l.webp"}},"trailer":{"youtube_id":"T37GhIqsO28","url":"https:\/\/www.youtube.com\/watch?v=T37GhIqsO28","embed_url":"https:\/\/www.youtube.com\/embed\/T37GhIqsO28?enablejsapi=1&wmode=opaque&autoplay=1","images":{"image_url":"https:\/\/img.youtube.com\/vi\/T37GhIqsO28\/default.jpg","small_image_url":"https:\/\/img.youtube.com\/vi\/T37GhIqsO28\/sddefault.jpg","medium_image_url":"https:\/\/img.youtube.com\/vi\/T37GhIqsO28\/mqdefault.jpg","large_image_url":"https:\/\/img.youtube.com\/vi\/T37GhIqsO28\/hqdefault.jpg","maximum_image_url":"https:\/\/img.youtube.com\/vi\/T37GhIqsO28\/maxresdefault.jpg"}},"approved":true,"titles":[{"type":"Default","title":"Hoshi wo Ou Kodomo"},{"type":"Synonym","title":"Children who Chase Lost Voices from Deep Below"},{"type":"Synonym","title":"Journey to Agartha"},{"type":"Japanese","title":"\u661f\u3092\u8ffd\u3046\u5b50\u3069\u3082"},{"type":"English","title":"Children Who Chase Lost Voices"},{"type":"German","title":"Children Who Chase Lost Voices"},{"type":"Spanish","title":"Viaje a Agartha"},{"type":"French","title":"Children Who Chase Lost Voices"}],"title":"Hoshi wo Ou Kodomo","title_english":"Children Who Chase Lost Voices","title_japanese":"\u661f\u3092\u8ffd\u3046\u5b50\u3069\u3082","title_synonyms":["Children who Chase Lost Voices from Deep Below","Journey to Agartha"],"type":"Movie","source":"Original","episodes":1,"status":"Finished Airing","airing":false,"aired":{"from":"2011-05-07T00:00:00+00:00","to":null,"prop":{"from":{"day":7,"month":5,"year":2011},"to":{"day":null,"month":null,"year":null}},"string":"May 7, 2011"},"duration":"1 hr 56 min","rating":"PG-13 - Teens 13 or older","score":7.52,"scored_by":95883,"rank":1736,"popularity":1101,"members":211078,"favorites":664,"synopsis":"If you could turn all your memories into a song, what would it resemble?\n\nBetween being an exceptional student and taking care of the house alone during her mother's absence, Asuna Watase's only distraction is listening to her old crystal radio in her secret mountain hideout. One day, she accidentally tunes to a mysterious and melancholic melody, different from anything she has ever heard before. Soon after, an enigmatic boy named Shun saves her from a dangerous creature, unknowingly dragging Asuna on a long journey to a long lost land bound to surpass her very imagination, turning her once melodic life into an intricate requiem.\n\n[Written by MAL Rewrite]","background":"Winner of the Platinum Grand Prize during the 2012 Future Film Festival, held in Italy.","season":null,"year":null,"broadcast":{"day":null,"time":null,"timezone":null,"string":null},"producers":[{"mal_id":108,"type":"anime","name":"Media Factory","url":"https:\/\/myanimelist.net\/anime\/producer\/108\/Media_Factory"},{"mal_id":166,"type":"anime","name":"Movic","url":"https:\/\/myanimelist.net\/anime\/producer\/166\/Movic"},{"mal_id":795,"type":"anime","name":"Yahoo! Japan","url":"https:\/\/myanimelist.net\/anime\/producer\/795\/Yahoo_Japan"},{"mal_id":1011,"type":"anime","name":"Warner Music Japan","url":"https:\/\/myanimelist.net\/anime\/producer\/1011\/Warner_Music_Japan"},{"mal_id":1363,"type":"anime","name":"Marine Entertainment","url":"https:\/\/myanimelist.net\/anime\/producer\/1363\/Marine_Entertainment"}],"licensors":[{"mal_id":376,"type":"anime","name":"Sentai Filmworks","url":"https:\/\/myanimelist.net\/anime\/producer\/376\/Sentai_Filmworks"},{"mal_id":783,"type":"anime","name":"GKIDS","url":"https:\/\/myanimelist.net\/anime\/producer\/783\/GKIDS"}],"studios":[{"mal_id":291,"type":"anime","name":"CoMix Wave Films","url":"https:\/\/myanimelist.net\/anime\/producer\/291\/CoMix_Wave_Films"}],"genres":[{"mal_id":2,"type":"anime","name":"Adventure","url":"https:\/\/myanimelist.net\/anime\/genre\/2\/Adventure"},{"mal_id":10,"type":"anime","name":"Fantasy","url":"https:\/\/myanimelist.net\/anime\/genre\/10\/Fantasy"},{"mal_id":22,"type":"anime","name":"Romance","url":"https:\/\/myanimelist.net\/anime\/genre\/22\/Romance"}],"explicit_genres":[],"themes":[],"demographics":[],"relations":[{"relation":"Adaptation","entry":[{"mal_id":28755,"type":"manga","name":"Hoshi wo Ou Kodomo","url":"https:\/\/myanimelist.net\/manga\/28755\/Hoshi_wo_Ou_Kodomo"},{"mal_id":44855,"type":"manga","name":"Hoshi wo Ou Kodomo: Agartha no Shounen","url":"https:\/\/myanimelist.net\/manga\/44855\/Hoshi_wo_Ou_Kodomo__Agartha_no_Shounen"},{"mal_id":134699,"type":"manga","name":"Hoshi wo Ou Kodomo","url":"https:\/\/myanimelist.net\/manga\/134699\/Hoshi_wo_Ou_Kodomo"}]}],"theme":{"openings":[],"endings":["\"Hello Goodbye & Hello\" by Anri Kumaki (\u718a\u6728\u674f\u91cc)"]},"external":[{"name":"Official Site","url":"http:\/\/www.hoshi-o-kodomo.jp\/top.php"},{"name":"AniDB","url":"https:\/\/anidb.net\/perl-bin\/animedb.pl?show=anime&aid=8073"},{"name":"ANN","url":"https:\/\/www.animenewsnetwork.com\/encyclopedia\/anime.php?id=12141"},{"name":"Wikipedia","url":"http:\/\/en.wikipedia.org\/wiki\/Children_Who_Chase_Lost_Voices_from_Deep_Below"}],"streaming":[{"name":"Netflix","url":"https:\/\/www.netflix.com\/"}]}}