{"data":{"mal_id":986,"url":"https:\/\/myanimelist.net\/anime\/986\/Dragon_Ball_Z_Special_1__Tatta_Hitori_no_Saishuu_Kessen","images":{"jpg":{"image_url":"https:\/\/cdn.myanimelist.net\/images\/anime\/1978\/138488.jpg","small_image_url":"https:\/\/cdn.myanimelist.net\/images\/anime\/1978\/138488t.jpg","large_image_url":"https:\/\/cdn.myanimelist.net\/images\/anime\/1978\/138488l.jpg"},"webp":{"image_url":"https:\/\/cdn.myanimelist.net\/images\/anime\/1978\/138488.webp","small_image_url":"https:\/\/cdn.myanimelist.net\/images\/anime\/1978\/138488t.webp","large_image_url":"https:\/\/cdn.myanimelist.net\/images\/anime\/1978\/138488l.webp"}},"trailer":{"youtube_id":null,"url":null,"embed_url":null,"images":{"image_url":null,"small_image_url":null,"medium_image_url":null,"large_image_url":null,"maximum_image_url":null}},"approved":true,"titles":[{"type":"Default","title":"Dragon Ball Z Special 1: Tatta Hitori no Saishuu Kessen"},{"type":"Synonym","title":"DBZ: A Final Solitary Battle! The Z Warrior Son Goku's Father Challenges Furiza"},{"type":"Synonym","title":"Dragon Ball Z Special 1: Tatta Hitori no Saishuu Kessen - Freezer ni Idonda Z Senshi Son Gokuu no Chichi"},{"type":"Japanese","title":"DRAGON BALL Z \u30b9\u30da\u30b7\u30e3\u30eb \u305f\u3063\u305f\u3072\u3068\u308a\u306e\u6700\u7d42\u6c7a\u6226~\u30d5\u30ea\u30fc\u30b6\u306b\u6311\u3093\u3060Z\u6226\u58eb\u5b6b\u609f\u7a7a\u306e\u7236~"},{"type":"English","title":"Dragon Ball Z: Bardock, The Father of Goku"},{"type":"German","title":"Dragon Ball Z Special 1: Son Gokus Vater"},{"type":"Spanish","title":"Dragon Ball Z TV Especial 1: La Batalla Final Solitaria del Padre del Guerrero Z Son Goku que Desafi\u00f3 a Freeza"}],"title":"Dragon Ball Z Special 1: Tatta Hitori no Saishuu Kessen","title_english":"Dragon Ball Z: Bardock, The Father of Goku","title_japanese":"DRAGON BALL Z \u30b9\u30da\u30b7\u30e3\u30eb \u305f\u3063\u305f\u3072\u3068\u308a\u306e\u6700\u7d42\u6c7a\u6226~\u30d5\u30ea\u30fc\u30b6\u306b\u6311\u3093\u3060Z\u6226\u58eb\u5b6b\u609f\u7a7a\u306e\u7236~","title_synonyms":["DBZ: A Final Solitary Battle! The Z Warrior Son Goku's Father Challenges Furiza","Dragon Ball Z Special 1: Tatta Hitori no Saishuu Kessen - Freezer ni Idonda Z Senshi Son Gokuu no Chichi"],"type":"Special","source":"Manga","episodes":1,"status":"Finished Airing","airing":false,"aired":{"from":"1990-10-17T00:00:00+00:00","to":null,"prop":{"from":{"day":17,"month":10,"year":1990},"to":{"day":null,"month":null,"year":null}},"string":"Oct 17, 1990"},"duration":"47 min","rating":"PG-13 - Teens 13 or older","score":7.56,"scored_by":66051,"rank":1563,"popularity":1960,"members":102766,"favorites":143,"synopsis":"Bardock, Son Goku's father, is a low-ranking Saiyan soldier who was given the power to see into the future by the last remaining alien on a planet he just destroyed. He witnesses the destruction of his race and must now do his best to stop Frieza's impending massacre.\n\n(Source: ANN)","background":null,"season":null,"year":null,"broadcast":{"day":null,"time":null,"timezone":null,"string":null},"producers":[],"licensors":[{"mal_id":102,"type":"anime","name":"Funimation","url":"https:\/\/myanimelist.net\/anime\/producer\/102\/Funimation"}],"studios":[{"mal_id":18,"type":"anime","name":"Toei Animation","url":"https:\/\/myanimelist.net\/anime\/producer\/18\/Toei_Animation"}],"genres":[{"mal_id":2,"type":"anime","name":"Adventure","url":"https:\/\/myanimelist.net\/anime\/genre\/2\/Adventure"},{"mal_id":4,"type":"anime","name":"Comedy","url":"https:\/\/myanimelist.net\/anime\/genre\/4\/Comedy"},{"mal_id":10,"type":"anime","name":"Fantasy","url":"https:\/\/myanimelist.net\/anime\/genre\/10\/Fantasy"},{"mal_id":24,"type":"anime","name":"Sci-Fi","url":"https:\/\/myanimelist.net\/anime\/genre\/24\/Sci-Fi"}],"explicit_genres":[],"themes":[],"demographics":[{"mal_id":27,"type":"anime","name":"Shounen","url":"https:\/\/myanimelist.net\/anime\/genre\/27\/Shounen"}],"relations":[{"relation":"Parent story","entry":[{"mal_id":813,"type":"anime","name":"Dragon Ball Z","url":"https:\/\/myanimelist.net\/anime\/813\/Dragon_Ball_Z"}]},{"relation":"Sequel","entry":[{"mal_id":12231,"type":"anime","name":"Dragon Ball: Episode of Bardock","url":"https:\/\/myanimelist.net\/anime\/12231\/Dragon_Ball__Episode_of_Bardock"}]}],"theme":{"openings":["\"Cha-La Head-Cha-La\" by Hironobu Kageyama"],"endings":["\"Hikari no Tabi (\u5149\u306e\u65c5)\" by Hironobu Kageyama & Kuko"]},"external":[{"name":"AniDB","url":"https:\/\/anidb.net\/perl-bin\/animedb.pl?show=anime&aid=2336"},{"name":"ANN","url":"https:\/\/www.animenewsnetwork.com\/encyclopedia\/anime.php?id=104"}],"streaming":[]}}