{"data":{"mal_id":9874,"url":"https:\/\/myanimelist.net\/anime\/9874\/Touhou_Niji_Sousaku_Doujin_Anime__Musou_Kakyou","images":{"jpg":{"image_url":"https:\/\/cdn.myanimelist.net\/images\/anime\/3\/27302.jpg","small_image_url":"https:\/\/cdn.myanimelist.net\/images\/anime\/3\/27302t.jpg","large_image_url":"https:\/\/cdn.myanimelist.net\/images\/anime\/3\/27302l.jpg"},"webp":{"image_url":"https:\/\/cdn.myanimelist.net\/images\/anime\/3\/27302.webp","small_image_url":"https:\/\/cdn.myanimelist.net\/images\/anime\/3\/27302t.webp","large_image_url":"https:\/\/cdn.myanimelist.net\/images\/anime\/3\/27302l.webp"}},"trailer":{"youtube_id":null,"url":null,"embed_url":null,"images":{"image_url":null,"small_image_url":null,"medium_image_url":null,"large_image_url":null,"maximum_image_url":null}},"approved":true,"titles":[{"type":"Default","title":"Touhou Niji Sousaku Doujin Anime: Musou Kakyou"},{"type":"Synonym","title":"Touhou Unofficial Doujin Anime: A Summer Day's Dream"},{"type":"Japanese","title":"\u6771\u65b9\u4e8c\u6b21\u5275\u4f5c\u540c\u4eba\u30a2\u30cb\u30e1 \u5922\u60f3\u590f\u90f7"}],"title":"Touhou Niji Sousaku Doujin Anime: Musou Kakyou","title_english":null,"title_japanese":"\u6771\u65b9\u4e8c\u6b21\u5275\u4f5c\u540c\u4eba\u30a2\u30cb\u30e1 \u5922\u60f3\u590f\u90f7","title_synonyms":["Touhou Unofficial Doujin Anime: A Summer Day's Dream"],"type":"OVA","source":"Game","episodes":null,"status":"Currently Airing","airing":true,"aired":{"from":"2008-12-29T00:00:00+00:00","to":null,"prop":{"from":{"day":29,"month":12,"year":2008},"to":{"day":null,"month":null,"year":null}},"string":"Dec 29, 2008 to ?"},"duration":"22 min","rating":"PG-13 - Teens 13 or older","score":7.32,"scored_by":12035,"rank":2512,"popularity":3430,"members":39327,"favorites":312,"synopsis":"In the hidden magical land of Gensokyo, shrine maiden Reimu Hakurei constantly makes sure that supernatural incidents involving mythical creatures known as youkai remain as infrequent as possible. As part of her shrine's traditions, she hosts an annual summer banquet that invites a variety of guests, ranging from humans to even the strongest of youkai.\n\nOn the morning of the banquet, however, the shrine's donation box suddenly goes missing. Furthermore, there appears to be no trace of any theft whatsoever. As Reimu, her friend Marisa Kirisame, and news reporter Aya Shameimaru investigate the situation, they realize that others also have missing possessions. With each step closer to piecing the puzzle together, the group soon understands that this phenomenon is more than just simple thievery\u2014an incident on par with Remilia Scarlet's mist or Yuyuko Saigyouji's youkai cherry blossom.\n\n[Written by MAL Rewrite]","background":null,"season":null,"year":null,"broadcast":{"day":null,"time":null,"timezone":null,"string":null},"producers":[{"mal_id":449,"type":"anime","name":"Maikaze","url":"https:\/\/myanimelist.net\/anime\/producer\/449\/Maikaze"}],"licensors":[],"studios":[],"genres":[{"mal_id":10,"type":"anime","name":"Fantasy","url":"https:\/\/myanimelist.net\/anime\/genre\/10\/Fantasy"}],"explicit_genres":[],"themes":[{"mal_id":32,"type":"anime","name":"Vampire","url":"https:\/\/myanimelist.net\/anime\/genre\/32\/Vampire"}],"demographics":[],"relations":[{"relation":"Alternative setting","entry":[{"mal_id":9875,"type":"anime","name":"Anime Tenchou x Touhou Project","url":"https:\/\/myanimelist.net\/anime\/9875\/Anime_Tenchou_x_Touhou_Project"},{"mal_id":36686,"type":"anime","name":"Hifuu Katsudou Kiroku: The Sealed Esoteric History","url":"https:\/\/myanimelist.net\/anime\/36686\/Hifuu_Katsudou_Kiroku__The_Sealed_Esoteric_History"},{"mal_id":55315,"type":"anime","name":"Gensou Mangekyou: The Memories of Phantasm","url":"https:\/\/myanimelist.net\/anime\/55315\/Gensou_Mangekyou__The_Memories_of_Phantasm"}]},{"relation":"Side story","entry":[{"mal_id":30547,"type":"anime","name":"Touhou Niji Sousaku Doujin Anime: Musou Kakyou Special","url":"https:\/\/myanimelist.net\/anime\/30547\/Touhou_Niji_Sousaku_Doujin_Anime__Musou_Kakyou_Special"}]}],"theme":{"openings":["1: \"Soko ni Aru Mono (\u305d\u3053\u306b\u5728\u308b\u3082\u306e)\" by TOKINE (eps 1)","2: \"Negai wo Yobu Kisetsu (\u9858\u3044\u3092\u547c\u3076\u5b63\u7bc0)\" by TOKINE (eps 2)","3: \"Hokorobi no D\u00e9j\u00e0 Vu (\u307b\u3053\u308d\u3073\u306e\u30c7\u30b8\u30e3\u30f4)\" by TOKINE (eps 3)"],"endings":["1: \"Mawari Meguru (\u5efb\u308a\u5de1\u308b)\" by Asuka Sasa (eps 1)","2: \"Himawari no Saku Basho (\u5411\u65e5\u8475\u306e\u54b2\u304f\u5834\u6240)\" by maoto (eps 2)","3: \"Rasen wo Kaku Chou (\u87ba\u65cb\u3092\u63cf\u304f\u8776)\" by renka (eps 3)"]},"external":[{"name":"Official Site","url":"http:\/\/maikaze.com\/musoukakyo\/"},{"name":"AniDB","url":"https:\/\/anidb.net\/perl-bin\/animedb.pl?show=anime&aid=6262"}],"streaming":[]}}