{"data":{"mal_id":9890,"url":"https:\/\/myanimelist.net\/anime\/9890\/Major__Message","images":{"jpg":{"image_url":"https:\/\/cdn.myanimelist.net\/images\/anime\/11\/75219.jpg","small_image_url":"https:\/\/cdn.myanimelist.net\/images\/anime\/11\/75219t.jpg","large_image_url":"https:\/\/cdn.myanimelist.net\/images\/anime\/11\/75219l.jpg"},"webp":{"image_url":"https:\/\/cdn.myanimelist.net\/images\/anime\/11\/75219.webp","small_image_url":"https:\/\/cdn.myanimelist.net\/images\/anime\/11\/75219t.webp","large_image_url":"https:\/\/cdn.myanimelist.net\/images\/anime\/11\/75219l.webp"}},"trailer":{"youtube_id":null,"url":null,"embed_url":null,"images":{"image_url":null,"small_image_url":null,"medium_image_url":null,"large_image_url":null,"maximum_image_url":null}},"approved":true,"titles":[{"type":"Default","title":"Major: Message"},{"type":"Synonym","title":"Major OVA"},{"type":"Japanese","title":"\u30e1\u30b8\u30e3\u30fc\u30fb\u30e1\u30c3\u30bb\u30fc\u30b8"}],"title":"Major: Message","title_english":null,"title_japanese":"\u30e1\u30b8\u30e3\u30fc\u30fb\u30e1\u30c3\u30bb\u30fc\u30b8","title_synonyms":["Major OVA"],"type":"OVA","source":"Manga","episodes":1,"status":"Finished Airing","airing":false,"aired":{"from":"2010-12-17T00:00:00+00:00","to":null,"prop":{"from":{"day":17,"month":12,"year":2010},"to":{"day":null,"month":null,"year":null}},"string":"Dec 17, 2010"},"duration":"24 min","rating":"PG-13 - Teens 13 or older","score":8.15,"scored_by":17357,"rank":414,"popularity":3916,"members":30160,"favorites":61,"synopsis":"Thirteen years after achieving major success with the Indiana Hornets, Gorou Honda's career as a pitcher ended abruptly after sustaining a horrible injury. Inspired by his father, who continued playing baseball despite major setbacks, Gorou plans to restart his baseball career and play in a new position. However, his strong dedication to train has puzzled his family, especially his young daughter Izumi, who is frustrated with the absence of her father from her lives. Faced by another tough obstacle, Gorou once again decides to prove his resolve through his beloved sport.\n\n[Written by MAL Rewrite]","background":null,"season":null,"year":null,"broadcast":{"day":null,"time":null,"timezone":null,"string":null},"producers":[],"licensors":[],"studios":[{"mal_id":118,"type":"anime","name":"SynergySP","url":"https:\/\/myanimelist.net\/anime\/producer\/118\/SynergySP"}],"genres":[{"mal_id":30,"type":"anime","name":"Sports","url":"https:\/\/myanimelist.net\/anime\/genre\/30\/Sports"}],"explicit_genres":[],"themes":[{"mal_id":77,"type":"anime","name":"Team Sports","url":"https:\/\/myanimelist.net\/anime\/genre\/77\/Team_Sports"}],"demographics":[{"mal_id":27,"type":"anime","name":"Shounen","url":"https:\/\/myanimelist.net\/anime\/genre\/27\/Shounen"}],"relations":[{"relation":"Adaptation","entry":[{"mal_id":10978,"type":"manga","name":"Major","url":"https:\/\/myanimelist.net\/manga\/10978\/Major"}]},{"relation":"Prequel","entry":[{"mal_id":11917,"type":"anime","name":"Major: World Series","url":"https:\/\/myanimelist.net\/anime\/11917\/Major__World_Series"}]},{"relation":"Sequel","entry":[{"mal_id":36565,"type":"anime","name":"Major 2nd","url":"https:\/\/myanimelist.net\/anime\/36565\/Major_2nd"}]}],"theme":{"openings":[],"endings":["\"Kokoro e\" by Morikubo Showtaro"]},"external":[{"name":"AniDB","url":"https:\/\/anidb.net\/perl-bin\/animedb.pl?show=anime&aid=8161"},{"name":"ANN","url":"https:\/\/www.animenewsnetwork.com\/encyclopedia\/anime.php?id=13859"},{"name":"Wikipedia","url":"https:\/\/en.wikipedia.org\/wiki\/Major_(manga)#Anime"},{"name":"Wikipedia","url":"https:\/\/ja.wikipedia.org\/wiki\/%E3%83%A1%E3%82%B8%E3%83%A3%E3%83%BC_(%E3%82%A2%E3%83%8B%E3%83%A1)#OVA"}],"streaming":[]}}