{"data":{"mal_id":9893,"url":"https:\/\/myanimelist.net\/anime\/9893\/Suite_Precure\u266a","images":{"jpg":{"image_url":"https:\/\/cdn.myanimelist.net\/images\/anime\/3\/32129.jpg","small_image_url":"https:\/\/cdn.myanimelist.net\/images\/anime\/3\/32129t.jpg","large_image_url":"https:\/\/cdn.myanimelist.net\/images\/anime\/3\/32129l.jpg"},"webp":{"image_url":"https:\/\/cdn.myanimelist.net\/images\/anime\/3\/32129.webp","small_image_url":"https:\/\/cdn.myanimelist.net\/images\/anime\/3\/32129t.webp","large_image_url":"https:\/\/cdn.myanimelist.net\/images\/anime\/3\/32129l.webp"}},"trailer":{"youtube_id":null,"url":null,"embed_url":null,"images":{"image_url":null,"small_image_url":null,"medium_image_url":null,"large_image_url":null,"maximum_image_url":null}},"approved":true,"titles":[{"type":"Default","title":"Suite Precure\u266a"},{"type":"Synonym","title":"Suite Pretty Cure\u266a"},{"type":"Japanese","title":"\u30b9\u30a4\u30fc\u30c8 \u30d7\u30ea\u30ad\u30e5\u30a2\u266a"}],"title":"Suite Precure\u266a","title_english":null,"title_japanese":"\u30b9\u30a4\u30fc\u30c8 \u30d7\u30ea\u30ad\u30e5\u30a2\u266a","title_synonyms":["Suite Pretty Cure\u266a"],"type":"TV","source":"Original","episodes":48,"status":"Finished Airing","airing":false,"aired":{"from":"2011-02-06T00:00:00+00:00","to":"2012-01-29T00:00:00+00:00","prop":{"from":{"day":6,"month":2,"year":2011},"to":{"day":29,"month":1,"year":2012}},"string":"Feb 6, 2011 to Jan 29, 2012"},"duration":"24 min per ep","rating":"G - All Ages","score":7.33,"scored_by":6120,"rank":2502,"popularity":5162,"members":15706,"favorites":127,"synopsis":"Major Land is a colorful world of music where instruments and notes come to life. During an annual concert event, Hummy, the cat songstress of Major Land, prepares to sing the \"Melody of Happiness,\" capable of spreading happiness to worlds beyond. However, Mephisto, the king of Minor Land, interrupts the event and rewrites the score into the \"Melody of Sorrow\"\u2014a dissonant composition that would instead cause despair when performed. In order to prevent this from happening, Hummy is tasked with finding the Precure, renowned warriors with an unmatched passion for music, and recreating the Melody of Happiness.\n\nHummy arrives in Kanon Town, home of musically-inclined athlete Hibiki Houjou and studious baker Kanade Minamino. Engaging only in endless bickers, Hibiki and Kanade were formerly best friends and have since fallen out of touch. Their activities are stopped short by an unwelcome guest\u2014the songstress of Minor Land, Siren. \n\nWhen Siren turns an important record into a gigantic monster, the girls' hearts resonate with the desire to protect what they hold dear and the two transform into the Suite Precure! As legendary warriors, Hibiki and Kanade will have to put their personal squabbles aside if they wish to protect the happiness of the world.\n\n[Written by MAL Rewrite]","background":null,"season":"winter","year":2011,"broadcast":{"day":null,"time":null,"timezone":null,"string":"Unknown"},"producers":[],"licensors":[],"studios":[{"mal_id":18,"type":"anime","name":"Toei Animation","url":"https:\/\/myanimelist.net\/anime\/producer\/18\/Toei_Animation"}],"genres":[{"mal_id":1,"type":"anime","name":"Action","url":"https:\/\/myanimelist.net\/anime\/genre\/1\/Action"},{"mal_id":10,"type":"anime","name":"Fantasy","url":"https:\/\/myanimelist.net\/anime\/genre\/10\/Fantasy"}],"explicit_genres":[],"themes":[{"mal_id":66,"type":"anime","name":"Mahou Shoujo","url":"https:\/\/myanimelist.net\/anime\/genre\/66\/Mahou_Shoujo"}],"demographics":[],"relations":[{"relation":"Adaptation","entry":[{"mal_id":25710,"type":"manga","name":"Suite Precure\u266a","url":"https:\/\/myanimelist.net\/manga\/25710\/Suite_Precure\u266a"}]},{"relation":"Alternative setting","entry":[{"mal_id":603,"type":"anime","name":"Futari wa Precure","url":"https:\/\/myanimelist.net\/anime\/603\/Futari_wa_Precure"},{"mal_id":1534,"type":"anime","name":"Futari wa Precure: Splash\u2606Star","url":"https:\/\/myanimelist.net\/anime\/1534\/Futari_wa_Precure__Splash\u2606Star"},{"mal_id":1929,"type":"anime","name":"Futari wa Precure: Max Heart","url":"https:\/\/myanimelist.net\/anime\/1929\/Futari_wa_Precure__Max_Heart"},{"mal_id":1932,"type":"anime","name":"Yes! Precure 5","url":"https:\/\/myanimelist.net\/anime\/1932\/Yes_Precure_5"},{"mal_id":3692,"type":"anime","name":"Yes! Precure 5 GoGo!","url":"https:\/\/myanimelist.net\/anime\/3692\/Yes_Precure_5_GoGo"},{"mal_id":5684,"type":"anime","name":"Fresh Precure!","url":"https:\/\/myanimelist.net\/anime\/5684\/Fresh_Precure"},{"mal_id":7645,"type":"anime","name":"Heartcatch Precure!","url":"https:\/\/myanimelist.net\/anime\/7645\/Heartcatch_Precure"},{"mal_id":12191,"type":"anime","name":"Smile Precure!","url":"https:\/\/myanimelist.net\/anime\/12191\/Smile_Precure"},{"mal_id":16419,"type":"anime","name":"Dokidoki! Precure","url":"https:\/\/myanimelist.net\/anime\/16419\/Dokidoki_Precure"},{"mal_id":21407,"type":"anime","name":"Happiness Charge Precure!","url":"https:\/\/myanimelist.net\/anime\/21407\/Happiness_Charge_Precure"},{"mal_id":28669,"type":"anime","name":"Go! Princess Precure","url":"https:\/\/myanimelist.net\/anime\/28669\/Go_Princess_Precure"},{"mal_id":31884,"type":"anime","name":"Mahoutsukai Precure!","url":"https:\/\/myanimelist.net\/anime\/31884\/Mahoutsukai_Precure"},{"mal_id":34290,"type":"anime","name":"Kirakira\u2606Precure A La Mode","url":"https:\/\/myanimelist.net\/anime\/34290\/Kirakira\u2606Precure_A_La_Mode"},{"mal_id":36593,"type":"anime","name":"Hug tto! Precure","url":"https:\/\/myanimelist.net\/anime\/36593\/Hug_tto_Precure"},{"mal_id":38578,"type":"anime","name":"Star\u2606Twinkle Precure","url":"https:\/\/myanimelist.net\/anime\/38578\/Star\u2606Twinkle_Precure"},{"mal_id":40610,"type":"anime","name":"Healin' Good\u2661Precure","url":"https:\/\/myanimelist.net\/anime\/40610\/Healin_Good\u2661Precure"},{"mal_id":44191,"type":"anime","name":"Tropical-Rouge! Precure","url":"https:\/\/myanimelist.net\/anime\/44191\/Tropical-Rouge_Precure"},{"mal_id":50281,"type":"anime","name":"Delicious Party\u2661Precure","url":"https:\/\/myanimelist.net\/anime\/50281\/Delicious_Party\u2661Precure"},{"mal_id":53716,"type":"anime","name":"Hirogaru Sky! Precure","url":"https:\/\/myanimelist.net\/anime\/53716\/Hirogaru_Sky_Precure"}]},{"relation":"Spin-off","entry":[{"mal_id":9979,"type":"anime","name":"Precure All Stars Movie DX3: Mirai ni Todoke! Sekai wo Tsunagu\u2606Nijiiro no Hana","url":"https:\/\/myanimelist.net\/anime\/9979\/Precure_All_Stars_Movie_DX3__Mirai_ni_Todoke_Sekai_wo_Tsunagu\u2606Nijiiro_no_Hana"},{"mal_id":12221,"type":"anime","name":"Precure All Stars Movie New Stage: Mirai no Tomodachi","url":"https:\/\/myanimelist.net\/anime\/12221\/Precure_All_Stars_Movie_New_Stage__Mirai_no_Tomodachi"},{"mal_id":34302,"type":"anime","name":"Precure Dream Stars! Movie","url":"https:\/\/myanimelist.net\/anime\/34302\/Precure_Dream_Stars_Movie"}]},{"relation":"Other","entry":[{"mal_id":10736,"type":"anime","name":"Precure kara Minna e no Ouen Movie","url":"https:\/\/myanimelist.net\/anime\/10736\/Precure_kara_Minna_e_no_Ouen_Movie"}]},{"relation":"Side story","entry":[{"mal_id":10821,"type":"anime","name":"Suite Precure\u266a Movie: Torimodose! Kokoro ga Tsunagu Kiseki no Melody\u266a","url":"https:\/\/myanimelist.net\/anime\/10821\/Suite_Precure\u266a_Movie__Torimodose_Kokoro_ga_Tsunagu_Kiseki_no_Melody\u266a"}]}],"theme":{"openings":["1: \"La\u266a La\u266a La\u266a Suite PreCure\u266a\" (\u30e9\u266a\u30e9\u266a\u30e9\u266a\u30b9\u30a4\u30fc\u30c8\u30d7\u30ea\u30ad\u30e5\u30a2\u266a) \" by Mayu Kudou (eps 1-23)","2: \"La\u266a La\u266a La\u266a Suite Pretty Cure\u266a ~Unlimited ver~\" (\u30e9\u266a\u30e9\u266a\u30e9\u266a\u30b9\u30a4\u30fc\u30c8\u30d7\u30ea\u30ad\u30e5\u30a2\u266a\uff5e\u221eUNLIMITED\u221e\u3000ver\uff5e) \" by Mayu Kudo (eps 24-48)"],"endings":["1: \"Wonderful\u2191Powerful\u2191Music!!\" (\u30ef\u30f3\u30c0\u30d5\u30eb\u2191\u30d1\u30ef\u30d5\u30eb\u2191\u30df\u30e5\u30fc\u30b8\u30c3\u30af\uff01\uff01)\" by Aya Ikeda (eps 1-23)","2: \"#Kibou Rainbow#\" (#\u30ad\u30dc\u30a6\u30ec\u30a4\u30f3\u30dc\u30a6#)\" by Aya Ikeda (eps 24-48)"]},"external":[{"name":"Official Site","url":"https:\/\/www.toei-anim.co.jp\/tv\/suite_precure\/"},{"name":"AniDB","url":"https:\/\/anidb.net\/perl-bin\/animedb.pl?show=anime&aid=8173"},{"name":"ANN","url":"https:\/\/www.animenewsnetwork.com\/encyclopedia\/anime.php?id=12216"},{"name":"Wikipedia","url":"http:\/\/en.wikipedia.org\/wiki\/Suite_PreCure"}],"streaming":[]}}