{"data":{"mal_id":995,"url":"https:\/\/myanimelist.net\/anime\/995\/Tennis_no_Oujisama__Zenkoku_Taikai-hen","images":{"jpg":{"image_url":"https:\/\/cdn.myanimelist.net\/images\/anime\/12\/10572.jpg","small_image_url":"https:\/\/cdn.myanimelist.net\/images\/anime\/12\/10572t.jpg","large_image_url":"https:\/\/cdn.myanimelist.net\/images\/anime\/12\/10572l.jpg"},"webp":{"image_url":"https:\/\/cdn.myanimelist.net\/images\/anime\/12\/10572.webp","small_image_url":"https:\/\/cdn.myanimelist.net\/images\/anime\/12\/10572t.webp","large_image_url":"https:\/\/cdn.myanimelist.net\/images\/anime\/12\/10572l.webp"}},"trailer":{"youtube_id":null,"url":null,"embed_url":null,"images":{"image_url":null,"small_image_url":null,"medium_image_url":null,"large_image_url":null,"maximum_image_url":null}},"approved":true,"titles":[{"type":"Default","title":"Tennis no Oujisama: Zenkoku Taikai-hen"},{"type":"Synonym","title":"PoT OVA"},{"type":"Synonym","title":"Tennis no Ouji-sama: Zenkoku Taikai hen"},{"type":"Synonym","title":"Prince of Tennis: The National Tournament"},{"type":"Japanese","title":"\u30c6\u30cb\u30b9\u306e\u738b\u5b50\u69d8 Original Video Animation \u5168\u56fd\u5927\u4f1a\u7de8"},{"type":"English","title":"The Prince of Tennis: National Championship Chapter"}],"title":"Tennis no Oujisama: Zenkoku Taikai-hen","title_english":"The Prince of Tennis: National Championship Chapter","title_japanese":"\u30c6\u30cb\u30b9\u306e\u738b\u5b50\u69d8 Original Video Animation \u5168\u56fd\u5927\u4f1a\u7de8","title_synonyms":["PoT OVA","Tennis no Ouji-sama: Zenkoku Taikai hen","Prince of Tennis: The National Tournament"],"type":"OVA","source":"Manga","episodes":13,"status":"Finished Airing","airing":false,"aired":{"from":"2006-03-24T00:00:00+00:00","to":"2007-03-23T00:00:00+00:00","prop":{"from":{"day":24,"month":3,"year":2006},"to":{"day":23,"month":3,"year":2007}},"string":"Mar 24, 2006 to Mar 23, 2007"},"duration":"23 min per ep","rating":"PG-13 - Teens 13 or older","score":7.89,"scored_by":25092,"rank":763,"popularity":3142,"members":45703,"favorites":65,"synopsis":"Freshman tennis prodigy Ryouma Echizen and the Seishun Academy Boys' Tennis Team have finally reached the National Tournament, eager to fight for the championship title and claim it as their own.\n\nSeishun's first match is against Higa Middle School, the Okinawa-based team labeled as the \"dark horse\" of the tournament. After watching Higa defeat their first round of opponents using dirty tactics, the Seishun team is determined to show them the value of a fair, hard-earned victory.\n\nAwaiting the winners of the matchup in the quarterfinals is one of Seishun's old rivals: Hyoutei Academy, who are determined to restore their pride after the events at the Kanto Regionals. Hyoutei seeks to prove to everyone that they deserve to be at the Nationals despite only qualifying through a special invitation.\n\nTennis no Oujisama: Zenkoku Taikai-hen covers the beginning of the long-awaited National Tournament as Ryouma and the Seishun team meet foes of past and present, each with their own unique ideals on how tennis should be played!\n\n[Written by MAL Rewrite]","background":null,"season":null,"year":null,"broadcast":{"day":null,"time":null,"timezone":null,"string":null},"producers":[{"mal_id":10,"type":"anime","name":"Production I.G","url":"https:\/\/myanimelist.net\/anime\/producer\/10\/Production_IG"},{"mal_id":1365,"type":"anime","name":"Shueisha","url":"https:\/\/myanimelist.net\/anime\/producer\/1365\/Shueisha"}],"licensors":[],"studios":[{"mal_id":463,"type":"anime","name":"M.S.C","url":"https:\/\/myanimelist.net\/anime\/producer\/463\/MSC"}],"genres":[{"mal_id":30,"type":"anime","name":"Sports","url":"https:\/\/myanimelist.net\/anime\/genre\/30\/Sports"}],"explicit_genres":[],"themes":[],"demographics":[{"mal_id":27,"type":"anime","name":"Shounen","url":"https:\/\/myanimelist.net\/anime\/genre\/27\/Shounen"}],"relations":[{"relation":"Adaptation","entry":[{"mal_id":49,"type":"manga","name":"Tennis no Oujisama","url":"https:\/\/myanimelist.net\/manga\/49\/Tennis_no_Oujisama"}]},{"relation":"Prequel","entry":[{"mal_id":22,"type":"anime","name":"Tennis no Oujisama","url":"https:\/\/myanimelist.net\/anime\/22\/Tennis_no_Oujisama"}]},{"relation":"Sequel","entry":[{"mal_id":2752,"type":"anime","name":"Tennis no Oujisama: Zenkoku Taikai-hen - Semifinal","url":"https:\/\/myanimelist.net\/anime\/2752\/Tennis_no_Oujisama__Zenkoku_Taikai-hen_-_Semifinal"}]}],"theme":{"openings":["\"Kakaeta Kiseki (\u62b1\u3048\u305f\u30ad\u30bb\u30ad)\" by AOZU (eps 10-13)","1: \"Fujouri\" by GIGS (eps 1-9)"],"endings":["#2: \"Fujouri\" by Hyoutei Eternity (eps 10-13)","1: \"Hello & Goodbye\" by Kaoru Kondou (eps 1-9)"]},"external":[{"name":"Official Site","url":"http:\/\/www.tenipuri.jp\/"},{"name":"AniDB","url":"https:\/\/anidb.net\/perl-bin\/animedb.pl?show=anime&aid=4244"},{"name":"ANN","url":"https:\/\/www.animenewsnetwork.com\/encyclopedia\/anime.php?id=6249"},{"name":"Wikipedia","url":"http:\/\/en.wikipedia.org\/wiki\/The_Prince_of_Tennis"}],"streaming":[]}}