{"data":{"mal_id":9982,"url":"https:\/\/myanimelist.net\/anime\/9982\/Fairy_Tail_OVA","images":{"jpg":{"image_url":"https:\/\/cdn.myanimelist.net\/images\/anime\/10\/65661.jpg","small_image_url":"https:\/\/cdn.myanimelist.net\/images\/anime\/10\/65661t.jpg","large_image_url":"https:\/\/cdn.myanimelist.net\/images\/anime\/10\/65661l.jpg"},"webp":{"image_url":"https:\/\/cdn.myanimelist.net\/images\/anime\/10\/65661.webp","small_image_url":"https:\/\/cdn.myanimelist.net\/images\/anime\/10\/65661t.webp","large_image_url":"https:\/\/cdn.myanimelist.net\/images\/anime\/10\/65661l.webp"}},"trailer":{"youtube_id":"_OBekbTmGo0","url":"https:\/\/www.youtube.com\/watch?v=_OBekbTmGo0","embed_url":"https:\/\/www.youtube.com\/embed\/_OBekbTmGo0?enablejsapi=1&wmode=opaque&autoplay=1","images":{"image_url":"https:\/\/img.youtube.com\/vi\/_OBekbTmGo0\/default.jpg","small_image_url":"https:\/\/img.youtube.com\/vi\/_OBekbTmGo0\/sddefault.jpg","medium_image_url":"https:\/\/img.youtube.com\/vi\/_OBekbTmGo0\/mqdefault.jpg","large_image_url":"https:\/\/img.youtube.com\/vi\/_OBekbTmGo0\/hqdefault.jpg","maximum_image_url":"https:\/\/img.youtube.com\/vi\/_OBekbTmGo0\/maxresdefault.jpg"}},"approved":true,"titles":[{"type":"Default","title":"Fairy Tail OVA"},{"type":"Synonym","title":"Fairy Tail: Youkoso Fairy Hills!"},{"type":"Synonym","title":"Yousei Gakuen: Yankee-kun to Yankee-chan"},{"type":"Japanese","title":"\u30d5\u30a7\u30a2\u30ea\u30fc\u30c6\u30a4\u30eb OVA"}],"title":"Fairy Tail OVA","title_english":null,"title_japanese":"\u30d5\u30a7\u30a2\u30ea\u30fc\u30c6\u30a4\u30eb OVA","title_synonyms":["Fairy Tail: Youkoso Fairy Hills!","Yousei Gakuen: Yankee-kun to Yankee-chan"],"type":"OVA","source":"Manga","episodes":5,"status":"Finished Airing","airing":false,"aired":{"from":"2011-04-15T00:00:00+00:00","to":"2013-06-17T00:00:00+00:00","prop":{"from":{"day":15,"month":4,"year":2011},"to":{"day":17,"month":6,"year":2013}},"string":"Apr 15, 2011 to Jun 17, 2013"},"duration":"27 min per ep","rating":"PG-13 - Teens 13 or older","score":7.46,"scored_by":93872,"rank":1940,"popularity":1371,"members":164974,"favorites":439,"synopsis":"When the members of Fairy Tail aren't destroying towns or defeating powerful foes, they're attending school, travelling back in time, visiting water parks, and taking on odd jobs from strange clients. No matter where they go, a fun adventure always awaits, sometimes in the most unexpected form!\n\n[Written by MAL Rewrite]","background":null,"season":null,"year":null,"broadcast":{"day":null,"time":null,"timezone":null,"string":null},"producers":[],"licensors":[],"studios":[{"mal_id":41,"type":"anime","name":"Satelight","url":"https:\/\/myanimelist.net\/anime\/producer\/41\/Satelight"},{"mal_id":56,"type":"anime","name":"A-1 Pictures","url":"https:\/\/myanimelist.net\/anime\/producer\/56\/A-1_Pictures"}],"genres":[{"mal_id":4,"type":"anime","name":"Comedy","url":"https:\/\/myanimelist.net\/anime\/genre\/4\/Comedy"},{"mal_id":10,"type":"anime","name":"Fantasy","url":"https:\/\/myanimelist.net\/anime\/genre\/10\/Fantasy"},{"mal_id":9,"type":"anime","name":"Ecchi","url":"https:\/\/myanimelist.net\/anime\/genre\/9\/Ecchi"}],"explicit_genres":[],"themes":[],"demographics":[{"mal_id":27,"type":"anime","name":"Shounen","url":"https:\/\/myanimelist.net\/anime\/genre\/27\/Shounen"}],"relations":[{"relation":"Adaptation","entry":[{"mal_id":598,"type":"manga","name":"Fairy Tail","url":"https:\/\/myanimelist.net\/manga\/598\/Fairy_Tail"}]},{"relation":"Parent story","entry":[{"mal_id":6702,"type":"anime","name":"Fairy Tail","url":"https:\/\/myanimelist.net\/anime\/6702\/Fairy_Tail"}]}],"theme":{"openings":["1: \"Eternal Fellows\" by Kakihara Tetsuya (eps 1-3)","2: \"BLOW AWAY\" by Natsu (CV: Tetsuya Kakihara) & Gray (CV: Yuuichi Nakamura) (eps 4-5)"],"endings":["1: \"Nichijou Sanka: This Place\" by Hirano Aya (eps 1-3)","2: \"Happy Tale\" by Lucy (CV: Aya Hirano), Erza (CV: Sayaka Oohara) & Wendy (CV: Satomi Satou)"]},"external":[{"name":"Official Site","url":"http:\/\/kc.kodansha.co.jp\/fairytail\/index.html"},{"name":"AniDB","url":"https:\/\/anidb.net\/perl-bin\/animedb.pl?show=anime&aid=8132"},{"name":"ANN","url":"https:\/\/www.animenewsnetwork.com\/encyclopedia\/anime.php?id=12322"},{"name":"Wikipedia","url":"http:\/\/en.wikipedia.org\/wiki\/Fairy_Tail"}],"streaming":[]}}